global_step,stage,dataset_epoch,flow_matching_loss,l1_loss,ph_loss,total_loss,lr_head,lr_backbone,vram_gb,grad_norm,step_time_s
0,stage1,0,0.9204708337783813,0.8008414506912231,0.0,0.9204708337783813,0.0001,0.0,9.346,2.0726,9.5244
1,stage1,0,0.8131628632545471,0.8052549362182617,0.0,0.8131628632545471,0.0001,0.0,9.475,1.4816,0.2592
2,stage1,0,1.0118799209594727,0.8248274922370911,0.0,1.0118799209594727,0.0001,0.0,9.478,1.018,0.2705
3,stage1,0,0.9422149658203125,0.8088979721069336,0.0,0.9422149658203125,0.0001,0.0,9.48,0.8704,0.2721
4,stage1,0,0.7625046968460083,0.7628957033157349,0.0,0.7625046968460083,0.0001,0.0,9.478,0.5909,0.272
5,stage1,0,0.7675222158432007,0.8063306212425232,0.0,0.7675222158432007,0.0001,0.0,9.477,0.59,0.2719
6,stage1,0,0.9729852676391602,0.8111498951911926,0.0,0.9729852676391602,0.0001,0.0,9.478,0.6059,0.2717
7,stage1,0,0.862444281578064,0.7601669430732727,0.0,0.862444281578064,0.0001,0.0,9.48,0.383,0.2722
8,stage1,0,0.8559414148330688,0.7917836308479309,0.0,0.8559414148330688,0.0001,0.0,9.48,0.34,5.0812
9,stage1,0,0.7327867746353149,0.7571677565574646,0.0,0.7327867746353149,0.0001,0.0,9.479,0.4066,0.2721
10,stage1,0,0.7302817106246948,0.7418089509010315,0.0,0.7302817106246948,0.0001,0.0,9.478,0.3509,0.2708
11,stage1,0,0.8797308802604675,0.7824481129646301,0.0,0.8797308802604675,0.0001,0.0,9.481,0.3442,0.2718
12,stage1,0,0.6075166463851929,0.7087302803993225,0.0,0.6075166463851929,0.0001,0.0,9.48,0.3144,0.2721
13,stage1,0,0.7607148885726929,0.7471163272857666,0.0,0.7607148885726929,0.0001,0.0,9.478,0.3805,0.2718
14,stage1,0,0.8240219950675964,0.758755624294281,0.0,0.8240219950675964,0.0001,0.0,9.482,0.3519,0.2724
15,stage1,0,0.6920058727264404,0.7164252400398254,0.0,0.6920058727264404,0.0001,0.0,9.48,0.2583,0.2726
16,stage1,0,0.8069022297859192,0.745650589466095,0.0,0.8069022297859192,0.0001,0.0,9.48,0.2933,6.0332
17,stage1,0,0.7761693000793457,0.7285181283950806,0.0,0.7761693000793457,0.0001,0.0,9.481,0.3629,0.2902
18,stage1,0,0.8694726228713989,0.761537492275238,0.0,0.8694726228713989,0.0001,0.0,9.479,0.3165,0.2714
19,stage1,0,0.8088998794555664,0.7596009969711304,0.0,0.8088998794555664,0.0001,0.0,9.479,0.2483,0.2714
20,stage1,0,0.8970538973808289,0.7759469747543335,0.0,0.8970538973808289,0.0001,0.0,9.478,0.3074,0.2721
21,stage1,0,0.6577014327049255,0.7370549440383911,0.0,0.6577014327049255,0.0001,0.0,9.48,0.2715,0.2717
22,stage1,0,0.8280236721038818,0.813007652759552,0.0,0.8280236721038818,0.0001,0.0,9.48,0.2819,0.2714
23,stage1,0,0.7180827856063843,0.7671453356742859,0.0,0.7180827856063843,0.0001,0.0,9.478,0.3283,0.2717
24,stage1,0,0.7584568858146667,0.7490765452384949,0.0,0.7584568858146667,0.0001,0.0,9.479,0.2542,6.0651
25,stage1,0,0.8711387515068054,0.7663667798042297,0.0,0.8711387515068054,0.0001,0.0,9.478,0.3564,0.2711
26,stage1,0,0.7696113586425781,0.7660802602767944,0.0,0.7696113586425781,0.0001,0.0,9.478,0.3255,0.2719
27,stage1,0,0.752408504486084,0.7643665075302124,0.0,0.752408504486084,0.0001,0.0,9.478,0.3448,0.2712
28,stage1,0,0.8835331201553345,0.800455629825592,0.0,0.8835331201553345,0.0001,0.0,9.478,0.2742,0.2716
29,stage1,0,0.8022743463516235,0.7437037825584412,0.0,0.8022743463516235,0.0001,0.0,9.478,0.4365,0.2713
30,stage1,0,0.7543115019798279,0.7346169948577881,0.0,0.7543115019798279,0.0001,0.0,9.478,0.3478,0.2717
31,stage1,0,0.791318953037262,0.7722963094711304,0.0,0.791318953037262,0.0001,0.0,9.478,0.2919,0.2722
32,stage1,0,0.8287604451179504,0.7571534514427185,0.0,0.8287604451179504,0.0001,0.0,9.478,0.306,6.0791
33,stage1,0,0.8001189231872559,0.7410555481910706,0.0,0.8001189231872559,0.0001,0.0,9.478,0.2852,0.2699
34,stage1,0,0.8244014978408813,0.7369064688682556,0.0,0.8244014978408813,0.0001,0.0,9.478,0.2757,0.2719
35,stage1,0,0.658836841583252,0.7865256071090698,0.0,0.658836841583252,0.0001,0.0,9.478,0.2177,0.2717
36,stage1,0,0.8210762143135071,0.7784498929977417,0.0,0.8210762143135071,0.0001,0.0,9.478,0.2449,0.2731
37,stage1,0,0.7703301906585693,0.750237762928009,0.0,0.7703301906585693,0.0001,0.0,9.478,0.2871,0.2718
38,stage1,0,0.7865649461746216,0.7723488807678223,0.0,0.7865649461746216,0.0001,0.0,9.478,0.2364,0.2725
39,stage1,0,0.722783088684082,0.7508084177970886,0.0,0.722783088684082,0.0001,0.0,9.478,0.3774,0.2725
40,stage1,0,0.8260546922683716,0.7552060484886169,0.0,0.8260546922683716,0.0001,0.0,9.478,0.2832,6.0259
41,stage1,0,0.7980963587760925,0.7720116376876831,0.0,0.7980963587760925,0.0001,0.0,9.478,0.3543,0.2714
42,stage1,0,0.9251536130905151,0.7706074118614197,0.0,0.9251536130905151,0.0001,0.0,9.478,0.3373,0.2717
43,stage1,0,0.6987797617912292,0.7293614745140076,0.0,0.6987797617912292,0.0001,0.0,9.478,0.4199,0.2737
44,stage1,0,0.8345168828964233,0.7714982032775879,0.0,0.8345168828964233,0.0001,0.0,9.478,0.4271,0.2723
45,stage1,0,0.7277001738548279,0.7233691215515137,0.0,0.7277001738548279,0.0001,0.0,9.478,0.3264,0.2728
46,stage1,0,0.6918873190879822,0.7264512181282043,0.0,0.6918873190879822,0.0001,0.0,9.478,0.3238,0.2731
47,stage1,0,0.7979053258895874,0.7553628087043762,0.0,0.7979053258895874,0.0001,0.0,9.478,0.6578,0.2727
48,stage1,0,0.7671319246292114,0.7724931240081787,0.0,0.7671319246292114,0.0001,0.0,9.478,0.4996,5.9977
49,stage1,0,0.7726055383682251,0.719136655330658,0.0,0.7726055383682251,0.0001,0.0,9.478,0.2858,0.2659
50,stage1,0,0.8025907874107361,0.7367131114006042,0.0,0.8025907874107361,0.0001,0.0,9.478,1.01,0.2722
51,stage1,0,0.7659187316894531,0.7965028882026672,0.0,0.7659187316894531,0.0001,0.0,9.478,0.7559,0.2731
52,stage1,0,0.7948494553565979,0.7672857046127319,0.0,0.7948494553565979,0.0001,0.0,9.478,0.3336,0.273
53,stage1,0,0.681677520275116,0.7750986814498901,0.0,0.681677520275116,0.0001,0.0,9.478,0.6696,0.2729
54,stage1,0,0.7847964763641357,0.7852736711502075,0.0,0.7847964763641357,0.0001,0.0,9.478,0.9605,0.273
55,stage1,0,0.7873406410217285,0.7524322271347046,0.0,0.7873406410217285,0.0001,0.0,9.478,1.1341,0.2735
56,stage1,0,0.8575324416160583,0.7417124509811401,0.0,0.8575324416160583,0.0001,0.0,9.478,0.3492,6.0193
57,stage1,0,0.7033604383468628,0.7406173944473267,0.0,0.7033604383468628,0.0001,0.0,9.478,0.6432,0.2728
58,stage1,0,0.6781277656555176,0.7302957773208618,0.0,0.6781277656555176,0.0001,0.0,9.478,1.192,0.2723
59,stage1,0,0.8857665657997131,0.7645745873451233,0.0,0.8857665657997131,0.0001,0.0,9.478,1.1941,0.2726
60,stage1,0,0.7330448031425476,0.7309255003929138,0.0,0.7330448031425476,0.0001,0.0,9.478,0.4283,0.2733
61,stage1,0,0.6648268699645996,0.7386116981506348,0.0,0.6648268699645996,0.0001,0.0,9.478,0.526,0.2732
62,stage1,0,0.7182452082633972,0.7025755643844604,0.0,0.7182452082633972,0.0001,0.0,9.478,0.845,0.2736
63,stage1,0,0.8247643709182739,0.7468633055686951,0.0,0.8247643709182739,0.0001,0.0,9.478,0.8602,0.273
64,stage1,0,0.7814943790435791,0.7527755498886108,0.0,0.7814943790435791,0.0001,0.0,9.478,0.4912,5.9459
65,stage1,0,0.8115317225456238,0.7509690523147583,0.0,0.8115317225456238,0.0001,0.0,9.478,0.4581,0.28
66,stage1,0,0.8012139797210693,0.7425509095191956,0.0,0.8012139797210693,0.0001,0.0,9.478,0.3821,0.2755
67,stage1,0,0.7444890737533569,0.7098666429519653,0.0,0.7444890737533569,0.0001,0.0,9.478,0.2836,0.2734
68,stage1,0,0.6819729804992676,0.7198482155799866,0.0,0.6819729804992676,0.0001,0.0,9.478,0.7077,0.2746
69,stage1,0,0.7780871987342834,0.7359182834625244,0.0,0.7780871987342834,0.0001,0.0,9.478,0.6071,0.273
70,stage1,0,0.7875122427940369,0.739785373210907,0.0,0.7875122427940369,0.0001,0.0,9.478,0.3316,0.2743
71,stage1,0,0.7683173418045044,0.71087646484375,0.0,0.7683173418045044,0.0001,0.0,9.478,0.6443,0.2742
72,stage1,0,0.7159404158592224,0.7088510394096375,0.0,0.7159404158592224,0.0001,0.0,9.478,0.6057,6.0125
73,stage1,0,0.6692488789558411,0.6895787715911865,0.0,0.6692488789558411,0.0001,0.0,9.478,0.5953,0.2755
74,stage1,0,0.6877984404563904,0.7397013902664185,0.0,0.6877984404563904,0.0001,0.0,9.478,0.8009,0.2728
75,stage1,0,0.6786931157112122,0.6767969131469727,0.0,0.6786931157112122,0.0001,0.0,9.478,0.5159,0.2729
76,stage1,0,0.6511138081550598,0.7031834721565247,0.0,0.6511138081550598,0.0001,0.0,9.478,0.3953,0.2728
77,stage1,0,0.7387811541557312,0.6783431172370911,0.0,0.7387811541557312,0.0001,0.0,9.478,0.4264,0.2735
78,stage1,0,0.8123571276664734,0.7077032327651978,0.0,0.8123571276664734,0.0001,0.0,9.478,0.7605,0.2727
79,stage1,0,0.7213199138641357,0.7267389297485352,0.0,0.7213199138641357,0.0001,0.0,9.478,0.5412,0.2732
80,stage1,0,0.7355658411979675,0.695149838924408,0.0,0.7355658411979675,0.0001,0.0,9.478,0.4674,6.0166
81,stage1,0,0.7647314667701721,0.7305668592453003,0.0,0.7647314667701721,0.0001,0.0,9.478,0.3516,0.2852
82,stage1,0,0.644209086894989,0.6834328770637512,0.0,0.644209086894989,0.0001,0.0,9.478,0.3426,0.2727
83,stage1,0,0.7408916354179382,0.7053938508033752,0.0,0.7408916354179382,0.0001,0.0,9.478,1.0752,0.2734
84,stage1,0,0.7376326322555542,0.6979290246963501,0.0,0.7376326322555542,0.0001,0.0,9.478,0.9262,0.2741
85,stage1,0,0.7308155298233032,0.6979371309280396,0.0,0.7308155298233032,0.0001,0.0,9.478,0.594,0.2736
86,stage1,0,0.7500216960906982,0.751369833946228,0.0,0.7500216960906982,0.0001,0.0,9.478,0.9045,0.2731
87,stage1,0,0.6840729117393494,0.6998599171638489,0.0,0.6840729117393494,0.0001,0.0,9.478,1.0206,0.2739
88,stage1,0,0.6854900121688843,0.7256727814674377,0.0,0.6854900121688843,0.0001,0.0,9.478,0.4404,6.0574
89,stage1,0,0.667212963104248,0.6941434144973755,0.0,0.667212963104248,0.0001,0.0,9.478,1.7648,0.2915
90,stage1,0,0.6733099818229675,0.6847923398017883,0.0,0.6733099818229675,0.0001,0.0,9.478,0.3964,0.2725
91,stage1,0,0.6171600818634033,0.741327702999115,0.0,0.6171600818634033,0.0001,0.0,9.478,0.562,0.2738
92,stage1,0,0.6374038457870483,0.7188593745231628,0.0,0.6374038457870483,0.0001,0.0,9.478,0.5115,0.2741
93,stage1,0,0.7055296897888184,0.6909443736076355,0.0,0.7055296897888184,0.0001,0.0,9.478,1.2381,0.2745
94,stage1,0,0.6627335548400879,0.6748414039611816,0.0,0.6627335548400879,0.0001,0.0,9.478,0.685,0.2737
95,stage1,0,0.7041847109794617,0.6764707565307617,0.0,0.7041847109794617,0.0001,0.0,9.478,1.3041,0.2747
96,stage1,0,0.6648553609848022,0.6795926094055176,0.0,0.6648553609848022,0.0001,0.0,9.478,0.6723,5.9984
97,stage1,0,0.6668581962585449,0.6905134916305542,0.0,0.6668581962585449,0.0001,0.0,9.478,1.2217,0.3455
98,stage1,0,0.5686134696006775,0.6706603169441223,0.0,0.5686134696006775,0.0001,0.0,9.478,0.9235,0.2724
99,stage1,0,0.6617343425750732,0.6759294867515564,0.0,0.6617343425750732,0.0001,0.0,9.478,0.9168,0.273
100,stage1,0,0.5886979103088379,0.6544684767723083,0.0,0.5886979103088379,0.0001,0.0,9.478,0.9545,0.2749
101,stage1,0,0.6979612112045288,0.669553816318512,0.0,0.6979612112045288,0.0001,0.0,9.478,0.6659,0.2747
102,stage1,0,0.6679951548576355,0.7026900053024292,0.0,0.6679951548576355,0.0001,0.0,9.478,1.0692,0.2744
103,stage1,0,0.6735667586326599,0.6661338806152344,0.0,0.6735667586326599,0.0001,0.0,9.478,1.7295,0.2745
104,stage1,0,0.54808109998703,0.6199268102645874,0.0,0.54808109998703,0.0001,0.0,9.478,0.8597,5.9257
105,stage1,0,0.6283388137817383,0.6747400164604187,0.0,0.6283388137817383,0.0001,0.0,9.478,1.0242,0.4087
106,stage1,0,0.636393129825592,0.6858127117156982,0.0,0.636393129825592,0.0001,0.0,9.478,1.4611,0.2734
107,stage1,0,0.6370554566383362,0.6935371160507202,0.0,0.6370554566383362,0.0001,0.0,9.478,0.9582,0.2745
108,stage1,0,0.6327686309814453,0.6832670569419861,0.0,0.6327686309814453,0.0001,0.0,9.478,0.845,0.2748
109,stage1,0,0.6080864071846008,0.6364947557449341,0.0,0.6080864071846008,0.0001,0.0,9.478,0.8716,0.2736
110,stage1,0,0.6038726568222046,0.6438572406768799,0.0,0.6038726568222046,0.0001,0.0,9.478,0.7548,0.2746
111,stage1,0,0.6917532682418823,0.6710370182991028,0.0,0.6917532682418823,0.0001,0.0,9.478,1.8315,0.2744
112,stage1,0,0.6276804804801941,0.6743852496147156,0.0,0.6276804804801941,0.0001,0.0,9.478,0.5559,5.8518
113,stage1,0,0.7113214731216431,0.6636484861373901,0.0,0.7113214731216431,0.0001,0.0,9.478,0.6098,0.4529
114,stage1,0,0.5671626925468445,0.6471675038337708,0.0,0.5671626925468445,0.0001,0.0,9.478,1.5234,0.2733
115,stage1,0,0.663972795009613,0.667359471321106,0.0,0.663972795009613,0.0001,0.0,9.478,3.1384,0.2735
116,stage1,0,0.6045583486557007,0.6338508129119873,0.0,0.6045583486557007,0.0001,0.0,9.478,1.3859,0.2743
117,stage1,0,0.6597253084182739,0.6654679179191589,0.0,0.6597253084182739,0.0001,0.0,9.478,1.8877,0.2747
118,stage1,0,0.6124978065490723,0.6464768052101135,0.0,0.6124978065490723,0.0001,0.0,9.478,1.9642,0.2756
119,stage1,0,0.5025463700294495,0.6503937244415283,0.0,0.5025463700294495,0.0001,0.0,9.478,2.3013,0.2748
120,stage1,0,0.6027888059616089,0.6379960179328918,0.0,0.6027888059616089,0.0001,0.0,9.478,1.9166,5.7841
121,stage1,0,0.6127101182937622,0.6656196117401123,0.0,0.6127101182937622,0.0001,0.0,9.478,0.7881,0.577
122,stage1,0,0.5843870639801025,0.6700075268745422,0.0,0.5843870639801025,0.0001,0.0,9.478,1.2395,0.2734
123,stage1,0,0.5981959700584412,0.6707011461257935,0.0,0.5981959700584412,0.0001,0.0,9.478,1.1817,0.2755
124,stage1,0,0.6789246797561646,0.6878284215927124,0.0,0.6789246797561646,0.0001,0.0,9.478,1.1573,0.275
125,stage1,0,0.5666211843490601,0.6573060750961304,0.0,0.5666211843490601,0.0001,0.0,9.478,1.3356,0.2753
126,stage1,0,0.5896286964416504,0.6579272150993347,0.0,0.5896286964416504,0.0001,0.0,9.478,1.5885,0.2759
127,stage1,0,0.5909839868545532,0.5961531400680542,0.0,0.5909839868545532,0.0001,0.0,9.478,1.6214,0.2758
128,stage1,0,0.5824809074401855,0.6533529162406921,0.0,0.5824809074401855,0.0001,0.0,9.478,0.6262,5.7261
129,stage1,0,0.5976886749267578,0.6372886300086975,0.0,0.5976886749267578,0.0001,0.0,9.478,1.7589,0.6337
130,stage1,0,0.665469765663147,0.6330161690711975,0.0,0.665469765663147,0.0001,0.0,9.478,2.3488,0.2747
131,stage1,0,0.5803364515304565,0.6199674606323242,0.0,0.5803364515304565,0.0001,0.0,9.478,0.9309,0.2746
132,stage1,0,0.5157206654548645,0.6249513626098633,0.0,0.5157206654548645,0.0001,0.0,9.478,1.9169,0.2752
133,stage1,0,0.6499511003494263,0.6678958535194397,0.0,0.6499511003494263,0.0001,0.0,9.478,2.4608,0.2754
134,stage1,0,0.6294532418251038,0.6494632363319397,0.0,0.6294532418251038,0.0001,0.0,9.478,0.8467,0.2754
135,stage1,0,0.5855783820152283,0.660938560962677,0.0,0.5855783820152283,0.0001,0.0,9.478,0.9991,0.2759
136,stage1,0,0.5368492007255554,0.6650784611701965,0.0,0.5368492007255554,0.0001,0.0,9.478,2.9251,5.675
137,stage1,0,0.5943843126296997,0.6426483392715454,0.0,0.5943843126296997,0.0001,0.0,9.478,1.9328,0.5563
138,stage1,0,0.6188040375709534,0.6619171500205994,0.0,0.6188040375709534,0.0001,0.0,9.478,2.3226,0.2743
139,stage1,0,0.6109048128128052,0.6349875926971436,0.0,0.6109048128128052,0.0001,0.0,9.478,3.5821,0.2761
140,stage1,0,0.5004836320877075,0.6150531768798828,0.0,0.5004836320877075,0.0001,0.0,9.478,2.2983,0.2757
141,stage1,0,0.5746566653251648,0.6216875910758972,0.0,0.5746566653251648,0.0001,0.0,9.478,1.339,0.2759
142,stage1,0,0.6031702160835266,0.6696063280105591,0.0,0.6031702160835266,0.0001,0.0,9.478,1.5972,0.2766
143,stage1,0,0.5667386054992676,0.6244418621063232,0.0,0.5667386054992676,0.0001,0.0,9.478,1.4613,0.2761
144,stage1,0,0.5266788601875305,0.6282792687416077,0.0,0.5266788601875305,0.0001,0.0,9.478,1.1616,5.7477
145,stage1,0,0.44111746549606323,0.5729106068611145,0.0,0.44111746549606323,0.0001,0.0,9.478,1.1597,0.5502
146,stage1,0,0.6123537421226501,0.6528077721595764,0.0,0.6123537421226501,0.0001,0.0,9.478,0.8584,0.2749
147,stage1,0,0.607234001159668,0.6086826920509338,0.0,0.607234001159668,0.0001,0.0,9.478,2.3219,0.2752
148,stage1,0,0.5874148011207581,0.6441364288330078,0.0,0.5874148011207581,0.0001,0.0,9.478,1.2449,0.2758
149,stage1,0,0.5916122794151306,0.6234179735183716,0.0,0.5916122794151306,0.0001,0.0,9.478,0.9466,0.2758
150,stage1,0,0.5412287712097168,0.6228180527687073,0.0,0.5412287712097168,0.0001,0.0,9.478,1.2143,0.276
151,stage1,0,0.5606695413589478,0.6187611818313599,0.0,0.5606695413589478,0.0001,0.0,9.478,2.4486,0.276
152,stage1,0,0.5322462320327759,0.5832757949829102,0.0,0.5322462320327759,0.0001,0.0,9.478,0.9475,5.6908
153,stage1,0,0.5441552400588989,0.6160535216331482,0.0,0.5441552400588989,0.0001,0.0,9.478,0.9451,0.5174
154,stage1,0,0.6246131062507629,0.6463106870651245,0.0,0.6246131062507629,0.0001,0.0,9.478,1.6648,0.2751
155,stage1,0,0.5163810849189758,0.580178439617157,0.0,0.5163810849189758,0.0001,0.0,9.478,0.6291,0.2754
156,stage1,0,0.5570497512817383,0.6007862687110901,0.0,0.5570497512817383,0.0001,0.0,9.478,1.2865,0.2758
157,stage1,0,0.4314104914665222,0.6234546899795532,0.0,0.4314104914665222,0.0001,0.0,9.478,0.966,0.2758
158,stage1,0,0.6039442420005798,0.5997066497802734,0.0,0.6039442420005798,0.0001,0.0,9.478,1.7385,0.2757
159,stage1,0,0.5781245231628418,0.6473536491394043,0.0,0.5781245231628418,0.0001,0.0,9.478,0.8798,0.2757
160,stage1,0,0.5516395568847656,0.6264830827713013,0.0,0.5516395568847656,0.0001,0.0,9.478,0.9931,5.7667
161,stage1,0,0.5567023754119873,0.6200100779533386,0.0,0.5567023754119873,0.0001,0.0,9.478,1.3261,0.5545
162,stage1,0,0.43865740299224854,0.5813076496124268,0.0,0.43865740299224854,0.0001,0.0,9.478,1.6541,0.2741
163,stage1,0,0.6545926332473755,0.6461405754089355,0.0,0.6545926332473755,0.0001,0.0,9.478,1.4187,0.2758
164,stage1,0,0.5642117857933044,0.5876661539077759,0.0,0.5642117857933044,0.0001,0.0,9.478,1.6459,0.2746
165,stage1,0,0.5172664523124695,0.5987722277641296,0.0,0.5172664523124695,0.0001,0.0,9.478,2.1318,0.2752
166,stage1,0,0.5757730603218079,0.6197216510772705,0.0,0.5757730603218079,0.0001,0.0,9.478,2.1322,0.2761
167,stage1,0,0.4877922534942627,0.5717419981956482,0.0,0.4877922534942627,0.0001,0.0,9.478,2.3739,0.2747
168,stage1,0,0.63508141040802,0.6218411326408386,0.0,0.63508141040802,0.0001,0.0,9.478,2.1101,5.773
169,stage1,0,0.46536195278167725,0.6119364500045776,0.0,0.46536195278167725,0.0001,0.0,9.478,1.5776,0.5233
170,stage1,0,0.5622673630714417,0.6510708332061768,0.0,0.5622673630714417,0.0001,0.0,9.478,1.906,0.2747
171,stage1,0,0.4240571856498718,0.5734913945198059,0.0,0.4240571856498718,0.0001,0.0,9.478,2.1307,0.2755
172,stage1,0,0.5432924032211304,0.6195510029792786,0.0,0.5432924032211304,0.0001,0.0,9.478,1.7135,0.2754
173,stage1,0,0.525263786315918,0.6328452825546265,0.0,0.525263786315918,0.0001,0.0,9.478,1.5106,0.2762
174,stage1,0,0.48038405179977417,0.5747109055519104,0.0,0.48038405179977417,0.0001,0.0,9.478,1.8541,0.2758
175,stage1,0,0.5177991390228271,0.5902816653251648,0.0,0.5177991390228271,0.0001,0.0,9.478,1.137,0.2757
176,stage1,0,0.5479628443717957,0.5910331606864929,0.0,0.5479628443717957,0.0001,0.0,9.478,0.7971,5.7193
177,stage1,0,0.5111408233642578,0.6054036617279053,0.0,0.5111408233642578,0.0001,0.0,9.478,1.4006,0.6128
178,stage1,0,0.5382980108261108,0.5919641256332397,0.0,0.5382980108261108,0.0001,0.0,9.478,1.1158,0.2747
179,stage1,0,0.5750916004180908,0.6322946548461914,0.0,0.5750916004180908,0.0001,0.0,9.478,2.7378,0.276
180,stage1,0,0.5520731210708618,0.6166409850120544,0.0,0.5520731210708618,0.0001,0.0,9.478,1.4916,0.2761
181,stage1,0,0.48406311869621277,0.5685585737228394,0.0,0.48406311869621277,0.0001,0.0,9.478,1.2592,0.2762
182,stage1,0,0.5199325084686279,0.6180625557899475,0.0,0.5199325084686279,0.0001,0.0,9.478,1.6778,0.2769
183,stage1,0,0.5356670618057251,0.5952122807502747,0.0,0.5356670618057251,0.0001,0.0,9.478,2.4158,0.2766
184,stage1,0,0.4566974341869354,0.5703318119049072,0.0,0.4566974341869354,0.0001,0.0,9.478,1.226,5.6349
185,stage1,0,0.4896514415740967,0.591660737991333,0.0,0.4896514415740967,0.0001,0.0,9.478,1.3817,0.6724
186,stage1,0,0.620796263217926,0.6285526752471924,0.0,0.620796263217926,0.0001,0.0,9.478,2.1944,0.2756
187,stage1,0,0.5632429718971252,0.6249193549156189,0.0,0.5632429718971252,0.0001,0.0,9.478,0.9725,0.2758
188,stage1,0,0.5184131860733032,0.6265460848808289,0.0,0.5184131860733032,0.0001,0.0,9.478,2.0654,0.2758
189,stage1,0,0.521733820438385,0.6089938879013062,0.0,0.521733820438385,0.0001,0.0,9.478,1.7553,0.2759
190,stage1,0,0.48133957386016846,0.5701999664306641,0.0,0.48133957386016846,0.0001,0.0,9.478,0.9212,0.2759
191,stage1,0,0.5419412851333618,0.6010973453521729,0.0,0.5419412851333618,0.0001,0.0,9.478,0.9701,0.2764
192,stage1,0,0.5077037811279297,0.6031550168991089,0.0,0.5077037811279297,0.0001,0.0,9.478,1.7202,5.6285
193,stage1,0,0.5682013630867004,0.5864062309265137,0.0,0.5682013630867004,0.0001,0.0,9.478,1.2787,0.6139
194,stage1,0,0.4826556146144867,0.5963813662528992,0.0,0.4826556146144867,0.0001,0.0,9.478,0.9961,0.275
195,stage1,0,0.5375337600708008,0.6003522872924805,0.0,0.5375337600708008,0.0001,0.0,9.478,2.3538,0.2755
196,stage1,0,0.5353310704231262,0.6559280753135681,0.0,0.5353310704231262,0.0001,0.0,9.478,1.8432,0.2758
197,stage1,0,0.5070527791976929,0.5816623568534851,0.0,0.5070527791976929,0.0001,0.0,9.478,2.1004,0.2759
198,stage1,0,0.5514605641365051,0.6063948273658752,0.0,0.5514605641365051,0.0001,0.0,9.478,1.4355,0.2756
199,stage1,0,0.5380392074584961,0.5989896059036255,0.0,0.5380392074584961,0.0001,0.0,9.478,1.6852,0.277
200,stage1,0,0.44161108136177063,0.5767038464546204,0.0,0.44161108136177063,0.0001,0.0,9.478,0.8971,5.6916
201,stage1,0,0.4380511939525604,0.5571345090866089,0.0,0.4380511939525604,0.0001,0.0,9.478,1.0215,0.6074
202,stage1,0,0.5843096375465393,0.6062201857566833,0.0,0.5843096375465393,0.0001,0.0,9.478,1.7765,0.2748
203,stage1,0,0.49704042077064514,0.5871944427490234,0.0,0.49704042077064514,0.0001,0.0,9.478,2.5494,0.276
204,stage1,0,0.5105789303779602,0.599727213382721,0.0,0.5105789303779602,0.0001,0.0,9.478,1.6825,0.2763
205,stage1,0,0.5513308644294739,0.5970867276191711,0.0,0.5513308644294739,0.0001,0.0,9.478,3.0656,0.2765
206,stage1,0,0.4862532317638397,0.5867303609848022,0.0,0.4862532317638397,0.0001,0.0,9.478,1.4744,0.2758
207,stage1,0,0.48768147826194763,0.6098645329475403,0.0,0.48768147826194763,0.0001,0.0,9.478,1.4425,0.2768
208,stage1,0,0.48038449883461,0.5840639472007751,0.0,0.48038449883461,0.0001,0.0,9.478,1.8354,5.6858
209,stage1,0,0.42193612456321716,0.5531432628631592,0.0,0.42193612456321716,0.0001,0.0,9.478,1.7393,0.5946
210,stage1,0,0.47159120440483093,0.5672525763511658,0.0,0.47159120440483093,0.0001,0.0,9.478,1.7755,0.2755
211,stage1,0,0.45619097352027893,0.5702223777770996,0.0,0.45619097352027893,0.0001,0.0,9.478,1.6334,0.2764
212,stage1,0,0.41959646344184875,0.5355449914932251,0.0,0.41959646344184875,0.0001,0.0,9.478,1.1328,0.2767
213,stage1,0,0.5347330570220947,0.5977781414985657,0.0,0.5347330570220947,0.0001,0.0,9.478,1.8374,0.2775
214,stage1,0,0.48396292328834534,0.6006981134414673,0.0,0.48396292328834534,0.0001,0.0,9.478,0.9857,0.2764
215,stage1,0,0.4979054927825928,0.5591240525245667,0.0,0.4979054927825928,0.0001,0.0,9.478,1.5948,0.277
216,stage1,0,0.5548371076583862,0.6040323972702026,0.0,0.5548371076583862,0.0001,0.0,9.478,1.8502,5.6582
217,stage1,0,0.481550395488739,0.6011372208595276,0.0,0.481550395488739,0.0001,0.0,9.478,1.1991,0.6186
218,stage1,0,0.5478678345680237,0.6205033659934998,0.0,0.5478678345680237,0.0001,0.0,9.478,1.7787,0.2755
219,stage1,0,0.40853816270828247,0.5696398019790649,0.0,0.40853816270828247,0.0001,0.0,9.478,1.0086,0.2766
220,stage1,0,0.426532119512558,0.5380809903144836,0.0,0.426532119512558,0.0001,0.0,9.478,1.273,0.2767
221,stage1,0,0.3950938880443573,0.5366180539131165,0.0,0.3950938880443573,0.0001,0.0,9.478,1.1164,0.2771
222,stage1,0,0.49563905596733093,0.5750657320022583,0.0,0.49563905596733093,0.0001,0.0,9.478,1.7299,0.2774
223,stage1,0,0.5038363337516785,0.5643792748451233,0.0,0.5038363337516785,0.0001,0.0,9.478,1.3544,0.2764
224,stage1,0,0.48156434297561646,0.5650186538696289,0.0,0.48156434297561646,0.0001,0.0,9.478,1.2858,5.783
225,stage1,0,0.45787313580513,0.5432829856872559,0.0,0.45787313580513,0.0001,0.0,9.478,1.0307,0.7094
226,stage1,0,0.4653765559196472,0.586387038230896,0.0,0.4653765559196472,0.0001,0.0,9.478,1.034,0.2757
227,stage1,0,0.5295634865760803,0.5829866528511047,0.0,0.5295634865760803,0.0001,0.0,9.478,1.8194,0.2767
228,stage1,0,0.49100109934806824,0.5849428176879883,0.0,0.49100109934806824,0.0001,0.0,9.478,1.1814,0.2764
229,stage1,0,0.48848992586135864,0.5848778486251831,0.0,0.48848992586135864,0.0001,0.0,9.478,1.5587,0.2758
230,stage1,0,0.48745113611221313,0.5785124897956848,0.0,0.48745113611221313,0.0001,0.0,9.478,1.3935,0.2766
231,stage1,0,0.5022570490837097,0.5790148377418518,0.0,0.5022570490837097,0.0001,0.0,9.478,1.8769,0.2768
232,stage1,0,0.4629865288734436,0.5458031296730042,0.0,0.4629865288734436,0.0001,0.0,9.478,1.6496,5.5545
233,stage1,0,0.5164195895195007,0.5617416501045227,0.0,0.5164195895195007,0.0001,0.0,9.478,2.6854,0.7528
234,stage1,0,0.4465780556201935,0.5708612203598022,0.0,0.4465780556201935,0.0001,0.0,9.478,1.4421,0.2761
235,stage1,0,0.4476165771484375,0.5412536859512329,0.0,0.4476165771484375,0.0001,0.0,9.478,1.2111,0.2763
236,stage1,0,0.48690855503082275,0.5551388263702393,0.0,0.48690855503082275,0.0001,0.0,9.478,2.2528,0.2768
237,stage1,0,0.5172314643859863,0.5694884657859802,0.0,0.5172314643859863,0.0001,0.0,9.478,2.3823,0.277
238,stage1,0,0.4724528193473816,0.6015568375587463,0.0,0.4724528193473816,0.0001,0.0,9.478,1.5136,0.2766
239,stage1,0,0.491411954164505,0.5473734140396118,0.0,0.491411954164505,0.0001,0.0,9.478,2.222,0.2765
240,stage1,0,0.4898596704006195,0.5609440207481384,0.0,0.4898596704006195,0.0001,0.0,9.478,1.6843,5.504
241,stage1,0,0.5050138235092163,0.5573575496673584,0.0,0.5050138235092163,0.0001,0.0,9.478,2.5133,0.7256
242,stage1,0,0.39286959171295166,0.5150699615478516,0.0,0.39286959171295166,0.0001,0.0,9.478,1.1155,0.276
243,stage1,0,0.5603976845741272,0.5647668838500977,0.0,0.5603976845741272,0.0001,0.0,9.478,2.268,0.2768
244,stage1,0,0.4637642800807953,0.5432538986206055,0.0,0.4637642800807953,0.0001,0.0,9.478,2.04,0.2762
245,stage1,0,0.4300406277179718,0.5094242691993713,0.0,0.4300406277179718,0.0001,0.0,9.478,1.1297,0.2767
246,stage1,0,0.4850849509239197,0.5671681761741638,0.0,0.4850849509239197,0.0001,0.0,9.478,1.6733,0.277
247,stage1,0,0.41015520691871643,0.5345609784126282,0.0,0.41015520691871643,0.0001,0.0,9.478,1.0766,0.2764
248,stage1,0,0.5830051898956299,0.5755541324615479,0.0,0.5830051898956299,0.0001,0.0,9.478,1.8023,5.5894
249,stage1,0,0.4313907027244568,0.5587210655212402,0.0,0.4313907027244568,0.0001,0.0,9.478,1.0022,0.7613
250,stage1,0,0.46298983693122864,0.5674053430557251,0.0,0.46298983693122864,0.0001,0.0,9.478,1.7638,0.2762
251,stage1,0,0.5508987903594971,0.5493068695068359,0.0,0.5508987903594971,0.0001,0.0,9.478,1.0544,0.2767
252,stage1,0,0.5113332271575928,0.5628542900085449,0.0,0.5113332271575928,0.0001,0.0,9.478,0.8474,0.2761
253,stage1,0,0.4789978563785553,0.5439576506614685,0.0,0.4789978563785553,0.0001,0.0,9.478,2.6254,0.2776
254,stage1,0,0.45034700632095337,0.5962598919868469,0.0,0.45034700632095337,0.0001,0.0,9.478,1.9162,0.2771
255,stage1,0,0.5002833008766174,0.5812017321586609,0.0,0.5002833008766174,0.0001,0.0,9.478,2.0961,0.2769
256,stage1,0,0.4698469340801239,0.534140408039093,0.0,0.4698469340801239,0.0001,0.0,9.478,2.4917,5.525
257,stage1,0,0.49477946758270264,0.5954148173332214,0.0,0.49477946758270264,0.0001,0.0,9.478,1.5532,0.7051
258,stage1,0,0.40300479531288147,0.5464158058166504,0.0,0.40300479531288147,0.0001,0.0,9.478,1.6907,0.2762
259,stage1,0,0.4209841191768646,0.516834557056427,0.0,0.4209841191768646,0.0001,0.0,9.478,1.464,0.2775
260,stage1,0,0.486782044172287,0.5699114203453064,0.0,0.486782044172287,0.0001,0.0,9.478,1.8073,0.2768
261,stage1,0,0.4425833225250244,0.5568347573280334,0.0,0.4425833225250244,0.0001,0.0,9.478,1.8155,0.2772
262,stage1,0,0.3791629374027252,0.49243733286857605,0.0,0.3791629374027252,0.0001,0.0,9.478,1.182,0.2773
263,stage1,0,0.45369666814804077,0.5401504039764404,0.0,0.45369666814804077,0.0001,0.0,9.478,2.0167,0.2779
264,stage1,0,0.474784791469574,0.5572207570075989,0.0,0.474784791469574,0.0001,0.0,9.478,1.9508,5.6306
265,stage1,0,0.44172775745391846,0.5310681462287903,0.0,0.44172775745391846,0.0001,0.0,9.478,2.2595,0.6309
266,stage1,0,0.5595206618309021,0.5800886154174805,0.0,0.5595206618309021,0.0001,0.0,9.478,2.8944,0.2771
267,stage1,0,0.46728190779685974,0.5606452822685242,0.0,0.46728190779685974,0.0001,0.0,9.478,1.6271,0.2768
268,stage1,0,0.481325626373291,0.547066867351532,0.0,0.481325626373291,0.0001,0.0,9.478,1.7394,0.2771
269,stage1,0,0.44929444789886475,0.5186909437179565,0.0,0.44929444789886475,0.0001,0.0,9.478,2.1997,0.2786
270,stage1,0,0.45593538880348206,0.5378931760787964,0.0,0.45593538880348206,0.0001,0.0,9.478,1.5588,0.277
271,stage1,0,0.41658303141593933,0.5306612849235535,0.0,0.41658303141593933,0.0001,0.0,9.478,1.4294,0.2776
272,stage1,0,0.4638243317604065,0.5755006670951843,0.0,0.4638243317604065,0.0001,0.0,9.478,1.0769,5.6931
273,stage1,0,0.4954516589641571,0.5792019963264465,0.0,0.4954516589641571,0.0001,0.0,9.478,1.3932,0.6305
274,stage1,0,0.4394189119338989,0.5314946174621582,0.0,0.4394189119338989,0.0001,0.0,9.478,0.9928,0.2767
275,stage1,0,0.4361208379268646,0.5216500759124756,0.0,0.4361208379268646,0.0001,0.0,9.478,1.2595,0.2776
276,stage1,0,0.4134076237678528,0.5188722014427185,0.0,0.4134076237678528,0.0001,0.0,9.478,1.4345,0.2777
277,stage1,0,0.4852112829685211,0.5523593425750732,0.0,0.4852112829685211,0.0001,0.0,9.478,1.3607,0.277
278,stage1,0,0.41824206709861755,0.5447595119476318,0.0,0.41824206709861755,0.0001,0.0,9.478,1.4399,0.2776
279,stage1,0,0.48655906319618225,0.5324390530586243,0.0,0.48655906319618225,0.0001,0.0,9.478,0.9142,0.2778
280,stage1,0,0.49220341444015503,0.5433598160743713,0.0,0.49220341444015503,0.0001,0.0,9.478,2.3699,5.6185
281,stage1,0,0.4848079979419708,0.555582582950592,0.0,0.4848079979419708,0.0001,0.0,9.478,0.8553,0.6683
282,stage1,0,0.5389528870582581,0.601776659488678,0.0,0.5389528870582581,0.0001,0.0,9.478,2.0816,0.2758
283,stage1,0,0.4709317982196808,0.5575839281082153,0.0,0.4709317982196808,0.0001,0.0,9.478,0.9616,0.277
284,stage1,0,0.47324472665786743,0.5484013557434082,0.0,0.47324472665786743,0.0001,0.0,9.478,1.5596,0.2771
285,stage1,0,0.4897555112838745,0.5780888199806213,0.0,0.4897555112838745,0.0001,0.0,9.478,1.2364,0.278
286,stage1,0,0.4117172956466675,0.5286975502967834,0.0,0.4117172956466675,0.0001,0.0,9.478,1.4901,0.2778
287,stage1,0,0.4132118821144104,0.5319669246673584,0.0,0.4132118821144104,0.0001,0.0,9.478,0.9853,0.2779
288,stage1,0,0.48380205035209656,0.5519821643829346,0.0,0.48380205035209656,0.0001,0.0,9.478,1.0329,5.6082
289,stage1,0,0.49552756547927856,0.5338523387908936,0.0,0.49552756547927856,0.0001,0.0,9.478,1.2678,0.6206
290,stage1,0,0.4564269483089447,0.5312661528587341,0.0,0.4564269483089447,0.0001,0.0,9.478,1.0453,0.2761
291,stage1,0,0.36311104893684387,0.49387556314468384,0.0,0.36311104893684387,0.0001,0.0,9.478,0.8761,0.2779
292,stage1,0,0.4800845980644226,0.5354601144790649,0.0,0.4800845980644226,0.0001,0.0,9.478,1.1011,0.2777
293,stage1,0,0.3748440444469452,0.5102062225341797,0.0,0.3748440444469452,0.0001,0.0,9.478,0.8182,0.2775
294,stage1,0,0.4140641689300537,0.5034484267234802,0.0,0.4140641689300537,0.0001,0.0,9.478,0.8738,0.2773
295,stage1,0,0.44245603680610657,0.5083217024803162,0.0,0.44245603680610657,0.0001,0.0,9.478,1.5068,0.2782
296,stage1,0,0.4299296736717224,0.5034396648406982,0.0,0.4299296736717224,0.0001,0.0,9.478,0.9835,5.5817
297,stage1,0,0.44017699360847473,0.5742321014404297,0.0,0.44017699360847473,0.0001,0.0,9.478,1.1307,0.7109
298,stage1,0,0.41940534114837646,0.5332559943199158,0.0,0.41940534114837646,0.0001,0.0,9.478,1.7221,0.2771
299,stage1,0,0.425200879573822,0.5126174092292786,0.0,0.425200879573822,0.0001,0.0,9.478,1.6815,0.2787
300,stage1,0,0.3877096474170685,0.538811445236206,0.0,0.3877096474170685,0.0001,0.0,9.478,1.319,0.2776
301,stage1,0,0.41489753127098083,0.5392133593559265,0.0,0.41489753127098083,0.0001,0.0,9.478,1.926,0.2776
302,stage1,0,0.38362208008766174,0.4944504499435425,0.0,0.38362208008766174,0.0001,0.0,9.478,0.6847,0.2774
303,stage1,0,0.4571891129016876,0.5326620936393738,0.0,0.4571891129016876,0.0001,0.0,9.478,1.2805,0.2781
304,stage1,0,0.527570903301239,0.5661526918411255,0.0,0.527570903301239,0.0001,0.0,9.478,1.0932,5.5095
305,stage1,0,0.3828865885734558,0.5084129571914673,0.0,0.3828865885734558,0.0001,0.0,9.478,1.2948,0.8097
306,stage1,0,0.4854428768157959,0.5484918355941772,0.0,0.4854428768157959,0.0001,0.0,9.478,1.0681,0.2765
307,stage1,0,0.3546750545501709,0.494855135679245,0.0,0.3546750545501709,0.0001,0.0,9.478,0.9344,0.278
308,stage1,0,0.4307713806629181,0.5503904223442078,0.0,0.4307713806629181,0.0001,0.0,9.478,0.8125,0.2785
309,stage1,0,0.4412126839160919,0.5069983601570129,0.0,0.4412126839160919,0.0001,0.0,9.478,1.2323,0.2776
310,stage1,0,0.42172130942344666,0.5049878358840942,0.0,0.42172130942344666,0.0001,0.0,9.478,1.1932,0.2773
311,stage1,0,0.4246370792388916,0.5415472388267517,0.0,0.4246370792388916,0.0001,0.0,9.478,1.1477,0.2767
312,stage1,0,0.444956511259079,0.5566477179527283,0.0,0.444956511259079,0.0001,0.0,9.478,1.1873,5.4533
313,stage1,0,0.41817376017570496,0.5495931506156921,0.0,0.41817376017570496,0.0001,0.0,9.478,1.4606,0.8799
314,stage1,0,0.3814888000488281,0.5669137239456177,0.0,0.3814888000488281,0.0001,0.0,9.478,0.8902,0.2766
315,stage1,0,0.32897666096687317,0.5146414637565613,0.0,0.32897666096687317,0.0001,0.0,9.478,1.451,0.2768
316,stage1,0,0.37989068031311035,0.49000707268714905,0.0,0.37989068031311035,0.0001,0.0,9.478,1.4263,0.2776
317,stage1,0,0.42245200276374817,0.5271065831184387,0.0,0.42245200276374817,0.0001,0.0,9.478,1.1464,0.2777
318,stage1,0,0.45126956701278687,0.5357781052589417,0.0,0.45126956701278687,0.0001,0.0,9.478,1.067,0.2771
319,stage1,0,0.44641125202178955,0.5209048390388489,0.0,0.44641125202178955,0.0001,0.0,9.478,1.457,0.2776
320,stage1,0,0.4024043083190918,0.5388082265853882,0.0,0.4024043083190918,0.0001,0.0,9.478,0.8348,5.3781
321,stage1,0,0.44611817598342896,0.49334466457366943,0.0,0.44611817598342896,0.0001,0.0,9.478,1.0025,0.8845
322,stage1,0,0.386701762676239,0.5370421409606934,0.0,0.386701762676239,0.0001,0.0,9.478,1.4483,0.2771
323,stage1,0,0.4626955986022949,0.5281226634979248,0.0,0.4626955986022949,0.0001,0.0,9.478,1.3575,0.2773
324,stage1,0,0.43319573998451233,0.5535041093826294,0.0,0.43319573998451233,0.0001,0.0,9.478,1.0165,0.2773
325,stage1,0,0.4917910695075989,0.5488924384117126,0.0,0.4917910695075989,0.0001,0.0,9.478,1.1376,0.278
326,stage1,0,0.3845370411872864,0.5151059627532959,0.0,0.3845370411872864,0.0001,0.0,9.478,1.2566,0.2776
327,stage1,0,0.46061351895332336,0.5365515947341919,0.0,0.46061351895332336,0.0001,0.0,9.478,1.6365,0.2779
328,stage1,0,0.5081313848495483,0.5669018030166626,0.0,0.5081313848495483,0.0001,0.0,9.478,0.9221,5.3788
329,stage1,0,0.432981014251709,0.5423210263252258,0.0,0.432981014251709,0.0001,0.0,9.478,1.3994,0.9111
330,stage1,0,0.37148863077163696,0.5223686099052429,0.0,0.37148863077163696,0.0001,0.0,9.478,1.1564,0.2767
331,stage1,0,0.43434303998947144,0.5224764943122864,0.0,0.43434303998947144,0.0001,0.0,9.478,1.1326,0.2776
332,stage1,0,0.4367222785949707,0.5226716995239258,0.0,0.4367222785949707,0.0001,0.0,9.478,1.0437,0.2775
333,stage1,0,0.4290027916431427,0.5360870957374573,0.0,0.4290027916431427,0.0001,0.0,9.478,1.5094,0.2773
334,stage1,0,0.42594411969184875,0.5267575979232788,0.0,0.42594411969184875,0.0001,0.0,9.478,1.0612,0.2784
335,stage1,0,0.3730069100856781,0.5132095217704773,0.0,0.3730069100856781,0.0001,0.0,9.478,1.138,0.2783
336,stage1,0,0.331478476524353,0.5286362767219543,0.0,0.331478476524353,0.0001,0.0,9.478,0.6279,5.3922
337,stage1,0,0.3824780583381653,0.48443731665611267,0.0,0.3824780583381653,0.0001,0.0,9.478,1.2391,0.8965
338,stage1,0,0.4032454490661621,0.5322704911231995,0.0,0.4032454490661621,0.0001,0.0,9.478,0.9914,0.2765
339,stage1,0,0.3487507402896881,0.4783003032207489,0.0,0.3487507402896881,0.0001,0.0,9.478,0.7738,0.2775
340,stage1,0,0.588460385799408,0.5715510845184326,0.0,0.588460385799408,0.0001,0.0,9.478,1.8325,0.2779
341,stage1,0,0.3960915803909302,0.5302824974060059,0.0,0.3960915803909302,0.0001,0.0,9.478,1.0742,0.2782
342,stage1,0,0.41763991117477417,0.5169548392295837,0.0,0.41763991117477417,0.0001,0.0,9.478,0.8844,0.2779
343,stage1,0,0.3908396065235138,0.4903513193130493,0.0,0.3908396065235138,0.0001,0.0,9.478,1.4224,0.278
344,stage1,0,0.4953782856464386,0.5393267273902893,0.0,0.4953782856464386,0.0001,0.0,9.478,1.1669,5.3022
345,stage1,0,0.48977142572402954,0.5290974378585815,0.0,0.48977142572402954,0.0001,0.0,9.478,1.4032,0.9102
346,stage1,0,0.45789700746536255,0.5271816849708557,0.0,0.45789700746536255,0.0001,0.0,9.478,1.2735,0.2764
347,stage1,0,0.38967418670654297,0.5051122307777405,0.0,0.38967418670654297,0.0001,0.0,9.478,1.63,0.2767
348,stage1,0,0.462270587682724,0.5627474188804626,0.0,0.462270587682724,0.0001,0.0,9.478,0.9761,0.2769
349,stage1,0,0.41813528537750244,0.5567317605018616,0.0,0.41813528537750244,0.0001,0.0,9.478,1.0499,0.2772
350,stage1,0,0.3241405785083771,0.497069388628006,0.0,0.3241405785083771,0.0001,0.0,9.478,1.0517,0.2782
351,stage1,0,0.46570926904678345,0.5078275203704834,0.0,0.46570926904678345,0.0001,0.0,9.478,1.1878,0.2782
352,stage1,0,0.3881622552871704,0.509446382522583,0.0,0.3881622552871704,0.0001,0.0,9.478,1.2401,5.3762
353,stage1,0,0.4029323160648346,0.5142872333526611,0.0,0.4029323160648346,0.0001,0.0,9.478,1.0643,0.8964
354,stage1,0,0.39863917231559753,0.4950951039791107,0.0,0.39863917231559753,0.0001,0.0,9.478,1.2153,0.2773
355,stage1,0,0.4320780634880066,0.5045194625854492,0.0,0.4320780634880066,0.0001,0.0,9.478,0.922,0.2774
356,stage1,0,0.4967181086540222,0.5273857116699219,0.0,0.4967181086540222,0.0001,0.0,9.478,0.9691,0.2783
357,stage1,0,0.4068877696990967,0.5237588286399841,0.0,0.4068877696990967,0.0001,0.0,9.478,1.0349,0.2768
358,stage1,0,0.387958288192749,0.49825501441955566,0.0,0.387958288192749,0.0001,0.0,9.478,1.4864,0.2778
359,stage1,0,0.4076474905014038,0.5301623940467834,0.0,0.4076474905014038,0.0001,0.0,9.478,1.1599,0.2785
360,stage1,0,0.44479504227638245,0.5008493661880493,0.0,0.44479504227638245,0.0001,0.0,9.478,1.3895,5.317
361,stage1,0,0.3756667375564575,0.5083443522453308,0.0,0.3756667375564575,0.0001,0.0,9.478,1.5306,0.9237
362,stage1,0,0.3871580958366394,0.5187193751335144,0.0,0.3871580958366394,0.0001,0.0,9.478,0.9558,0.2764
363,stage1,0,0.3766897916793823,0.5073252320289612,0.0,0.3766897916793823,0.0001,0.0,9.478,0.7301,0.2777
364,stage1,0,0.36745017766952515,0.50982266664505,0.0,0.36745017766952515,0.0001,0.0,9.478,1.2263,0.2774
365,stage1,0,0.3622800409793854,0.52105712890625,0.0,0.3622800409793854,0.0001,0.0,9.478,0.9605,0.2785
366,stage1,0,0.35794681310653687,0.5520088076591492,0.0,0.35794681310653687,0.0001,0.0,9.478,0.9331,0.2785
367,stage1,0,0.3466578423976898,0.5045430660247803,0.0,0.3466578423976898,0.0001,0.0,9.478,1.0859,0.2781
368,stage1,0,0.442960262298584,0.526296854019165,0.0,0.442960262298584,0.0001,0.0,9.478,1.1101,5.3956
369,stage1,0,0.3999028503894806,0.494947612285614,0.0,0.3999028503894806,0.0001,0.0,9.478,0.8067,0.9397
370,stage1,0,0.33090052008628845,0.483585387468338,0.0,0.33090052008628845,0.0001,0.0,9.478,1.3726,0.2762
371,stage1,0,0.3768710494041443,0.5203987956047058,0.0,0.3768710494041443,0.0001,0.0,9.478,0.8615,0.2771
372,stage1,0,0.3841310739517212,0.4747146964073181,0.0,0.3841310739517212,0.0001,0.0,9.478,1.0359,0.2767
373,stage1,0,0.41702327132225037,0.5171083807945251,0.0,0.41702327132225037,0.0001,0.0,9.478,1.1508,0.2781
374,stage1,0,0.4845719337463379,0.5332943797111511,0.0,0.4845719337463379,0.0001,0.0,9.478,1.7651,0.278
375,stage1,0,0.4412645995616913,0.5215144157409668,0.0,0.4412645995616913,0.0001,0.0,9.478,1.0952,0.2784
376,stage1,0,0.4362908601760864,0.5160770416259766,0.0,0.4362908601760864,0.0001,0.0,9.478,1.4101,5.3051
377,stage1,0,0.3782695531845093,0.5205228328704834,0.0,0.3782695531845093,0.0001,0.0,9.478,0.7577,0.9803
378,stage1,0,0.38138824701309204,0.5165643692016602,0.0,0.38138824701309204,0.0001,0.0,9.478,2.464,0.2765
379,stage1,0,0.46019861102104187,0.5272830724716187,0.0,0.46019861102104187,0.0001,0.0,9.478,1.2104,0.2779
380,stage1,0,0.385668009519577,0.5301967263221741,0.0,0.385668009519577,0.0001,0.0,9.478,1.1412,0.2784
381,stage1,0,0.4702429175376892,0.5376376509666443,0.0,0.4702429175376892,0.0001,0.0,9.478,1.0025,0.2774
382,stage1,0,0.3264055550098419,0.49462395906448364,0.0,0.3264055550098419,0.0001,0.0,9.478,1.0934,0.2778
383,stage1,0,0.37265658378601074,0.5365266799926758,0.0,0.37265658378601074,0.0001,0.0,9.478,1.9137,0.2784
384,stage1,0,0.40159279108047485,0.5109348297119141,0.0,0.40159279108047485,0.0001,0.0,9.478,0.9356,5.2728
385,stage1,0,0.3570178747177124,0.5136102437973022,0.0,0.3570178747177124,0.0001,0.0,9.478,1.0951,1.0306
386,stage1,0,0.40179508924484253,0.5486411452293396,0.0,0.40179508924484253,0.0001,0.0,9.478,0.9378,0.2769
387,stage1,0,0.3950914442539215,0.5077224969863892,0.0,0.3950914442539215,0.0001,0.0,9.478,1.9919,0.2775
388,stage1,0,0.3919687569141388,0.5349549055099487,0.0,0.3919687569141388,0.0001,0.0,9.478,1.2943,0.278
389,stage1,0,0.3458695411682129,0.5010561347007751,0.0,0.3458695411682129,0.0001,0.0,9.478,0.9969,0.2776
390,stage1,0,0.38702869415283203,0.4804615378379822,0.0,0.38702869415283203,0.0001,0.0,9.478,1.0952,0.2781
391,stage1,0,0.3087059259414673,0.4546622633934021,0.0,0.3087059259414673,0.0001,0.0,9.478,1.2188,0.2778
392,stage1,0,0.42600661516189575,0.5007627606391907,0.0,0.42600661516189575,0.0001,0.0,9.478,1.8896,5.222
393,stage1,0,0.40706443786621094,0.4935148060321808,0.0,0.40706443786621094,0.0001,0.0,9.478,0.762,1.0187
394,stage1,0,0.3907889425754547,0.49710315465927124,0.0,0.3907889425754547,0.0001,0.0,9.478,1.375,0.2769
395,stage1,0,0.3761490285396576,0.5018438100814819,0.0,0.3761490285396576,0.0001,0.0,9.478,1.5257,0.2777
396,stage1,0,0.4439893066883087,0.49608781933784485,0.0,0.4439893066883087,0.0001,0.0,9.478,0.8534,0.2778
397,stage1,0,0.4317432641983032,0.5478317737579346,0.0,0.4317432641983032,0.0001,0.0,9.478,1.1483,0.2782
398,stage1,0,0.4239046573638916,0.49223631620407104,0.0,0.4239046573638916,0.0001,0.0,9.478,1.3368,0.2785
399,stage1,0,0.4575183093547821,0.5174872279167175,0.0,0.4575183093547821,0.0001,0.0,9.478,1.7628,0.2783
400,stage1,0,0.35085341334342957,0.47937020659446716,0.0,0.35085341334342957,0.0001,0.0,9.478,1.0066,5.2822
401,stage1,0,0.343283087015152,0.49389809370040894,0.0,0.343283087015152,0.0001,0.0,9.478,1.1803,0.9789
402,stage1,0,0.3273267149925232,0.5023331642150879,0.0,0.3273267149925232,0.0001,0.0,9.478,0.9551,0.2762
403,stage1,0,0.369493693113327,0.49152469635009766,0.0,0.369493693113327,0.0001,0.0,9.478,1.1823,0.2778
404,stage1,0,0.3999837636947632,0.4995088577270508,0.0,0.3999837636947632,0.0001,0.0,9.478,1.1586,0.2769
405,stage1,0,0.3842284679412842,0.5070878863334656,0.0,0.3842284679412842,0.0001,0.0,9.478,0.7959,0.2775
406,stage1,0,0.4031985104084015,0.5027965903282166,0.0,0.4031985104084015,0.0001,0.0,9.478,1.2172,0.2776
407,stage1,0,0.37836697697639465,0.48397645354270935,0.0,0.37836697697639465,0.0001,0.0,9.478,1.0875,0.2784
408,stage1,0,0.4153372645378113,0.526747465133667,0.0,0.4153372645378113,0.0001,0.0,9.478,1.5549,5.3237
409,stage1,0,0.3533376455307007,0.49893298745155334,0.0,0.3533376455307007,0.0001,0.0,9.478,0.9272,0.9294
410,stage1,0,0.36977729201316833,0.497329443693161,0.0,0.36977729201316833,0.0001,0.0,9.478,1.229,0.2765
411,stage1,0,0.4458498954772949,0.5623317360877991,0.0,0.4458498954772949,0.0001,0.0,9.478,1.0744,0.2781
412,stage1,0,0.4354369342327118,0.5144383311271667,0.0,0.4354369342327118,0.0001,0.0,9.478,2.0707,0.2784
413,stage1,0,0.32645004987716675,0.4753740727901459,0.0,0.32645004987716675,0.0001,0.0,9.478,1.2117,0.2787
414,stage1,0,0.3343689441680908,0.4596253037452698,0.0,0.3343689441680908,0.0001,0.0,9.478,0.7802,0.2778
415,stage1,0,0.3695228099822998,0.4921860992908478,0.0,0.3695228099822998,0.0001,0.0,9.478,1.0325,0.2781
416,stage1,0,0.32987043261528015,0.4893519878387451,0.0,0.32987043261528015,0.0001,0.0,9.478,1.171,5.3703
417,stage1,0,0.4303678274154663,0.5128994584083557,0.0,0.4303678274154663,0.0001,0.0,9.478,1.1492,0.8968
418,stage1,0,0.3430598974227905,0.4791150391101837,0.0,0.3430598974227905,0.0001,0.0,9.478,1.3978,0.277
419,stage1,0,0.4044056236743927,0.5037736296653748,0.0,0.4044056236743927,0.0001,0.0,9.478,1.192,0.2775
420,stage1,0,0.37064799666404724,0.4970322251319885,0.0,0.37064799666404724,0.0001,0.0,9.478,0.7496,0.2774
421,stage1,0,0.42206263542175293,0.5017860531806946,0.0,0.42206263542175293,0.0001,0.0,9.478,1.3727,0.2782
422,stage1,0,0.3047897517681122,0.43923431634902954,0.0,0.3047897517681122,0.0001,0.0,9.478,0.7523,0.2779
423,stage1,0,0.4159262776374817,0.5120420455932617,0.0,0.4159262776374817,0.0001,0.0,9.478,1.4586,0.2771
424,stage1,0,0.3498982787132263,0.48817044496536255,0.0,0.3498982787132263,0.0001,0.0,9.478,0.9701,5.3732
425,stage1,0,0.3841531276702881,0.49143531918525696,0.0,0.3841531276702881,0.0001,0.0,9.478,1.0449,0.9214
426,stage1,0,0.38624730706214905,0.4893677234649658,0.0,0.38624730706214905,0.0001,0.0,9.478,1.099,0.2766
427,stage1,0,0.4976370632648468,0.5437148809432983,0.0,0.4976370632648468,0.0001,0.0,9.478,1.2427,0.2818
428,stage1,0,0.3588578701019287,0.506408154964447,0.0,0.3588578701019287,0.0001,0.0,9.478,0.9101,0.2763
429,stage1,0,0.4428344666957855,0.5103735327720642,0.0,0.4428344666957855,0.0001,0.0,9.478,1.2889,0.2776
430,stage1,0,0.34488117694854736,0.49104589223861694,0.0,0.34488117694854736,0.0001,0.0,9.478,0.8015,0.2773
431,stage1,0,0.46044519543647766,0.5244593024253845,0.0,0.46044519543647766,0.0001,0.0,9.478,1.5144,0.2788
432,stage1,0,0.36836332082748413,0.47168323397636414,0.0,0.36836332082748413,0.0001,0.0,9.478,1.0134,5.325
433,stage1,0,0.3718755841255188,0.4761236310005188,0.0,0.3718755841255188,0.0001,0.0,9.478,1.0442,0.9199
434,stage1,0,0.43939337134361267,0.5094819664955139,0.0,0.43939337134361267,0.0001,0.0,9.478,1.5922,0.2769
435,stage1,0,0.41414257884025574,0.48784154653549194,0.0,0.41414257884025574,0.0001,0.0,9.478,1.1792,0.2776
436,stage1,0,0.4279409646987915,0.4977430999279022,0.0,0.4279409646987915,0.0001,0.0,9.478,0.885,0.2783
437,stage1,0,0.3490872085094452,0.456163614988327,0.0,0.3490872085094452,0.0001,0.0,9.478,1.1694,0.2773
438,stage1,0,0.38387754559516907,0.4830680191516876,0.0,0.38387754559516907,0.0001,0.0,9.478,1.2976,0.278
439,stage1,0,0.3104976415634155,0.4450109899044037,0.0,0.3104976415634155,0.0001,0.0,9.478,0.8852,0.2776
440,stage1,0,0.40428850054740906,0.5043033957481384,0.0,0.40428850054740906,0.0001,0.0,9.478,1.0814,5.3444
441,stage1,0,0.37412121891975403,0.4946972131729126,0.0,0.37412121891975403,0.0001,0.0,9.478,1.2497,0.8755
442,stage1,0,0.3315674364566803,0.5140045881271362,0.0,0.3315674364566803,0.0001,0.0,9.478,0.968,0.2766
443,stage1,0,0.3883156180381775,0.49737244844436646,0.0,0.3883156180381775,0.0001,0.0,9.478,1.3061,0.2789
444,stage1,0,0.47388821840286255,0.5088087916374207,0.0,0.47388821840286255,0.0001,0.0,9.478,1.372,0.2763
445,stage1,0,0.3873817026615143,0.48200201988220215,0.0,0.3873817026615143,0.0001,0.0,9.478,1.083,0.2775
446,stage1,0,0.38674303889274597,0.49284377694129944,0.0,0.38674303889274597,0.0001,0.0,9.478,1.5055,0.2782
447,stage1,0,0.37125325202941895,0.47829416394233704,0.0,0.37125325202941895,0.0001,0.0,9.478,0.8099,0.2775
448,stage1,0,0.4444865584373474,0.5123353004455566,0.0,0.4444865584373474,0.0001,0.0,9.478,1.7942,5.4348
449,stage1,0,0.37625816464424133,0.4948749542236328,0.0,0.37625816464424133,0.0001,0.0,9.478,1.0009,0.8086
450,stage1,0,0.4362787902355194,0.5028069019317627,0.0,0.4362787902355194,0.0001,0.0,9.478,1.3551,0.2767
451,stage1,0,0.39856159687042236,0.5044344663619995,0.0,0.39856159687042236,0.0001,0.0,9.478,0.8969,0.278
452,stage1,0,0.3550119400024414,0.5012789368629456,0.0,0.3550119400024414,0.0001,0.0,9.478,1.0112,0.2782
453,stage1,0,0.3739711046218872,0.4987436532974243,0.0,0.3739711046218872,0.0001,0.0,9.478,0.8248,0.2776
454,stage1,0,0.35613107681274414,0.5085929036140442,0.0,0.35613107681274414,0.0001,0.0,9.478,1.1638,0.278
455,stage1,0,0.3977269232273102,0.5128231644630432,0.0,0.3977269232273102,0.0001,0.0,9.478,0.8324,0.2774
456,stage1,0,0.38376399874687195,0.5156766176223755,0.0,0.38376399874687195,0.0001,0.0,9.478,0.7647,5.4723
457,stage1,0,0.3820428252220154,0.5172027349472046,0.0,0.3820428252220154,0.0001,0.0,9.478,1.2499,0.7971
458,stage1,0,0.46791473031044006,0.5186240673065186,0.0,0.46791473031044006,0.0001,0.0,9.478,0.9641,0.2764
459,stage1,0,0.36319220066070557,0.47796401381492615,0.0,0.36319220066070557,0.0001,0.0,9.478,1.0078,0.2773
460,stage1,0,0.3172154128551483,0.4728342890739441,0.0,0.3172154128551483,0.0001,0.0,9.478,1.1923,0.2815
461,stage1,0,0.4019297659397125,0.5213785767555237,0.0,0.4019297659397125,0.0001,0.0,9.478,0.9006,0.2778
462,stage1,0,0.42781001329421997,0.536299467086792,0.0,0.42781001329421997,0.0001,0.0,9.478,1.5401,0.2784
463,stage1,0,0.39799654483795166,0.49994924664497375,0.0,0.39799654483795166,0.0001,0.0,9.478,0.7295,0.2777
464,stage1,0,0.387861430644989,0.500803530216217,0.0,0.387861430644989,0.0001,0.0,9.478,0.8842,5.4612
465,stage1,0,0.4461353123188019,0.5114048719406128,0.0,0.4461353123188019,0.0001,0.0,9.478,1.9364,0.7813
466,stage1,0,0.4187076687812805,0.5067838430404663,0.0,0.4187076687812805,0.0001,0.0,9.478,1.0642,0.277
467,stage1,0,0.391771137714386,0.491680383682251,0.0,0.391771137714386,0.0001,0.0,9.478,1.1162,0.2778
468,stage1,0,0.3912399411201477,0.48371264338493347,0.0,0.3912399411201477,0.0001,0.0,9.478,1.1238,0.2786
469,stage1,0,0.4514486789703369,0.5130305886268616,0.0,0.4514486789703369,0.0001,0.0,9.478,1.0072,0.2777
470,stage1,0,0.4381464421749115,0.5274569988250732,0.0,0.4381464421749115,0.0001,0.0,9.478,1.235,0.2778
471,stage1,0,0.4164992570877075,0.49494239687919617,0.0,0.4164992570877075,0.0001,0.0,9.478,1.0763,0.2776
472,stage1,0,0.34955668449401855,0.4955357015132904,0.0,0.34955668449401855,0.0001,0.0,9.478,0.9303,5.4737
473,stage1,0,0.431092768907547,0.4975699782371521,0.0,0.431092768907547,0.0001,0.0,9.478,1.0042,0.7738
474,stage1,0,0.4447469413280487,0.526848316192627,0.0,0.4447469413280487,0.0001,0.0,9.478,0.8447,0.2774
475,stage1,0,0.4389790892601013,0.5270993709564209,0.0,0.4389790892601013,0.0001,0.0,9.478,1.0259,0.2774
476,stage1,0,0.36050283908843994,0.4799122214317322,0.0,0.36050283908843994,0.0001,0.0,9.478,1.1989,0.2775
477,stage1,0,0.4561022222042084,0.5421873927116394,0.0,0.4561022222042084,0.0001,0.0,9.478,1.1291,0.2779
478,stage1,0,0.4397905468940735,0.5138278603553772,0.0,0.4397905468940735,0.0001,0.0,9.478,1.3051,0.278
479,stage1,0,0.35873982310295105,0.4945841431617737,0.0,0.35873982310295105,0.0001,0.0,9.478,1.1181,0.278
480,stage1,0,0.3518790006637573,0.45877698063850403,0.0,0.3518790006637573,0.0001,0.0,9.478,1.1367,5.448
481,stage1,0,0.4360460340976715,0.4868592917919159,0.0,0.4360460340976715,0.0001,0.0,9.478,1.57,0.7905
482,stage1,0,0.38044044375419617,0.507634162902832,0.0,0.38044044375419617,0.0001,0.0,9.478,1.0564,0.2772
483,stage1,0,0.3932560980319977,0.4977404773235321,0.0,0.3932560980319977,0.0001,0.0,9.478,1.2144,0.2782
484,stage1,0,0.3864145874977112,0.49234864115715027,0.0,0.3864145874977112,0.0001,0.0,9.478,1.7446,0.277
485,stage1,0,0.3898821771144867,0.4885043501853943,0.0,0.3898821771144867,0.0001,0.0,9.478,0.738,0.2778
486,stage1,0,0.48994454741477966,0.5269759297370911,0.0,0.48994454741477966,0.0001,0.0,9.478,1.3269,0.2781
487,stage1,0,0.4574122130870819,0.5123196840286255,0.0,0.4574122130870819,0.0001,0.0,9.478,1.2059,0.2772
488,stage1,0,0.4895538091659546,0.5401387810707092,0.0,0.4895538091659546,0.0001,0.0,9.478,1.3626,5.4809
489,stage1,0,0.41533800959587097,0.5191348791122437,0.0,0.41533800959587097,0.0001,0.0,9.478,1.2267,0.7578
490,stage1,0,0.402566522359848,0.5091745853424072,0.0,0.402566522359848,0.0001,0.0,9.478,1.2392,0.2765
491,stage1,0,0.4141644537448883,0.48796677589416504,0.0,0.4141644537448883,0.0001,0.0,9.478,1.0432,0.2779
492,stage1,0,0.33391073346138,0.5041925311088562,0.0,0.33391073346138,0.0001,0.0,9.478,1.1779,0.278
493,stage1,0,0.43975749611854553,0.5212809443473816,0.0,0.43975749611854553,0.0001,0.0,9.478,1.581,0.2779
494,stage1,0,0.3997499346733093,0.5034745335578918,0.0,0.3997499346733093,0.0001,0.0,9.478,1.1949,0.2778
495,stage1,0,0.3878849744796753,0.5008791089057922,0.0,0.3878849744796753,0.0001,0.0,9.478,0.9033,0.2779
496,stage1,0,0.3741275370121002,0.4877805709838867,0.0,0.3741275370121002,0.0001,0.0,9.478,1.0003,5.496
497,stage1,0,0.34667733311653137,0.5006077885627747,0.0,0.34667733311653137,0.0001,0.0,9.478,0.8397,0.7652
498,stage1,0,0.3579113185405731,0.5029535293579102,0.0,0.3579113185405731,0.0001,0.0,9.478,1.0743,0.2771
499,stage1,0,0.3525426685810089,0.45244812965393066,0.0,0.3525426685810089,0.0001,0.0,9.478,0.7548,0.2769
500,stage1,0,0.4324517548084259,0.5053581595420837,0.0,0.4324517548084259,0.0001,0.0,9.478,0.9572,0.2779
501,stage1,0,0.35623061656951904,0.46465471386909485,0.0,0.35623061656951904,0.0001,0.0,9.478,1.003,0.2775
502,stage1,0,0.37310174107551575,0.4711330235004425,0.0,0.37310174107551575,0.0001,0.0,9.478,1.2847,0.2775
503,stage1,0,0.31645408272743225,0.45785754919052124,0.0,0.31645408272743225,0.0001,0.0,9.478,0.8276,0.2783
504,stage1,0,0.3798614740371704,0.5035287737846375,0.0,0.3798614740371704,0.0001,0.0,9.478,0.9717,5.5458
505,stage1,0,0.4175366759300232,0.5085381865501404,0.0,0.4175366759300232,0.0001,0.0,9.478,0.8499,0.7285
506,stage1,0,0.34562477469444275,0.4803088307380676,0.0,0.34562477469444275,0.0001,0.0,9.478,1.0914,0.2773
507,stage1,0,0.3572706878185272,0.4777381420135498,0.0,0.3572706878185272,0.0001,0.0,9.478,1.047,0.2767
508,stage1,0,0.307672917842865,0.4365173876285553,0.0,0.307672917842865,0.0001,0.0,9.478,0.7514,0.2774
509,stage1,0,0.3518376052379608,0.48328256607055664,0.0,0.3518376052379608,0.0001,0.0,9.478,0.6354,0.2777
510,stage1,0,0.37512874603271484,0.4921947717666626,0.0,0.37512874603271484,0.0001,0.0,9.478,1.0952,0.2775
511,stage1,0,0.40443453192710876,0.5501354336738586,0.0,0.40443453192710876,0.0001,0.0,9.478,1.1369,0.2777
512,stage1,0,0.3855406641960144,0.4820033311843872,0.0,0.3855406641960144,0.0001,0.0,9.478,1.101,5.5378
513,stage1,0,0.3876054584980011,0.5146867632865906,0.0,0.3876054584980011,0.0001,0.0,9.478,0.9519,0.7452
514,stage1,0,0.3624107539653778,0.48296135663986206,0.0,0.3624107539653778,0.0001,0.0,9.478,1.3158,0.2769
515,stage1,0,0.381724089384079,0.4884176254272461,0.0,0.381724089384079,0.0001,0.0,9.478,1.2777,0.2771
516,stage1,0,0.3935759663581848,0.4928399324417114,0.0,0.3935759663581848,0.0001,0.0,9.478,0.8702,0.2784
517,stage1,0,0.37121710181236267,0.5267102718353271,0.0,0.37121710181236267,0.0001,0.0,9.478,1.418,0.2778
518,stage1,0,0.39311668276786804,0.518143892288208,0.0,0.39311668276786804,0.0001,0.0,9.478,1.1516,0.2783
519,stage1,0,0.2841179370880127,0.4532040059566498,0.0,0.2841179370880127,0.0001,0.0,9.478,0.7297,0.2782
520,stage1,0,0.3004712462425232,0.4643774628639221,0.0,0.3004712462425232,0.0001,0.0,9.478,0.8389,5.5217
521,stage1,0,0.37965086102485657,0.5129514932632446,0.0,0.37965086102485657,0.0001,0.0,9.478,0.905,0.7165
522,stage1,0,0.40101370215415955,0.5008440017700195,0.0,0.40101370215415955,0.0001,0.0,9.478,1.1173,0.2764
523,stage1,0,0.35170114040374756,0.48990926146507263,0.0,0.35170114040374756,0.0001,0.0,9.478,1.2462,0.2776
524,stage1,0,0.33647462725639343,0.4781908094882965,0.0,0.33647462725639343,0.0001,0.0,9.478,1.7978,0.2776
525,stage1,0,0.3469196856021881,0.509655773639679,0.0,0.3469196856021881,0.0001,0.0,9.478,0.6574,0.2773
526,stage1,0,0.35842663049697876,0.4649481475353241,0.0,0.35842663049697876,0.0001,0.0,9.478,0.78,0.2777
527,stage1,0,0.3266942799091339,0.5169527530670166,0.0,0.3266942799091339,0.0001,0.0,9.478,1.1248,0.2774
528,stage1,0,0.44145241379737854,0.5089569687843323,0.0,0.44145241379737854,0.0001,0.0,9.478,1.2521,5.5722
529,stage1,0,0.34651821851730347,0.4753885865211487,0.0,0.34651821851730347,0.0001,0.0,9.478,1.3404,0.6515
530,stage1,0,0.40259405970573425,0.5083837509155273,0.0,0.40259405970573425,0.0001,0.0,9.478,0.9166,0.2762
531,stage1,0,0.3127972185611725,0.43618935346603394,0.0,0.3127972185611725,0.0001,0.0,9.478,0.9227,0.2774
532,stage1,0,0.35971319675445557,0.48080065846443176,0.0,0.35971319675445557,0.0001,0.0,9.478,1.1854,0.2771
533,stage1,0,0.39307743310928345,0.5189380049705505,0.0,0.39307743310928345,0.0001,0.0,9.478,1.5104,0.2783
534,stage1,0,0.3359726071357727,0.4520806074142456,0.0,0.3359726071357727,0.0001,0.0,9.478,1.0244,0.2772
535,stage1,0,0.36785292625427246,0.49490663409233093,0.0,0.36785292625427246,0.0001,0.0,9.478,0.9671,0.2769
536,stage1,0,0.32887446880340576,0.4706652760505676,0.0,0.32887446880340576,0.0001,0.0,9.478,0.9724,5.6013
537,stage1,0,0.34334245324134827,0.4984724819660187,0.0,0.34334245324134827,0.0001,0.0,9.478,0.958,0.6292
538,stage1,0,0.36230796575546265,0.49890637397766113,0.0,0.36230796575546265,0.0001,0.0,9.478,1.1963,0.2773
539,stage1,0,0.35483264923095703,0.48592913150787354,0.0,0.35483264923095703,0.0001,0.0,9.478,1.2738,0.2766
540,stage1,0,0.29378703236579895,0.43896445631980896,0.0,0.29378703236579895,0.0001,0.0,9.478,0.6883,0.2772
541,stage1,0,0.3898615837097168,0.5011666417121887,0.0,0.3898615837097168,0.0001,0.0,9.478,1.4161,0.2779
542,stage1,0,0.4085325598716736,0.5135520100593567,0.0,0.4085325598716736,0.0001,0.0,9.478,1.3604,0.2777
543,stage1,0,0.35661253333091736,0.4877857565879822,0.0,0.35661253333091736,0.0001,0.0,9.478,0.9692,0.2789
544,stage1,0,0.38441896438598633,0.5185098052024841,0.0,0.38441896438598633,0.0001,0.0,9.478,0.8674,5.6991
545,stage1,0,0.3900601863861084,0.4972769021987915,0.0,0.3900601863861084,0.0001,0.0,9.478,1.1812,0.5978
546,stage1,0,0.31131863594055176,0.4527157247066498,0.0,0.31131863594055176,0.0001,0.0,9.478,0.9543,0.2765
547,stage1,0,0.39424118399620056,0.4820779860019684,0.0,0.39424118399620056,0.0001,0.0,9.478,1.3593,0.2777
548,stage1,0,0.39272934198379517,0.5281606912612915,0.0,0.39272934198379517,0.0001,0.0,9.478,0.7906,0.2773
549,stage1,0,0.42016100883483887,0.5262052416801453,0.0,0.42016100883483887,0.0001,0.0,9.478,0.8234,0.2775
550,stage1,0,0.31279227137565613,0.46720796823501587,0.0,0.31279227137565613,0.0001,0.0,9.478,1.0058,0.2775
551,stage1,0,0.327514111995697,0.46040263772010803,0.0,0.327514111995697,0.0001,0.0,9.478,1.0538,0.2785
552,stage1,0,0.37943264842033386,0.48677870631217957,0.0,0.37943264842033386,0.0001,0.0,9.478,1.239,5.717
553,stage1,0,0.41721582412719727,0.524239718914032,0.0,0.41721582412719727,0.0001,0.0,9.478,0.8678,0.6007
554,stage1,0,0.3666735291481018,0.48338255286216736,0.0,0.3666735291481018,0.0001,0.0,9.478,1.0305,0.2767
555,stage1,0,0.4073636531829834,0.4866398572921753,0.0,0.4073636531829834,0.0001,0.0,9.478,0.9779,0.2775
556,stage1,0,0.3619771897792816,0.49251922965049744,0.0,0.3619771897792816,0.0001,0.0,9.478,0.8148,0.2768
557,stage1,0,0.3997485935688019,0.5440253019332886,0.0,0.3997485935688019,0.0001,0.0,9.478,1.1176,0.2773
558,stage1,0,0.3998623490333557,0.5091026425361633,0.0,0.3998623490333557,0.0001,0.0,9.478,1.0757,0.2773
559,stage1,0,0.4205280840396881,0.4937465190887451,0.0,0.4205280840396881,0.0001,0.0,9.478,1.1284,0.2772
560,stage1,0,0.30815377831459045,0.4862261414527893,0.0,0.30815377831459045,0.0001,0.0,9.478,0.7692,5.7036
561,stage1,0,0.3527568280696869,0.4726189970970154,0.0,0.3527568280696869,0.0001,0.0,9.478,0.8801,0.5541
562,stage1,0,0.40372395515441895,0.4990609288215637,0.0,0.40372395515441895,0.0001,0.0,9.478,1.0946,0.2763
563,stage1,0,0.3901103734970093,0.5024996399879456,0.0,0.3901103734970093,0.0001,0.0,9.478,1.8383,0.2774
564,stage1,0,0.3841395080089569,0.4641958475112915,0.0,0.3841395080089569,0.0001,0.0,9.478,0.786,0.2771
565,stage1,0,0.32697150111198425,0.468389630317688,0.0,0.32697150111198425,0.0001,0.0,9.478,0.8087,0.2766
566,stage1,0,0.41385602951049805,0.49265921115875244,0.0,0.41385602951049805,0.0001,0.0,9.478,1.1919,0.2781
567,stage1,0,0.3630392253398895,0.5020527243614197,0.0,0.3630392253398895,0.0001,0.0,9.478,1.2024,0.2775
568,stage1,0,0.3976935148239136,0.4778069257736206,0.0,0.3976935148239136,0.0001,0.0,9.478,0.9802,5.7115
569,stage1,0,0.40294304490089417,0.4963730573654175,0.0,0.40294304490089417,0.0001,0.0,9.478,0.9321,0.5842
570,stage1,0,0.39147457480430603,0.4859909415245056,0.0,0.39147457480430603,0.0001,0.0,9.478,1.0939,0.2761
571,stage1,0,0.3579118847846985,0.4694271385669708,0.0,0.3579118847846985,0.0001,0.0,9.478,1.4953,0.277
572,stage1,0,0.28520604968070984,0.43002668023109436,0.0,0.28520604968070984,0.0001,0.0,9.478,0.8477,0.2778
573,stage1,0,0.3486657440662384,0.5029020309448242,0.0,0.3486657440662384,0.0001,0.0,9.478,0.8567,0.2774
574,stage1,0,0.3394966125488281,0.4463775157928467,0.0,0.3394966125488281,0.0001,0.0,9.478,0.9474,0.2773
575,stage1,0,0.36033663153648376,0.4664542078971863,0.0,0.36033663153648376,0.0001,0.0,9.478,0.9165,0.2776
576,stage1,0,0.32959288358688354,0.48090294003486633,0.0,0.32959288358688354,0.0001,0.0,9.478,0.8811,5.7175
577,stage1,0,0.3809700310230255,0.48380085825920105,0.0,0.3809700310230255,0.0001,0.0,9.478,1.054,0.5209
578,stage1,0,0.34508997201919556,0.5070177316665649,0.0,0.34508997201919556,0.0001,0.0,9.478,0.6525,0.2774
579,stage1,0,0.35240378975868225,0.4807465374469757,0.0,0.35240378975868225,0.0001,0.0,9.478,0.9062,0.2775
580,stage1,0,0.36560890078544617,0.48695531487464905,0.0,0.36560890078544617,0.0001,0.0,9.478,1.0872,0.2767
581,stage1,0,0.2944490611553192,0.4737703800201416,0.0,0.2944490611553192,0.0001,0.0,9.478,0.9057,0.2775
582,stage1,0,0.42167702317237854,0.5047799348831177,0.0,0.42167702317237854,0.0001,0.0,9.478,1.1262,0.2776
583,stage1,0,0.42964980006217957,0.47747430205345154,0.0,0.42964980006217957,0.0001,0.0,9.478,1.0644,0.2773
584,stage1,0,0.3029417097568512,0.45092177391052246,0.0,0.3029417097568512,0.0001,0.0,9.478,0.8533,5.7355
585,stage1,0,0.30790045857429504,0.4366528391838074,0.0,0.30790045857429504,0.0001,0.0,9.478,0.8665,0.5013
586,stage1,0,0.3327823877334595,0.47627681493759155,0.0,0.3327823877334595,0.0001,0.0,9.478,1.3316,0.2767
587,stage1,0,0.34292659163475037,0.4859788119792938,0.0,0.34292659163475037,0.0001,0.0,9.478,0.9878,0.2769
588,stage1,0,0.3184596002101898,0.4372917711734772,0.0,0.3184596002101898,0.0001,0.0,9.478,0.8662,0.2773
589,stage1,0,0.3491484820842743,0.4807446300983429,0.0,0.3491484820842743,0.0001,0.0,9.478,1.0441,0.277
590,stage1,0,0.44608503580093384,0.5250296592712402,0.0,0.44608503580093384,0.0001,0.0,9.478,1.1228,0.2774
591,stage1,0,0.3384496569633484,0.4803107976913452,0.0,0.3384496569633484,0.0001,0.0,9.478,0.9727,0.2781
592,stage1,0,0.36984217166900635,0.49009114503860474,0.0,0.36984217166900635,0.0001,0.0,9.478,0.9498,5.7684
593,stage1,0,0.4384262263774872,0.531446099281311,0.0,0.4384262263774872,0.0001,0.0,9.478,1.1027,0.5008
594,stage1,0,0.35387590527534485,0.5158515572547913,0.0,0.35387590527534485,0.0001,0.0,9.478,0.8865,0.2769
595,stage1,0,0.31696510314941406,0.4714529812335968,0.0,0.31696510314941406,0.0001,0.0,9.478,1.0004,0.2771
596,stage1,0,0.3473362922668457,0.49293479323387146,0.0,0.3473362922668457,0.0001,0.0,9.478,1.6616,0.2773
597,stage1,0,0.37067079544067383,0.48477521538734436,0.0,0.37067079544067383,0.0001,0.0,9.478,0.8924,0.2779
598,stage1,0,0.42024505138397217,0.48803257942199707,0.0,0.42024505138397217,0.0001,0.0,9.478,0.9353,0.2774
599,stage1,0,0.3019894063472748,0.44870057702064514,0.0,0.3019894063472748,0.0001,0.0,9.478,0.8703,0.2775
600,stage1,0,0.4350217282772064,0.522632896900177,0.0,0.4350217282772064,0.0001,0.0,9.478,1.7893,5.9029
601,stage1,0,0.4253259301185608,0.4910765290260315,0.0,0.4253259301185608,0.0001,0.0,9.478,0.8535,0.4994
602,stage1,0,0.3760000467300415,0.461570680141449,0.0,0.3760000467300415,0.0001,0.0,9.478,1.2006,0.2765
603,stage1,0,0.4414510726928711,0.49531248211860657,0.0,0.4414510726928711,0.0001,0.0,9.478,1.2132,0.2774
604,stage1,0,0.33726099133491516,0.478999525308609,0.0,0.33726099133491516,0.0001,0.0,9.478,1.7355,0.2774
605,stage1,0,0.4104507267475128,0.5261065363883972,0.0,0.4104507267475128,0.0001,0.0,9.478,1.4025,0.2774
606,stage1,0,0.36782291531562805,0.4867328107357025,0.0,0.36782291531562805,0.0001,0.0,9.478,1.265,0.2774
607,stage1,0,0.3533207178115845,0.47825726866722107,0.0,0.3533207178115845,0.0001,0.0,9.478,0.8556,0.278
608,stage1,0,0.33022964000701904,0.4908082187175751,0.0,0.33022964000701904,0.0001,0.0,9.478,1.4874,5.8304
609,stage1,0,0.31221941113471985,0.43964412808418274,0.0,0.31221941113471985,0.0001,0.0,9.478,0.9947,0.4181
610,stage1,0,0.35677292943000793,0.4626407325267792,0.0,0.35677292943000793,0.0001,0.0,9.478,0.8291,0.276
611,stage1,0,0.3191761374473572,0.47787365317344666,0.0,0.3191761374473572,0.0001,0.0,9.478,0.7001,0.2778
612,stage1,0,0.41933727264404297,0.49029120802879333,0.0,0.41933727264404297,0.0001,0.0,9.478,1.2938,0.2771
613,stage1,0,0.3874312937259674,0.4910753667354584,0.0,0.3874312937259674,0.0001,0.0,9.478,0.8141,0.2767
614,stage1,0,0.3912048041820526,0.47988688945770264,0.0,0.3912048041820526,0.0001,0.0,9.478,1.0705,0.2773
615,stage1,0,0.3363528251647949,0.4633535146713257,0.0,0.3363528251647949,0.0001,0.0,9.478,0.8044,0.2776
616,stage1,0,0.3614440858364105,0.4677705764770508,0.0,0.3614440858364105,0.0001,0.0,9.478,0.9481,5.8792
617,stage1,0,0.3463510274887085,0.4520834982395172,0.0,0.3463510274887085,0.0001,0.0,9.478,0.838,0.3659
618,stage1,0,0.3182227909564972,0.4524688720703125,0.0,0.3182227909564972,0.0001,0.0,9.478,0.6902,0.2767
619,stage1,0,0.3593522608280182,0.4794384241104126,0.0,0.3593522608280182,0.0001,0.0,9.478,0.9262,0.2777
620,stage1,0,0.4098668396472931,0.4920429289340973,0.0,0.4098668396472931,0.0001,0.0,9.478,1.1292,0.2772
621,stage1,0,0.3431657552719116,0.4767337441444397,0.0,0.3431657552719116,0.0001,0.0,9.478,0.883,0.2776
622,stage1,0,0.31823161244392395,0.4797919988632202,0.0,0.31823161244392395,0.0001,0.0,9.478,0.7308,0.2778
623,stage1,0,0.3437894582748413,0.4638436734676361,0.0,0.3437894582748413,0.0001,0.0,9.478,0.9292,0.2774
624,stage1,0,0.4132345914840698,0.49177831411361694,0.0,0.4132345914840698,0.0001,0.0,9.478,0.926,5.9147
625,stage1,0,0.3005552291870117,0.46233034133911133,0.0,0.3005552291870117,0.0001,0.0,9.478,0.8084,0.323
626,stage1,0,0.31656867265701294,0.4658450782299042,0.0,0.31656867265701294,0.0001,0.0,9.478,0.5992,0.2762
627,stage1,0,0.33203884959220886,0.4661623239517212,0.0,0.33203884959220886,0.0001,0.0,9.478,0.8112,0.2777
628,stage1,0,0.43296340107917786,0.4935609698295593,0.0,0.43296340107917786,0.0001,0.0,9.478,1.2803,0.2767
629,stage1,0,0.30644491314888,0.45503881573677063,0.0,0.30644491314888,0.0001,0.0,9.478,0.5768,0.278
630,stage1,0,0.2977604269981384,0.4600503742694855,0.0,0.2977604269981384,0.0001,0.0,9.478,0.6338,0.2768
631,stage1,0,0.37777218222618103,0.4834885895252228,0.0,0.37777218222618103,0.0001,0.0,9.478,0.9129,0.2782
632,stage1,0,0.40960693359375,0.49898624420166016,0.0,0.40960693359375,0.0001,0.0,9.478,0.8162,5.9381
633,stage1,0,0.40578559041023254,0.48855042457580566,0.0,0.40578559041023254,0.0001,0.0,9.478,1.0153,0.3003
634,stage1,0,0.3690439462661743,0.4879610240459442,0.0,0.3690439462661743,0.0001,0.0,9.478,1.0962,0.2767
635,stage1,0,0.34993821382522583,0.4753583073616028,0.0,0.34993821382522583,0.0001,0.0,9.478,0.9371,0.2772
636,stage1,0,0.3943515121936798,0.48459717631340027,0.0,0.3943515121936798,0.0001,0.0,9.478,0.6516,0.2773
637,stage1,0,0.4004780948162079,0.45716384053230286,0.0,0.4004780948162079,0.0001,0.0,9.478,0.7831,0.2777
638,stage1,0,0.3601519465446472,0.48624387383461,0.0,0.3601519465446472,0.0001,0.0,9.478,0.8601,0.2789
639,stage1,0,0.39103415608406067,0.4960225224494934,0.0,0.39103415608406067,0.0001,0.0,9.478,1.0428,0.2766
640,stage1,0,0.3732808530330658,0.4537203013896942,0.0,0.3732808530330658,0.0001,0.0,9.478,0.9394,5.998
641,stage1,0,0.3098498582839966,0.4647415280342102,0.0,0.3098498582839966,0.0001,0.0,9.478,0.9498,0.3144
642,stage1,0,0.2908641993999481,0.44557106494903564,0.0,0.2908641993999481,0.0001,0.0,9.478,0.9733,0.2763
643,stage1,0,0.3516267240047455,0.49919071793556213,0.0,0.3516267240047455,0.0001,0.0,9.478,1.003,0.2765
644,stage1,0,0.35575079917907715,0.475035697221756,0.0,0.35575079917907715,0.0001,0.0,9.478,1.1248,0.2772
645,stage1,0,0.3558177351951599,0.4672639071941376,0.0,0.3558177351951599,0.0001,0.0,9.478,1.1842,0.2776
646,stage1,0,0.31465384364128113,0.45925173163414,0.0,0.31465384364128113,0.0001,0.0,9.478,1.0035,0.2782
647,stage1,0,0.28487589955329895,0.45612943172454834,0.0,0.28487589955329895,0.0001,0.0,9.478,0.6212,0.2775
648,stage1,0,0.33279284834861755,0.5017452239990234,0.0,0.33279284834861755,0.0001,0.0,9.478,1.0084,6.0318
649,stage1,0,0.3373376727104187,0.4408773183822632,0.0,0.3373376727104187,0.0001,0.0,9.478,0.8926,0.2758
650,stage1,0,0.34382694959640503,0.4696417450904846,0.0,0.34382694959640503,0.0001,0.0,9.478,0.8068,0.2772
651,stage1,0,0.3353935778141022,0.5056174993515015,0.0,0.3353935778141022,0.0001,0.0,9.478,1.0057,0.278
652,stage1,0,0.42440760135650635,0.49686115980148315,0.0,0.42440760135650635,0.0001,0.0,9.478,0.8942,0.2772
653,stage1,0,0.4229319393634796,0.48313474655151367,0.0,0.4229319393634796,0.0001,0.0,9.478,1.1291,0.2778
654,stage1,0,0.3729437589645386,0.47696664929389954,0.0,0.3729437589645386,0.0001,0.0,9.478,1.328,0.277
655,stage1,0,0.4061804413795471,0.49046072363853455,0.0,0.4061804413795471,0.0001,0.0,9.478,1.0402,0.2774
656,stage1,0,0.3994637727737427,0.49239665269851685,0.0,0.3994637727737427,0.0001,0.0,9.478,1.0396,5.9814
657,stage1,0,0.35185813903808594,0.47502046823501587,0.0,0.35185813903808594,0.0001,0.0,9.478,1.1937,0.2766
658,stage1,0,0.3538401424884796,0.44939500093460083,0.0,0.3538401424884796,0.0001,0.0,9.478,1.1409,0.2774
659,stage1,0,0.34860363602638245,0.48432329297065735,0.0,0.34860363602638245,0.0001,0.0,9.478,0.9815,0.2774
660,stage1,0,0.30239665508270264,0.4504885971546173,0.0,0.30239665508270264,0.0001,0.0,9.478,0.7567,0.2778
661,stage1,0,0.38231217861175537,0.47123587131500244,0.0,0.38231217861175537,0.0001,0.0,9.478,1.03,0.2766
662,stage1,0,0.40812522172927856,0.5008322596549988,0.0,0.40812522172927856,0.0001,0.0,9.478,1.301,0.2772
663,stage1,0,0.4245358407497406,0.4905944764614105,0.0,0.4245358407497406,0.0001,0.0,9.478,1.5256,0.2779
664,stage1,0,0.30985894799232483,0.4607771039009094,0.0,0.30985894799232483,0.0001,0.0,9.478,0.9139,5.9874
665,stage1,0,0.34019505977630615,0.47501179575920105,0.0,0.34019505977630615,0.0001,0.0,9.478,0.7117,0.2762
666,stage1,0,0.3309939503669739,0.4746740460395813,0.0,0.3309939503669739,0.0001,0.0,9.478,1.0109,0.2766
667,stage1,0,0.3749936521053314,0.47629860043525696,0.0,0.3749936521053314,0.0001,0.0,9.478,0.9664,0.2769
668,stage1,0,0.3693934381008148,0.485337495803833,0.0,0.3693934381008148,0.0001,0.0,9.478,1.0733,0.2777
669,stage1,0,0.35402485728263855,0.44952812790870667,0.0,0.35402485728263855,0.0001,0.0,9.478,1.4545,0.2765
670,stage1,0,0.35733509063720703,0.5083960890769958,0.0,0.35733509063720703,0.0001,0.0,9.478,0.9254,0.2785
671,stage1,0,0.3866598606109619,0.5361129641532898,0.0,0.3866598606109619,0.0001,0.0,9.478,1.3876,0.2772
672,stage1,0,0.3049980700016022,0.4874569773674011,0.0,0.3049980700016022,0.0001,0.0,9.478,1.0421,6.0056
673,stage1,0,0.4674564599990845,0.5186718106269836,0.0,0.4674564599990845,0.0001,0.0,9.478,1.3062,0.2757
674,stage1,0,0.3618343770503998,0.5024242997169495,0.0,0.3618343770503998,0.0001,0.0,9.478,1.0048,0.2778
675,stage1,0,0.36238473653793335,0.4801383316516876,0.0,0.36238473653793335,0.0001,0.0,9.478,1.083,0.2771
676,stage1,0,0.39892756938934326,0.49933919310569763,0.0,0.39892756938934326,0.0001,0.0,9.478,1.0614,0.277
677,stage1,0,0.33217981457710266,0.4939621686935425,0.0,0.33217981457710266,0.0001,0.0,9.478,0.8178,0.278
678,stage1,0,0.36713650822639465,0.47087883949279785,0.0,0.36713650822639465,0.0001,0.0,9.478,0.9784,0.2772
679,stage1,0,0.3477151393890381,0.4800402820110321,0.0,0.3477151393890381,0.0001,0.0,9.478,0.9952,0.2778
680,stage1,0,0.3128480017185211,0.45072075724601746,0.0,0.3128480017185211,0.0001,0.0,9.478,0.914,5.9658
681,stage1,0,0.35981911420822144,0.463118314743042,0.0,0.35981911420822144,0.0001,0.0,9.478,0.9059,0.2768
682,stage1,0,0.44021832942962646,0.5240955352783203,0.0,0.44021832942962646,0.0001,0.0,9.478,0.9657,0.2772
683,stage1,0,0.40507420897483826,0.48935529589653015,0.0,0.40507420897483826,0.0001,0.0,9.478,0.9752,0.2768
684,stage1,0,0.3494243621826172,0.4518628418445587,0.0,0.3494243621826172,0.0001,0.0,9.478,1.0322,0.2775
685,stage1,0,0.3083488941192627,0.45879295468330383,0.0,0.3083488941192627,0.0001,0.0,9.478,0.8281,0.2766
686,stage1,0,0.40231141448020935,0.4820587933063507,0.0,0.40231141448020935,0.0001,0.0,9.478,0.8529,0.2774
687,stage1,0,0.39259153604507446,0.4834813177585602,0.0,0.39259153604507446,0.0001,0.0,9.478,0.9139,0.2768
688,stage1,0,0.30169618129730225,0.4790617525577545,0.0,0.30169618129730225,0.0001,0.0,9.478,1.1746,5.9831
689,stage1,0,0.34938713908195496,0.48149147629737854,0.0,0.34938713908195496,0.0001,0.0,9.478,0.8954,0.2754
690,stage1,0,0.335612952709198,0.45871302485466003,0.0,0.335612952709198,0.0001,0.0,9.478,0.7976,0.2766
691,stage1,0,0.3711627721786499,0.5107662677764893,0.0,0.3711627721786499,0.0001,0.0,9.478,1.2189,0.2765
692,stage1,0,0.4380647540092468,0.5087368488311768,0.0,0.4380647540092468,0.0001,0.0,9.478,0.9479,0.2765
693,stage1,0,0.363621324300766,0.47338542342185974,0.0,0.363621324300766,0.0001,0.0,9.478,0.9112,0.2773
694,stage1,0,0.3184414207935333,0.43373173475265503,0.0,0.3184414207935333,0.0001,0.0,9.478,0.6496,0.2779
695,stage1,0,0.33443936705589294,0.4683877229690552,0.0,0.33443936705589294,0.0001,0.0,9.478,0.9457,0.2776
696,stage1,0,0.3694741129875183,0.5075058341026306,0.0,0.3694741129875183,0.0001,0.0,9.478,1.2964,6.0162
697,stage1,0,0.3991028070449829,0.49175477027893066,0.0,0.3991028070449829,0.0001,0.0,9.478,1.044,0.2758
698,stage1,0,0.3785344660282135,0.4849257171154022,0.0,0.3785344660282135,0.0001,0.0,9.478,0.9969,0.2769
699,stage1,0,0.3434180021286011,0.45200303196907043,0.0,0.3434180021286011,0.0001,0.0,9.478,0.7789,0.2772
700,stage1,0,0.3464905023574829,0.4467458724975586,0.0,0.3464905023574829,0.0001,0.0,9.478,1.1204,0.2762
701,stage1,0,0.35358595848083496,0.4752553701400757,0.0,0.35358595848083496,0.0001,0.0,9.478,0.8267,0.2771
702,stage1,0,0.3030921518802643,0.453339546918869,0.0,0.3030921518802643,0.0001,0.0,9.478,0.7604,0.2777
703,stage1,0,0.30543074011802673,0.4372294545173645,0.0,0.30543074011802673,0.0001,0.0,9.478,0.8706,0.2775
704,stage1,0,0.4639832377433777,0.49352794885635376,0.0,0.4639832377433777,0.0001,0.0,9.478,1.5592,5.9743
705,stage1,0,0.31369417905807495,0.44512489438056946,0.0,0.31369417905807495,0.0001,0.0,9.478,0.8757,0.2985
706,stage1,0,0.3568287789821625,0.4522646367549896,0.0,0.3568287789821625,0.0001,0.0,9.478,0.9274,0.2763
707,stage1,0,0.39491841197013855,0.4632299244403839,0.0,0.39491841197013855,0.0001,0.0,9.478,1.0644,0.276
708,stage1,0,0.2949136793613434,0.4896582067012787,0.0,0.2949136793613434,0.0001,0.0,9.478,0.932,0.2771
709,stage1,0,0.3748055696487427,0.5003533959388733,0.0,0.3748055696487427,0.0001,0.0,9.478,0.8152,0.2767
710,stage1,0,0.37677258253097534,0.4784087836742401,0.0,0.37677258253097534,0.0001,0.0,9.478,0.7869,0.2776
711,stage1,0,0.3001452684402466,0.4645195007324219,0.0,0.3001452684402466,0.0001,0.0,9.478,0.9723,0.2774
712,stage1,0,0.36614158749580383,0.4995873272418976,0.0,0.36614158749580383,0.0001,0.0,9.478,1.1133,6.0288
713,stage1,0,0.3213787376880646,0.46264955401420593,0.0,0.3213787376880646,0.0001,0.0,9.478,0.9781,0.2842
714,stage1,0,0.31699812412261963,0.45984968543052673,0.0,0.31699812412261963,0.0001,0.0,9.478,0.7488,0.2768
715,stage1,0,0.34324583411216736,0.46517637372016907,0.0,0.34324583411216736,0.0001,0.0,9.478,0.9247,0.2777
716,stage1,0,0.2952655553817749,0.44678330421447754,0.0,0.2952655553817749,0.0001,0.0,9.478,1.1337,0.2768
717,stage1,0,0.2960614264011383,0.45724695920944214,0.0,0.2960614264011383,0.0001,0.0,9.478,0.7138,0.2773
718,stage1,0,0.342213898897171,0.4837573170661926,0.0,0.342213898897171,0.0001,0.0,9.478,1.0033,0.2773
719,stage1,0,0.3562106490135193,0.4729984998703003,0.0,0.3562106490135193,0.0001,0.0,9.478,0.9798,0.2773
720,stage1,0,0.32118773460388184,0.4621741473674774,0.0,0.32118773460388184,0.0001,0.0,9.478,0.8479,6.0208
721,stage1,0,0.38332128524780273,0.490482360124588,0.0,0.38332128524780273,0.0001,0.0,9.478,1.108,0.2706
722,stage1,0,0.3800438344478607,0.4780966341495514,0.0,0.3800438344478607,0.0001,0.0,9.478,1.182,0.277
723,stage1,0,0.33523431420326233,0.4854663908481598,0.0,0.33523431420326233,0.0001,0.0,9.478,0.988,0.2762
724,stage1,0,0.39570972323417664,0.47762709856033325,0.0,0.39570972323417664,0.0001,0.0,9.478,1.1289,0.2773
725,stage1,0,0.34014347195625305,0.48966696858406067,0.0,0.34014347195625305,0.0001,0.0,9.478,0.695,0.278
726,stage1,0,0.373333215713501,0.4925699234008789,0.0,0.373333215713501,0.0001,0.0,9.478,0.7924,0.2776
727,stage1,0,0.3821135461330414,0.4983815848827362,0.0,0.3821135461330414,0.0001,0.0,9.478,1.2026,0.277
728,stage1,0,0.3568854033946991,0.45862746238708496,0.0,0.3568854033946991,0.0001,0.0,9.478,0.8714,6.0198
729,stage1,0,0.2814271152019501,0.44411686062812805,0.0,0.2814271152019501,0.0001,0.0,9.478,0.9621,0.2844
730,stage1,0,0.3678840398788452,0.5137736201286316,0.0,0.3678840398788452,0.0001,0.0,9.478,1.0274,0.2766
731,stage1,0,0.40056169033050537,0.5111302137374878,0.0,0.40056169033050537,0.0001,0.0,9.478,0.8775,0.2774
732,stage1,0,0.2851141095161438,0.47985944151878357,0.0,0.2851141095161438,0.0001,0.0,9.478,0.7893,0.2771
733,stage1,0,0.3623940348625183,0.4757893681526184,0.0,0.3623940348625183,0.0001,0.0,9.478,0.7053,0.2774
734,stage1,0,0.3762076199054718,0.5155912041664124,0.0,0.3762076199054718,0.0001,0.0,9.478,1.0359,0.277
735,stage1,0,0.32392996549606323,0.48189449310302734,0.0,0.32392996549606323,0.0001,0.0,9.478,0.7831,0.2776
736,stage1,0,0.34485533833503723,0.4889224171638489,0.0,0.34485533833503723,0.0001,0.0,9.478,0.9036,6.0303
737,stage1,0,0.33606141805648804,0.4576967656612396,0.0,0.33606141805648804,0.0001,0.0,9.478,0.8378,0.314
738,stage1,0,0.3481438159942627,0.4747835695743561,0.0,0.3481438159942627,0.0001,0.0,9.478,0.7814,0.2758
739,stage1,0,0.3070273995399475,0.45162299275398254,0.0,0.3070273995399475,0.0001,0.0,9.478,0.7568,0.278
740,stage1,0,0.3268812596797943,0.4615674316883087,0.0,0.3268812596797943,0.0001,0.0,9.478,0.7324,0.2763
741,stage1,0,0.3042446970939636,0.4599469304084778,0.0,0.3042446970939636,0.0001,0.0,9.478,0.6433,0.2774
742,stage1,0,0.4203542172908783,0.48020291328430176,0.0,0.4203542172908783,0.0001,0.0,9.478,0.9,0.2776
743,stage1,0,0.3060031235218048,0.4495500326156616,0.0,0.3060031235218048,0.0001,0.0,9.478,0.8678,0.2777
744,stage1,0,0.34372463822364807,0.4624578058719635,0.0,0.34372463822364807,0.0001,0.0,9.478,0.6494,5.9559
745,stage1,0,0.3889787495136261,0.5085946321487427,0.0,0.3889787495136261,0.0001,0.0,9.478,1.3449,0.3219
746,stage1,0,0.41086018085479736,0.49653318524360657,0.0,0.41086018085479736,0.0001,0.0,9.478,0.9619,0.2771
747,stage1,0,0.33100640773773193,0.477124959230423,0.0,0.33100640773773193,0.0001,0.0,9.478,0.7718,0.2772
748,stage1,0,0.39647600054740906,0.4955793023109436,0.0,0.39647600054740906,0.0001,0.0,9.478,1.0473,0.2772
749,stage1,0,0.3632042706012726,0.4873657524585724,0.0,0.3632042706012726,0.0001,0.0,9.478,0.7421,0.2776
750,stage1,0,0.38885045051574707,0.5119051337242126,0.0,0.38885045051574707,0.0001,0.0,9.478,1.0643,0.2768
751,stage1,0,0.3515542447566986,0.46580544114112854,0.0,0.3515542447566986,0.0001,0.0,9.478,1.1174,0.2772
752,stage1,0,0.3303987383842468,0.49240559339523315,0.0,0.3303987383842468,0.0001,0.0,9.478,0.9227,6.0241
753,stage1,0,0.3227479159832001,0.4462936818599701,0.0,0.3227479159832001,0.0001,0.0,9.478,0.7007,0.2836
754,stage1,0,0.33221161365509033,0.4661411643028259,0.0,0.33221161365509033,0.0001,0.0,9.478,0.8657,0.2761
755,stage1,0,0.32878121733665466,0.4828682839870453,0.0,0.32878121733665466,0.0001,0.0,9.478,0.8453,0.277
756,stage1,0,0.3832809329032898,0.470091849565506,0.0,0.3832809329032898,0.0001,0.0,9.478,1.2056,0.2783
757,stage1,0,0.37514373660087585,0.4802721440792084,0.0,0.37514373660087585,0.0001,0.0,9.478,1.082,0.2778
758,stage1,0,0.267148494720459,0.4323752224445343,0.0,0.267148494720459,0.0001,0.0,9.478,0.9852,0.2779
759,stage1,0,0.34209856390953064,0.4549610912799835,0.0,0.34209856390953064,0.0001,0.0,9.478,1.1344,0.2767
760,stage1,0,0.31286317110061646,0.5020501017570496,0.0,0.31286317110061646,0.0001,0.0,9.478,0.8873,5.9426
761,stage1,0,0.33538928627967834,0.46409597992897034,0.0,0.33538928627967834,0.0001,0.0,9.478,0.9789,0.3378
762,stage1,0,0.375070184469223,0.5181316137313843,0.0,0.375070184469223,0.0001,0.0,9.478,1.2394,0.2757
763,stage1,0,0.35397419333457947,0.48338064551353455,0.0,0.35397419333457947,0.0001,0.0,9.478,0.9525,0.2774
764,stage1,0,0.3540327847003937,0.4647497534751892,0.0,0.3540327847003937,0.0001,0.0,9.478,1.4281,0.2769
765,stage1,0,0.34195342659950256,0.45795291662216187,0.0,0.34195342659950256,0.0001,0.0,9.478,0.7023,0.2772
766,stage1,0,0.35062018036842346,0.4490843117237091,0.0,0.35062018036842346,0.0001,0.0,9.478,0.8755,0.2774
767,stage1,0,0.34512296319007874,0.47306594252586365,0.0,0.34512296319007874,0.0001,0.0,9.478,1.0921,0.3171
768,stage1,0,0.33538904786109924,0.4585774838924408,0.0,0.33538904786109924,0.0001,0.0,9.478,1.0999,5.8921
769,stage1,0,0.33736059069633484,0.4674552083015442,0.0,0.33736059069633484,0.0001,0.0,9.478,1.3876,0.3413
770,stage1,0,0.26630595326423645,0.44197210669517517,0.0,0.26630595326423645,0.0001,0.0,9.478,0.6827,0.2754
771,stage1,0,0.33619424700737,0.4573444426059723,0.0,0.33619424700737,0.0001,0.0,9.478,0.8077,0.2776
772,stage1,0,0.3339186906814575,0.4873768091201782,0.0,0.3339186906814575,0.0001,0.0,9.478,0.9853,0.2771
773,stage1,0,0.3078438341617584,0.4345878064632416,0.0,0.3078438341617584,0.0001,0.0,9.478,0.8326,0.2772
774,stage1,0,0.3437787890434265,0.47831085324287415,0.0,0.3437787890434265,0.0001,0.0,9.478,0.9175,0.2772
775,stage1,0,0.3560410141944885,0.49850574135780334,0.0,0.3560410141944885,0.0001,0.0,9.478,1.2187,0.3889
776,stage1,0,0.34543076157569885,0.45668208599090576,0.0,0.34543076157569885,0.0001,0.0,9.478,1.1432,5.7744
777,stage1,0,0.3441167175769806,0.5219115018844604,0.0,0.3441167175769806,0.0001,0.0,9.478,1.0756,0.3879
778,stage1,0,0.3385627567768097,0.4953038990497589,0.0,0.3385627567768097,0.0001,0.0,9.478,0.8936,0.2761
779,stage1,0,0.37200382351875305,0.47049248218536377,0.0,0.37200382351875305,0.0001,0.0,9.478,1.071,0.2774
780,stage1,0,0.33895424008369446,0.4688878059387207,0.0,0.33895424008369446,0.0001,0.0,9.478,0.9081,0.2762
781,stage1,0,0.38969486951828003,0.4861041307449341,0.0,0.38969486951828003,0.0001,0.0,9.478,0.9672,0.2771
782,stage1,0,0.36116430163383484,0.4577299654483795,0.0,0.36116430163383484,0.0001,0.0,9.478,1.0318,0.2771
783,stage1,0,0.3397606909275055,0.46139320731163025,0.0,0.3397606909275055,0.0001,0.0,9.478,0.8747,0.387
784,stage1,0,0.311972051858902,0.44532540440559387,0.0,0.311972051858902,0.0001,0.0,9.478,0.7525,5.7569
785,stage1,0,0.32032474875450134,0.46624037623405457,0.0,0.32032474875450134,0.0001,0.0,9.478,0.9116,0.4066
786,stage1,0,0.3051568269729614,0.4394987225532532,0.0,0.3051568269729614,0.0001,0.0,9.478,0.634,0.2762
787,stage1,0,0.3305996060371399,0.44829773902893066,0.0,0.3305996060371399,0.0001,0.0,9.478,0.7598,0.2773
788,stage1,0,0.37992990016937256,0.44325971603393555,0.0,0.37992990016937256,0.0001,0.0,9.478,1.0176,0.2773
789,stage1,0,0.32845327258110046,0.4464327394962311,0.0,0.32845327258110046,0.0001,0.0,9.478,0.7504,0.2773
790,stage1,0,0.3604848086833954,0.45147502422332764,0.0,0.3604848086833954,0.0001,0.0,9.478,1.0646,0.2767
791,stage1,0,0.31588906049728394,0.44966375827789307,0.0,0.31588906049728394,0.0001,0.0,9.478,0.8749,0.4125
792,stage1,0,0.3749207556247711,0.4923931658267975,0.0,0.3749207556247711,0.0001,0.0,9.478,0.8849,5.646
793,stage1,0,0.32322096824645996,0.45524686574935913,0.0,0.32322096824645996,0.0001,0.0,9.478,1.142,0.4606
794,stage1,0,0.4261137545108795,0.49270832538604736,0.0,0.4261137545108795,0.0001,0.0,9.478,1.5201,0.2762
795,stage1,0,0.3142266273498535,0.45414265990257263,0.0,0.3142266273498535,0.0001,0.0,9.478,1.0442,0.277
796,stage1,0,0.3159923851490021,0.4713563919067383,0.0,0.3159923851490021,0.0001,0.0,9.478,0.999,0.2772
797,stage1,0,0.2962222695350647,0.45060428977012634,0.0,0.2962222695350647,0.0001,0.0,9.478,0.8063,0.2772
798,stage1,0,0.32770833373069763,0.4395313858985901,0.0,0.32770833373069763,0.0001,0.0,9.478,0.8607,0.2767
799,stage1,0,0.25841230154037476,0.43644246459007263,0.0,0.25841230154037476,0.0001,0.0,9.478,0.7478,0.4973
800,stage1,0,0.2872927784919739,0.4298774302005768,0.0,0.2872927784919739,0.0001,0.0,9.478,0.9283,5.5982
801,stage1,0,0.3687630295753479,0.4886113107204437,0.0,0.3687630295753479,0.0001,0.0,9.478,1.0304,0.4417
802,stage1,0,0.3802999258041382,0.47544312477111816,0.0,0.3802999258041382,0.0001,0.0,9.478,0.8815,0.2764
803,stage1,0,0.35148030519485474,0.479790061712265,0.0,0.35148030519485474,0.0001,0.0,9.478,0.8061,0.2774
804,stage1,0,0.36368900537490845,0.47210052609443665,0.0,0.36368900537490845,0.0001,0.0,9.478,1.0725,0.277
805,stage1,0,0.3329078257083893,0.46458467841148376,0.0,0.3329078257083893,0.0001,0.0,9.478,0.821,0.2779
806,stage1,0,0.3679829239845276,0.4651575982570648,0.0,0.3679829239845276,0.0001,0.0,9.478,0.9037,0.2778
807,stage1,0,0.3633602559566498,0.457828551530838,0.0,0.3633602559566498,0.0001,0.0,9.478,0.8844,0.5006
808,stage1,0,0.3318473994731903,0.46237418055534363,0.0,0.3318473994731903,0.0001,0.0,9.478,1.0462,5.5546
809,stage1,0,0.3284788131713867,0.4727697968482971,0.0,0.3284788131713867,0.0001,0.0,9.478,0.729,0.4614
810,stage1,0,0.3880203068256378,0.48466941714286804,0.0,0.3880203068256378,0.0001,0.0,9.478,0.7289,0.2768
811,stage1,0,0.3453000485897064,0.48832646012306213,0.0,0.3453000485897064,0.0001,0.0,9.478,0.9692,0.2772
812,stage1,0,0.39487409591674805,0.4843701124191284,0.0,0.39487409591674805,0.0001,0.0,9.478,0.7424,0.2773
813,stage1,0,0.30117490887641907,0.4506484866142273,0.0,0.30117490887641907,0.0001,0.0,9.478,0.7667,0.2775
814,stage1,0,0.31271636486053467,0.46982866525650024,0.0,0.31271636486053467,0.0001,0.0,9.478,0.7015,0.2774
815,stage1,0,0.27471214532852173,0.4178355038166046,0.0,0.27471214532852173,0.0001,0.0,9.478,0.9953,0.5446
816,stage1,0,0.34417545795440674,0.4400222599506378,0.0,0.34417545795440674,0.0001,0.0,9.478,0.8346,5.4845
817,stage1,0,0.30821576714515686,0.47075194120407104,0.0,0.30821576714515686,0.0001,0.0,9.478,0.8117,0.5002
818,stage1,0,0.31863799691200256,0.4692128300666809,0.0,0.31863799691200256,0.0001,0.0,9.478,1.0249,0.2768
819,stage1,0,0.34057530760765076,0.45306000113487244,0.0,0.34057530760765076,0.0001,0.0,9.478,1.1463,0.2774
820,stage1,0,0.33255255222320557,0.4630441963672638,0.0,0.33255255222320557,0.0001,0.0,9.478,0.8216,0.277
821,stage1,0,0.29569631814956665,0.43601974844932556,0.0,0.29569631814956665,0.0001,0.0,9.478,0.9119,0.2773
822,stage1,0,0.40092673897743225,0.5070934295654297,0.0,0.40092673897743225,0.0001,0.0,9.478,1.1004,0.2765
823,stage1,0,0.3024337887763977,0.45151418447494507,0.0,0.3024337887763977,0.0001,0.0,9.478,0.9792,0.5902
824,stage1,0,0.35775819420814514,0.4627625048160553,0.0,0.35775819420814514,0.0001,0.0,9.478,0.8206,5.4742
825,stage1,0,0.2869755029678345,0.438647985458374,0.0,0.2869755029678345,0.0001,0.0,9.478,0.7396,0.4188
826,stage1,0,0.3856438398361206,0.5110238790512085,0.0,0.3856438398361206,0.0001,0.0,9.478,1.0457,0.2762
827,stage1,0,0.3064787685871124,0.4663928747177124,0.0,0.3064787685871124,0.0001,0.0,9.478,0.762,0.277
828,stage1,0,0.2898680567741394,0.4912659227848053,0.0,0.2898680567741394,0.0001,0.0,9.478,0.6458,0.2774
829,stage1,0,0.30537983775138855,0.47741976380348206,0.0,0.30537983775138855,0.0001,0.0,9.478,0.9217,0.2778
830,stage1,0,0.28247731924057007,0.4472379982471466,0.0,0.28247731924057007,0.0001,0.0,9.478,0.699,0.2772
831,stage1,0,0.30456188321113586,0.45723649859428406,0.0,0.30456188321113586,0.0001,0.0,9.478,0.691,0.6434
832,stage1,0,0.28242772817611694,0.4680998921394348,0.0,0.28242772817611694,0.0001,0.0,9.478,0.8663,5.4675
833,stage1,0,0.3558110296726227,0.47404104471206665,0.0,0.3558110296726227,0.0001,0.0,9.478,0.9925,0.47
834,stage1,0,0.32810404896736145,0.46266084909439087,0.0,0.32810404896736145,0.0001,0.0,9.478,1.0474,0.2762
835,stage1,0,0.37835443019866943,0.4846864938735962,0.0,0.37835443019866943,0.0001,0.0,9.478,0.9368,0.2776
836,stage1,0,0.3403948247432709,0.48190197348594666,0.0,0.3403948247432709,0.0001,0.0,9.478,1.1276,0.2776
837,stage1,0,0.37602895498275757,0.4851013123989105,0.0,0.37602895498275757,0.0001,0.0,9.478,1.3781,0.2771
838,stage1,0,0.2515392601490021,0.4302952289581299,0.0,0.2515392601490021,0.0001,0.0,9.478,0.8255,0.2773
839,stage1,0,0.35873985290527344,0.47157418727874756,0.0,0.35873985290527344,0.0001,0.0,9.478,1.1111,0.6655
840,stage1,0,0.2829407751560211,0.4506586492061615,0.0,0.2829407751560211,0.0001,0.0,9.478,0.8692,5.3799
841,stage1,0,0.3794768750667572,0.4808632731437683,0.0,0.3794768750667572,0.0001,0.0,9.478,1.0816,0.4925
842,stage1,0,0.3322058320045471,0.4922296404838562,0.0,0.3322058320045471,0.0001,0.0,9.478,0.9287,0.2759
843,stage1,0,0.3412313461303711,0.4677862823009491,0.0,0.3412313461303711,0.0001,0.0,9.478,0.9329,0.2778
844,stage1,0,0.31947898864746094,0.46721938252449036,0.0,0.31947898864746094,0.0001,0.0,9.478,0.9894,0.2766
845,stage1,0,0.318738728761673,0.44472530484199524,0.0,0.318738728761673,0.0001,0.0,9.478,1.1092,0.2785
846,stage1,0,0.34335213899612427,0.4768878221511841,0.0,0.34335213899612427,0.0001,0.0,9.478,1.2155,0.277
847,stage1,0,0.31991130113601685,0.4628772437572479,0.0,0.31991130113601685,0.0001,0.0,9.478,0.9359,0.6729
848,stage1,0,0.3333008587360382,0.45605698227882385,0.0,0.3333008587360382,0.0001,0.0,9.478,1.0538,5.3272
849,stage1,0,0.3588169515132904,0.45247137546539307,0.0,0.3588169515132904,0.0001,0.0,9.478,1.0783,0.5028
850,stage1,0,0.29337286949157715,0.45578381419181824,0.0,0.29337286949157715,0.0001,0.0,9.478,0.9967,0.277
851,stage1,0,0.37026432156562805,0.4626174867153168,0.0,0.37026432156562805,0.0001,0.0,9.478,0.754,0.2763
852,stage1,0,0.3661162853240967,0.47170644998550415,0.0,0.3661162853240967,0.0001,0.0,9.478,1.0137,0.2777
853,stage1,0,0.3471052348613739,0.48584866523742676,0.0,0.3471052348613739,0.0001,0.0,9.478,0.9128,0.2775
854,stage1,0,0.3638347387313843,0.4763622581958771,0.0,0.3638347387313843,0.0001,0.0,9.478,0.8405,0.2773
855,stage1,0,0.32083016633987427,0.47970256209373474,0.0,0.32083016633987427,0.0001,0.0,9.478,0.8023,0.7219
856,stage1,0,0.2991515100002289,0.45325955748558044,0.0,0.2991515100002289,0.0001,0.0,9.478,1.0896,5.315
857,stage1,0,0.3235512673854828,0.4378044009208679,0.0,0.3235512673854828,0.0001,0.0,9.478,1.1392,0.5238
858,stage1,0,0.2975403666496277,0.4405554234981537,0.0,0.2975403666496277,0.0001,0.0,9.478,0.7982,0.2769
859,stage1,0,0.3469778597354889,0.4940699338912964,0.0,0.3469778597354889,0.0001,0.0,9.478,1.0344,0.2775
860,stage1,0,0.2753755748271942,0.4230722486972809,0.0,0.2753755748271942,0.0001,0.0,9.478,0.8272,0.2767
861,stage1,0,0.3945046663284302,0.47886723279953003,0.0,0.3945046663284302,0.0001,0.0,9.478,0.8722,0.2775
862,stage1,0,0.33306577801704407,0.4502757787704468,0.0,0.33306577801704407,0.0001,0.0,9.478,0.9016,0.2776
863,stage1,0,0.3186854124069214,0.46949857473373413,0.0,0.3186854124069214,0.0001,0.0,9.478,1.1133,0.7051
864,stage1,0,0.3180203139781952,0.4505659341812134,0.0,0.3180203139781952,0.0001,0.0,9.478,0.6396,5.275
865,stage1,0,0.3658721148967743,0.4879668354988098,0.0,0.3658721148967743,0.0001,0.0,9.478,0.722,0.6171
866,stage1,0,0.3207486867904663,0.48656749725341797,0.0,0.3207486867904663,0.0001,0.0,9.478,0.7667,0.2767
867,stage1,0,0.34716179966926575,0.495724618434906,0.0,0.34716179966926575,0.0001,0.0,9.478,0.873,0.2769
868,stage1,0,0.33850356936454773,0.46516022086143494,0.0,0.33850356936454773,0.0001,0.0,9.478,0.8651,0.2772
869,stage1,0,0.3958469331264496,0.47063902020454407,0.0,0.3958469331264496,0.0001,0.0,9.478,0.9494,0.277
870,stage1,0,0.32875651121139526,0.4623408615589142,0.0,0.32875651121139526,0.0001,0.0,9.478,0.8796,0.2775
871,stage1,0,0.29223209619522095,0.4236393868923187,0.0,0.29223209619522095,0.0001,0.0,9.478,0.6543,0.5858
872,stage1,0,0.327309787273407,0.47740355134010315,0.0,0.327309787273407,0.0001,0.0,9.478,1.0984,5.376
873,stage1,0,0.3560878038406372,0.4724801480770111,0.0,0.3560878038406372,0.0001,0.0,9.478,1.0672,0.566
874,stage1,0,0.3678106367588043,0.4723197817802429,0.0,0.3678106367588043,0.0001,0.0,9.478,0.9752,0.2766
875,stage1,0,0.3833393156528473,0.46942999958992004,0.0,0.3833393156528473,0.0001,0.0,9.478,0.8775,0.2773
876,stage1,0,0.3798753619194031,0.49900972843170166,0.0,0.3798753619194031,0.0001,0.0,9.478,0.9098,0.2768
877,stage1,0,0.3086504340171814,0.460529088973999,0.0,0.3086504340171814,0.0001,0.0,9.478,0.6974,0.2773
878,stage1,0,0.3605014979839325,0.4546797275543213,0.0,0.3605014979839325,0.0001,0.0,9.478,0.9841,0.2773
879,stage1,0,0.3100805878639221,0.46395280957221985,0.0,0.3100805878639221,0.0001,0.0,9.478,0.7838,0.6177
880,stage1,0,0.29469412565231323,0.4351747930049896,0.0,0.29469412565231323,0.0001,0.0,9.478,0.6317,5.3427
881,stage1,0,0.3529971241950989,0.4881996810436249,0.0,0.3529971241950989,0.0001,0.0,9.478,0.8278,0.6124
882,stage1,0,0.33263981342315674,0.4477004408836365,0.0,0.33263981342315674,0.0001,0.0,9.478,0.9262,0.2764
883,stage1,0,0.3445603549480438,0.45488059520721436,0.0,0.3445603549480438,0.0001,0.0,9.478,1.264,0.2777
884,stage1,0,0.29456183314323425,0.43483656644821167,0.0,0.29456183314323425,0.0001,0.0,9.478,0.9051,0.2772
885,stage1,0,0.27098506689071655,0.455263614654541,0.0,0.27098506689071655,0.0001,0.0,9.478,0.8011,0.2777
886,stage1,0,0.39515936374664307,0.48356252908706665,0.0,0.39515936374664307,0.0001,0.0,9.478,1.3315,0.2769
887,stage1,0,0.34668591618537903,0.5152902603149414,0.0,0.34668591618537903,0.0001,0.0,9.478,1.0549,0.6517
888,stage1,0,0.35363268852233887,0.4586585462093353,0.0,0.35363268852233887,0.0001,0.0,9.478,1.0496,5.2837
889,stage1,0,0.36126765608787537,0.46615612506866455,0.0,0.36126765608787537,0.0001,0.0,9.478,1.0045,0.6122
890,stage1,0,0.29653170704841614,0.4268864095211029,0.0,0.29653170704841614,0.0001,0.0,9.478,0.7752,0.2761
891,stage1,0,0.3283225893974304,0.46233728528022766,0.0,0.3283225893974304,0.0001,0.0,9.478,0.8633,0.2771
892,stage1,0,0.34485360980033875,0.47822725772857666,0.0,0.34485360980033875,0.0001,0.0,9.478,1.1358,0.2781
893,stage1,0,0.3515608608722687,0.47488415241241455,0.0,0.3515608608722687,0.0001,0.0,9.478,1.0165,0.2776
894,stage1,0,0.2771734893321991,0.4364033341407776,0.0,0.2771734893321991,0.0001,0.0,9.478,0.9371,0.278
895,stage1,0,0.30396485328674316,0.44424164295196533,0.0,0.30396485328674316,0.0001,0.0,9.478,0.933,0.7142
896,stage1,0,0.33266961574554443,0.48313823342323303,0.0,0.33266961574554443,0.0001,0.0,9.478,0.7294,5.2583
897,stage1,0,0.33202946186065674,0.44020333886146545,0.0,0.33202946186065674,0.0001,0.0,9.478,0.8541,0.5823
898,stage1,0,0.33083540201187134,0.4653456211090088,0.0,0.33083540201187134,0.0001,0.0,9.478,1.1466,0.2767
899,stage1,0,0.32920870184898376,0.46362149715423584,0.0,0.32920870184898376,0.0001,0.0,9.478,0.954,0.2774
900,stage1,0,0.3380756974220276,0.44917625188827515,0.0,0.3380756974220276,0.0001,0.0,9.478,1.0296,0.2766
901,stage1,0,0.27964815497398376,0.4488220810890198,0.0,0.27964815497398376,0.0001,0.0,9.478,0.8029,0.2777
902,stage1,0,0.2606663703918457,0.445313960313797,0.0,0.2606663703918457,0.0001,0.0,9.478,0.6794,0.2775
903,stage1,0,0.3664410710334778,0.4557177722454071,0.0,0.3664410710334778,0.0001,0.0,9.478,1.303,0.7373
904,stage1,0,0.3974805176258087,0.4819093346595764,0.0,0.3974805176258087,0.0001,0.0,9.478,1.0014,5.242
905,stage1,0,0.34342706203460693,0.44488123059272766,0.0,0.34342706203460693,0.0001,0.0,9.478,0.7085,0.581
906,stage1,0,0.28501564264297485,0.4347992241382599,0.0,0.28501564264297485,0.0001,0.0,9.478,0.8157,0.276
907,stage1,0,0.31437453627586365,0.4379730522632599,0.0,0.31437453627586365,0.0001,0.0,9.478,0.9272,0.2771
908,stage1,0,0.3117009103298187,0.4531695246696472,0.0,0.3117009103298187,0.0001,0.0,9.478,0.8851,0.2776
909,stage1,0,0.33328792452812195,0.4594852030277252,0.0,0.33328792452812195,0.0001,0.0,9.478,1.3049,0.2772
910,stage1,0,0.36441683769226074,0.48439154028892517,0.0,0.36441683769226074,0.0001,0.0,9.478,0.946,0.2773
911,stage1,0,0.3168433606624603,0.45201653242111206,0.0,0.3168433606624603,0.0001,0.0,9.478,1.0823,0.7911
912,stage1,0,0.344216525554657,0.4918442964553833,0.0,0.344216525554657,0.0001,0.0,9.478,0.9665,5.1805
913,stage1,0,0.3442901074886322,0.4753052890300751,0.0,0.3442901074886322,0.0001,0.0,9.478,0.9188,0.6674
914,stage1,0,0.37935465574264526,0.49293676018714905,0.0,0.37935465574264526,0.0001,0.0,9.478,0.8591,0.2775
915,stage1,0,0.33934149146080017,0.5017774701118469,0.0,0.33934149146080017,0.0001,0.0,9.478,0.7249,0.2774
916,stage1,0,0.3518163561820984,0.4655781388282776,0.0,0.3518163561820984,0.0001,0.0,9.478,0.9009,0.2778
917,stage1,0,0.32936030626296997,0.47590240836143494,0.0,0.32936030626296997,0.0001,0.0,9.478,0.9175,0.2784
918,stage1,0,0.38829538226127625,0.48348334431648254,0.0,0.38829538226127625,0.0001,0.0,9.478,1.0254,0.277
919,stage1,0,0.28311437368392944,0.45462512969970703,0.0,0.28311437368392944,0.0001,0.0,9.478,0.8901,0.6425
920,stage1,0,0.35540056228637695,0.4643162190914154,0.0,0.35540056228637695,0.0001,0.0,9.478,0.9936,5.2136
921,stage1,0,0.3573242425918579,0.4832303822040558,0.0,0.3573242425918579,0.0001,0.0,9.478,1.2641,0.7575
922,stage1,0,0.32873931527137756,0.46129319071769714,0.0,0.32873931527137756,0.0001,0.0,9.478,0.8471,0.2771
923,stage1,0,0.3242122232913971,0.49289166927337646,0.0,0.3242122232913971,0.0001,0.0,9.478,1.0741,0.2782
924,stage1,0,0.2605389654636383,0.41579669713974,0.0,0.2605389654636383,0.0001,0.0,9.478,0.7035,0.2774
925,stage1,0,0.35555604100227356,0.4809116721153259,0.0,0.35555604100227356,0.0001,0.0,9.478,1.1269,0.2778
926,stage1,0,0.33343803882598877,0.4691592752933502,0.0,0.33343803882598877,0.0001,0.0,9.478,1.0841,0.2778
927,stage1,0,0.3521081507205963,0.4525884687900543,0.0,0.3521081507205963,0.0001,0.0,9.478,1.0158,0.5671
928,stage1,0,0.30862224102020264,0.44318556785583496,0.0,0.30862224102020264,0.0001,0.0,9.478,0.7159,5.1604
929,stage1,0,0.3417127728462219,0.5240609645843506,0.0,0.3417127728462219,0.0001,0.0,9.478,0.9219,0.832
930,stage1,0,0.3252945840358734,0.45572373270988464,0.0,0.3252945840358734,0.0001,0.0,9.478,0.8692,0.2764
931,stage1,0,0.28433045744895935,0.4573013186454773,0.0,0.28433045744895935,0.0001,0.0,9.478,0.7498,0.2773
932,stage1,0,0.31090518832206726,0.4458664357662201,0.0,0.31090518832206726,0.0001,0.0,9.478,0.982,0.2772
933,stage1,0,0.32336699962615967,0.46703070402145386,0.0,0.32336699962615967,0.0001,0.0,9.478,1.0324,0.2778
934,stage1,0,0.3333953022956848,0.4623056650161743,0.0,0.3333953022956848,0.0001,0.0,9.478,1.0335,0.2773
935,stage1,0,0.32428261637687683,0.4198682904243469,0.0,0.32428261637687683,0.0001,0.0,9.478,0.6733,0.5236
936,stage1,0,0.3247491717338562,0.4267820417881012,0.0,0.3247491717338562,0.0001,0.0,9.478,0.8986,5.1464
937,stage1,0,0.2909943461418152,0.4573622941970825,0.0,0.2909943461418152,0.0001,0.0,9.478,0.7441,0.9217
938,stage1,0,0.3774683177471161,0.4599660038948059,0.0,0.3774683177471161,0.0001,0.0,9.478,1.1477,0.2761
939,stage1,0,0.3252027630805969,0.46160098910331726,0.0,0.3252027630805969,0.0001,0.0,9.478,0.7315,0.2772
940,stage1,0,0.3233075737953186,0.4561505913734436,0.0,0.3233075737953186,0.0001,0.0,9.478,0.7817,0.2769
941,stage1,0,0.2976565361022949,0.45362722873687744,0.0,0.2976565361022949,0.0001,0.0,9.478,0.8591,0.2774
942,stage1,0,0.3711063265800476,0.4696502983570099,0.0,0.3711063265800476,0.0001,0.0,9.478,0.8654,0.2774
943,stage1,0,0.3474430739879608,0.44824060797691345,0.0,0.3474430739879608,0.0001,0.0,9.478,0.8708,0.5255
944,stage1,0,0.3594333529472351,0.49295124411582947,0.0,0.3594333529472351,0.0001,0.0,9.478,0.927,5.0389
945,stage1,0,0.30624958872795105,0.4800216555595398,0.0,0.30624958872795105,0.0001,0.0,9.478,0.6726,1.0377
946,stage1,0,0.38063424825668335,0.47282326221466064,0.0,0.38063424825668335,0.0001,0.0,9.478,1.0774,0.2769
947,stage1,0,0.3672202229499817,0.46063151955604553,0.0,0.3672202229499817,0.0001,0.0,9.478,1.0441,0.2776
948,stage1,0,0.3389362394809723,0.4632871448993683,0.0,0.3389362394809723,0.0001,0.0,9.478,0.9463,0.2764
949,stage1,0,0.35685011744499207,0.5070908665657043,0.0,0.35685011744499207,0.0001,0.0,9.478,0.8468,0.2772
950,stage1,0,0.34476375579833984,0.44704708456993103,0.0,0.34476375579833984,0.0001,0.0,9.478,0.9215,0.2769
951,stage1,0,0.3366289436817169,0.46973010897636414,0.0,0.3366289436817169,0.0001,0.0,9.478,0.8955,0.4585
952,stage1,0,0.3208634555339813,0.47022107243537903,0.0,0.3208634555339813,0.0001,0.0,9.478,1.1081,5.0024
953,stage1,0,0.34348806738853455,0.4758436381816864,0.0,0.34348806738853455,0.0001,0.0,9.478,1.1528,1.0714
954,stage1,0,0.2921695411205292,0.4510621130466461,0.0,0.2921695411205292,0.0001,0.0,9.478,0.7797,0.2771
955,stage1,0,0.28438669443130493,0.4564197361469269,0.0,0.28438669443130493,0.0001,0.0,9.478,0.7923,0.2772
956,stage1,0,0.37765735387802124,0.47691789269447327,0.0,0.37765735387802124,0.0001,0.0,9.478,1.1687,0.2773
957,stage1,0,0.31592169404029846,0.44332706928253174,0.0,0.31592169404029846,0.0001,0.0,9.478,0.8527,0.2775
958,stage1,0,0.29026100039482117,0.43154478073120117,0.0,0.29026100039482117,0.0001,0.0,9.478,1.0112,0.2775
959,stage1,0,0.31185182929039,0.453348845243454,0.0,0.31185182929039,0.0001,0.0,9.478,1.0932,0.4953
960,stage1,0,0.30612629652023315,0.4551398456096649,0.0,0.30612629652023315,0.0001,0.0,9.478,0.7172,4.9079
961,stage1,0,0.40383777022361755,0.4991345703601837,0.0,0.40383777022361755,0.0001,0.0,9.478,1.0687,1.1015
962,stage1,0,0.3040248453617096,0.477901816368103,0.0,0.3040248453617096,0.0001,0.0,9.478,0.7434,0.2768
963,stage1,0,0.3534291982650757,0.44483643770217896,0.0,0.3534291982650757,0.0001,0.0,9.478,0.924,0.2767
964,stage1,0,0.30616751313209534,0.44427403807640076,0.0,0.30616751313209534,0.0001,0.0,9.478,0.7268,0.2777
965,stage1,0,0.33262208104133606,0.4662085175514221,0.0,0.33262208104133606,0.0001,0.0,9.478,1.2021,0.2785
966,stage1,0,0.3471120595932007,0.4669358432292938,0.0,0.3471120595932007,0.0001,0.0,9.478,0.8169,0.2777
967,stage1,0,0.33618810772895813,0.45955756306648254,0.0,0.33618810772895813,0.0001,0.0,9.478,0.9848,0.5661
968,stage1,0,0.3316868245601654,0.47807297110557556,0.0,0.3316868245601654,0.0001,0.0,9.478,0.8068,4.8197
969,stage1,0,0.33471745252609253,0.443724125623703,0.0,0.33471745252609253,0.0001,0.0,9.478,1.016,1.1389
970,stage1,0,0.3149302899837494,0.45685866475105286,0.0,0.3149302899837494,0.0001,0.0,9.478,0.8455,0.2767
971,stage1,0,0.3144659101963043,0.45175954699516296,0.0,0.3144659101963043,0.0001,0.0,9.478,0.6937,0.2776
972,stage1,0,0.3473227024078369,0.43969640135765076,0.0,0.3473227024078369,0.0001,0.0,9.478,0.7168,0.277
973,stage1,0,0.34160417318344116,0.456157386302948,0.0,0.34160417318344116,0.0001,0.0,9.478,0.8974,0.2777
974,stage1,0,0.3359169661998749,0.44902685284614563,0.0,0.3359169661998749,0.0001,0.0,9.478,1.0148,0.2775
975,stage1,0,0.29905152320861816,0.44553765654563904,0.0,0.29905152320861816,0.0001,0.0,9.478,0.8805,0.608
976,stage1,0,0.3013268709182739,0.4474430978298187,0.0,0.3013268709182739,0.0001,0.0,9.478,0.7516,4.7074
977,stage1,0,0.27714383602142334,0.4351072907447815,0.0,0.27714383602142334,0.0001,0.0,9.478,0.7198,1.2479
978,stage1,0,0.27875250577926636,0.44032663106918335,0.0,0.27875250577926636,0.0001,0.0,9.478,0.7529,0.2766
979,stage1,0,0.3204974830150604,0.4632052183151245,0.0,0.3204974830150604,0.0001,0.0,9.478,0.7312,0.277
980,stage1,0,0.3199912905693054,0.4409354031085968,0.0,0.3199912905693054,0.0001,0.0,9.478,0.9704,0.2767
981,stage1,0,0.3319362998008728,0.4435853660106659,0.0,0.3319362998008728,0.0001,0.0,9.478,0.9797,0.2784
982,stage1,0,0.3270370066165924,0.4671145975589752,0.0,0.3270370066165924,0.0001,0.0,9.478,0.7486,0.2771
983,stage1,0,0.36360403895378113,0.47204291820526123,0.0,0.36360403895378113,0.0001,0.0,9.478,1.3787,0.7212
984,stage1,0,0.3085184097290039,0.4463422894477844,0.0,0.3085184097290039,0.0001,0.0,9.478,1.0591,4.6388
985,stage1,0,0.2948683202266693,0.42160382866859436,0.0,0.2948683202266693,0.0001,0.0,9.478,0.8848,1.3719
986,stage1,0,0.33130353689193726,0.47254109382629395,0.0,0.33130353689193726,0.0001,0.0,9.478,0.6163,0.2775
987,stage1,0,0.3369508981704712,0.45587360858917236,0.0,0.3369508981704712,0.0001,0.0,9.478,0.9635,0.2768
988,stage1,0,0.3109379708766937,0.447645366191864,0.0,0.3109379708766937,0.0001,0.0,9.478,0.7748,0.2777
989,stage1,0,0.26639673113822937,0.41378405690193176,0.0,0.26639673113822937,0.0001,0.0,9.478,1.0292,0.2774
990,stage1,0,0.3050146996974945,0.4763163626194,0.0,0.3050146996974945,0.0001,0.0,9.478,0.9287,0.2772
991,stage1,0,0.35603025555610657,0.4551965892314911,0.0,0.35603025555610657,0.0001,0.0,9.478,1.175,0.5262
992,stage1,0,0.309495210647583,0.4603732228279114,0.0,0.309495210647583,0.0001,0.0,9.478,1.0052,4.5827
993,stage1,0,0.32804399728775024,0.4472660720348358,0.0,0.32804399728775024,0.0001,0.0,9.478,0.8127,1.3987
994,stage1,0,0.36681967973709106,0.4816970229148865,0.0,0.36681967973709106,0.0001,0.0,9.478,0.9307,0.276
995,stage1,0,0.30917927622795105,0.4458352327346802,0.0,0.30917927622795105,0.0001,0.0,9.478,0.942,0.2769
996,stage1,0,0.4305708110332489,0.4908416271209717,0.0,0.4305708110332489,0.0001,0.0,9.478,1.2027,0.2775
997,stage1,0,0.37844112515449524,0.4740542471408844,0.0,0.37844112515449524,0.0001,0.0,9.478,0.828,0.2758
998,stage1,0,0.3642745614051819,0.4854581654071808,0.0,0.3642745614051819,0.0001,0.0,9.478,0.8874,0.2783
999,stage1,0,0.3175608515739441,0.4367843568325043,0.0,0.3175608515739441,0.0001,0.0,9.478,0.7665,0.5909
1000,stage1,0,0.30543556809425354,0.4487147033214569,0.0,0.30543556809425354,0.0001,0.0,9.478,0.9756,4.5303
1001,stage1,0,0.38358309864997864,0.4787774384021759,0.0,0.38358309864997864,0.0001,0.0,9.478,0.8405,1.406
1002,stage1,0,0.31599462032318115,0.46100887656211853,0.0,0.31599462032318115,0.0001,0.0,9.478,0.7322,0.2768
1003,stage1,0,0.366716593503952,0.4915788769721985,0.0,0.366716593503952,0.0001,0.0,9.478,1.5676,0.2773
1004,stage1,0,0.33712971210479736,0.4582408368587494,0.0,0.33712971210479736,0.0001,0.0,9.478,0.9991,0.2762
1005,stage1,0,0.33542126417160034,0.4682725965976715,0.0,0.33542126417160034,0.0001,0.0,9.478,0.9271,0.2777
1006,stage1,0,0.33058634400367737,0.4562709331512451,0.0,0.33058634400367737,0.0001,0.0,9.478,0.8637,0.2769
1007,stage1,0,0.30186527967453003,0.45780429244041443,0.0,0.30186527967453003,0.0001,0.0,9.478,0.9017,0.5561
1008,stage1,0,0.3416784703731537,0.4595039486885071,0.0,0.3416784703731537,0.0001,0.0,9.478,1.0906,4.4952
1009,stage1,0,0.30759739875793457,0.42137613892555237,0.0,0.30759739875793457,0.0001,0.0,9.478,0.9915,1.4392
1010,stage1,0,0.36644333600997925,0.4416218400001526,0.0,0.36644333600997925,0.0001,0.0,9.478,0.9817,0.2762
1011,stage1,0,0.3354851305484772,0.4841788113117218,0.0,0.3354851305484772,0.0001,0.0,9.478,0.7982,0.2777
1012,stage1,0,0.37768420577049255,0.4805881977081299,0.0,0.37768420577049255,0.0001,0.0,9.478,1.031,0.2775
1013,stage1,0,0.31327009201049805,0.4600556194782257,0.0,0.31327009201049805,0.0001,0.0,9.478,0.9074,0.2773
1014,stage1,0,0.30430155992507935,0.4469292163848877,0.0,0.30430155992507935,0.0001,0.0,9.478,1.0049,0.2777
1015,stage1,0,0.32487064599990845,0.4592445492744446,0.0,0.32487064599990845,0.0001,0.0,9.478,1.0642,0.5863
1016,stage1,0,0.3293609023094177,0.4403021037578583,0.0,0.3293609023094177,0.0001,0.0,9.478,0.6777,4.4271
1017,stage1,0,0.3232077658176422,0.4705205261707306,0.0,0.3232077658176422,0.0001,0.0,9.478,0.852,1.4911
1018,stage1,0,0.44351422786712646,0.5012567639350891,0.0,0.44351422786712646,0.0001,0.0,9.478,1.221,0.2762
1019,stage1,0,0.35605037212371826,0.4833674132823944,0.0,0.35605037212371826,0.0001,0.0,9.478,1.2467,0.2777
1020,stage1,0,0.3683684170246124,0.4533052146434784,0.0,0.3683684170246124,0.0001,0.0,9.478,0.7499,0.2782
1021,stage1,0,0.3306204676628113,0.48107436299324036,0.0,0.3306204676628113,0.0001,0.0,9.478,0.9387,0.277
1022,stage1,0,0.32304391264915466,0.4652272164821625,0.0,0.32304391264915466,0.0001,0.0,9.478,0.7991,0.2785
1023,stage1,0,0.28381526470184326,0.45659685134887695,0.0,0.28381526470184326,0.0001,0.0,9.478,0.7709,0.6347
1024,stage1,0,0.2708037495613098,0.4452788531780243,0.0,0.2708037495613098,0.0001,0.0,9.478,0.8117,4.3803
1025,stage1,0,0.3176747262477875,0.472756952047348,0.0,0.3176747262477875,0.0001,0.0,9.478,0.9498,1.5338
1026,stage1,0,0.3444612920284271,0.48542189598083496,0.0,0.3444612920284271,0.0001,0.0,9.478,1.3193,0.2772
1027,stage1,0,0.30979645252227783,0.43708720803260803,0.0,0.30979645252227783,0.0001,0.0,9.478,0.6894,0.2767
1028,stage1,0,0.3253519535064697,0.45011550188064575,0.0,0.3253519535064697,0.0001,0.0,9.478,0.8319,0.2775
1029,stage1,0,0.2689402401447296,0.4372336268424988,0.0,0.2689402401447296,0.0001,0.0,9.478,0.8207,0.2779
1030,stage1,0,0.3264777362346649,0.450713187456131,0.0,0.3264777362346649,0.0001,0.0,9.478,0.8854,0.2771
1031,stage1,0,0.39248931407928467,0.47610631585121155,0.0,0.39248931407928467,0.0001,0.0,9.478,0.9716,0.6526
1032,stage1,0,0.34348538517951965,0.47619226574897766,0.0,0.34348538517951965,0.0001,0.0,9.478,0.9528,4.2797
1033,stage1,0,0.3047116696834564,0.45285308361053467,0.0,0.3047116696834564,0.0001,0.0,9.478,0.9024,1.6249
1034,stage1,0,0.40368232131004333,0.4696635901927948,0.0,0.40368232131004333,0.0001,0.0,9.478,0.9114,0.277
1035,stage1,0,0.4037148952484131,0.49249377846717834,0.0,0.4037148952484131,0.0001,0.0,9.478,1.1917,0.2772
1036,stage1,0,0.3352587819099426,0.4742670953273773,0.0,0.3352587819099426,0.0001,0.0,9.478,0.9163,0.2787
1037,stage1,0,0.34318220615386963,0.46981048583984375,0.0,0.34318220615386963,0.0001,0.0,9.478,0.9866,0.2776
1038,stage1,0,0.3740564286708832,0.4570208489894867,0.0,0.3740564286708832,0.0001,0.0,9.478,1.0023,0.2773
1039,stage1,0,0.3335660994052887,0.44451943039894104,0.0,0.3335660994052887,0.0001,0.0,9.478,0.8268,0.6851
1040,stage1,0,0.29857614636421204,0.4395422637462616,0.0,0.29857614636421204,0.0001,0.0,9.478,1.082,4.2058
1041,stage1,0,0.2820852994918823,0.5015166997909546,0.0,0.2820852994918823,0.0001,0.0,9.478,0.8535,1.7089
1042,stage1,0,0.3274596035480499,0.45588627457618713,0.0,0.3274596035480499,0.0001,0.0,9.478,0.8103,0.2769
1043,stage1,0,0.31264349818229675,0.46638038754463196,0.0,0.31264349818229675,0.0001,0.0,9.478,1.0,0.2773
1044,stage1,0,0.2484559863805771,0.4279419481754303,0.0,0.2484559863805771,0.0001,0.0,9.478,0.7582,0.278
1045,stage1,0,0.3914322555065155,0.4531032145023346,0.0,0.3914322555065155,0.0001,0.0,9.478,1.0394,0.2776
1046,stage1,0,0.33182427287101746,0.4826945662498474,0.0,0.33182427287101746,0.0001,0.0,9.478,1.0629,0.2787
1047,stage1,0,0.31947463750839233,0.47691720724105835,0.0,0.31947463750839233,0.0001,0.0,9.478,0.9942,0.6378
1048,stage1,0,0.3172488808631897,0.47344285249710083,0.0,0.3172488808631897,0.0001,0.0,9.478,0.769,4.186
1049,stage1,0,0.2742323875427246,0.4824473261833191,0.0,0.2742323875427246,0.0001,0.0,9.478,0.8067,1.7289
1050,stage1,0,0.29985862970352173,0.438048779964447,0.0,0.29985862970352173,0.0001,0.0,9.478,1.1704,0.2759
1051,stage1,0,0.3471972644329071,0.46933144330978394,0.0,0.3471972644329071,0.0001,0.0,9.478,0.7506,0.2776
1052,stage1,0,0.3654283583164215,0.4753437042236328,0.0,0.3654283583164215,0.0001,0.0,9.478,0.9898,0.2766
1053,stage1,0,0.2510925233364105,0.4170532822608948,0.0,0.2510925233364105,0.0001,0.0,9.478,0.9236,0.2766
1054,stage1,0,0.40639713406562805,0.47714024782180786,0.0,0.40639713406562805,0.0001,0.0,9.478,1.3586,0.2782
1055,stage1,0,0.34998542070388794,0.46217435598373413,0.0,0.34998542070388794,0.0001,0.0,9.478,1.0148,0.7019
1056,stage1,0,0.33021047711372375,0.44164371490478516,0.0,0.33021047711372375,0.0001,0.0,9.478,0.8388,4.0181
1057,stage1,0,0.33445143699645996,0.4440775513648987,0.0,0.33445143699645996,0.0001,0.0,9.478,0.8119,1.7703
1058,stage1,0,0.28985196352005005,0.46326836943626404,0.0,0.28985196352005005,0.0001,0.0,9.478,0.8416,0.2763
1059,stage1,0,0.3800266683101654,0.46212372183799744,0.0,0.3800266683101654,0.0001,0.0,9.478,1.0438,0.2775
1060,stage1,0,0.3570142984390259,0.45428258180618286,0.0,0.3570142984390259,0.0001,0.0,9.478,0.8267,0.2767
1061,stage1,0,0.43787091970443726,0.5546967387199402,0.0,0.43787091970443726,0.0001,0.0,9.478,1.0466,0.2769
1062,stage1,0,0.32034167647361755,0.46938782930374146,0.0,0.32034167647361755,0.0001,0.0,9.478,1.2215,0.2767
1063,stage1,0,0.2734774351119995,0.45680081844329834,0.0,0.2734774351119995,0.0001,0.0,9.478,0.8854,0.8261
1064,stage1,0,0.3785690367221832,0.4824168086051941,0.0,0.3785690367221832,0.0001,0.0,9.478,1.1273,3.907
1065,stage1,0,0.3752610385417938,0.49956855177879333,0.0,0.3752610385417938,0.0001,0.0,9.478,0.9485,1.7269
1066,stage1,0,0.36827439069747925,0.45771321654319763,0.0,0.36827439069747925,0.0001,0.0,9.478,0.8929,0.2767
1067,stage1,0,0.294176310300827,0.4320197105407715,0.0,0.294176310300827,0.0001,0.0,9.478,0.7544,0.2774
1068,stage1,0,0.37105780839920044,0.4675770699977875,0.0,0.37105780839920044,0.0001,0.0,9.478,0.9627,0.2775
1069,stage1,0,0.3087158799171448,0.43335363268852234,0.0,0.3087158799171448,0.0001,0.0,9.478,0.9752,0.2776
1070,stage1,0,0.32658469676971436,0.43981748819351196,0.0,0.32658469676971436,0.0001,0.0,9.478,0.7761,0.2782
1071,stage1,0,0.35186028480529785,0.4653002917766571,0.0,0.35186028480529785,0.0001,0.0,9.478,1.0497,0.8945
1072,stage1,0,0.3201158344745636,0.4509638249874115,0.0,0.3201158344745636,0.0001,0.0,9.478,1.1037,3.906
1073,stage1,0,0.3271700441837311,0.45783475041389465,0.0,0.3271700441837311,0.0001,0.0,9.478,0.8647,1.7101
1074,stage1,0,0.3317999541759491,0.446762353181839,0.0,0.3317999541759491,0.0001,0.0,9.478,0.7919,0.2771
1075,stage1,0,0.310423344373703,0.4538761377334595,0.0,0.310423344373703,0.0001,0.0,9.478,1.15,0.2775
1076,stage1,0,0.28627970814704895,0.4533078670501709,0.0,0.28627970814704895,0.0001,0.0,9.478,0.9564,0.2776
1077,stage1,0,0.34049132466316223,0.45582252740859985,0.0,0.34049132466316223,0.0001,0.0,9.478,0.8928,0.2771
1078,stage1,0,0.3728398382663727,0.4678264856338501,0.0,0.3728398382663727,0.0001,0.0,9.478,0.9567,0.2774
1079,stage1,0,0.31489098072052,0.4331395626068115,0.0,0.31489098072052,0.0001,0.0,9.478,1.0395,0.9352
1080,stage1,0,0.3143555521965027,0.44303199648857117,0.0,0.3143555521965027,0.0001,0.0,9.478,1.0279,3.8353
1081,stage1,0,0.32154732942581177,0.46292370557785034,0.0,0.32154732942581177,0.0001,0.0,9.478,0.8449,1.7385
1082,stage1,0,0.37767013907432556,0.44002091884613037,0.0,0.37767013907432556,0.0001,0.0,9.478,0.9096,0.2765
1083,stage1,0,0.3184437155723572,0.4642183482646942,0.0,0.3184437155723572,0.0001,0.0,9.478,1.0012,0.2776
1084,stage1,0,0.3576497733592987,0.4662257730960846,0.0,0.3576497733592987,0.0001,0.0,9.478,1.0362,0.2771
1085,stage1,0,0.29133379459381104,0.4351641535758972,0.0,0.29133379459381104,0.0001,0.0,9.478,0.7541,0.2775
1086,stage1,0,0.2958676815032959,0.46547141671180725,0.0,0.2958676815032959,0.0001,0.0,9.478,0.7902,0.2777
1087,stage1,0,0.36677536368370056,0.4791799485683441,0.0,0.36677536368370056,0.0001,0.0,9.478,1.0211,0.9889
1088,stage1,0,0.3642651438713074,0.4704013764858246,0.0,0.3642651438713074,0.0001,0.0,9.478,0.8824,3.7669
1089,stage1,0,0.34079328179359436,0.4676404893398285,0.0,0.34079328179359436,0.0001,0.0,9.478,0.8631,1.7377
1090,stage1,0,0.3295822739601135,0.4340272545814514,0.0,0.3295822739601135,0.0001,0.0,9.478,0.8777,0.2764
1091,stage1,0,0.2854519784450531,0.4544106423854828,0.0,0.2854519784450531,0.0001,0.0,9.478,1.0358,0.2769
1092,stage1,0,0.2784346044063568,0.433106929063797,0.0,0.2784346044063568,0.0001,0.0,9.478,0.7967,0.2771
1093,stage1,0,0.3082106113433838,0.45145896077156067,0.0,0.3082106113433838,0.0001,0.0,9.478,0.7872,0.2781
1094,stage1,0,0.3015623092651367,0.4327858090400696,0.0,0.3015623092651367,0.0001,0.0,9.478,0.8299,0.2772
1095,stage1,0,0.3516359031200409,0.4727643132209778,0.0,0.3516359031200409,0.0001,0.0,9.478,0.8409,1.0653
1096,stage1,0,0.3771252930164337,0.4661312997341156,0.0,0.3771252930164337,0.0001,0.0,9.478,1.0107,3.6915
1097,stage1,0,0.3800833523273468,0.47706183791160583,0.0,0.3800833523273468,0.0001,0.0,9.478,1.0019,1.6622
1098,stage1,0,0.2818584740161896,0.46421563625335693,0.0,0.2818584740161896,0.0001,0.0,9.478,0.7336,0.2747
1099,stage1,0,0.31854191422462463,0.4476810395717621,0.0,0.31854191422462463,0.0001,0.0,9.478,0.9721,0.2762
1100,stage1,0,0.28347787261009216,0.47985100746154785,0.0,0.28347787261009216,0.0001,0.0,9.478,0.9105,0.276
1101,stage1,0,0.3072361648082733,0.4283364713191986,0.0,0.3072361648082733,0.0001,0.0,9.478,0.9112,0.2762
1102,stage1,0,0.2503717541694641,0.46552398800849915,0.0,0.2503717541694641,0.0001,0.0,9.478,0.5784,0.2766
1103,stage1,1,0.3234803378582001,0.4703257381916046,0.0,0.3234803378582001,0.0001,0.0,9.478,0.878,9.675
1104,stage1,1,0.3060412108898163,0.4421166777610779,0.0,0.3060412108898163,0.0001,0.0,9.478,0.8765,0.2974
1105,stage1,1,0.30778640508651733,0.44969668984413147,0.0,0.30778640508651733,0.0001,0.0,9.478,0.6222,0.2771
1106,stage1,1,0.32293298840522766,0.4383692443370819,0.0,0.32293298840522766,0.0001,0.0,9.478,0.8512,0.2773
1107,stage1,1,0.371307373046875,0.46682512760162354,0.0,0.371307373046875,0.0001,0.0,9.478,0.8162,0.277
1108,stage1,1,0.2919091582298279,0.4563372731208801,0.0,0.2919091582298279,0.0001,0.0,9.478,0.8708,0.2771
1109,stage1,1,0.3230878412723541,0.4553462564945221,0.0,0.3230878412723541,0.0001,0.0,9.478,0.8248,0.2769
1110,stage1,1,0.32927924394607544,0.45486894249916077,0.0,0.32927924394607544,0.0001,0.0,9.478,0.8809,0.2771
1111,stage1,1,0.3439001142978668,0.47388920187950134,0.0,0.3439001142978668,0.0001,0.0,9.478,1.0824,6.7227
1112,stage1,1,0.33221831917762756,0.46011796593666077,0.0,0.33221831917762756,0.0001,0.0,9.478,0.8621,0.2781
1113,stage1,1,0.286451518535614,0.4387775957584381,0.0,0.286451518535614,0.0001,0.0,9.478,1.0984,0.3578
1114,stage1,1,0.35975944995880127,0.4697874188423157,0.0,0.35975944995880127,0.0001,0.0,9.478,1.083,0.2769
1115,stage1,1,0.2832227051258087,0.43739578127861023,0.0,0.2832227051258087,0.0001,0.0,9.478,0.8251,0.2772
1116,stage1,1,0.2929286062717438,0.43628957867622375,0.0,0.2929286062717438,0.0001,0.0,9.478,0.8695,0.2774
1117,stage1,1,0.3148207366466522,0.42789438366889954,0.0,0.3148207366466522,0.0001,0.0,9.478,0.7978,0.2774
1118,stage1,1,0.3145877420902252,0.45887258648872375,0.0,0.3145877420902252,0.0001,0.0,9.478,0.895,0.2776
1119,stage1,1,0.2612956166267395,0.4416040778160095,0.0,0.2612956166267395,0.0001,0.0,9.478,0.7012,6.398
1120,stage1,1,0.4119490385055542,0.5052823424339294,0.0,0.4119490385055542,0.0001,0.0,9.478,1.2437,0.2771
1121,stage1,1,0.3015534281730652,0.4161790609359741,0.0,0.3015534281730652,0.0001,0.0,9.478,0.8397,0.4779
1122,stage1,1,0.28460437059402466,0.44292259216308594,0.0,0.28460437059402466,0.0001,0.0,9.478,1.0184,0.2764
1123,stage1,1,0.31423309445381165,0.45352572202682495,0.0,0.31423309445381165,0.0001,0.0,9.478,1.1153,0.2774
1124,stage1,1,0.3308912217617035,0.4500417411327362,0.0,0.3308912217617035,0.0001,0.0,9.478,1.0073,0.2773
1125,stage1,1,0.28342726826667786,0.4429015517234802,0.0,0.28342726826667786,0.0001,0.0,9.478,0.6912,0.2768
1126,stage1,1,0.30590328574180603,0.4516589939594269,0.0,0.30590328574180603,0.0001,0.0,9.478,0.9614,0.278
1127,stage1,1,0.3196796178817749,0.4371877908706665,0.0,0.3196796178817749,0.0001,0.0,9.478,1.1661,6.0586
1128,stage1,1,0.3078555166721344,0.46209436655044556,0.0,0.3078555166721344,0.0001,0.0,9.478,1.0525,0.2732
1129,stage1,1,0.2874661087989807,0.42618659138679504,0.0,0.2874661087989807,0.0001,0.0,9.478,0.9918,0.6548
1130,stage1,1,0.290496826171875,0.47433072328567505,0.0,0.290496826171875,0.0001,0.0,9.478,0.7219,0.2765
1131,stage1,1,0.29707279801368713,0.44294652342796326,0.0,0.29707279801368713,0.0001,0.0,9.478,0.8576,0.2772
1132,stage1,1,0.29089680314064026,0.45560020208358765,0.0,0.29089680314064026,0.0001,0.0,9.478,1.1995,0.2775
1133,stage1,1,0.26716023683547974,0.4400157034397125,0.0,0.26716023683547974,0.0001,0.0,9.478,1.0241,0.2779
1134,stage1,1,0.3602932095527649,0.45888224244117737,0.0,0.3602932095527649,0.0001,0.0,9.478,0.9747,0.2781
1135,stage1,1,0.27382829785346985,0.4136306941509247,0.0,0.27382829785346985,0.0001,0.0,9.478,0.7914,6.0677
1136,stage1,1,0.2955799400806427,0.44304460287094116,0.0,0.2955799400806427,0.0001,0.0,9.478,0.8705,0.2748
1137,stage1,1,0.3493453860282898,0.4511217772960663,0.0,0.3493453860282898,0.0001,0.0,9.478,0.7458,0.6072
1138,stage1,1,0.3026873469352722,0.4592386782169342,0.0,0.3026873469352722,0.0001,0.0,9.478,1.3079,0.2771
1139,stage1,1,0.2836286425590515,0.4408372640609741,0.0,0.2836286425590515,0.0001,0.0,9.478,0.7854,0.277
1140,stage1,1,0.32697874307632446,0.4165724217891693,0.0,0.32697874307632446,0.0001,0.0,9.478,0.976,0.2779
1141,stage1,1,0.2682117223739624,0.40949147939682007,0.0,0.2682117223739624,0.0001,0.0,9.478,0.7278,0.2772
1142,stage1,1,0.30946630239486694,0.45204392075538635,0.0,0.30946630239486694,0.0001,0.0,9.478,1.1252,0.2773
1143,stage1,1,0.2913244068622589,0.4358883798122406,0.0,0.2913244068622589,0.0001,0.0,9.478,1.0961,6.1729
1144,stage1,1,0.2899688482284546,0.4331810474395752,0.0,0.2899688482284546,0.0001,0.0,9.478,0.8397,0.5848
1145,stage1,1,0.3238818943500519,0.43063127994537354,0.0,0.3238818943500519,0.0001,0.0,9.478,0.9718,0.8843
1146,stage1,1,0.3072229027748108,0.4337807297706604,0.0,0.3072229027748108,0.0001,0.0,9.478,0.8881,0.2768
1147,stage1,1,0.30939915776252747,0.4383469223976135,0.0,0.30939915776252747,0.0001,0.0,9.478,1.0024,0.2773
1148,stage1,1,0.3117170035839081,0.4507319927215576,0.0,0.3117170035839081,0.0001,0.0,9.478,0.7195,0.278
1149,stage1,1,0.2827177345752716,0.4283643066883087,0.0,0.2827177345752716,0.0001,0.0,9.478,0.8381,0.2777
1150,stage1,1,0.3369136154651642,0.4584612250328064,0.0,0.3369136154651642,0.0001,0.0,9.478,1.101,0.278
1151,stage1,1,0.2898249626159668,0.43292170763015747,0.0,0.2898249626159668,0.0001,0.0,9.478,1.017,5.6017
1152,stage1,1,0.2760448157787323,0.45050787925720215,0.0,0.2760448157787323,0.0001,0.0,9.478,0.738,0.9164
1153,stage1,1,0.30244043469429016,0.4586215913295746,0.0,0.30244043469429016,0.0001,0.0,9.478,0.9788,0.4603
1154,stage1,1,0.2763136625289917,0.4341471791267395,0.0,0.2763136625289917,0.0001,0.0,9.478,0.7038,0.2765
1155,stage1,1,0.28050127625465393,0.43765851855278015,0.0,0.28050127625465393,0.0001,0.0,9.478,0.7351,0.277
1156,stage1,1,0.3000374138355255,0.46274039149284363,0.0,0.3000374138355255,0.0001,0.0,9.478,0.9335,0.2781
1157,stage1,1,0.3086240291595459,0.44120919704437256,0.0,0.3086240291595459,0.0001,0.0,9.478,1.0952,0.2777
1158,stage1,1,0.26881882548332214,0.43872445821762085,0.0,0.26881882548332214,0.0001,0.0,9.478,0.7345,0.2781
1159,stage1,1,0.2973969876766205,0.429495632648468,0.0,0.2973969876766205,0.0001,0.0,9.478,0.6667,5.5655
1160,stage1,1,0.29950380325317383,0.45095744729042053,0.0,0.29950380325317383,0.0001,0.0,9.478,0.8033,0.9904
1161,stage1,1,0.36409425735473633,0.47512927651405334,0.0,0.36409425735473633,0.0001,0.0,9.478,0.8359,0.6157
1162,stage1,1,0.2959049344062805,0.43491315841674805,0.0,0.2959049344062805,0.0001,0.0,9.478,0.8638,0.278
1163,stage1,1,0.34101906418800354,0.44815555214881897,0.0,0.34101906418800354,0.0001,0.0,9.478,0.908,0.2767
1164,stage1,1,0.3414005935192108,0.45497825741767883,0.0,0.3414005935192108,0.0001,0.0,9.478,0.9741,0.2779
1165,stage1,1,0.2788005769252777,0.45566409826278687,0.0,0.2788005769252777,0.0001,0.0,9.478,0.9185,0.2782
1166,stage1,1,0.2705847918987274,0.4134533405303955,0.0,0.2705847918987274,0.0001,0.0,9.478,0.7026,0.2776
1167,stage1,1,0.27455034852027893,0.415196031332016,0.0,0.27455034852027893,0.0001,0.0,9.478,0.9147,5.0718
1168,stage1,1,0.358350545167923,0.4572160840034485,0.0,0.358350545167923,0.0001,0.0,9.478,0.8378,1.3422
1169,stage1,1,0.3222005069255829,0.4719705283641815,0.0,0.3222005069255829,0.0001,0.0,9.478,0.8857,0.6178
1170,stage1,1,0.32614052295684814,0.4441559612751007,0.0,0.32614052295684814,0.0001,0.0,9.478,0.8069,0.2768
1171,stage1,1,0.27444130182266235,0.45050761103630066,0.0,0.27444130182266235,0.0001,0.0,9.478,0.6799,0.2776
1172,stage1,1,0.3072657287120819,0.4535834491252899,0.0,0.3072657287120819,0.0001,0.0,9.478,0.8594,0.2783
1173,stage1,1,0.3255900740623474,0.44325923919677734,0.0,0.3255900740623474,0.0001,0.0,9.478,0.8,0.2776
1174,stage1,1,0.3315577208995819,0.4565977156162262,0.0,0.3315577208995819,0.0001,0.0,9.478,1.1443,0.2779
1175,stage1,1,0.3016832768917084,0.4206538796424866,0.0,0.3016832768917084,0.0001,0.0,9.478,0.9028,4.9277
1176,stage1,1,0.3202967345714569,0.4556288421154022,0.0,0.3202967345714569,0.0001,0.0,9.478,0.9101,1.4789
1177,stage1,1,0.31916260719299316,0.4327922463417053,0.0,0.31916260719299316,0.0001,0.0,9.478,0.9446,0.6513
1178,stage1,1,0.36620035767555237,0.4674169719219208,0.0,0.36620035767555237,0.0001,0.0,9.478,0.9545,0.2766
1179,stage1,1,0.28876951336860657,0.42339983582496643,0.0,0.28876951336860657,0.0001,0.0,9.478,0.7969,0.2774
1180,stage1,1,0.2544238269329071,0.42018887400627136,0.0,0.2544238269329071,0.0001,0.0,9.478,0.7662,0.2795
1181,stage1,1,0.27335625886917114,0.4103282690048218,0.0,0.27335625886917114,0.0001,0.0,9.478,0.766,0.278
1182,stage1,1,0.29582613706588745,0.44776055216789246,0.0,0.29582613706588745,0.0001,0.0,9.478,0.817,0.2774
1183,stage1,1,0.2688910663127899,0.4330746531486511,0.0,0.2688910663127899,0.0001,0.0,9.478,0.7072,4.6852
1184,stage1,1,0.22895337641239166,0.42416760325431824,0.0,0.22895337641239166,0.0001,0.0,9.478,0.6582,1.6862
1185,stage1,1,0.29785647988319397,0.43225231766700745,0.0,0.29785647988319397,0.0001,0.0,9.478,0.7729,0.7223
1186,stage1,1,0.3457554578781128,0.4568314552307129,0.0,0.3457554578781128,0.0001,0.0,9.478,1.0431,0.2766
1187,stage1,1,0.2858637273311615,0.4183283746242523,0.0,0.2858637273311615,0.0001,0.0,9.478,0.7977,0.2773
1188,stage1,1,0.30218738317489624,0.45957329869270325,0.0,0.30218738317489624,0.0001,0.0,9.478,0.9248,0.2781
1189,stage1,1,0.3233007788658142,0.439522922039032,0.0,0.3233007788658142,0.0001,0.0,9.478,0.7894,0.2779
1190,stage1,1,0.3341308534145355,0.43543779850006104,0.0,0.3341308534145355,0.0001,0.0,9.478,1.0416,0.2775
1191,stage1,1,0.27750280499458313,0.46515774726867676,0.0,0.27750280499458313,0.0001,0.0,9.478,0.7685,4.371
1192,stage1,1,0.29931798577308655,0.4364556074142456,0.0,0.29931798577308655,0.0001,0.0,9.478,0.7815,1.7055
1193,stage1,1,0.31126150488853455,0.42613881826400757,0.0,0.31126150488853455,0.0001,0.0,9.478,0.885,1.0275
1194,stage1,1,0.29760560393333435,0.4328409731388092,0.0,0.29760560393333435,0.0001,0.0,9.478,1.0705,0.2762
1195,stage1,1,0.29401618242263794,0.45969411730766296,0.0,0.29401618242263794,0.0001,0.0,9.478,0.9398,0.2771
1196,stage1,1,0.35392990708351135,0.4430537521839142,0.0,0.35392990708351135,0.0001,0.0,9.478,0.9211,0.2777
1197,stage1,1,0.3396708369255066,0.4490029215812683,0.0,0.3396708369255066,0.0001,0.0,9.478,0.9545,0.2772
1198,stage1,1,0.3000725507736206,0.43022963404655457,0.0,0.3000725507736206,0.0001,0.0,9.478,0.9163,0.2787
1199,stage1,1,0.2785376012325287,0.4394596219062805,0.0,0.2785376012325287,0.0001,0.0,9.478,0.8458,4.0423
1200,stage1,1,0.30243873596191406,0.4509211480617523,0.0,0.30243873596191406,0.0001,0.0,9.478,0.8892,1.8268
1201,stage1,1,0.32700952887535095,0.45398709177970886,0.0,0.32700952887535095,0.0001,0.0,9.478,0.9762,1.0683
1202,stage1,1,0.2619995176792145,0.41911983489990234,0.0,0.2619995176792145,0.0001,0.0,9.478,0.8819,0.2772
1203,stage1,1,0.2865621745586395,0.4422535300254822,0.0,0.2865621745586395,0.0001,0.0,9.478,1.0057,0.2782
1204,stage1,1,0.31706053018569946,0.4386649429798126,0.0,0.31706053018569946,0.0001,0.0,9.478,0.9088,0.2768
1205,stage1,1,0.2943306565284729,0.44110122323036194,0.0,0.2943306565284729,0.0001,0.0,9.478,0.7291,0.2776
1206,stage1,1,0.26185929775238037,0.4291181266307831,0.0,0.26185929775238037,0.0001,0.0,9.478,1.0131,0.2779
1207,stage1,1,0.2882908284664154,0.42693719267845154,0.0,0.2882908284664154,0.0001,0.0,9.478,0.8007,3.9891
1208,stage1,1,0.41891443729400635,0.4761803448200226,0.0,0.41891443729400635,0.0001,0.0,9.478,1.0594,1.7154
1209,stage1,1,0.28693515062332153,0.4527319371700287,0.0,0.28693515062332153,0.0001,0.0,9.478,0.8537,1.1247
1210,stage1,1,0.2977498471736908,0.4763237535953522,0.0,0.2977498471736908,0.0001,0.0,9.478,1.1952,0.2763
1211,stage1,1,0.30543386936187744,0.4844895601272583,0.0,0.30543386936187744,0.0001,0.0,9.478,0.8169,0.2771
1212,stage1,1,0.2724899351596832,0.43109315633773804,0.0,0.2724899351596832,0.0001,0.0,9.478,0.7309,0.2778
1213,stage1,1,0.29773640632629395,0.43482792377471924,0.0,0.29773640632629395,0.0001,0.0,9.478,0.7698,0.2775
1214,stage1,1,0.2766455113887787,0.42595598101615906,0.0,0.2766455113887787,0.0001,0.0,9.478,1.0961,0.2782
1215,stage1,1,0.3458382189273834,0.45759421586990356,0.0,0.3458382189273834,0.0001,0.0,9.478,1.108,3.8116
1216,stage1,1,0.3180197477340698,0.439576655626297,0.0,0.3180197477340698,0.0001,0.0,9.478,0.7813,2.3851
1217,stage1,1,0.300369530916214,0.4464396834373474,0.0,0.300369530916214,0.0001,0.0,9.478,0.8504,0.5316
1218,stage1,1,0.3381272852420807,0.4996502995491028,0.0,0.3381272852420807,0.0001,0.0,9.478,0.9042,0.277
1219,stage1,1,0.35071632266044617,0.46824783086776733,0.0,0.35071632266044617,0.0001,0.0,9.478,0.7127,0.278
1220,stage1,1,0.3541920781135559,0.46383342146873474,0.0,0.3541920781135559,0.0001,0.0,9.478,1.0153,0.2771
1221,stage1,1,0.32679134607315063,0.45868661999702454,0.0,0.32679134607315063,0.0001,0.0,9.478,1.0113,0.2779
1222,stage1,1,0.30374959111213684,0.43854209780693054,0.0,0.30374959111213684,0.0001,0.0,9.478,0.7772,0.2775
1223,stage1,1,0.24769659340381622,0.4336588680744171,0.0,0.24769659340381622,0.0001,0.0,9.478,0.7603,3.7649
1224,stage1,1,0.29159459471702576,0.45071905851364136,0.0,0.29159459471702576,0.0001,0.0,9.478,0.9574,2.8553
1225,stage1,1,0.26359203457832336,0.4224173426628113,0.0,0.26359203457832336,0.0001,0.0,9.478,1.0193,0.2776
1226,stage1,1,0.25540828704833984,0.3806120753288269,0.0,0.25540828704833984,0.0001,0.0,9.478,0.7944,0.2775
1227,stage1,1,0.31718114018440247,0.44303449988365173,0.0,0.31718114018440247,0.0001,0.0,9.478,0.9576,0.2777
1228,stage1,1,0.2760133445262909,0.42574745416641235,0.0,0.2760133445262909,0.0001,0.0,9.478,0.8197,0.2784
1229,stage1,1,0.2845255732536316,0.43616971373558044,0.0,0.2845255732536316,0.0001,0.0,9.478,1.0277,0.2784
1230,stage1,1,0.36721888184547424,0.4775952100753784,0.0,0.36721888184547424,0.0001,0.0,9.478,0.8762,0.2783
1231,stage1,1,0.2571721076965332,0.42596566677093506,0.0,0.2571721076965332,0.0001,0.0,9.478,0.9397,3.4885
1232,stage1,1,0.2682569921016693,0.4505103528499603,0.0,0.2682569921016693,0.0001,0.0,9.478,0.8331,3.3678
1233,stage1,1,0.27359136939048767,0.43130162358283997,0.0,0.27359136939048767,0.0001,0.0,9.478,0.8712,0.2768
1234,stage1,1,0.3279932737350464,0.42903372645378113,0.0,0.3279932737350464,0.0001,0.0,9.478,0.9131,0.2778
1235,stage1,1,0.2622300088405609,0.42791539430618286,0.0,0.2622300088405609,0.0001,0.0,9.478,1.0626,0.2779
1236,stage1,1,0.3501530885696411,0.4596247673034668,0.0,0.3501530885696411,0.0001,0.0,9.478,1.1671,0.2773
1237,stage1,1,0.2900141179561615,0.44212448596954346,0.0,0.2900141179561615,0.0001,0.0,9.478,1.0472,0.2771
1238,stage1,1,0.26113444566726685,0.42807698249816895,0.0,0.26113444566726685,0.0001,0.0,9.478,0.7331,0.2779
1239,stage1,1,0.34652191400527954,0.43829652667045593,0.0,0.34652191400527954,0.0001,0.0,9.478,0.9393,3.0725
1240,stage1,1,0.350929856300354,0.44944801926612854,0.0,0.350929856300354,0.0001,0.0,9.478,0.8461,3.3602
1241,stage1,1,0.3060190975666046,0.5055790543556213,0.0,0.3060190975666046,0.0001,0.0,9.478,1.2876,0.2767
1242,stage1,1,0.35545453429222107,0.45127323269844055,0.0,0.35545453429222107,0.0001,0.0,9.478,1.3175,0.277
1243,stage1,1,0.34505799412727356,0.4861621558666229,0.0,0.34505799412727356,0.0001,0.0,9.478,1.1229,0.2779
1244,stage1,1,0.3063371181488037,0.42065364122390747,0.0,0.3063371181488037,0.0001,0.0,9.478,1.0517,0.2772
1245,stage1,1,0.33556076884269714,0.45715370774269104,0.0,0.33556076884269714,0.0001,0.0,9.478,0.9053,0.2772
1246,stage1,1,0.2814209759235382,0.4553990364074707,0.0,0.2814209759235382,0.0001,0.0,9.478,0.7338,0.278
1247,stage1,1,0.26927298307418823,0.42224207520484924,0.0,0.26927298307418823,0.0001,0.0,9.478,0.7944,3.0006
1248,stage1,1,0.3478096127510071,0.4389888048171997,0.0,0.3478096127510071,0.0001,0.0,9.478,1.3149,3.2441
1249,stage1,1,0.32914677262306213,0.4500991106033325,0.0,0.32914677262306213,0.0001,0.0,9.478,1.2571,0.2768
1250,stage1,1,0.3102501332759857,0.4539704918861389,0.0,0.3102501332759857,0.0001,0.0,9.478,0.946,0.278
1251,stage1,1,0.2832867205142975,0.44448986649513245,0.0,0.2832867205142975,0.0001,0.0,9.478,0.9006,0.279
1252,stage1,1,0.26059505343437195,0.44406798481941223,0.0,0.26059505343437195,0.0001,0.0,9.478,1.0134,0.2777
1253,stage1,1,0.3940473198890686,0.4533775746822357,0.0,0.3940473198890686,0.0001,0.0,9.478,1.317,0.2789
1254,stage1,1,0.3364839553833008,0.44640669226646423,0.0,0.3364839553833008,0.0001,0.0,9.478,1.0201,0.2776
1255,stage1,1,0.3425014019012451,0.4832630157470703,0.0,0.3425014019012451,0.0001,0.0,9.478,1.0065,3.1764
1256,stage1,1,0.2997930943965912,0.442093163728714,0.0,0.2997930943965912,0.0001,0.0,9.478,0.8143,3.2644
1257,stage1,1,0.2586190402507782,0.448403000831604,0.0,0.2586190402507782,0.0001,0.0,9.478,0.7514,0.2773
1258,stage1,1,0.31324872374534607,0.48478245735168457,0.0,0.31324872374534607,0.0001,0.0,9.478,1.0074,0.2783
1259,stage1,1,0.27049416303634644,0.433516263961792,0.0,0.27049416303634644,0.0001,0.0,9.478,0.8277,0.2783
1260,stage1,1,0.30850517749786377,0.4271947741508484,0.0,0.30850517749786377,0.0001,0.0,9.478,1.0315,0.2771
1261,stage1,1,0.2722938060760498,0.42069387435913086,0.0,0.2722938060760498,0.0001,0.0,9.478,0.7711,0.2789
1262,stage1,1,0.2990889549255371,0.4243031442165375,0.0,0.2990889549255371,0.0001,0.0,9.478,1.0013,0.2776
1263,stage1,1,0.32328861951828003,0.4440217614173889,0.0,0.32328861951828003,0.0001,0.0,9.478,0.8625,3.0611
1264,stage1,1,0.2927931845188141,0.4662052392959595,0.0,0.2927931845188141,0.0001,0.0,9.478,0.8878,3.484
1265,stage1,1,0.28123772144317627,0.42050689458847046,0.0,0.28123772144317627,0.0001,0.0,9.478,0.7563,0.2762
1266,stage1,1,0.2603808641433716,0.4291924238204956,0.0,0.2603808641433716,0.0001,0.0,9.478,0.6255,0.2776
1267,stage1,1,0.2990228533744812,0.42348480224609375,0.0,0.2990228533744812,0.0001,0.0,9.478,0.7206,0.2772
1268,stage1,1,0.38631194829940796,0.4699332118034363,0.0,0.38631194829940796,0.0001,0.0,9.478,1.2391,0.2786
1269,stage1,1,0.2689884901046753,0.43249934911727905,0.0,0.2689884901046753,0.0001,0.0,9.478,0.8465,0.2775
1270,stage1,1,0.27877771854400635,0.4300118088722229,0.0,0.27877771854400635,0.0001,0.0,9.478,1.1,0.2787
1271,stage1,1,0.3457788825035095,0.4644923210144043,0.0,0.3457788825035095,0.0001,0.0,9.478,1.1266,2.9218
1272,stage1,1,0.3416496813297272,0.4532446265220642,0.0,0.3416496813297272,0.0001,0.0,9.478,0.9857,3.6155
1273,stage1,1,0.33890047669410706,0.4535718262195587,0.0,0.33890047669410706,0.0001,0.0,9.478,0.9051,0.307
1274,stage1,1,0.24737022817134857,0.4374733567237854,0.0,0.24737022817134857,0.0001,0.0,9.478,1.0331,0.2772
1275,stage1,1,0.27526360750198364,0.43022745847702026,0.0,0.27526360750198364,0.0001,0.0,9.478,0.8786,0.2782
1276,stage1,1,0.3190828561782837,0.45456501841545105,0.0,0.3190828561782837,0.0001,0.0,9.478,0.8618,0.2775
1277,stage1,1,0.31541708111763,0.4585760235786438,0.0,0.31541708111763,0.0001,0.0,9.478,0.8126,0.2777
1278,stage1,1,0.3587336540222168,0.46944916248321533,0.0,0.3587336540222168,0.0001,0.0,9.478,1.0506,0.278
1279,stage1,1,0.31716692447662354,0.4230160117149353,0.0,0.31716692447662354,0.0001,0.0,9.478,1.0039,2.785
1280,stage1,1,0.24446678161621094,0.42809057235717773,0.0,0.24446678161621094,0.0001,0.0,9.478,0.7915,3.6954
1281,stage1,1,0.37294378876686096,0.45863425731658936,0.0,0.37294378876686096,0.0001,0.0,9.478,1.0787,0.3992
1282,stage1,1,0.3245466649532318,0.44933122396469116,0.0,0.3245466649532318,0.0001,0.0,9.478,0.7939,0.2768
1283,stage1,1,0.28513431549072266,0.4721076190471649,0.0,0.28513431549072266,0.0001,0.0,9.478,0.8604,0.2778
1284,stage1,1,0.35636216402053833,0.49898749589920044,0.0,0.35636216402053833,0.0001,0.0,9.478,1.1264,0.2775
1285,stage1,1,0.2969176471233368,0.48886170983314514,0.0,0.2969176471233368,0.0001,0.0,9.478,1.1759,0.2778
1286,stage1,1,0.281683087348938,0.425325870513916,0.0,0.281683087348938,0.0001,0.0,9.478,1.0206,0.2783
1287,stage1,1,0.28848811984062195,0.45861297845840454,0.0,0.28848811984062195,0.0001,0.0,9.478,0.9775,2.6422
1288,stage1,1,0.27117136120796204,0.4181223213672638,0.0,0.27117136120796204,0.0001,0.0,9.478,0.8824,3.756
1289,stage1,1,0.3229537010192871,0.4705522954463959,0.0,0.3229537010192871,0.0001,0.0,9.478,1.1412,1.1439
1290,stage1,1,0.2852957546710968,0.42648833990097046,0.0,0.2852957546710968,0.0001,0.0,9.478,0.924,0.2768
1291,stage1,1,0.2613678276538849,0.41888031363487244,0.0,0.2613678276538849,0.0001,0.0,9.478,0.8372,0.2775
1292,stage1,1,0.36030080914497375,0.4740924835205078,0.0,0.36030080914497375,0.0001,0.0,9.478,1.103,0.2775
1293,stage1,1,0.2929997146129608,0.4585023522377014,0.0,0.2929997146129608,0.0001,0.0,9.478,0.986,0.277
1294,stage1,1,0.2788339853286743,0.47747674584388733,0.0,0.2788339853286743,0.0001,0.0,9.478,1.1217,0.2778
1295,stage1,1,0.27878114581108093,0.4403515160083771,0.0,0.27878114581108093,0.0001,0.0,9.478,1.1786,1.8225
1296,stage1,1,0.29680344462394714,0.42827415466308594,0.0,0.29680344462394714,0.0001,0.0,9.478,0.8352,3.87
1297,stage1,1,0.33628609776496887,0.4600444734096527,0.0,0.33628609776496887,0.0001,0.0,9.478,1.0007,1.0405
1298,stage1,1,0.3028801679611206,0.4359627962112427,0.0,0.3028801679611206,0.0001,0.0,9.478,1.0712,0.2767
1299,stage1,1,0.2634948194026947,0.4093746542930603,0.0,0.2634948194026947,0.0001,0.0,9.478,1.1612,0.2774
1300,stage1,1,0.3466353416442871,0.44473719596862793,0.0,0.3466353416442871,0.0001,0.0,9.478,1.0541,0.2774
1301,stage1,1,0.2667243778705597,0.44035661220550537,0.0,0.2667243778705597,0.0001,0.0,9.478,0.9018,0.2779
1302,stage1,1,0.2500500977039337,0.42938563227653503,0.0,0.2500500977039337,0.0001,0.0,9.478,1.2702,0.2781
1303,stage1,1,0.32169437408447266,0.4483308792114258,0.0,0.32169437408447266,0.0001,0.0,9.478,0.8845,2.0447
1304,stage1,1,0.28506752848625183,0.4201364517211914,0.0,0.28506752848625183,0.0001,0.0,9.478,0.9628,3.8943
1305,stage1,1,0.2858583331108093,0.4532950818538666,0.0,0.2858583331108093,0.0001,0.0,9.478,0.8178,1.0636
1306,stage1,1,0.32412189245224,0.4716741740703583,0.0,0.32412189245224,0.0001,0.0,9.478,0.9345,0.277
1307,stage1,1,0.310533732175827,0.46086564660072327,0.0,0.310533732175827,0.0001,0.0,9.478,0.9704,0.2771
1308,stage1,1,0.29514023661613464,0.4446951448917389,0.0,0.29514023661613464,0.0001,0.0,9.478,0.7681,0.2776
1309,stage1,1,0.3191024363040924,0.4974119961261749,0.0,0.3191024363040924,0.0001,0.0,9.478,0.8042,0.2777
1310,stage1,1,0.3285655081272125,0.45374631881713867,0.0,0.3285655081272125,0.0001,0.0,9.478,0.8113,0.2776
1311,stage1,1,0.27556174993515015,0.4436156153678894,0.0,0.27556174993515015,0.0001,0.0,9.478,0.6832,1.7733
1312,stage1,1,0.27246466279029846,0.450814425945282,0.0,0.27246466279029846,0.0001,0.0,9.478,0.6734,4.0325
1313,stage1,1,0.27847009897232056,0.43839478492736816,0.0,0.27847009897232056,0.0001,0.0,9.478,0.7617,0.9456
1314,stage1,1,0.25403743982315063,0.45902979373931885,0.0,0.25403743982315063,0.0001,0.0,9.478,0.8171,0.2764
1315,stage1,1,0.2491733431816101,0.42009854316711426,0.0,0.2491733431816101,0.0001,0.0,9.478,0.8224,0.2776
1316,stage1,1,0.2916487753391266,0.43097981810569763,0.0,0.2916487753391266,0.0001,0.0,9.478,1.0879,0.2784
1317,stage1,1,0.32271140813827515,0.46924924850463867,0.0,0.32271140813827515,0.0001,0.0,9.478,1.1222,0.2776
1318,stage1,1,0.2814399003982544,0.4349709749221802,0.0,0.2814399003982544,0.0001,0.0,9.478,1.0733,0.278
1319,stage1,1,0.3034621477127075,0.42282360792160034,0.0,0.3034621477127075,0.0001,0.0,9.478,0.8544,1.7632
1320,stage1,1,0.28737664222717285,0.4626736640930176,0.0,0.28737664222717285,0.0001,0.0,9.478,0.9289,4.1207
1321,stage1,1,0.3627655506134033,0.451253205537796,0.0,0.3627655506134033,0.0001,0.0,9.478,0.9211,0.919
1322,stage1,1,0.33547791838645935,0.4533105194568634,0.0,0.33547791838645935,0.0001,0.0,9.478,0.7792,0.2777
1323,stage1,1,0.2628357410430908,0.4175719618797302,0.0,0.2628357410430908,0.0001,0.0,9.478,0.9489,0.2775
1324,stage1,1,0.3024860620498657,0.43680083751678467,0.0,0.3024860620498657,0.0001,0.0,9.478,0.8616,0.2778
1325,stage1,1,0.3195289671421051,0.4898194372653961,0.0,0.3195289671421051,0.0001,0.0,9.478,1.0087,0.2779
1326,stage1,1,0.3058289587497711,0.41247910261154175,0.0,0.3058289587497711,0.0001,0.0,9.478,0.8388,0.2784
1327,stage1,1,0.3102923035621643,0.44199642539024353,0.0,0.3102923035621643,0.0001,0.0,9.478,1.0681,1.7484
1328,stage1,1,0.26926425099372864,0.4244537651538849,0.0,0.26926425099372864,0.0001,0.0,9.478,0.9435,4.2098
1329,stage1,1,0.33804041147232056,0.45155784487724304,0.0,0.33804041147232056,0.0001,0.0,9.478,1.0319,0.8751
1330,stage1,1,0.2685491144657135,0.39883115887641907,0.0,0.2685491144657135,0.0001,0.0,9.478,0.9941,0.2774
1331,stage1,1,0.27355846762657166,0.4447638690471649,0.0,0.27355846762657166,0.0001,0.0,9.478,0.7076,0.2779
1332,stage1,1,0.314126193523407,0.4485688805580139,0.0,0.314126193523407,0.0001,0.0,9.478,1.0546,0.2776
1333,stage1,1,0.29106050729751587,0.41464245319366455,0.0,0.29106050729751587,0.0001,0.0,9.478,0.8921,0.2778
1334,stage1,1,0.3138801157474518,0.4359239637851715,0.0,0.3138801157474518,0.0001,0.0,9.478,1.0278,0.2778
1335,stage1,1,0.26224857568740845,0.4365638494491577,0.0,0.26224857568740845,0.0001,0.0,9.478,0.9265,1.6684
1336,stage1,1,0.41018205881118774,0.4735375940799713,0.0,0.41018205881118774,0.0001,0.0,9.478,1.0698,4.4439
1337,stage1,1,0.2576427757740021,0.4361210763454437,0.0,0.2576427757740021,0.0001,0.0,9.478,0.858,0.7312
1338,stage1,1,0.2869303524494171,0.47670623660087585,0.0,0.2869303524494171,0.0001,0.0,9.478,1.1202,0.2768
1339,stage1,1,0.25850358605384827,0.4393872320652008,0.0,0.25850358605384827,0.0001,0.0,9.478,0.903,0.2776
1340,stage1,1,0.3669283092021942,0.4738972783088684,0.0,0.3669283092021942,0.0001,0.0,9.478,1.167,0.2779
1341,stage1,1,0.27085599303245544,0.44221892952919006,0.0,0.27085599303245544,0.0001,0.0,9.478,1.2066,0.2783
1342,stage1,1,0.26940006017684937,0.4080142378807068,0.0,0.26940006017684937,0.0001,0.0,9.478,0.7184,0.2786
1343,stage1,1,0.30204659700393677,0.42120152711868286,0.0,0.30204659700393677,0.0001,0.0,9.478,0.923,1.6856
1344,stage1,1,0.3451758921146393,0.45982229709625244,0.0,0.3451758921146393,0.0001,0.0,9.478,1.0584,4.4736
1345,stage1,1,0.2868688404560089,0.4389840364456177,0.0,0.2868688404560089,0.0001,0.0,9.478,1.0568,0.6371
1346,stage1,1,0.31775686144828796,0.4558948278427124,0.0,0.31775686144828796,0.0001,0.0,9.478,0.9929,0.2772
1347,stage1,1,0.27118542790412903,0.43557411432266235,0.0,0.27118542790412903,0.0001,0.0,9.478,0.932,0.2777
1348,stage1,1,0.2755943834781647,0.42768821120262146,0.0,0.2755943834781647,0.0001,0.0,9.478,1.111,0.2784
1349,stage1,1,0.2802450656890869,0.4664481580257416,0.0,0.2802450656890869,0.0001,0.0,9.478,1.1114,0.2777
1350,stage1,1,0.3297919034957886,0.46391770243644714,0.0,0.3297919034957886,0.0001,0.0,9.478,1.1853,0.2783
1351,stage1,1,0.2753767669200897,0.4289533197879791,0.0,0.2753767669200897,0.0001,0.0,9.478,1.573,1.808
1352,stage1,1,0.3665800392627716,0.46956437826156616,0.0,0.3665800392627716,0.0001,0.0,9.478,1.16,4.4977
1353,stage1,1,0.2933191955089569,0.43584418296813965,0.0,0.2933191955089569,0.0001,0.0,9.478,0.8357,0.373
1354,stage1,1,0.301937073469162,0.45825955271720886,0.0,0.301937073469162,0.0001,0.0,9.478,0.9493,0.2768
1355,stage1,1,0.2684955894947052,0.4221515357494354,0.0,0.2684955894947052,0.0001,0.0,9.478,0.797,0.2776
1356,stage1,1,0.27309128642082214,0.4265498220920563,0.0,0.27309128642082214,0.0001,0.0,9.478,0.7248,0.2774
1357,stage1,1,0.3237590789794922,0.4308011531829834,0.0,0.3237590789794922,0.0001,0.0,9.478,0.9397,0.2784
1358,stage1,1,0.25946030020713806,0.42910441756248474,0.0,0.25946030020713806,0.0001,0.0,9.478,0.8641,0.2785
1359,stage1,1,0.27818986773490906,0.4694637656211853,0.0,0.27818986773490906,0.0001,0.0,9.478,1.1148,1.8438
1360,stage1,1,0.2826625108718872,0.4377788305282593,0.0,0.2826625108718872,0.0001,0.0,9.478,1.0754,4.4225
1361,stage1,1,0.3102889358997345,0.47629019618034363,0.0,0.3102889358997345,0.0001,0.0,9.478,1.0705,0.4907
1362,stage1,1,0.3160349726676941,0.45013147592544556,0.0,0.3160349726676941,0.0001,0.0,9.478,0.9217,0.2767
1363,stage1,1,0.2962934374809265,0.44827646017074585,0.0,0.2962934374809265,0.0001,0.0,9.478,0.7885,0.2772
1364,stage1,1,0.3396148383617401,0.4606316089630127,0.0,0.3396148383617401,0.0001,0.0,9.478,1.1365,0.2784
1365,stage1,1,0.2904682755470276,0.45373162627220154,0.0,0.2904682755470276,0.0001,0.0,9.478,0.6814,0.278
1366,stage1,1,0.2567158341407776,0.4210246205329895,0.0,0.2567158341407776,0.0001,0.0,9.478,0.6873,0.278
1367,stage1,1,0.29385608434677124,0.43031731247901917,0.0,0.29385608434677124,0.0001,0.0,9.478,0.8252,1.9223
1368,stage1,1,0.30230510234832764,0.4417939782142639,0.0,0.30230510234832764,0.0001,0.0,9.478,0.8768,4.3193
1369,stage1,1,0.3034672439098358,0.4413526952266693,0.0,0.3034672439098358,0.0001,0.0,9.478,0.8591,0.7949
1370,stage1,1,0.3315751254558563,0.45371127128601074,0.0,0.3315751254558563,0.0001,0.0,9.478,0.8308,0.2776
1371,stage1,1,0.2827550768852234,0.40773242712020874,0.0,0.2827550768852234,0.0001,0.0,9.478,0.9048,0.2772
1372,stage1,1,0.30649664998054504,0.4353812634944916,0.0,0.30649664998054504,0.0001,0.0,9.478,0.9597,0.2776
1373,stage1,1,0.3231768012046814,0.4359530210494995,0.0,0.3231768012046814,0.0001,0.0,9.478,0.9378,0.2774
1374,stage1,1,0.30658116936683655,0.455771803855896,0.0,0.30658116936683655,0.0001,0.0,9.478,0.9345,0.2778
1375,stage1,1,0.30418041348457336,0.43121495842933655,0.0,0.30418041348457336,0.0001,0.0,9.478,0.9611,1.5244
1376,stage1,1,0.33849701285362244,0.43775978684425354,0.0,0.33849701285362244,0.0001,0.0,9.478,1.0027,4.2339
1377,stage1,1,0.3141556680202484,0.43849918246269226,0.0,0.3141556680202484,0.0001,0.0,9.478,0.9302,1.0766
1378,stage1,1,0.3389005959033966,0.446319043636322,0.0,0.3389005959033966,0.0001,0.0,9.478,0.8498,0.2773
1379,stage1,1,0.25875425338745117,0.42141979932785034,0.0,0.25875425338745117,0.0001,0.0,9.478,0.7584,0.2789
1380,stage1,1,0.2632514536380768,0.4307509660720825,0.0,0.2632514536380768,0.0001,0.0,9.478,0.7546,0.2777
1381,stage1,1,0.28693413734436035,0.42974361777305603,0.0,0.28693413734436035,0.0001,0.0,9.478,0.8919,0.2785
1382,stage1,1,0.28247350454330444,0.4257572293281555,0.0,0.28247350454330444,0.0001,0.0,9.478,0.8521,0.2781
1383,stage1,1,0.28910696506500244,0.43864837288856506,0.0,0.28910696506500244,0.0001,0.0,9.478,1.0251,1.408
1384,stage1,1,0.30210059881210327,0.4607992172241211,0.0,0.30210059881210327,0.0001,0.0,9.478,1.1101,4.1353
1385,stage1,1,0.3020801842212677,0.44006288051605225,0.0,0.3020801842212677,0.0001,0.0,9.478,0.856,1.278
1386,stage1,1,0.28153061866760254,0.45544877648353577,0.0,0.28153061866760254,0.0001,0.0,9.478,0.8308,0.2783
1387,stage1,1,0.31756433844566345,0.4412192404270172,0.0,0.31756433844566345,0.0001,0.0,9.478,0.991,0.278
1388,stage1,1,0.27692273259162903,0.4479934275150299,0.0,0.27692273259162903,0.0001,0.0,9.478,1.0132,0.2779
1389,stage1,1,0.2700370252132416,0.4308772683143616,0.0,0.2700370252132416,0.0001,0.0,9.478,0.9164,0.2783
1390,stage1,1,0.3781033754348755,0.49219533801078796,0.0,0.3781033754348755,0.0001,0.0,9.478,1.2688,0.2774
1391,stage1,1,0.31476521492004395,0.4546547830104828,0.0,0.31476521492004395,0.0001,0.0,9.478,1.1443,1.3327
1392,stage1,1,0.28517913818359375,0.42519503831863403,0.0,0.28517913818359375,0.0001,0.0,9.478,0.9799,4.0254
1393,stage1,1,0.315729558467865,0.4653848111629486,0.0,0.315729558467865,0.0001,0.0,9.478,1.1815,1.5335
1394,stage1,1,0.2881888747215271,0.4225240647792816,0.0,0.2881888747215271,0.0001,0.0,9.478,0.9344,0.277
1395,stage1,1,0.36047473549842834,0.45622119307518005,0.0,0.36047473549842834,0.0001,0.0,9.478,1.1271,0.278
1396,stage1,1,0.2911447286605835,0.43175071477890015,0.0,0.2911447286605835,0.0001,0.0,9.478,0.9458,0.2777
1397,stage1,1,0.3025919198989868,0.4180282950401306,0.0,0.3025919198989868,0.0001,0.0,9.478,1.061,0.2774
1398,stage1,1,0.29106974601745605,0.4322671890258789,0.0,0.29106974601745605,0.0001,0.0,9.478,1.0596,0.2782
1399,stage1,1,0.29294833540916443,0.41931188106536865,0.0,0.29294833540916443,0.0001,0.0,9.478,0.8475,1.3093
1400,stage1,1,0.31882384419441223,0.44850966334342957,0.0,0.31882384419441223,0.0001,0.0,9.478,0.9065,3.8357
1401,stage1,1,0.2682805359363556,0.44089657068252563,0.0,0.2682805359363556,0.0001,0.0,9.478,0.8606,1.7733
1402,stage1,1,0.29059144854545593,0.4549883306026459,0.0,0.29059144854545593,0.0001,0.0,9.478,0.914,0.2777
1403,stage1,1,0.3025090992450714,0.46748876571655273,0.0,0.3025090992450714,0.0001,0.0,9.478,1.1319,0.2784
1404,stage1,1,0.2882936894893646,0.44317877292633057,0.0,0.2882936894893646,0.0001,0.0,9.478,0.9092,0.2777
1405,stage1,1,0.33579665422439575,0.44343358278274536,0.0,0.33579665422439575,0.0001,0.0,9.478,0.9962,0.2779
1406,stage1,1,0.2689637243747711,0.4411025941371918,0.0,0.2689637243747711,0.0001,0.0,9.478,0.7931,0.2779
1407,stage1,1,0.3188726603984833,0.4472777545452118,0.0,0.3188726603984833,0.0001,0.0,9.478,0.9153,1.1994
1408,stage1,1,0.30877068638801575,0.43642136454582214,0.0,0.30877068638801575,0.0001,0.0,9.478,0.9732,3.7296
1409,stage1,1,0.29177016019821167,0.43255922198295593,0.0,0.29177016019821167,0.0001,0.0,9.478,1.0712,1.97
1410,stage1,1,0.29228490591049194,0.42490872740745544,0.0,0.29228490591049194,0.0001,0.0,9.478,1.0442,0.2771
1411,stage1,1,0.3066259026527405,0.45504245162010193,0.0,0.3066259026527405,0.0001,0.0,9.478,0.7632,0.2775
1412,stage1,1,0.29029381275177,0.42379918694496155,0.0,0.29029381275177,0.0001,0.0,9.478,1.1873,0.2775
1413,stage1,1,0.24841807782649994,0.4530986547470093,0.0,0.24841807782649994,0.0001,0.0,9.478,0.9272,0.2785
1414,stage1,1,0.26607608795166016,0.4464484751224518,0.0,0.26607608795166016,0.0001,0.0,9.478,1.0184,0.2777
1415,stage1,1,0.28434494137763977,0.4254119098186493,0.0,0.28434494137763977,0.0001,0.0,9.478,1.0421,1.164
1416,stage1,1,0.2917076349258423,0.4159729480743408,0.0,0.2917076349258423,0.0001,0.0,9.478,0.8398,3.6124
1417,stage1,1,0.29184281826019287,0.45871609449386597,0.0,0.29184281826019287,0.0001,0.0,9.478,1.343,2.0796
1418,stage1,1,0.26587286591529846,0.4367647171020508,0.0,0.26587286591529846,0.0001,0.0,9.478,1.0892,0.2766
1419,stage1,1,0.3032127022743225,0.4318305253982544,0.0,0.3032127022743225,0.0001,0.0,9.478,1.2191,0.2774
1420,stage1,1,0.3690625727176666,0.44409534335136414,0.0,0.3690625727176666,0.0001,0.0,9.478,0.9542,0.2778
1421,stage1,1,0.3032168745994568,0.4506224989891052,0.0,0.3032168745994568,0.0001,0.0,9.478,0.8302,0.2785
1422,stage1,1,0.2953687012195587,0.4215848743915558,0.0,0.2953687012195587,0.0001,0.0,9.478,0.8852,0.2788
1423,stage1,1,0.35174793004989624,0.46198770403862,0.0,0.35174793004989624,0.0001,0.0,9.478,1.4354,1.1337
1424,stage1,1,0.29859718680381775,0.43721359968185425,0.0,0.29859718680381775,0.0001,0.0,9.478,0.915,3.5169
1425,stage1,1,0.28659865260124207,0.431271493434906,0.0,0.28659865260124207,0.0001,0.0,9.478,0.8032,2.193
1426,stage1,1,0.26472997665405273,0.4338068962097168,0.0,0.26472997665405273,0.0001,0.0,9.478,1.1072,0.2772
1427,stage1,1,0.261228084564209,0.4234084188938141,0.0,0.261228084564209,0.0001,0.0,9.478,0.8505,0.2777
1428,stage1,1,0.2540835440158844,0.4535475969314575,0.0,0.2540835440158844,0.0001,0.0,9.478,0.8041,0.2781
1429,stage1,1,0.3028452694416046,0.4524479806423187,0.0,0.3028452694416046,0.0001,0.0,9.478,0.9016,0.2788
1430,stage1,1,0.3386654853820801,0.421446293592453,0.0,0.3386654853820801,0.0001,0.0,9.478,1.0365,0.2781
1431,stage1,1,0.3112010359764099,0.4751875102519989,0.0,0.3112010359764099,0.0001,0.0,9.478,0.829,1.0473
1432,stage1,1,0.2993488311767578,0.4416942596435547,0.0,0.2993488311767578,0.0001,0.0,9.478,0.8299,4.5024
1433,stage1,1,0.31435441970825195,0.448322594165802,0.0,0.31435441970825195,0.0001,0.0,9.478,1.2061,1.6003
1434,stage1,1,0.28975939750671387,0.43568795919418335,0.0,0.28975939750671387,0.0001,0.0,9.478,0.8594,0.2765
1435,stage1,1,0.3632858395576477,0.44979533553123474,0.0,0.3632858395576477,0.0001,0.0,9.478,1.119,0.2773
1436,stage1,1,0.3276461362838745,0.48875436186790466,0.0,0.3276461362838745,0.0001,0.0,9.478,1.216,0.2776
1437,stage1,1,0.28136304020881653,0.4493487775325775,0.0,0.28136304020881653,0.0001,0.0,9.478,0.8772,0.2778
1438,stage1,1,0.33011218905448914,0.4580717980861664,0.0,0.33011218905448914,0.0001,0.0,9.478,0.9821,0.2781
1439,stage1,1,0.27149543166160583,0.4298052191734314,0.0,0.27149543166160583,0.0001,0.0,9.478,1.1298,1.0968
1440,stage1,1,0.21663527190685272,0.42750075459480286,0.0,0.21663527190685272,0.0001,0.0,9.478,0.688,4.3891
1441,stage1,1,0.2772674858570099,0.4321386218070984,0.0,0.2772674858570099,0.0001,0.0,9.478,0.7205,1.5343
1442,stage1,1,0.3245939612388611,0.43837887048721313,0.0,0.3245939612388611,0.0001,0.0,9.478,0.9423,0.2806
1443,stage1,1,0.30150896310806274,0.42686817049980164,0.0,0.30150896310806274,0.0001,0.0,9.478,0.8906,0.2776
1444,stage1,1,0.3135424852371216,0.4404601752758026,0.0,0.3135424852371216,0.0001,0.0,9.478,0.967,0.2786
1445,stage1,1,0.35562434792518616,0.4449354410171509,0.0,0.35562434792518616,0.0001,0.0,9.478,0.9423,0.2777
1446,stage1,1,0.29840001463890076,0.4513959586620331,0.0,0.29840001463890076,0.0001,0.0,9.478,0.8481,0.2775
1447,stage1,1,0.26138824224472046,0.4298284649848938,0.0,0.26138824224472046,0.0001,0.0,9.478,1.0196,1.1191
1448,stage1,1,0.26060691475868225,0.4120023548603058,0.0,0.26060691475868225,0.0001,0.0,9.478,0.8516,4.4314
1449,stage1,1,0.2862997055053711,0.4405933618545532,0.0,0.2862997055053711,0.0001,0.0,9.478,0.9532,1.3105
1450,stage1,1,0.3053368031978607,0.42055419087409973,0.0,0.3053368031978607,0.0001,0.0,9.478,1.0799,0.2771
1451,stage1,1,0.3032701313495636,0.46912282705307007,0.0,0.3032701313495636,0.0001,0.0,9.478,0.9865,0.2778
1452,stage1,1,0.2928745150566101,0.4438757300376892,0.0,0.2928745150566101,0.0001,0.0,9.478,0.8976,0.278
1453,stage1,1,0.2765435576438904,0.4560987949371338,0.0,0.2765435576438904,0.0001,0.0,9.478,0.7664,0.278
1454,stage1,1,0.29307428002357483,0.4201965928077698,0.0,0.29307428002357483,0.0001,0.0,9.478,1.0322,0.2778
1455,stage1,1,0.2918403446674347,0.4560709297657013,0.0,0.2918403446674347,0.0001,0.0,9.478,1.0574,1.1548
1456,stage1,1,0.32646888494491577,0.4356071949005127,0.0,0.32646888494491577,0.0001,0.0,9.478,1.1684,4.6241
1457,stage1,1,0.3083269000053406,0.4760168492794037,0.0,0.3083269000053406,0.0001,0.0,9.478,0.9198,1.192
1458,stage1,1,0.2927809953689575,0.4272231161594391,0.0,0.2927809953689575,0.0001,0.0,9.478,0.9367,0.2778
1459,stage1,1,0.3571738302707672,0.43184787034988403,0.0,0.3571738302707672,0.0001,0.0,9.478,1.1684,0.2774
1460,stage1,1,0.29974114894866943,0.41824519634246826,0.0,0.29974114894866943,0.0001,0.0,9.478,1.3613,0.2772
1461,stage1,1,0.2821309268474579,0.4453488290309906,0.0,0.2821309268474579,0.0001,0.0,9.478,0.866,0.7573
1462,stage1,1,0.2522844076156616,0.4154278039932251,0.0,0.2522844076156616,0.0001,0.0,9.478,0.9189,0.2773
1463,stage1,1,0.30182284116744995,0.4629739224910736,0.0,0.30182284116744995,0.0001,0.0,9.478,1.079,0.5996
1464,stage1,1,0.290242999792099,0.4134272038936615,0.0,0.290242999792099,0.0001,0.0,9.478,1.0463,4.5145
1465,stage1,1,0.2791847586631775,0.48470214009284973,0.0,0.2791847586631775,0.0001,0.0,9.478,1.0192,1.4135
1466,stage1,1,0.29912710189819336,0.43059712648391724,0.0,0.29912710189819336,0.0001,0.0,9.478,1.0545,0.2771
1467,stage1,1,0.27889904379844666,0.44679534435272217,0.0,0.27889904379844666,0.0001,0.0,9.478,0.7273,0.2781
1468,stage1,1,0.31941649317741394,0.4505727291107178,0.0,0.31941649317741394,0.0001,0.0,9.478,1.0582,0.2773
1469,stage1,1,0.3122328817844391,0.44040754437446594,0.0,0.3122328817844391,0.0001,0.0,9.478,0.9511,1.0366
1470,stage1,1,0.33539289236068726,0.4831193685531616,0.0,0.33539289236068726,0.0001,0.0,9.478,1.0507,0.2769
1471,stage1,1,0.30228951573371887,0.4727863371372223,0.0,0.30228951573371887,0.0001,0.0,9.478,1.0506,0.2786
1472,stage1,1,0.2911519408226013,0.434704452753067,0.0,0.2911519408226013,0.0001,0.0,9.478,0.8064,4.3144
1473,stage1,1,0.3067827820777893,0.4466177225112915,0.0,0.3067827820777893,0.0001,0.0,9.478,1.2104,1.5927
1474,stage1,1,0.2657375931739807,0.41735410690307617,0.0,0.2657375931739807,0.0001,0.0,9.478,1.1534,0.2773
1475,stage1,1,0.3159636855125427,0.4574647545814514,0.0,0.3159636855125427,0.0001,0.0,9.478,1.15,0.278
1476,stage1,1,0.27227291464805603,0.44835901260375977,0.0,0.27227291464805603,0.0001,0.0,9.478,1.259,0.2784
1477,stage1,1,0.34920933842658997,0.45364895462989807,0.0,0.34920933842658997,0.0001,0.0,9.478,0.8354,1.3281
1478,stage1,1,0.2512921690940857,0.423883855342865,0.0,0.2512921690940857,0.0001,0.0,9.478,0.9921,0.2776
1479,stage1,1,0.2899169921875,0.41554686427116394,0.0,0.2899169921875,0.0001,0.0,9.478,0.8428,0.2788
1480,stage1,1,0.30317631363868713,0.44977521896362305,0.0,0.30317631363868713,0.0001,0.0,9.478,1.3117,3.7764
1481,stage1,1,0.30955106019973755,0.4571915566921234,0.0,0.30955106019973755,0.0001,0.0,9.478,1.1271,1.8546
1482,stage1,1,0.29265400767326355,0.4552384912967682,0.0,0.29265400767326355,0.0001,0.0,9.478,0.9669,0.2762
1483,stage1,1,0.3344087600708008,0.45494502782821655,0.0,0.3344087600708008,0.0001,0.0,9.478,1.0077,0.2786
1484,stage1,1,0.28258925676345825,0.43468818068504333,0.0,0.28258925676345825,0.0001,0.0,9.478,1.0085,0.2772
1485,stage1,1,0.280953973531723,0.41269993782043457,0.0,0.280953973531723,0.0001,0.0,9.478,0.8465,1.2686
1486,stage1,1,0.26180824637413025,0.4086202085018158,0.0,0.26180824637413025,0.0001,0.0,9.478,0.9898,0.2768
1487,stage1,1,0.21096737682819366,0.4161684513092041,0.0,0.21096737682819366,0.0001,0.0,9.478,0.8474,0.2779
1488,stage1,1,0.2778531014919281,0.42826899886131287,0.0,0.2778531014919281,0.0001,0.0,9.478,0.897,3.7798
1489,stage1,1,0.2516449987888336,0.4412541687488556,0.0,0.2516449987888336,0.0001,0.0,9.478,0.6783,1.8291
1490,stage1,1,0.31481078267097473,0.4483296871185303,0.0,0.31481078267097473,0.0001,0.0,9.478,0.8519,0.2762
1491,stage1,1,0.2996346056461334,0.4542640149593353,0.0,0.2996346056461334,0.0001,0.0,9.478,1.0561,0.278
1492,stage1,1,0.29822054505348206,0.46772995591163635,0.0,0.29822054505348206,0.0001,0.0,9.478,0.8818,0.278
1493,stage1,1,0.3189586102962494,0.45530855655670166,0.0,0.3189586102962494,0.0001,0.0,9.478,1.2164,1.5224
1494,stage1,1,0.2802870571613312,0.4307480752468109,0.0,0.2802870571613312,0.0001,0.0,9.478,0.8718,0.278
1495,stage1,1,0.2450973093509674,0.42766332626342773,0.0,0.2450973093509674,0.0001,0.0,9.478,0.964,0.2774
1496,stage1,1,0.28104734420776367,0.43667030334472656,0.0,0.28104734420776367,0.0001,0.0,9.478,1.1271,3.4565
1497,stage1,1,0.2695533335208893,0.42598646879196167,0.0,0.2695533335208893,0.0001,0.0,9.478,0.9534,1.8617
1498,stage1,1,0.26794713735580444,0.44714856147766113,0.0,0.26794713735580444,0.0001,0.0,9.478,1.1098,0.2762
1499,stage1,1,0.25908079743385315,0.40990903973579407,0.0,0.25908079743385315,0.0001,0.0,9.478,0.7619,0.2779
1500,stage1,1,0.29445117712020874,0.45140019059181213,0.0,0.29445117712020874,0.0001,0.0,9.478,1.0452,0.2786
1501,stage1,1,0.2880411744117737,0.4083211123943329,0.0,0.2880411744117737,0.0001,0.0,9.478,0.9544,1.8689
1502,stage1,1,0.3488270938396454,0.45279762148857117,0.0,0.3488270938396454,0.0001,0.0,9.478,1.3169,0.2769
1503,stage1,1,0.2842363715171814,0.4281032681465149,0.0,0.2842363715171814,0.0001,0.0,9.478,0.835,0.2785
1504,stage1,1,0.30785438418388367,0.44370564818382263,0.0,0.30785438418388367,0.0001,0.0,9.478,0.9652,3.0994
1505,stage1,1,0.2675454020500183,0.43082183599472046,0.0,0.2675454020500183,0.0001,0.0,9.478,0.8723,2.7922
1506,stage1,1,0.2666049897670746,0.4283919334411621,0.0,0.2666049897670746,0.0001,0.0,9.478,0.7192,0.2812
1507,stage1,1,0.2684274911880493,0.4336833357810974,0.0,0.2684274911880493,0.0001,0.0,9.478,0.7142,0.2762
1508,stage1,1,0.30280157923698425,0.46021443605422974,0.0,0.30280157923698425,0.0001,0.0,9.478,0.943,0.2787
1509,stage1,1,0.2880088686943054,0.4415826201438904,0.0,0.2880088686943054,0.0001,0.0,9.478,1.0133,0.8588
1510,stage1,1,0.286853164434433,0.4324914515018463,0.0,0.286853164434433,0.0001,0.0,9.478,0.7507,0.2774
1511,stage1,1,0.301220566034317,0.464187353849411,0.0,0.301220566034317,0.0001,0.0,9.478,0.9186,0.2782
1512,stage1,1,0.28133413195610046,0.4458697438240051,0.0,0.28133413195610046,0.0001,0.0,9.478,1.0806,3.4341
1513,stage1,1,0.31864961981773376,0.4483027458190918,0.0,0.31864961981773376,0.0001,0.0,9.478,1.1426,2.8013
1514,stage1,1,0.2773997485637665,0.4658307135105133,0.0,0.2773997485637665,0.0001,0.0,9.478,0.9559,0.2765
1515,stage1,1,0.26577839255332947,0.4290604591369629,0.0,0.26577839255332947,0.0001,0.0,9.478,1.0048,0.2769
1516,stage1,1,0.30806484818458557,0.4287930428981781,0.0,0.30806484818458557,0.0001,0.0,9.478,1.3681,0.278
1517,stage1,1,0.2289809137582779,0.4338196814060211,0.0,0.2289809137582779,0.0001,0.0,9.478,0.7846,0.578
1518,stage1,1,0.26960477232933044,0.42183756828308105,0.0,0.26960477232933044,0.0001,0.0,9.478,1.0967,0.278
1519,stage1,1,0.26854801177978516,0.44146889448165894,0.0,0.26854801177978516,0.0001,0.0,9.478,1.1402,0.2789
1520,stage1,1,0.27892667055130005,0.43326544761657715,0.0,0.27892667055130005,0.0001,0.0,9.478,0.8997,3.7576
1521,stage1,1,0.2820504903793335,0.42110082507133484,0.0,0.2820504903793335,0.0001,0.0,9.478,1.0821,2.5686
1522,stage1,1,0.29225894808769226,0.45460203289985657,0.0,0.29225894808769226,0.0001,0.0,9.478,1.1134,0.277
1523,stage1,1,0.2618279755115509,0.42163193225860596,0.0,0.2618279755115509,0.0001,0.0,9.478,0.7336,0.2773
1524,stage1,1,0.31438130140304565,0.5053580403327942,0.0,0.31438130140304565,0.0001,0.0,9.478,1.3773,0.278
1525,stage1,1,0.25494638085365295,0.4204661548137665,0.0,0.25494638085365295,0.0001,0.0,9.478,0.9356,0.4472
1526,stage1,1,0.289531946182251,0.42262694239616394,0.0,0.289531946182251,0.0001,0.0,9.478,1.0503,0.2775
1527,stage1,1,0.27871233224868774,0.41391363739967346,0.0,0.27871233224868774,0.0001,0.0,9.478,0.9132,0.2779
1528,stage1,1,0.25588735938072205,0.47080913186073303,0.0,0.25588735938072205,0.0001,0.0,9.478,0.8058,3.9003
1529,stage1,1,0.2901317775249481,0.44226473569869995,0.0,0.2901317775249481,0.0001,0.0,9.478,1.14,2.6117
1530,stage1,1,0.2493889182806015,0.3972044587135315,0.0,0.2493889182806015,0.0001,0.0,9.478,1.0139,0.277
1531,stage1,1,0.2849801182746887,0.4353550374507904,0.0,0.2849801182746887,0.0001,0.0,9.478,1.018,0.2773
1532,stage1,1,0.29277530312538147,0.4304867088794708,0.0,0.29277530312538147,0.0001,0.0,9.478,0.9618,0.2771
1533,stage1,1,0.278835266828537,0.40464603900909424,0.0,0.278835266828537,0.0001,0.0,9.478,0.8517,0.4088
1534,stage1,1,0.2858317494392395,0.43279168009757996,0.0,0.2858317494392395,0.0001,0.0,9.478,0.7251,0.278
1535,stage1,1,0.3405413329601288,0.43321263790130615,0.0,0.3405413329601288,0.0001,0.0,9.478,1.2088,0.2773
1536,stage1,1,0.2657996714115143,0.401943176984787,0.0,0.2657996714115143,0.0001,0.0,9.478,1.2064,3.9302
1537,stage1,1,0.24341252446174622,0.4273812472820282,0.0,0.24341252446174622,0.0001,0.0,9.478,0.857,2.511
1538,stage1,1,0.3171498477458954,0.4597127139568329,0.0,0.3171498477458954,0.0001,0.0,9.478,1.0313,0.277
1539,stage1,1,0.2666255533695221,0.43524059653282166,0.0,0.2666255533695221,0.0001,0.0,9.478,0.727,0.2773
1540,stage1,1,0.28333184123039246,0.45221447944641113,0.0,0.28333184123039246,0.0001,0.0,9.478,1.1399,0.2775
1541,stage1,1,0.24051477015018463,0.41171956062316895,0.0,0.24051477015018463,0.0001,0.0,9.478,1.1054,0.2785
1542,stage1,1,0.3193618059158325,0.44009333848953247,0.0,0.3193618059158325,0.0001,0.0,9.478,1.0675,0.2773
1543,stage1,1,0.3049032390117645,0.4255319833755493,0.0,0.3049032390117645,0.0001,0.0,9.478,0.9192,0.2779
1544,stage1,1,0.2597915232181549,0.4181860387325287,0.0,0.2597915232181549,0.0001,0.0,9.478,0.8313,4.1224
1545,stage1,1,0.3376220762729645,0.46250608563423157,0.0,0.3376220762729645,0.0001,0.0,9.478,1.3959,2.3883
1546,stage1,1,0.29847651720046997,0.4254128038883209,0.0,0.29847651720046997,0.0001,0.0,9.478,1.0329,0.2776
1547,stage1,1,0.3025438189506531,0.437821626663208,0.0,0.3025438189506531,0.0001,0.0,9.478,0.9662,0.2777
1548,stage1,1,0.29192808270454407,0.4468304216861725,0.0,0.29192808270454407,0.0001,0.0,9.478,1.3863,0.278
1549,stage1,1,0.28100958466529846,0.44249093532562256,0.0,0.28100958466529846,0.0001,0.0,9.478,1.1562,0.2779
1550,stage1,1,0.24249503016471863,0.3981949985027313,0.0,0.24249503016471863,0.0001,0.0,9.478,0.7528,0.2778
1551,stage1,1,0.33927181363105774,0.43142935633659363,0.0,0.33927181363105774,0.0001,0.0,9.478,1.0201,0.2783
1552,stage1,1,0.28201937675476074,0.43215540051460266,0.0,0.28201937675476074,0.0001,0.0,9.478,0.991,4.0282
1553,stage1,1,0.28676241636276245,0.44132474064826965,0.0,0.28676241636276245,0.0001,0.0,9.478,0.9365,2.4051
1554,stage1,1,0.27617311477661133,0.41966283321380615,0.0,0.27617311477661133,0.0001,0.0,9.478,1.0365,0.2777
1555,stage1,1,0.3162238597869873,0.4314476251602173,0.0,0.3162238597869873,0.0001,0.0,9.478,1.1031,0.277
1556,stage1,1,0.29086849093437195,0.43783560395240784,0.0,0.29086849093437195,0.0001,0.0,9.478,1.2323,0.2784
1557,stage1,1,0.33885055780410767,0.474242240190506,0.0,0.33885055780410767,0.0001,0.0,9.478,1.0115,0.2782
1558,stage1,1,0.3018212914466858,0.4191405773162842,0.0,0.3018212914466858,0.0001,0.0,9.478,0.8266,0.278
1559,stage1,1,0.3448590636253357,0.43110188841819763,0.0,0.3448590636253357,0.0001,0.0,9.478,1.0859,0.2782
1560,stage1,1,0.2888909578323364,0.43131086230278015,0.0,0.2888909578323364,0.0001,0.0,9.478,1.0802,4.2047
1561,stage1,1,0.24495834112167358,0.41965240240097046,0.0,0.24495834112167358,0.0001,0.0,9.478,1.0547,2.3968
1562,stage1,1,0.21056577563285828,0.3976334035396576,0.0,0.21056577563285828,0.0001,0.0,9.478,0.6196,0.2772
1563,stage1,1,0.3363598585128784,0.47165027260780334,0.0,0.3363598585128784,0.0001,0.0,9.478,1.3378,0.2773
1564,stage1,1,0.29931238293647766,0.42750096321105957,0.0,0.29931238293647766,0.0001,0.0,9.478,1.2196,0.278
1565,stage1,1,0.28737789392471313,0.46355322003364563,0.0,0.28737789392471313,0.0001,0.0,9.478,1.0347,0.2775
1566,stage1,1,0.2717687785625458,0.4444141983985901,0.0,0.2717687785625458,0.0001,0.0,9.478,0.8763,0.2787
1567,stage1,1,0.29044342041015625,0.4353528916835785,0.0,0.29044342041015625,0.0001,0.0,9.478,1.0977,0.2776
1568,stage1,1,0.2707765996456146,0.45229339599609375,0.0,0.2707765996456146,0.0001,0.0,9.478,0.9793,4.18
1569,stage1,1,0.24793151021003723,0.4025447368621826,0.0,0.24793151021003723,0.0001,0.0,9.478,0.7773,2.3869
1570,stage1,1,0.27455082535743713,0.4551829695701599,0.0,0.27455082535743713,0.0001,0.0,9.478,1.165,0.2767
1571,stage1,1,0.3337787389755249,0.4478532671928406,0.0,0.3337787389755249,0.0001,0.0,9.478,1.0536,0.2777
1572,stage1,1,0.2842849791049957,0.44230687618255615,0.0,0.2842849791049957,0.0001,0.0,9.478,0.8937,0.2783
1573,stage1,1,0.27502939105033875,0.41581857204437256,0.0,0.27502939105033875,0.0001,0.0,9.478,0.9976,0.278
1574,stage1,1,0.34320753812789917,0.4772724509239197,0.0,0.34320753812789917,0.0001,0.0,9.478,1.159,0.2779
1575,stage1,1,0.22529418766498566,0.3849247694015503,0.0,0.22529418766498566,0.0001,0.0,9.478,0.8196,0.2776
1576,stage1,1,0.2581145465373993,0.4370211660861969,0.0,0.2581145465373993,0.0001,0.0,9.478,0.7637,4.0744
1577,stage1,1,0.26088565587997437,0.4139147400856018,0.0,0.26088565587997437,0.0001,0.0,9.478,0.8346,2.5666
1578,stage1,1,0.293056458234787,0.477790892124176,0.0,0.293056458234787,0.0001,0.0,9.478,1.0791,0.2773
1579,stage1,1,0.2704276740550995,0.42747488617897034,0.0,0.2704276740550995,0.0001,0.0,9.478,0.856,0.2781
1580,stage1,1,0.288939505815506,0.42702898383140564,0.0,0.288939505815506,0.0001,0.0,9.478,1.009,0.2785
1581,stage1,1,0.31215402483940125,0.43744781613349915,0.0,0.31215402483940125,0.0001,0.0,9.478,0.8727,0.2784
1582,stage1,1,0.35411208868026733,0.45480096340179443,0.0,0.35411208868026733,0.0001,0.0,9.478,1.0185,0.2777
1583,stage1,1,0.2926081717014313,0.4253757894039154,0.0,0.2926081717014313,0.0001,0.0,9.478,0.9174,0.2782
1584,stage1,1,0.2730526924133301,0.4030607342720032,0.0,0.2730526924133301,0.0001,0.0,9.478,0.8063,3.9074
1585,stage1,1,0.24145153164863586,0.41325274109840393,0.0,0.24145153164863586,0.0001,0.0,9.478,0.9311,2.7777
1586,stage1,1,0.2747960686683655,0.4322544038295746,0.0,0.2747960686683655,0.0001,0.0,9.478,0.8782,0.2767
1587,stage1,1,0.32134053111076355,0.44295263290405273,0.0,0.32134053111076355,0.0001,0.0,9.478,1.1878,0.2778
1588,stage1,1,0.3229592740535736,0.4297640919685364,0.0,0.3229592740535736,0.0001,0.0,9.478,0.9375,0.2777
1589,stage1,1,0.28033116459846497,0.44190168380737305,0.0,0.28033116459846497,0.0001,0.0,9.478,1.2477,0.2775
1590,stage1,1,0.276254266500473,0.4331739544868469,0.0,0.276254266500473,0.0001,0.0,9.478,0.9697,0.2783
1591,stage1,1,0.2881801426410675,0.45165327191352844,0.0,0.2881801426410675,0.0001,0.0,9.478,1.1257,0.2843
1592,stage1,1,0.278288334608078,0.4533584415912628,0.0,0.278288334608078,0.0001,0.0,9.478,1.0962,3.7407
1593,stage1,1,0.28329235315322876,0.44498416781425476,0.0,0.28329235315322876,0.0001,0.0,9.478,1.0778,3.025
1594,stage1,1,0.2804460823535919,0.4374045431613922,0.0,0.2804460823535919,0.0001,0.0,9.478,0.8768,0.2767
1595,stage1,1,0.2724043130874634,0.43364593386650085,0.0,0.2724043130874634,0.0001,0.0,9.478,0.8267,0.278
1596,stage1,1,0.28114989399909973,0.42610013484954834,0.0,0.28114989399909973,0.0001,0.0,9.478,0.818,0.2774
1597,stage1,1,0.2604370713233948,0.3978652060031891,0.0,0.2604370713233948,0.0001,0.0,9.478,0.8315,0.2778
1598,stage1,1,0.3110488951206207,0.4370972216129303,0.0,0.3110488951206207,0.0001,0.0,9.478,1.0088,0.2782
1599,stage1,1,0.2973896563053131,0.4416656196117401,0.0,0.2973896563053131,0.0001,0.0,9.478,0.9451,0.278
1600,stage1,1,0.23189592361450195,0.4041270315647125,0.0,0.23189592361450195,0.0001,0.0,9.478,0.87,3.5225
1601,stage1,1,0.31220781803131104,0.44792497158050537,0.0,0.31220781803131104,0.0001,0.0,9.478,1.35,3.1856
1602,stage1,1,0.306648313999176,0.44443565607070923,0.0,0.306648313999176,0.0001,0.0,9.478,1.2742,0.278
1603,stage1,1,0.24198146164417267,0.4045218229293823,0.0,0.24198146164417267,0.0001,0.0,9.478,1.1522,0.2775
1604,stage1,1,0.2896336615085602,0.41004040837287903,0.0,0.2896336615085602,0.0001,0.0,9.478,0.879,0.2784
1605,stage1,1,0.30100318789482117,0.46798163652420044,0.0,0.30100318789482117,0.0001,0.0,9.478,1.4238,0.31
1606,stage1,1,0.24133603274822235,0.40901151299476624,0.0,0.24133603274822235,0.0001,0.0,9.478,1.2337,0.2781
1607,stage1,1,0.27129805088043213,0.4557284414768219,0.0,0.27129805088043213,0.0001,0.0,9.478,1.0402,0.2783
1608,stage1,1,0.2619498372077942,0.4415423274040222,0.0,0.2619498372077942,0.0001,0.0,9.478,0.7202,3.4026
1609,stage1,1,0.24214646220207214,0.44162097573280334,0.0,0.24214646220207214,0.0001,0.0,9.478,0.9118,3.0429
1610,stage1,1,0.2772759795188904,0.436477929353714,0.0,0.2772759795188904,0.0001,0.0,9.478,1.122,0.2771
1611,stage1,1,0.24729818105697632,0.4145195484161377,0.0,0.24729818105697632,0.0001,0.0,9.478,0.8455,0.2773
1612,stage1,1,0.2867368757724762,0.44438937306404114,0.0,0.2867368757724762,0.0001,0.0,9.478,0.9944,0.277
1613,stage1,1,0.28383833169937134,0.4173632562160492,0.0,0.28383833169937134,0.0001,0.0,9.478,0.8986,0.6286
1614,stage1,1,0.2859026789665222,0.4220876097679138,0.0,0.2859026789665222,0.0001,0.0,9.478,0.8596,0.2827
1615,stage1,1,0.2642778158187866,0.4510955512523651,0.0,0.2642778158187866,0.0001,0.0,9.478,0.9217,0.2765
1616,stage1,1,0.2990638315677643,0.47884294390678406,0.0,0.2990638315677643,0.0001,0.0,9.478,0.9187,3.0551
1617,stage1,1,0.2660021483898163,0.40841561555862427,0.0,0.2660021483898163,0.0001,0.0,9.478,1.0405,2.973
1618,stage1,1,0.3023812472820282,0.42225855588912964,0.0,0.3023812472820282,0.0001,0.0,9.478,0.9847,0.2768
1619,stage1,1,0.3054870665073395,0.45299920439720154,0.0,0.3054870665073395,0.0001,0.0,9.478,0.9232,0.2768
1620,stage1,1,0.2549069821834564,0.41199663281440735,0.0,0.2549069821834564,0.0001,0.0,9.478,0.7717,0.2783
1621,stage1,1,0.31914469599723816,0.48857060074806213,0.0,0.31914469599723816,0.0001,0.0,9.478,1.0502,1.0966
1622,stage1,1,0.2711988091468811,0.4337533116340637,0.0,0.2711988091468811,0.0001,0.0,9.478,0.9584,0.2771
1623,stage1,1,0.3217698931694031,0.4631338119506836,0.0,0.3217698931694031,0.0001,0.0,9.478,1.1576,0.2776
1624,stage1,1,0.2507253885269165,0.4009036719799042,0.0,0.2507253885269165,0.0001,0.0,9.478,0.9677,2.7576
1625,stage1,1,0.28534039855003357,0.4415130317211151,0.0,0.28534039855003357,0.0001,0.0,9.478,1.1821,3.0693
1626,stage1,1,0.2718462347984314,0.42526617646217346,0.0,0.2718462347984314,0.0001,0.0,9.478,0.903,0.2768
1627,stage1,1,0.3398187458515167,0.44599953293800354,0.0,0.3398187458515167,0.0001,0.0,9.478,1.2652,0.2768
1628,stage1,1,0.2549516558647156,0.4532011151313782,0.0,0.2549516558647156,0.0001,0.0,9.478,0.9394,0.2782
1629,stage1,1,0.2567543685436249,0.44207119941711426,0.0,0.2567543685436249,0.0001,0.0,9.478,0.9563,1.1572
1630,stage1,1,0.3640878200531006,0.466110497713089,0.0,0.3640878200531006,0.0001,0.0,9.478,1.3151,0.277
1631,stage1,1,0.28693389892578125,0.4198061227798462,0.0,0.28693389892578125,0.0001,0.0,9.478,0.9286,0.2775
1632,stage1,1,0.3005135655403137,0.42808443307876587,0.0,0.3005135655403137,0.0001,0.0,9.478,0.9016,2.5584
1633,stage1,1,0.24994564056396484,0.43365758657455444,0.0,0.24994564056396484,0.0001,0.0,9.478,0.8453,3.0435
1634,stage1,1,0.3074507713317871,0.4278120696544647,0.0,0.3074507713317871,0.0001,0.0,9.478,1.1809,0.2764
1635,stage1,1,0.26504093408584595,0.4059722423553467,0.0,0.26504093408584595,0.0001,0.0,9.478,0.9472,0.2768
1636,stage1,1,0.24032248556613922,0.3888338804244995,0.0,0.24032248556613922,0.0001,0.0,9.478,0.8395,0.2774
1637,stage1,1,0.311257541179657,0.43118783831596375,0.0,0.311257541179657,0.0001,0.0,9.478,1.2888,1.2926
1638,stage1,1,0.2638538181781769,0.43576693534851074,0.0,0.2638538181781769,0.0001,0.0,9.478,0.8117,0.2768
1639,stage1,1,0.21819837391376495,0.4222807288169861,0.0,0.21819837391376495,0.0001,0.0,9.478,0.8315,0.2773
1640,stage1,1,0.26439857482910156,0.44275951385498047,0.0,0.26439857482910156,0.0001,0.0,9.478,0.9322,2.3882
1641,stage1,1,0.27980491518974304,0.437938928604126,0.0,0.27980491518974304,0.0001,0.0,9.478,1.0184,3.0762
1642,stage1,1,0.3192023038864136,0.4491431713104248,0.0,0.3192023038864136,0.0001,0.0,9.478,1.2521,0.2764
1643,stage1,1,0.3187897503376007,0.45969370007514954,0.0,0.3187897503376007,0.0001,0.0,9.478,1.1274,0.2776
1644,stage1,1,0.35146287083625793,0.4438468813896179,0.0,0.35146287083625793,0.0001,0.0,9.478,1.3576,0.2773
1645,stage1,1,0.25960102677345276,0.4375040829181671,0.0,0.25960102677345276,0.0001,0.0,9.478,0.9564,1.3855
1646,stage1,1,0.2521646022796631,0.40498271584510803,0.0,0.2521646022796631,0.0001,0.0,9.478,1.1749,0.2774
1647,stage1,1,0.24874834716320038,0.41183942556381226,0.0,0.24874834716320038,0.0001,0.0,9.478,0.9965,0.2782
1648,stage1,1,0.27417752146720886,0.4461410641670227,0.0,0.27417752146720886,0.0001,0.0,9.478,0.8823,2.6486
1649,stage1,1,0.27786579728126526,0.4210685193538666,0.0,0.27786579728126526,0.0001,0.0,9.478,0.9138,2.673
1650,stage2,0,0.27974632382392883,0.43023481965065,0.0,0.27974632382392883,0.0001,2e-08,48.4,3.8734,9.0106
1651,stage2,0,0.3032536208629608,0.43850454688072205,0.0,0.3032536208629608,0.0001,4e-08,50.337,5.4006,0.6276
1652,stage2,0,0.3044936954975128,0.4770396053791046,0.0,0.3044936954975128,0.0001,6.000000000000001e-08,50.336,4.7929,0.6241
1653,stage2,0,0.27358701825141907,0.41796186566352844,0.0,0.27358701825141907,0.0001,8e-08,50.339,3.9721,0.6251
1654,stage2,0,0.23232756555080414,0.42114973068237305,0.0,0.23232756555080414,0.0001,1.0000000000000001e-07,50.344,3.2328,0.6247
1655,stage2,0,0.2658345401287079,0.44354766607284546,0.0,0.2658345401287079,0.0001,1.2000000000000002e-07,50.34,3.6368,0.6248
1656,stage2,0,0.27227726578712463,0.4256244897842407,0.0,0.27227726578712463,0.0001,1.4e-07,50.339,3.2753,0.6252
1657,stage2,0,0.2822398841381073,0.4761475622653961,0.0,0.2822398841381073,0.0001,1.6e-07,50.336,3.6519,0.6261
1658,stage2,0,0.28397518396377563,0.42479270696640015,0.0,0.28397518396377563,0.0001,1.8e-07,50.335,3.952,3.5936
1659,stage2,0,0.2413625866174698,0.41571927070617676,0.0,0.2413625866174698,0.0001,2.0000000000000002e-07,50.34,3.2785,0.6256
1660,stage2,0,0.3101530075073242,0.4625106453895569,0.0,0.3101530075073242,0.0001,2.2e-07,50.34,3.7919,0.6262
1661,stage2,0,0.25695744156837463,0.42612698674201965,0.0,0.25695744156837463,0.0001,2.4000000000000003e-07,50.338,2.5779,0.6261
1662,stage2,0,0.31578758358955383,0.4653887450695038,0.0,0.31578758358955383,0.0001,2.6e-07,50.34,3.5195,0.6263
1663,stage2,0,0.3212366998195648,0.4230573773384094,0.0,0.3212366998195648,0.0001,2.8e-07,50.335,3.9477,0.6268
1664,stage2,0,0.2905673384666443,0.41920456290245056,0.0,0.2905673384666443,0.0001,3.0000000000000004e-07,50.341,3.493,0.6269
1665,stage2,0,0.27193528413772583,0.4184085428714752,0.0,0.27193528413772583,0.0001,3.2e-07,50.341,3.2491,0.6275
1666,stage2,0,0.30740979313850403,0.4633929133415222,0.0,0.30740979313850403,0.0001,3.4000000000000003e-07,50.345,3.8192,3.6646
1667,stage2,0,0.26885509490966797,0.4288783669471741,0.0,0.26885509490966797,0.0001,3.6e-07,50.337,3.7733,0.6275
1668,stage2,0,0.3069332540035248,0.4367513060569763,0.0,0.3069332540035248,0.0001,3.8e-07,50.337,3.7265,0.627
1669,stage2,0,0.2842455506324768,0.44825008511543274,0.0,0.2842455506324768,0.0001,4.0000000000000003e-07,50.337,3.2233,0.6269
1670,stage2,0,0.32428333163261414,0.4453462064266205,0.0,0.32428333163261414,0.0001,4.2000000000000006e-07,50.34,4.0234,0.6279
1671,stage2,0,0.2817056179046631,0.4190683960914612,0.0,0.2817056179046631,0.0001,4.4e-07,50.341,3.6152,0.6279
1672,stage2,0,0.27208274602890015,0.4284987151622772,0.0,0.27208274602890015,0.0001,4.6000000000000004e-07,50.337,3.4788,0.6289
1673,stage2,0,0.2730877101421356,0.4228890836238861,0.0,0.2730877101421356,0.0001,4.800000000000001e-07,50.34,3.1001,0.6298
1674,stage2,0,0.2697417736053467,0.42791852355003357,0.0,0.2697417736053467,0.0001,5.000000000000001e-07,50.341,3.0015,3.5848
1675,stage2,0,0.2965521812438965,0.4703538715839386,0.0,0.2965521812438965,0.0001,5.2e-07,50.341,4.1799,0.6279
1676,stage2,0,0.2635972201824188,0.42910122871398926,0.0,0.2635972201824188,0.0001,5.4e-07,50.345,3.4237,0.6287
1677,stage2,0,0.3445846140384674,0.45452332496643066,0.0,0.3445846140384674,0.0001,5.6e-07,50.338,5.2545,0.629
1678,stage2,0,0.2710682153701782,0.4259204566478729,0.0,0.2710682153701782,0.0001,5.800000000000001e-07,50.337,3.531,0.6295
1679,stage2,0,0.3095181882381439,0.42673444747924805,0.0,0.3095181882381439,0.0001,6.000000000000001e-07,50.34,4.3354,0.6285
1680,stage2,0,0.26871630549430847,0.4447746276855469,0.0,0.26871630549430847,0.0001,6.200000000000001e-07,50.342,3.83,0.6283
1681,stage2,0,0.23591259121894836,0.4314276874065399,0.0,0.23591259121894836,0.0001,6.4e-07,50.337,3.2805,0.6285
1682,stage2,0,0.26269954442977905,0.4071541130542755,0.0,0.26269954442977905,0.0001,6.6e-07,50.342,4.0374,3.5776
1683,stage2,0,0.2708139717578888,0.4205232262611389,0.0,0.2708139717578888,0.0001,6.800000000000001e-07,50.337,4.3839,0.6285
1684,stage2,0,0.2702656388282776,0.4154866635799408,0.0,0.2702656388282776,0.0001,7.000000000000001e-07,50.341,2.7588,0.6288
1685,stage2,0,0.28398314118385315,0.41551530361175537,0.0,0.28398314118385315,0.0001,7.2e-07,50.343,4.4381,0.6291
1686,stage2,0,0.2970772981643677,0.41927191615104675,0.0,0.2970772981643677,0.0001,7.4e-07,50.335,3.9838,0.6294
1687,stage2,0,0.282079815864563,0.4295620024204254,0.0,0.282079815864563,0.0001,7.6e-07,50.337,3.4659,0.6293
1688,stage2,0,0.2671121060848236,0.42856669425964355,0.0,0.2671121060848236,0.0001,7.8e-07,50.346,2.9183,0.6299
1689,stage2,0,0.22939974069595337,0.4164089262485504,0.0,0.22939974069595337,0.0001,8.000000000000001e-07,50.336,2.54,0.6295
1690,stage2,0,0.2796574532985687,0.42824411392211914,0.0,0.2796574532985687,0.0001,8.200000000000001e-07,50.338,3.5826,3.6088
1691,stage2,0,0.33773019909858704,0.4487292468547821,0.0,0.33773019909858704,0.0001,8.400000000000001e-07,50.341,5.3056,0.6295
1692,stage2,0,0.25979679822921753,0.41934967041015625,0.0,0.25979679822921753,0.0001,8.6e-07,50.342,4.1583,0.6297
1693,stage2,0,0.3232385814189911,0.4378218650817871,0.0,0.3232385814189911,0.0001,8.8e-07,50.341,3.3556,0.6295
1694,stage2,0,0.3192124664783478,0.4387991726398468,0.0,0.3192124664783478,0.0001,9.000000000000001e-07,50.342,3.6556,0.6308
1695,stage2,0,0.24442198872566223,0.4299680292606354,0.0,0.24442198872566223,0.0001,9.200000000000001e-07,50.338,3.5434,0.6306
1696,stage2,0,0.26620712876319885,0.42969703674316406,0.0,0.26620712876319885,0.0001,9.400000000000001e-07,50.339,5.2795,0.6307
1697,stage2,0,0.29872041940689087,0.4107546806335449,0.0,0.29872041940689087,0.0001,9.600000000000001e-07,50.337,4.2156,0.6313
1698,stage2,0,0.26243945956230164,0.4301720857620239,0.0,0.26243945956230164,0.0001,9.800000000000001e-07,50.34,3.8301,3.6433
1699,stage2,0,0.24889320135116577,0.4006483256816864,0.0,0.24889320135116577,0.0001,1.0000000000000002e-06,50.343,2.8343,0.6297
1700,stage2,0,0.2729535400867462,0.42318859696388245,0.0,0.2729535400867462,0.0001,1.02e-06,50.341,3.7371,0.6307
1701,stage2,0,0.2622857093811035,0.4273012578487396,0.0,0.2622857093811035,0.0001,1.04e-06,50.344,4.884,0.6303
1702,stage2,0,0.2855737507343292,0.41810956597328186,0.0,0.2855737507343292,0.0001,1.06e-06,50.342,3.3821,0.6306
1703,stage2,0,0.24899794161319733,0.4083963930606842,0.0,0.24899794161319733,0.0001,1.08e-06,50.34,4.0306,0.6315
1704,stage2,0,0.281369686126709,0.4300694167613983,0.0,0.281369686126709,0.0001,1.1e-06,50.34,4.1902,0.6312
1705,stage2,0,0.27705687284469604,0.4126402735710144,0.0,0.27705687284469604,0.0001,1.12e-06,50.341,3.926,0.6322
1706,stage2,0,0.26314347982406616,0.4140157103538513,0.0,0.26314347982406616,0.0001,1.14e-06,50.339,3.9297,3.6209
1707,stage2,0,0.24246592819690704,0.4037644565105438,0.0,0.24246592819690704,0.0001,1.1600000000000001e-06,50.341,3.9235,0.6308
1708,stage2,0,0.25289657711982727,0.4170050323009491,0.0,0.25289657711982727,0.0001,1.1800000000000001e-06,50.343,3.4472,0.6317
1709,stage2,0,0.29396024346351624,0.427788645029068,0.0,0.29396024346351624,0.0001,1.2000000000000002e-06,50.34,3.8115,0.6316
1710,stage2,0,0.2777974009513855,0.4400362968444824,0.0,0.2777974009513855,0.0001,1.2200000000000002e-06,50.344,4.3848,0.6317
1711,stage2,0,0.29231253266334534,0.4519978165626526,0.0,0.29231253266334534,0.0001,1.2400000000000002e-06,50.341,3.7753,0.632
1712,stage2,0,0.28218042850494385,0.44224029779434204,0.0,0.28218042850494385,0.0001,1.26e-06,50.34,4.6178,0.6328
1713,stage2,0,0.2660362124443054,0.4242574870586395,0.0,0.2660362124443054,0.0001,1.28e-06,50.34,4.016,0.6328
1714,stage2,0,0.2711518108844757,0.42871180176734924,0.0,0.2711518108844757,0.0001,1.3e-06,50.342,3.5951,3.6131
1715,stage2,0,0.2850644588470459,0.4245940148830414,0.0,0.2850644588470459,0.0001,1.32e-06,50.343,3.8924,0.6321
1716,stage2,0,0.27473127841949463,0.4327388405799866,0.0,0.27473127841949463,0.0001,1.34e-06,50.343,3.8292,0.6318
1717,stage2,0,0.3139827251434326,0.4645325541496277,0.0,0.3139827251434326,0.0001,1.3600000000000001e-06,50.345,4.0872,0.6329
1718,stage2,0,0.3131369948387146,0.4402519166469574,0.0,0.3131369948387146,0.0001,1.3800000000000001e-06,50.342,5.1595,0.6321
1719,stage2,0,0.29888734221458435,0.41853776574134827,0.0,0.29888734221458435,0.0001,1.4000000000000001e-06,50.343,4.0584,0.6324
1720,stage2,0,0.2716096341609955,0.432239294052124,0.0,0.2716096341609955,0.0001,1.42e-06,50.341,3.4905,0.6333
1721,stage2,0,0.29320085048675537,0.44816023111343384,0.0,0.29320085048675537,0.0001,1.44e-06,50.341,3.6668,0.6332
1722,stage2,0,0.26890867948532104,0.4216683506965637,0.0,0.26890867948532104,0.0001,1.46e-06,50.338,3.305,3.6383
1723,stage2,0,0.2745055854320526,0.4204213321208954,0.0,0.2745055854320526,0.0001,1.48e-06,50.339,2.9736,0.6315
1724,stage2,0,0.23557887971401215,0.41472724080085754,0.0,0.23557887971401215,0.0001,1.5e-06,50.343,3.7781,0.632
1725,stage2,0,0.2908267676830292,0.42270609736442566,0.0,0.2908267676830292,0.0001,1.52e-06,50.348,4.0727,0.6337
1726,stage2,0,0.3207138180732727,0.4547974467277527,0.0,0.3207138180732727,0.0001,1.54e-06,50.346,3.644,0.6341
1727,stage2,0,0.25940197706222534,0.42525407671928406,0.0,0.25940197706222534,0.0001,1.56e-06,50.34,2.9797,0.6339
1728,stage2,0,0.31569185853004456,0.42991963028907776,0.0,0.31569185853004456,0.0001,1.5800000000000001e-06,50.343,4.5721,0.6335
1729,stage2,0,0.25269925594329834,0.41821399331092834,0.0,0.25269925594329834,0.0001,1.6000000000000001e-06,50.339,3.6942,0.6343
1730,stage2,0,0.21715423464775085,0.38057613372802734,0.0,0.21715423464775085,0.0001,1.6200000000000002e-06,50.34,2.6492,3.5386
1731,stage2,0,0.2728278636932373,0.4256267249584198,0.0,0.2728278636932373,0.0001,1.6400000000000002e-06,50.341,3.7502,0.6329
1732,stage2,0,0.28667399287223816,0.41688671708106995,0.0,0.28667399287223816,0.0001,1.6600000000000002e-06,50.342,3.6959,0.6327
1733,stage2,0,0.25991150736808777,0.4170934557914734,0.0,0.25991150736808777,0.0001,1.6800000000000002e-06,50.339,2.7349,0.633
1734,stage2,0,0.2663225531578064,0.4507354497909546,0.0,0.2663225531578064,0.0001,1.7000000000000002e-06,50.339,3.2769,0.6337
1735,stage2,0,0.26708361506462097,0.4408333897590637,0.0,0.26708361506462097,0.0001,1.72e-06,50.343,4.4341,0.6345
1736,stage2,0,0.2511900067329407,0.4245855212211609,0.0,0.2511900067329407,0.0001,1.74e-06,50.34,3.6197,0.6345
1737,stage2,0,0.23341932892799377,0.42735639214515686,0.0,0.23341932892799377,0.0001,1.76e-06,50.343,2.701,0.6347
1738,stage2,0,0.2853867709636688,0.43630677461624146,0.0,0.2853867709636688,0.0001,1.7800000000000001e-06,50.348,3.6293,3.523
1739,stage2,0,0.2555071711540222,0.44097912311553955,0.0,0.2555071711540222,0.0001,1.8000000000000001e-06,50.341,3.9717,0.633
1740,stage2,0,0.2556065618991852,0.4168485105037689,0.0,0.2556065618991852,0.0001,1.8200000000000002e-06,50.343,2.5009,0.6332
1741,stage2,0,0.2327440232038498,0.4142245054244995,0.0,0.2327440232038498,0.0001,1.8400000000000002e-06,50.345,3.5341,0.6339
1742,stage2,0,0.3054679334163666,0.4461737275123596,0.0,0.3054679334163666,0.0001,1.8600000000000002e-06,50.341,3.6873,0.6336
1743,stage2,0,0.29673323035240173,0.44887399673461914,0.0,0.29673323035240173,0.0001,1.8800000000000002e-06,50.343,3.9175,0.6343
1744,stage2,0,0.2912251055240631,0.42413103580474854,0.0,0.2912251055240631,0.0001,1.9000000000000002e-06,50.339,3.6478,0.6347
1745,stage2,0,0.24976539611816406,0.42481979727745056,0.0,0.24976539611816406,0.0001,1.9200000000000003e-06,50.342,4.4748,0.6352
1746,stage2,0,0.28251609206199646,0.4456912875175476,0.0,0.28251609206199646,0.0001,1.94e-06,50.34,3.6476,3.5034
1747,stage2,0,0.2315993756055832,0.42511776089668274,0.0,0.2315993756055832,0.0001,1.9600000000000003e-06,50.34,3.3139,0.634
1748,stage2,0,0.2738018333911896,0.42596685886383057,0.0,0.2738018333911896,0.0001,1.98e-06,50.338,4.0287,0.6338
1749,stage2,0,0.24018310010433197,0.43055108189582825,0.0,0.24018310010433197,0.0001,2.0000000000000003e-06,50.341,2.9237,0.634
1750,stage2,0,0.27897366881370544,0.425484836101532,0.0,0.27897366881370544,0.0001,2.02e-06,50.34,4.5147,0.6349
1751,stage2,0,0.2379768043756485,0.41203540563583374,0.0,0.2379768043756485,0.0001,2.04e-06,50.344,2.6444,0.6355
1752,stage2,0,0.22414231300354004,0.39614927768707275,0.0,0.22414231300354004,0.0001,2.06e-06,50.339,3.3449,0.635
1753,stage2,0,0.28870752453804016,0.420205295085907,0.0,0.28870752453804016,0.0001,2.08e-06,50.34,5.0242,0.6353
1754,stage2,0,0.20721566677093506,0.37848085165023804,0.0,0.20721566677093506,0.0001,2.1000000000000002e-06,50.342,3.1642,3.5271
1755,stage2,0,0.2512877881526947,0.4010080099105835,0.0,0.2512877881526947,0.0001,2.12e-06,50.344,4.1064,0.6343
1756,stage2,0,0.25658103823661804,0.4180123507976532,0.0,0.25658103823661804,0.0001,2.1400000000000003e-06,50.34,2.9351,0.6345
1757,stage2,0,0.25869515538215637,0.43059447407722473,0.0,0.25869515538215637,0.0001,2.16e-06,50.345,3.4929,0.6353
1758,stage2,0,0.2665760815143585,0.4034980535507202,0.0,0.2665760815143585,0.0001,2.1800000000000003e-06,50.34,3.7411,0.6348
1759,stage2,0,0.28533679246902466,0.42104417085647583,0.0,0.28533679246902466,0.0001,2.2e-06,50.339,5.1107,0.6354
1760,stage2,0,0.2741144001483917,0.42386022210121155,0.0,0.2741144001483917,0.0001,2.2200000000000003e-06,50.345,3.5034,0.6354
1761,stage2,0,0.2405804693698883,0.43066927790641785,0.0,0.2405804693698883,0.0001,2.24e-06,50.34,3.277,0.6358
1762,stage2,0,0.25269007682800293,0.3953878581523895,0.0,0.25269007682800293,0.0001,2.2600000000000004e-06,50.344,3.4826,3.5221
1763,stage2,0,0.2848939001560211,0.434812068939209,0.0,0.2848939001560211,0.0001,2.28e-06,50.341,3.652,0.6343
1764,stage2,0,0.23938502371311188,0.4012015759944916,0.0,0.23938502371311188,0.0001,2.3000000000000004e-06,50.34,3.4977,0.6345
1765,stage2,0,0.22067953646183014,0.3907640874385834,0.0,0.22067953646183014,0.0001,2.3200000000000002e-06,50.341,2.6468,0.6347
1766,stage2,0,0.26333874464035034,0.4482976496219635,0.0,0.26333874464035034,0.0001,2.3400000000000005e-06,50.345,3.1371,0.6347
1767,stage2,0,0.2830870449542999,0.4405030310153961,0.0,0.2830870449542999,0.0001,2.3600000000000003e-06,50.343,3.688,0.6355
1768,stage2,0,0.29503366351127625,0.44817620515823364,0.0,0.29503366351127625,0.0001,2.38e-06,50.341,3.6423,0.6356
1769,stage2,0,0.3200087249279022,0.4327608048915863,0.0,0.3200087249279022,0.0001,2.4000000000000003e-06,50.34,5.4803,0.6366
1770,stage2,0,0.23647405207157135,0.428646057844162,0.0,0.23647405207157135,0.0001,2.42e-06,50.341,3.338,3.5172
1771,stage2,0,0.2104615420103073,0.3720588684082031,0.0,0.2104615420103073,0.0001,2.4400000000000004e-06,50.338,3.126,0.6354
1772,stage2,0,0.27489155530929565,0.41696298122406006,0.0,0.27489155530929565,0.0001,2.46e-06,50.341,4.1439,0.6355
1773,stage2,0,0.26712310314178467,0.42862898111343384,0.0,0.26712310314178467,0.0001,2.4800000000000004e-06,50.34,3.4641,0.6361
1774,stage2,0,0.2752939462661743,0.4318842887878418,0.0,0.2752939462661743,0.0001,2.5e-06,50.341,4.3196,0.636
1775,stage2,0,0.28142064809799194,0.44913846254348755,0.0,0.28142064809799194,0.0001,2.52e-06,50.343,3.4761,0.6357
1776,stage2,0,0.21065810322761536,0.4530470073223114,0.0,0.21065810322761536,0.0001,2.5400000000000002e-06,50.345,3.3441,0.6367
1777,stage2,0,0.27789732813835144,0.4284661114215851,0.0,0.27789732813835144,0.0001,2.56e-06,50.337,4.7223,0.636
1778,stage2,0,0.24669840931892395,0.41696277260780334,0.0,0.24669840931892395,0.0001,2.5800000000000003e-06,50.339,3.6642,3.528
1779,stage2,0,0.32954153418540955,0.4382353127002716,0.0,0.32954153418540955,0.0001,2.6e-06,50.344,4.6864,0.6348
1780,stage2,0,0.27423611283302307,0.4398222863674164,0.0,0.27423611283302307,0.0001,2.6200000000000003e-06,50.342,4.0873,0.6353
1781,stage2,0,0.27861955761909485,0.430128276348114,0.0,0.27861955761909485,0.0001,2.64e-06,50.338,4.1538,0.6351
1782,stage2,0,0.23086486756801605,0.3925875425338745,0.0,0.23086486756801605,0.0001,2.6600000000000004e-06,50.341,3.2584,0.6357
1783,stage2,0,0.2836584746837616,0.4227149188518524,0.0,0.2836584746837616,0.0001,2.68e-06,50.339,4.3892,0.6363
1784,stage2,0,0.27752360701560974,0.4420633316040039,0.0,0.27752360701560974,0.0001,2.7000000000000004e-06,50.338,3.9595,0.6356
1785,stage2,0,0.29190361499786377,0.41387683153152466,0.0,0.29190361499786377,0.0001,2.7200000000000002e-06,50.345,3.9073,0.637
1786,stage2,0,0.27512049674987793,0.44075801968574524,0.0,0.27512049674987793,0.0001,2.7400000000000004e-06,50.34,4.1658,3.5412
1787,stage2,0,0.24964669346809387,0.40603211522102356,0.0,0.24964669346809387,0.0001,2.7600000000000003e-06,50.339,4.374,0.6346
1788,stage2,0,0.2828514575958252,0.4489688277244568,0.0,0.2828514575958252,0.0001,2.7800000000000005e-06,50.34,3.9139,0.6353
1789,stage2,0,0.30537474155426025,0.45504412055015564,0.0,0.30537474155426025,0.0001,2.8000000000000003e-06,50.341,3.8474,0.6362
1790,stage2,0,0.22922813892364502,0.44093137979507446,0.0,0.22922813892364502,0.0001,2.82e-06,50.341,4.94,0.636
1791,stage2,0,0.30545419454574585,0.4249693751335144,0.0,0.30545419454574585,0.0001,2.84e-06,50.342,4.1659,0.6364
1792,stage2,0,0.2585049271583557,0.4353831708431244,0.0,0.2585049271583557,0.0001,2.86e-06,50.342,3.9135,0.6363
1793,stage2,0,0.27154186367988586,0.3997155725955963,0.0,0.27154186367988586,0.0001,2.88e-06,50.343,3.1096,0.6366
1794,stage2,0,0.2479357272386551,0.4162178039550781,0.0,0.2479357272386551,0.0001,2.9e-06,50.345,3.459,3.4848
1795,stage2,0,0.35170695185661316,0.4384346902370453,0.0,0.35170695185661316,0.0001,2.92e-06,50.344,4.1042,0.6349
1796,stage2,0,0.2717031240463257,0.42150992155075073,0.0,0.2717031240463257,0.0001,2.9400000000000002e-06,50.339,4.2019,0.6355
1797,stage2,0,0.2833843231201172,0.410928875207901,0.0,0.2833843231201172,0.0001,2.96e-06,50.345,3.6661,0.6355
1798,stage2,0,0.2844034731388092,0.4266330599784851,0.0,0.2844034731388092,0.0001,2.9800000000000003e-06,50.341,4.5082,0.6363
1799,stage2,0,0.28784653544425964,0.43180251121520996,0.0,0.28784653544425964,0.0001,3e-06,50.341,3.3693,0.6361
1800,stage2,0,0.2857074439525604,0.4506362974643707,0.0,0.2857074439525604,0.0001,3.0200000000000003e-06,50.34,4.9972,0.6366
1801,stage2,0,0.3144072890281677,0.4346656799316406,0.0,0.3144072890281677,0.0001,3.04e-06,50.342,4.5421,0.6362
1802,stage2,0,0.23803004622459412,0.41591644287109375,0.0,0.23803004622459412,0.0001,3.0600000000000003e-06,50.34,3.243,3.5451
1803,stage2,0,0.249481201171875,0.4037613272666931,0.0,0.249481201171875,0.0001,3.08e-06,50.344,3.1617,0.6359
1804,stage2,0,0.2767859399318695,0.4286872148513794,0.0,0.2767859399318695,0.0001,3.1000000000000004e-06,50.34,4.1345,0.6356
1805,stage2,0,0.25786805152893066,0.41912755370140076,0.0,0.25786805152893066,0.0001,3.12e-06,50.341,4.1806,0.6356
1806,stage2,0,0.21679624915122986,0.44303593039512634,0.0,0.21679624915122986,0.0001,3.1400000000000004e-06,50.344,3.3961,0.6354
1807,stage2,0,0.24175702035427094,0.41368621587753296,0.0,0.24175702035427094,0.0001,3.1600000000000002e-06,50.338,3.7082,0.6363
1808,stage2,0,0.30064651370048523,0.4387848973274231,0.0,0.30064651370048523,0.0001,3.1800000000000005e-06,50.342,4.2325,0.636
1809,stage2,0,0.2807217538356781,0.4159536063671112,0.0,0.2807217538356781,0.0001,3.2000000000000003e-06,50.346,3.351,0.637
1810,stage2,0,0.21595557034015656,0.41853606700897217,0.0,0.21595557034015656,0.0001,3.2200000000000005e-06,50.338,3.2883,3.5507
1811,stage2,0,0.29479143023490906,0.413840651512146,0.0,0.29479143023490906,0.0001,3.2400000000000003e-06,50.336,3.5473,0.6357
1812,stage2,0,0.2856578230857849,0.4176596403121948,0.0,0.2856578230857849,0.0001,3.2600000000000006e-06,50.345,3.9611,0.637
1813,stage2,0,0.27098873257637024,0.41979190707206726,0.0,0.27098873257637024,0.0001,3.2800000000000004e-06,50.34,2.9374,0.6355
1814,stage2,0,0.26641786098480225,0.39434927701950073,0.0,0.26641786098480225,0.0001,3.3000000000000006e-06,50.34,3.1997,0.6363
1815,stage2,0,0.29257187247276306,0.42002132534980774,0.0,0.29257187247276306,0.0001,3.3200000000000004e-06,50.344,4.0289,0.6371
1816,stage2,0,0.27409666776657104,0.41589558124542236,0.0,0.27409666776657104,0.0001,3.3400000000000006e-06,50.344,3.782,0.6368
1817,stage2,0,0.22951820492744446,0.3860591948032379,0.0,0.22951820492744446,0.0001,3.3600000000000004e-06,50.344,2.8734,0.6369
1818,stage2,0,0.2710249722003937,0.4092436134815216,0.0,0.2710249722003937,0.0001,3.3800000000000007e-06,50.345,4.3388,3.6143
1819,stage2,0,0.278272420167923,0.46405255794525146,0.0,0.278272420167923,0.0001,3.4000000000000005e-06,50.342,3.9877,0.6347
1820,stage2,0,0.27355846762657166,0.42118701338768005,0.0,0.27355846762657166,0.0001,3.4200000000000007e-06,50.342,3.6281,0.6355
1821,stage2,0,0.28781047463417053,0.42634403705596924,0.0,0.28781047463417053,0.0001,3.44e-06,50.345,3.8732,0.6354
1822,stage2,0,0.29652008414268494,0.4638499617576599,0.0,0.29652008414268494,0.0001,3.46e-06,50.349,3.5899,0.6369
1823,stage2,0,0.26612377166748047,0.4426480531692505,0.0,0.26612377166748047,0.0001,3.48e-06,50.341,3.6801,0.6375
1824,stage2,0,0.3277054727077484,0.44965022802352905,0.0,0.3277054727077484,0.0001,3.5e-06,50.345,3.9435,0.6379
1825,stage2,0,0.25539737939834595,0.43723592162132263,0.0,0.25539737939834595,0.0001,3.52e-06,50.343,3.8935,0.6368
1826,stage2,0,0.27827680110931396,0.41153684258461,0.0,0.27827680110931396,0.0001,3.54e-06,50.341,3.0397,3.5377
1827,stage2,0,0.26894351840019226,0.44185638427734375,0.0,0.26894351840019226,0.0001,3.5600000000000002e-06,50.346,4.17,0.6356
1828,stage2,0,0.2728886604309082,0.4337908923625946,0.0,0.2728886604309082,0.0001,3.58e-06,50.345,3.864,0.6354
1829,stage2,0,0.20101310312747955,0.40755656361579895,0.0,0.20101310312747955,0.0001,3.6000000000000003e-06,50.341,2.86,0.6358
1830,stage2,0,0.23834730684757233,0.4182962477207184,0.0,0.23834730684757233,0.0001,3.62e-06,50.341,3.3559,0.6357
1831,stage2,0,0.2933717668056488,0.43885985016822815,0.0,0.2933717668056488,0.0001,3.6400000000000003e-06,50.343,3.5199,0.6368
1832,stage2,0,0.2661330997943878,0.42421984672546387,0.0,0.2661330997943878,0.0001,3.66e-06,50.345,3.3093,0.6364
1833,stage2,0,0.2475183606147766,0.40117233991622925,0.0,0.2475183606147766,0.0001,3.6800000000000003e-06,50.342,3.6872,0.6368
1834,stage2,0,0.24139752984046936,0.3940083980560303,0.0,0.24139752984046936,0.0001,3.7e-06,50.344,3.8509,3.4954
1835,stage2,0,0.2725071907043457,0.41651490330696106,0.0,0.2725071907043457,0.0001,3.7200000000000004e-06,50.341,3.5406,0.6359
1836,stage2,0,0.25595757365226746,0.41218051314353943,0.0,0.25595757365226746,0.0001,3.74e-06,50.343,3.1943,0.6359
1837,stage2,0,0.25822848081588745,0.42831799387931824,0.0,0.25822848081588745,0.0001,3.7600000000000004e-06,50.342,3.1209,0.6366
1838,stage2,0,0.23007437586784363,0.4052598774433136,0.0,0.23007437586784363,0.0001,3.7800000000000002e-06,50.344,4.0299,0.637
1839,stage2,0,0.2769283354282379,0.42772307991981506,0.0,0.2769283354282379,0.0001,3.8000000000000005e-06,50.342,3.898,0.6369
1840,stage2,0,0.2283155620098114,0.40543031692504883,0.0,0.2283155620098114,0.0001,3.820000000000001e-06,50.341,3.6296,0.6369
1841,stage2,0,0.24034127593040466,0.42953842878341675,0.0,0.24034127593040466,0.0001,3.8400000000000005e-06,50.344,4.4284,0.6366
1842,stage2,0,0.32428404688835144,0.43520912528038025,0.0,0.32428404688835144,0.0001,3.86e-06,50.341,3.5292,3.7022
1843,stage2,0,0.275791198015213,0.4262779653072357,0.0,0.275791198015213,0.0001,3.88e-06,50.346,3.9421,0.636
1844,stage2,0,0.2914634346961975,0.4391927123069763,0.0,0.2914634346961975,0.0001,3.900000000000001e-06,50.346,3.5459,0.6358
1845,stage2,0,0.2923213243484497,0.440518856048584,0.0,0.2923213243484497,0.0001,3.920000000000001e-06,50.347,3.4483,0.6365
1846,stage2,0,0.25925078988075256,0.4035651385784149,0.0,0.25925078988075256,0.0001,3.94e-06,50.348,3.3804,0.6361
1847,stage2,0,0.30150648951530457,0.4471527934074402,0.0,0.30150648951530457,0.0001,3.96e-06,50.344,3.674,0.6365
1848,stage2,0,0.25610071420669556,0.4271622598171234,0.0,0.25610071420669556,0.0001,3.980000000000001e-06,50.344,4.3606,0.6372
1849,stage2,0,0.25876566767692566,0.45038026571273804,0.0,0.25876566767692566,0.0001,4.000000000000001e-06,50.347,4.3501,0.637
1850,stage2,0,0.27977100014686584,0.404829204082489,0.0,0.27977100014686584,0.0001,4.0200000000000005e-06,50.342,3.8894,3.4704
1851,stage2,0,0.2542839050292969,0.40660881996154785,0.0,0.2542839050292969,0.0001,4.04e-06,50.345,3.1499,0.6353
1852,stage2,0,0.30530738830566406,0.44900205731391907,0.0,0.30530738830566406,0.0001,4.060000000000001e-06,50.344,4.2493,0.6361
1853,stage2,0,0.2614660859107971,0.4329438805580139,0.0,0.2614660859107971,0.0001,4.08e-06,50.348,3.7375,0.6357
1854,stage2,0,0.24395321309566498,0.41180065274238586,0.0,0.24395321309566498,0.0001,4.1e-06,50.348,3.544,0.6359
1855,stage2,0,0.27865564823150635,0.44611600041389465,0.0,0.27865564823150635,0.0001,4.12e-06,50.343,3.519,0.6366
1856,stage2,0,0.23626159131526947,0.39799267053604126,0.0,0.23626159131526947,0.0001,4.14e-06,50.338,3.3617,0.637
1857,stage2,0,0.2426641285419464,0.42620158195495605,0.0,0.2426641285419464,0.0001,4.16e-06,50.336,3.549,0.6377
1858,stage2,0,0.25933563709259033,0.4362988770008087,0.0,0.25933563709259033,0.0001,4.18e-06,50.337,4.2001,3.4883
1859,stage2,0,0.27681857347488403,0.4341528117656708,0.0,0.27681857347488403,0.0001,4.2000000000000004e-06,50.341,4.0132,0.6364
1860,stage2,0,0.2816166877746582,0.4164137542247772,0.0,0.2816166877746582,0.0001,4.22e-06,50.338,3.9539,0.6363
1861,stage2,0,0.23380403220653534,0.40832844376564026,0.0,0.23380403220653534,0.0001,4.24e-06,50.339,3.4659,0.6368
1862,stage2,0,0.24902714788913727,0.4414706826210022,0.0,0.24902714788913727,0.0001,4.26e-06,50.34,3.0734,0.6372
1863,stage2,0,0.23083895444869995,0.4369124174118042,0.0,0.23083895444869995,0.0001,4.2800000000000005e-06,50.337,3.3007,0.6374
1864,stage2,0,0.288296103477478,0.41849109530448914,0.0,0.288296103477478,0.0001,4.3e-06,50.34,4.5051,0.637
1865,stage2,0,0.250985324382782,0.46504005789756775,0.0,0.250985324382782,0.0001,4.32e-06,50.337,3.5507,0.6371
1866,stage2,0,0.2805095314979553,0.4433058202266693,0.0,0.2805095314979553,0.0001,4.34e-06,50.336,3.437,3.5337
1867,stage2,0,0.29937607049942017,0.42109212279319763,0.0,0.29937607049942017,0.0001,4.360000000000001e-06,50.34,3.8245,0.6371
1868,stage2,0,0.2494189739227295,0.4212864935398102,0.0,0.2494189739227295,0.0001,4.38e-06,50.336,3.7327,0.6364
1869,stage2,0,0.28111356496810913,0.43725648522377014,0.0,0.28111356496810913,0.0001,4.4e-06,50.343,3.1327,0.6365
1870,stage2,0,0.33076027035713196,0.43969622254371643,0.0,0.33076027035713196,0.0001,4.42e-06,50.339,4.2311,0.6361
1871,stage2,0,0.27150627970695496,0.4245758056640625,0.0,0.27150627970695496,0.0001,4.440000000000001e-06,50.341,3.693,0.6372
1872,stage2,0,0.32178840041160583,0.44248825311660767,0.0,0.32178840041160583,0.0001,4.4600000000000005e-06,50.337,4.0364,0.6377
1873,stage2,0,0.2555653154850006,0.3963404893875122,0.0,0.2555653154850006,0.0001,4.48e-06,50.341,3.4204,0.6374
1874,stage2,0,0.23425264656543732,0.41113099455833435,0.0,0.23425264656543732,0.0001,4.5e-06,50.337,3.6329,3.4504
1875,stage2,0,0.2800150215625763,0.46648767590522766,0.0,0.2800150215625763,0.0001,4.520000000000001e-06,50.341,3.5052,0.6377
1876,stage2,0,0.261348158121109,0.4081532061100006,0.0,0.261348158121109,0.0001,4.540000000000001e-06,50.339,3.4868,0.6355
1877,stage2,0,0.25270646810531616,0.42456600069999695,0.0,0.25270646810531616,0.0001,4.56e-06,50.341,4.2984,0.6364
1878,stage2,0,0.24599437415599823,0.43623214960098267,0.0,0.24599437415599823,0.0001,4.58e-06,50.333,3.137,0.6364
1879,stage2,0,0.24805030226707458,0.3867107629776001,0.0,0.24805030226707458,0.0001,4.600000000000001e-06,50.338,3.4575,0.6367
1880,stage2,0,0.23473502695560455,0.4059872329235077,0.0,0.23473502695560455,0.0001,4.620000000000001e-06,50.341,3.8792,0.6378
1881,stage2,0,0.23102855682373047,0.40857845544815063,0.0,0.23102855682373047,0.0001,4.6400000000000005e-06,50.34,3.0875,0.6376
1882,stage2,0,0.29267042875289917,0.42757946252822876,0.0,0.29267042875289917,0.0001,4.66e-06,50.338,3.8112,3.5032
1883,stage2,0,0.2546958923339844,0.4231499433517456,0.0,0.2546958923339844,0.0001,4.680000000000001e-06,50.339,4.0408,0.6355
1884,stage2,0,0.24982304871082306,0.40359047055244446,0.0,0.24982304871082306,0.0001,4.7e-06,50.334,3.6971,0.6366
1885,stage2,0,0.2912874221801758,0.4519975781440735,0.0,0.2912874221801758,0.0001,4.7200000000000005e-06,50.335,4.5767,0.637
1886,stage2,0,0.2721489369869232,0.42886897921562195,0.0,0.2721489369869232,0.0001,4.74e-06,50.337,4.9362,0.6379
1887,stage2,0,0.26101788878440857,0.399717777967453,0.0,0.26101788878440857,0.0001,4.76e-06,50.338,3.8669,0.6372
1888,stage2,0,0.25598353147506714,0.39367350935935974,0.0,0.25598353147506714,0.0001,4.78e-06,50.34,3.2457,0.6382
1889,stage2,0,0.27536681294441223,0.42500364780426025,0.0,0.27536681294441223,0.0001,4.800000000000001e-06,50.342,5.4831,0.6375
1890,stage2,0,0.26789385080337524,0.4232160151004791,0.0,0.26789385080337524,0.0001,4.8200000000000004e-06,50.344,4.1131,3.46
1891,stage2,0,0.29142990708351135,0.4303404986858368,0.0,0.29142990708351135,0.0001,4.84e-06,50.34,3.5184,0.6359
1892,stage2,0,0.3278316855430603,0.48098400235176086,0.0,0.3278316855430603,0.0001,4.86e-06,50.343,4.7319,0.6359
1893,stage2,0,0.2613922655582428,0.4383285641670227,0.0,0.2613922655582428,0.0001,4.880000000000001e-06,50.34,3.801,0.6371
1894,stage2,0,0.27063634991645813,0.42473578453063965,0.0,0.27063634991645813,0.0001,4.9000000000000005e-06,50.342,3.9911,0.6366
1895,stage2,0,0.27786579728126526,0.4082565903663635,0.0,0.27786579728126526,0.0001,4.92e-06,50.338,4.9823,0.6367
1896,stage2,0,0.23832833766937256,0.4044395685195923,0.0,0.23832833766937256,0.0001,4.94e-06,50.34,3.5707,0.6368
1897,stage2,0,0.3093588948249817,0.4524683654308319,0.0,0.3093588948249817,0.0001,4.960000000000001e-06,50.339,4.0199,0.6373
1898,stage2,0,0.22637782990932465,0.4316619634628296,0.0,0.22637782990932465,0.0001,4.980000000000001e-06,50.338,3.3522,3.4851
1899,stage2,0,0.26057949662208557,0.4389724135398865,0.0,0.26057949662208557,0.0001,5e-06,50.34,4.6628,0.636
1900,stage2,0,0.2648564875125885,0.42684197425842285,0.0,0.2648564875125885,0.0001,5.02e-06,50.34,4.3955,0.6363
1901,stage2,0,0.23553261160850525,0.44595104455947876,0.0,0.23553261160850525,0.0001,5.04e-06,50.337,3.2652,0.6371
1902,stage2,0,0.29156404733657837,0.45193278789520264,0.0,0.29156404733657837,0.0001,5.060000000000001e-06,50.333,5.0372,0.6369
1903,stage2,0,0.28622063994407654,0.43442976474761963,0.0,0.28622063994407654,0.0001,5.0800000000000005e-06,50.335,4.0445,0.6369
1904,stage2,0,0.25638577342033386,0.41494736075401306,0.0,0.25638577342033386,0.0001,5.1e-06,50.339,3.5557,0.6373
1905,stage2,0,0.25034114718437195,0.4202510416507721,0.0,0.25034114718437195,0.0001,5.12e-06,50.341,3.6408,0.6379
1906,stage2,0,0.24415218830108643,0.4265276789665222,0.0,0.24415218830108643,0.0001,5.140000000000001e-06,50.338,5.0893,3.5114
1907,stage2,0,0.2318233698606491,0.4051741361618042,0.0,0.2318233698606491,0.0001,5.1600000000000006e-06,50.336,5.1036,0.6388
1908,stage2,0,0.2558232843875885,0.39527344703674316,0.0,0.2558232843875885,0.0001,5.18e-06,50.339,4.4639,0.6362
1909,stage2,0,0.2615587115287781,0.4405907690525055,0.0,0.2615587115287781,0.0001,5.2e-06,50.338,7.2745,0.6374
1910,stage2,0,0.22809907793998718,0.4049399197101593,0.0,0.22809907793998718,0.0001,5.220000000000001e-06,50.338,4.1219,0.6371
1911,stage2,0,0.27271217107772827,0.43943649530410767,0.0,0.27271217107772827,0.0001,5.240000000000001e-06,50.344,4.3299,0.6374
1912,stage2,0,0.2552490830421448,0.4158115088939667,0.0,0.2552490830421448,0.0001,5.2600000000000005e-06,50.341,3.7025,0.6367
1913,stage2,0,0.27632445096969604,0.42851364612579346,0.0,0.27632445096969604,0.0001,5.28e-06,50.341,6.1068,0.6379
1914,stage2,0,0.30950385332107544,0.4427461326122284,0.0,0.30950385332107544,0.0001,5.300000000000001e-06,50.34,4.3362,3.528
1915,stage2,0,0.27144646644592285,0.4413291811943054,0.0,0.27144646644592285,0.0001,5.320000000000001e-06,50.339,3.6941,0.6364
1916,stage2,0,0.3004087507724762,0.43115222454071045,0.0,0.3004087507724762,0.0001,5.3400000000000005e-06,50.342,4.0853,0.6369
1917,stage2,0,0.2468251883983612,0.41256946325302124,0.0,0.2468251883983612,0.0001,5.36e-06,50.338,3.53,0.6363
1918,stage2,0,0.30529704689979553,0.448850154876709,0.0,0.30529704689979553,0.0001,5.380000000000001e-06,50.34,5.4925,0.6365
1919,stage2,0,0.2899583876132965,0.4529953598976135,0.0,0.2899583876132965,0.0001,5.400000000000001e-06,50.346,3.8242,0.6376
1920,stage2,0,0.2633906304836273,0.4477427303791046,0.0,0.2633906304836273,0.0001,5.420000000000001e-06,50.344,3.8537,0.6369
1921,stage2,0,0.21514971554279327,0.40495458245277405,0.0,0.21514971554279327,0.0001,5.4400000000000004e-06,50.339,3.5993,0.6372
1922,stage2,0,0.24847865104675293,0.4360746443271637,0.0,0.24847865104675293,0.0001,5.460000000000001e-06,50.337,3.7171,3.574
1923,stage2,0,0.2621966004371643,0.44697850942611694,0.0,0.2621966004371643,0.0001,5.480000000000001e-06,50.338,4.2161,0.6358
1924,stage2,0,0.26663994789123535,0.41412994265556335,0.0,0.26663994789123535,0.0001,5.500000000000001e-06,50.34,3.7098,0.6356
1925,stage2,0,0.24580402672290802,0.4143827259540558,0.0,0.24580402672290802,0.0001,5.5200000000000005e-06,50.343,3.5954,0.637
1926,stage2,0,0.21684123575687408,0.3938351273536682,0.0,0.21684123575687408,0.0001,5.540000000000001e-06,50.343,4.2025,0.6373
1927,stage2,0,0.2534165680408478,0.4328581988811493,0.0,0.2534165680408478,0.0001,5.560000000000001e-06,50.34,3.2512,0.6376
1928,stage2,0,0.2640407383441925,0.4094606339931488,0.0,0.2640407383441925,0.0001,5.580000000000001e-06,50.343,4.9125,0.6373
1929,stage2,0,0.26546502113342285,0.4165703058242798,0.0,0.26546502113342285,0.0001,5.600000000000001e-06,50.336,3.9135,0.6374
1930,stage2,0,0.2395094484090805,0.39555099606513977,0.0,0.2395094484090805,0.0001,5.620000000000001e-06,50.339,3.1631,3.5102
1931,stage2,0,0.2901867926120758,0.4151048958301544,0.0,0.2901867926120758,0.0001,5.64e-06,50.342,4.0969,0.6362
1932,stage2,0,0.28191110491752625,0.41117528080940247,0.0,0.28191110491752625,0.0001,5.66e-06,50.342,3.9991,0.6364
1933,stage2,0,0.23246198892593384,0.39866676926612854,0.0,0.23246198892593384,0.0001,5.68e-06,50.339,3.7481,0.637
1934,stage2,0,0.2615535855293274,0.4283146262168884,0.0,0.2615535855293274,0.0001,5.7e-06,50.342,3.9318,0.6365
1935,stage2,0,0.25872236490249634,0.4410339891910553,0.0,0.25872236490249634,0.0001,5.72e-06,50.344,4.0113,0.637
1936,stage2,0,0.26828107237815857,0.42597365379333496,0.0,0.26828107237815857,0.0001,5.74e-06,50.345,3.8708,0.637
1937,stage2,0,0.26922810077667236,0.42696434259414673,0.0,0.26922810077667236,0.0001,5.76e-06,50.34,4.023,0.6383
1938,stage2,0,0.23312021791934967,0.4120958149433136,0.0,0.23312021791934967,0.0001,5.78e-06,50.344,3.7181,3.4404
1939,stage2,0,0.2438955456018448,0.421652615070343,0.0,0.2438955456018448,0.0001,5.8e-06,50.342,3.6231,0.6368
1940,stage2,0,0.24385666847229004,0.42771077156066895,0.0,0.24385666847229004,0.0001,5.82e-06,50.341,4.9061,0.6373
1941,stage2,0,0.2724432051181793,0.42257922887802124,0.0,0.2724432051181793,0.0001,5.84e-06,50.337,4.247,0.6367
1942,stage2,0,0.33299973607063293,0.4706834852695465,0.0,0.33299973607063293,0.0001,5.86e-06,50.339,4.8205,0.6368
1943,stage2,0,0.2696513533592224,0.4523922801017761,0.0,0.2696513533592224,0.0001,5.8800000000000005e-06,50.341,4.0667,0.6364
1944,stage2,0,0.23153552412986755,0.42763274908065796,0.0,0.23153552412986755,0.0001,5.9e-06,50.34,3.3458,0.6379
1945,stage2,0,0.20014344155788422,0.4045581817626953,0.0,0.20014344155788422,0.0001,5.92e-06,50.341,2.7343,0.6374
1946,stage2,0,0.2942869961261749,0.4305304288864136,0.0,0.2942869961261749,0.0001,5.94e-06,50.343,4.0263,3.4482
1947,stage2,0,0.25178810954093933,0.43127474188804626,0.0,0.25178810954093933,0.0001,5.9600000000000005e-06,50.341,4.0222,0.6361
1948,stage2,0,0.2969229221343994,0.42953553795814514,0.0,0.2969229221343994,0.0001,5.98e-06,50.342,4.2229,0.6368
1949,stage2,0,0.2581084072589874,0.42451751232147217,0.0,0.2581084072589874,0.0001,6e-06,50.347,3.4416,0.6364
1950,stage2,0,0.2257968783378601,0.42926979064941406,0.0,0.2257968783378601,0.0001,6.02e-06,50.338,2.9868,0.6375
1951,stage2,0,0.27245035767555237,0.42792439460754395,0.0,0.27245035767555237,0.0001,6.040000000000001e-06,50.338,4.4661,0.6374
1952,stage2,0,0.22510205209255219,0.4260719418525696,0.0,0.22510205209255219,0.0001,6.0600000000000004e-06,50.345,3.4033,0.6375
1953,stage2,0,0.2426619827747345,0.43806761503219604,0.0,0.2426619827747345,0.0001,6.08e-06,50.343,3.1165,0.6369
1954,stage2,0,0.232299342751503,0.39491650462150574,0.0,0.232299342751503,0.0001,6.1e-06,50.344,4.4041,3.4081
1955,stage2,0,0.24214209616184235,0.41223955154418945,0.0,0.24214209616184235,0.0001,6.120000000000001e-06,50.341,3.8985,0.6349
1956,stage2,0,0.2890003025531769,0.43989133834838867,0.0,0.2890003025531769,0.0001,6.1400000000000005e-06,50.344,4.691,0.7636
1957,stage2,0,0.2805783748626709,0.4097490608692169,0.0,0.2805783748626709,0.0001,6.16e-06,50.34,4.4446,0.6361
1958,stage2,0,0.2568915784358978,0.4092673063278198,0.0,0.2568915784358978,0.0001,6.18e-06,50.339,3.7881,0.6378
1959,stage2,0,0.2771897614002228,0.41523227095603943,0.0,0.2771897614002228,0.0001,6.200000000000001e-06,50.339,3.9887,0.6371
1960,stage2,0,0.2356841117143631,0.4372580647468567,0.0,0.2356841117143631,0.0001,6.220000000000001e-06,50.339,3.6779,0.6368
1961,stage2,0,0.32429835200309753,0.4650146961212158,0.0,0.32429835200309753,0.0001,6.24e-06,50.344,4.7729,0.6365
1962,stage2,0,0.2525951862335205,0.404894083738327,0.0,0.2525951862335205,0.0001,6.26e-06,50.342,3.8277,3.349
1963,stage2,0,0.22504116594791412,0.4202457666397095,0.0,0.22504116594791412,0.0001,6.280000000000001e-06,50.34,3.5184,0.6354
1964,stage2,0,0.28201258182525635,0.44791102409362793,0.0,0.28201258182525635,0.0001,6.300000000000001e-06,50.341,5.5267,0.7775
1965,stage2,0,0.29689738154411316,0.4531528353691101,0.0,0.29689738154411316,0.0001,6.3200000000000005e-06,50.339,4.1716,0.6363
1966,stage2,0,0.2512088119983673,0.44856056571006775,0.0,0.2512088119983673,0.0001,6.34e-06,50.342,4.094,0.6361
1967,stage2,0,0.27173101902008057,0.4062957465648651,0.0,0.27173101902008057,0.0001,6.360000000000001e-06,50.337,3.8746,0.637
1968,stage2,0,0.25710994005203247,0.44897276163101196,0.0,0.25710994005203247,0.0001,6.380000000000001e-06,50.337,3.8988,0.6365
1969,stage2,0,0.2710387110710144,0.41841068863868713,0.0,0.2710387110710144,0.0001,6.4000000000000006e-06,50.341,4.0587,0.6374
1970,stage2,0,0.2425871640443802,0.41308334469795227,0.0,0.2425871640443802,0.0001,6.42e-06,50.34,4.1633,3.3846
1971,stage2,0,0.26732298731803894,0.45206111669540405,0.0,0.26732298731803894,0.0001,6.440000000000001e-06,50.341,3.8988,0.6354
1972,stage2,0,0.3179253339767456,0.4438266158103943,0.0,0.3179253339767456,0.0001,6.460000000000001e-06,50.343,5.3552,0.7851
1973,stage2,0,0.21204078197479248,0.42739659547805786,0.0,0.21204078197479248,0.0001,6.480000000000001e-06,50.337,4.2965,0.6364
1974,stage2,0,0.301899790763855,0.43453189730644226,0.0,0.301899790763855,0.0001,6.5000000000000004e-06,50.339,3.8953,0.6366
1975,stage2,0,0.3260177969932556,0.4598267078399658,0.0,0.3260177969932556,0.0001,6.520000000000001e-06,50.344,5.1855,0.6371
1976,stage2,0,0.22466424107551575,0.3976961672306061,0.0,0.22466424107551575,0.0001,6.540000000000001e-06,50.341,3.8911,0.637
1977,stage2,0,0.20938163995742798,0.3964093029499054,0.0,0.20938163995742798,0.0001,6.560000000000001e-06,50.341,3.4816,0.6368
1978,stage2,0,0.22388257086277008,0.4320274889469147,0.0,0.22388257086277008,0.0001,6.5800000000000005e-06,50.336,4.0408,3.4432
1979,stage2,0,0.2663320302963257,0.42438700795173645,0.0,0.2663320302963257,0.0001,6.600000000000001e-06,50.339,3.8612,0.635
1980,stage2,0,0.26043927669525146,0.40034517645835876,0.0,0.26043927669525146,0.0001,6.620000000000001e-06,50.339,3.6619,0.7244
1981,stage2,0,0.2676905393600464,0.4113280177116394,0.0,0.2676905393600464,0.0001,6.640000000000001e-06,50.342,3.8376,0.6365
1982,stage2,0,0.21315926313400269,0.4158605933189392,0.0,0.21315926313400269,0.0001,6.660000000000001e-06,50.341,2.8591,0.6367
1983,stage2,0,0.26538771390914917,0.40540167689323425,0.0,0.26538771390914917,0.0001,6.680000000000001e-06,50.337,3.3008,0.6375
1984,stage2,0,0.2732115387916565,0.43648549914360046,0.0,0.2732115387916565,0.0001,6.700000000000001e-06,50.337,4.0886,0.637
1985,stage2,0,0.23822340369224548,0.4461754262447357,0.0,0.23822340369224548,0.0001,6.720000000000001e-06,50.342,4.0764,0.6383
1986,stage2,0,0.23721212148666382,0.41779273748397827,0.0,0.23721212148666382,0.0001,6.740000000000001e-06,50.34,3.4658,3.4428
1987,stage2,0,0.24230535328388214,0.4042956233024597,0.0,0.24230535328388214,0.0001,6.760000000000001e-06,50.341,3.3628,0.6355
1988,stage2,0,0.2371906042098999,0.42795440554618835,0.0,0.2371906042098999,0.0001,6.780000000000001e-06,50.335,3.4285,0.7129
1989,stage2,0,0.3276538848876953,0.4527531564235687,0.0,0.3276538848876953,0.0001,6.800000000000001e-06,50.335,5.2209,0.6368
1990,stage2,0,0.27603816986083984,0.42367076873779297,0.0,0.27603816986083984,0.0001,6.820000000000001e-06,50.34,3.722,0.6366
1991,stage2,0,0.24181044101715088,0.41907796263694763,0.0,0.24181044101715088,0.0001,6.8400000000000014e-06,50.338,5.0282,0.6366
1992,stage2,0,0.24122728407382965,0.45831388235092163,0.0,0.24122728407382965,0.0001,6.860000000000001e-06,50.337,4.3498,0.6368
1993,stage2,0,0.2610597610473633,0.4701344966888428,0.0,0.2610597610473633,0.0001,6.88e-06,50.336,3.545,0.6373
1994,stage2,0,0.28424984216690063,0.43473678827285767,0.0,0.28424984216690063,0.0001,6.9e-06,50.337,4.6482,3.3856
1995,stage2,0,0.2699763774871826,0.44029948115348816,0.0,0.2699763774871826,0.0001,6.92e-06,50.338,4.1206,0.6358
1996,stage2,0,0.24754975736141205,0.412180095911026,0.0,0.24754975736141205,0.0001,6.9400000000000005e-06,50.34,3.6502,0.7823
1997,stage2,0,0.22915881872177124,0.41173380613327026,0.0,0.22915881872177124,0.0001,6.96e-06,50.34,3.0943,0.6365
1998,stage2,0,0.23490893840789795,0.416471928358078,0.0,0.23490893840789795,0.0001,6.98e-06,50.336,4.1454,0.6361
1999,stage2,0,0.253684937953949,0.4355427324771881,0.0,0.253684937953949,0.0001,7e-06,50.34,3.9447,0.6366
2000,stage2,0,0.21012352406978607,0.3974301815032959,0.0,0.21012352406978607,0.0001,7.0200000000000006e-06,50.344,3.3004,0.6364
2001,stage2,0,0.22974200546741486,0.38973522186279297,0.0,0.22974200546741486,0.0001,7.04e-06,50.338,5.5168,0.6373
2002,stage2,0,0.22998881340026855,0.4201131761074066,0.0,0.22998881340026855,0.0001,7.06e-06,50.339,3.2682,3.3485
2003,stage2,0,0.211351677775383,0.38565000891685486,0.0,0.211351677775383,0.0001,7.08e-06,50.341,2.9696,0.636
2004,stage2,0,0.23639778792858124,0.40508413314819336,0.0,0.23639778792858124,0.0001,7.100000000000001e-06,50.341,3.0894,0.7869
2005,stage2,0,0.23982271552085876,0.4407421946525574,0.0,0.23982271552085876,0.0001,7.1200000000000004e-06,50.338,3.7242,0.6359
2006,stage2,0,0.2562432587146759,0.4097471833229065,0.0,0.2562432587146759,0.0001,7.14e-06,50.339,4.0124,0.6372
2007,stage2,0,0.27329835295677185,0.42771223187446594,0.0,0.27329835295677185,0.0001,7.16e-06,50.34,4.0126,0.6377
2008,stage2,0,0.24113759398460388,0.41667822003364563,0.0,0.24113759398460388,0.0001,7.180000000000001e-06,50.345,3.0516,0.6372
2009,stage2,0,0.22723403573036194,0.3979168236255646,0.0,0.22723403573036194,0.0001,7.2000000000000005e-06,50.342,3.1739,0.6373
2010,stage2,0,0.23584286868572235,0.4477729797363281,0.0,0.23584286868572235,0.0001,7.22e-06,50.341,3.4402,3.3619
2011,stage2,0,0.2448100596666336,0.4040001928806305,0.0,0.2448100596666336,0.0001,7.24e-06,50.34,3.158,0.6355
2012,stage2,0,0.21383893489837646,0.4152223467826843,0.0,0.21383893489837646,0.0001,7.260000000000001e-06,50.341,3.0616,0.7615
2013,stage2,0,0.25295984745025635,0.42665284872055054,0.0,0.25295984745025635,0.0001,7.280000000000001e-06,50.34,4.045,0.6358
2014,stage2,0,0.2112288475036621,0.4083126485347748,0.0,0.2112288475036621,0.0001,7.3e-06,50.341,3.4686,0.6363
2015,stage2,0,0.22274893522262573,0.4257427155971527,0.0,0.22274893522262573,0.0001,7.32e-06,50.339,3.4849,0.6368
2016,stage2,0,0.25258487462997437,0.3835742175579071,0.0,0.25258487462997437,0.0001,7.340000000000001e-06,50.341,3.7984,0.6366
2017,stage2,0,0.25875017046928406,0.41351377964019775,0.0,0.25875017046928406,0.0001,7.360000000000001e-06,50.34,3.4683,0.638
2018,stage2,0,0.264496773481369,0.40371814370155334,0.0,0.264496773481369,0.0001,7.3800000000000005e-06,50.34,3.7391,3.3496
2019,stage2,0,0.26295655965805054,0.400927871465683,0.0,0.26295655965805054,0.0001,7.4e-06,50.339,3.5878,0.6357
2020,stage2,0,0.23248927295207977,0.4082760512828827,0.0,0.23248927295207977,0.0001,7.420000000000001e-06,50.343,4.8196,0.7891
2021,stage2,0,0.2812299132347107,0.43670594692230225,0.0,0.2812299132347107,0.0001,7.440000000000001e-06,50.341,3.9519,0.6357
2022,stage2,0,0.2585085332393646,0.43173882365226746,0.0,0.2585085332393646,0.0001,7.4600000000000006e-06,50.342,4.6899,0.6356
2023,stage2,0,0.21489040553569794,0.4348646104335785,0.0,0.21489040553569794,0.0001,7.48e-06,50.341,3.7266,0.6367
2024,stage2,0,0.25680306553840637,0.42065051198005676,0.0,0.25680306553840637,0.0001,7.500000000000001e-06,50.342,4.6069,0.6372
2025,stage2,0,0.27144870162010193,0.42961063981056213,0.0,0.27144870162010193,0.0001,7.520000000000001e-06,50.338,4.4718,0.6361
2026,stage2,0,0.2689685821533203,0.43292051553726196,0.0,0.2689685821533203,0.0001,7.540000000000001e-06,50.339,4.3032,3.3699
2027,stage2,0,0.3262781500816345,0.4329332411289215,0.0,0.3262781500816345,0.0001,7.5600000000000005e-06,50.341,4.9394,0.6348
2028,stage2,0,0.23550106585025787,0.4148131012916565,0.0,0.23550106585025787,0.0001,7.58e-06,50.341,3.2887,0.8187
2029,stage2,0,0.20989669859409332,0.4150276780128479,0.0,0.20989669859409332,0.0001,7.600000000000001e-06,50.34,5.5169,0.6359
2030,stage2,0,0.24782215058803558,0.4018758535385132,0.0,0.24782215058803558,0.0001,7.620000000000001e-06,50.339,3.5528,0.6358
2031,stage2,0,0.24444733560085297,0.39776700735092163,0.0,0.24444733560085297,0.0001,7.640000000000001e-06,50.341,4.0973,0.6351
2032,stage2,0,0.24751371145248413,0.4387176036834717,0.0,0.24751371145248413,0.0001,7.660000000000001e-06,50.339,3.7703,0.6363
2033,stage2,0,0.23245437443256378,0.40885892510414124,0.0,0.23245437443256378,0.0001,7.680000000000001e-06,50.339,3.1988,0.636
2034,stage2,0,0.3012939989566803,0.4202535152435303,0.0,0.3012939989566803,0.0001,7.7e-06,50.34,5.2035,3.3705
2035,stage2,0,0.25139757990837097,0.4182467758655548,0.0,0.25139757990837097,0.0001,7.72e-06,50.341,5.1472,0.6355
2036,stage2,0,0.2686823904514313,0.4197188913822174,0.0,0.2686823904514313,0.0001,7.74e-06,50.344,5.4974,0.8141
2037,stage2,0,0.2724058926105499,0.4213636517524719,0.0,0.2724058926105499,0.0001,7.76e-06,50.339,4.0899,0.6347
2038,stage2,0,0.24653105437755585,0.4187234044075012,0.0,0.24653105437755585,0.0001,7.78e-06,50.338,3.4467,0.6357
2039,stage2,0,0.22363995015621185,0.408923476934433,0.0,0.22363995015621185,0.0001,7.800000000000002e-06,50.342,3.2089,0.6365
2040,stage2,0,0.27763432264328003,0.4098893404006958,0.0,0.27763432264328003,0.0001,7.820000000000001e-06,50.338,5.9832,0.6366
2041,stage2,0,0.24158261716365814,0.4543518126010895,0.0,0.24158261716365814,0.0001,7.840000000000001e-06,50.339,4.8629,0.6369
2042,stage2,0,0.26876160502433777,0.4330468773841858,0.0,0.26876160502433777,0.0001,7.860000000000001e-06,50.339,4.0903,3.2791
2043,stage2,0,0.2459179013967514,0.40897059440612793,0.0,0.2459179013967514,0.0001,7.88e-06,50.338,3.6554,0.6516
2044,stage2,0,0.24388840794563293,0.4390474557876587,0.0,0.24388840794563293,0.0001,7.9e-06,50.342,3.6794,0.8233
2045,stage2,0,0.2520446181297302,0.44486406445503235,0.0,0.2520446181297302,0.0001,7.92e-06,50.339,4.1162,0.6349
2046,stage2,0,0.2097071409225464,0.4181661903858185,0.0,0.2097071409225464,0.0001,7.94e-06,50.34,3.8019,0.6352
2047,stage2,0,0.23466241359710693,0.4390372633934021,0.0,0.23466241359710693,0.0001,7.960000000000002e-06,50.341,4.1682,0.636
2048,stage2,0,0.2238733470439911,0.39173170924186707,0.0,0.2238733470439911,0.0001,7.980000000000002e-06,50.344,3.3196,0.6369
2049,stage2,0,0.23376008868217468,0.4373268783092499,0.0,0.23376008868217468,0.0001,8.000000000000001e-06,50.342,3.3981,0.6363
2050,stage2,0,0.2515706419944763,0.4179401993751526,0.0,0.2515706419944763,0.0001,8.020000000000001e-06,50.337,3.439,3.3299
2051,stage2,0,0.2747272551059723,0.41509559750556946,0.0,0.2747272551059723,0.0001,8.040000000000001e-06,50.337,3.8242,0.6986
2052,stage2,0,0.25826868414878845,0.419961154460907,0.0,0.25826868414878845,0.0001,8.06e-06,50.339,4.3582,0.7443
2053,stage2,0,0.29664552211761475,0.4167215824127197,0.0,0.29664552211761475,0.0001,8.08e-06,50.337,4.3869,0.6355
2054,stage2,0,0.2245079129934311,0.4211665689945221,0.0,0.2245079129934311,0.0001,8.1e-06,50.34,4.8619,0.6356
2055,stage2,0,0.28229954838752747,0.4203328490257263,0.0,0.28229954838752747,0.0001,8.120000000000002e-06,50.333,4.09,0.6364
2056,stage2,0,0.20504796504974365,0.43638932704925537,0.0,0.20504796504974365,0.0001,8.14e-06,50.337,3.2218,0.6363
2057,stage2,0,0.2406826764345169,0.4167886972427368,0.0,0.2406826764345169,0.0001,8.16e-06,50.337,4.1959,0.6358
2058,stage2,0,0.2413519322872162,0.42953377962112427,0.0,0.2413519322872162,0.0001,8.18e-06,50.339,3.7947,3.3279
2059,stage2,0,0.2043621838092804,0.3801003694534302,0.0,0.2043621838092804,0.0001,8.2e-06,50.342,3.271,0.7381
2060,stage2,0,0.25340673327445984,0.407524049282074,0.0,0.25340673327445984,0.0001,8.220000000000001e-06,50.342,3.6214,0.7342
2061,stage2,0,0.2590107023715973,0.4017333686351776,0.0,0.2590107023715973,0.0001,8.24e-06,50.34,3.7792,0.6354
2062,stage2,0,0.2624097168445587,0.44077396392822266,0.0,0.2624097168445587,0.0001,8.26e-06,50.343,4.1124,0.6354
2063,stage2,0,0.2688215374946594,0.42520269751548767,0.0,0.2688215374946594,0.0001,8.28e-06,50.336,3.199,0.637
2064,stage2,0,0.30568253993988037,0.4085308611392975,0.0,0.30568253993988037,0.0001,8.3e-06,50.342,3.8776,0.6358
2065,stage2,0,0.27876976132392883,0.41623175144195557,0.0,0.27876976132392883,0.0001,8.32e-06,50.337,3.821,0.6368
2066,stage2,0,0.28205183148384094,0.43228456377983093,0.0,0.28205183148384094,0.0001,8.34e-06,50.341,4.0989,3.3
2067,stage2,0,0.2280302196741104,0.3923007547855377,0.0,0.2280302196741104,0.0001,8.36e-06,50.34,3.0959,0.7795
2068,stage2,0,0.20932498574256897,0.40169376134872437,0.0,0.20932498574256897,0.0001,8.380000000000001e-06,50.34,3.2221,0.7254
2069,stage2,0,0.2447890192270279,0.4193151891231537,0.0,0.2447890192270279,0.0001,8.400000000000001e-06,50.34,3.0007,0.6346
2070,stage2,0,0.2758568525314331,0.4108751118183136,0.0,0.2758568525314331,0.0001,8.42e-06,50.336,4.6847,0.6361
2071,stage2,0,0.24492835998535156,0.39680245518684387,0.0,0.24492835998535156,0.0001,8.44e-06,50.334,4.1122,0.6351
2072,stage2,0,0.27735695242881775,0.41313132643699646,0.0,0.27735695242881775,0.0001,8.46e-06,50.339,4.6515,0.6358
2073,stage2,0,0.23012642562389374,0.41150209307670593,0.0,0.23012642562389374,0.0001,8.48e-06,50.335,4.0799,0.636
2074,stage2,0,0.26282647252082825,0.40618038177490234,0.0,0.26282647252082825,0.0001,8.5e-06,50.338,3.7256,3.3262
2075,stage2,0,0.2623259425163269,0.4071376621723175,0.0,0.2623259425163269,0.0001,8.52e-06,50.341,4.2861,0.7802
2076,stage2,0,0.23590116202831268,0.39916619658470154,0.0,0.23590116202831268,0.0001,8.540000000000001e-06,50.342,4.1488,0.7439
2077,stage2,0,0.24628092348575592,0.42819592356681824,0.0,0.24628092348575592,0.0001,8.560000000000001e-06,50.34,3.568,0.6359
2078,stage2,0,0.23004810512065887,0.4178957939147949,0.0,0.23004810512065887,0.0001,8.580000000000001e-06,50.341,4.5792,0.6355
2079,stage2,0,0.2600754201412201,0.40377044677734375,0.0,0.2600754201412201,0.0001,8.6e-06,50.338,4.3489,0.6357
2080,stage2,0,0.24184681475162506,0.4352715015411377,0.0,0.24184681475162506,0.0001,8.62e-06,50.337,4.0188,0.6365
2081,stage2,0,0.318674772977829,0.4404698312282562,0.0,0.318674772977829,0.0001,8.64e-06,50.34,5.4221,0.6362
2082,stage2,0,0.23306086659431458,0.4309568703174591,0.0,0.23306086659431458,0.0001,8.66e-06,50.336,3.3836,3.2804
2083,stage2,0,0.26230236887931824,0.4010626971721649,0.0,0.26230236887931824,0.0001,8.68e-06,50.339,4.4254,0.7701
2084,stage2,0,0.23375162482261658,0.40451565384864807,0.0,0.23375162482261658,0.0001,8.700000000000001e-06,50.34,3.2479,0.7431
2085,stage2,0,0.2507169544696808,0.39295923709869385,0.0,0.2507169544696808,0.0001,8.720000000000001e-06,50.34,4.1295,0.6347
2086,stage2,0,0.26366016268730164,0.423933744430542,0.0,0.26366016268730164,0.0001,8.740000000000001e-06,50.337,3.7735,0.6348
2087,stage2,0,0.24839872121810913,0.422458678483963,0.0,0.24839872121810913,0.0001,8.76e-06,50.338,3.5888,0.6356
2088,stage2,0,0.2810911238193512,0.4230356812477112,0.0,0.2810911238193512,0.0001,8.78e-06,50.338,4.639,0.6352
2089,stage2,0,0.27691391110420227,0.4258362948894501,0.0,0.27691391110420227,0.0001,8.8e-06,50.34,4.1177,0.636
2090,stage2,0,0.2407803237438202,0.3952085077762604,0.0,0.2407803237438202,0.0001,8.82e-06,50.34,3.8789,3.2544
2091,stage2,0,0.23793578147888184,0.43223708868026733,0.0,0.23793578147888184,0.0001,8.84e-06,50.342,3.4286,0.802
2092,stage2,0,0.234674334526062,0.3828839063644409,0.0,0.234674334526062,0.0001,8.860000000000002e-06,50.336,3.9388,0.7596
2093,stage2,0,0.2292269915342331,0.3791039288043976,0.0,0.2292269915342331,0.0001,8.880000000000001e-06,50.338,3.0847,0.6352
2094,stage2,0,0.2351756989955902,0.40113815665245056,0.0,0.2351756989955902,0.0001,8.900000000000001e-06,50.339,5.1563,0.6357
2095,stage2,0,0.26176220178604126,0.43303248286247253,0.0,0.26176220178604126,0.0001,8.920000000000001e-06,50.34,3.4537,0.6351
2096,stage2,0,0.2464165985584259,0.40220823884010315,0.0,0.2464165985584259,0.0001,8.94e-06,50.338,3.4028,0.6346
2097,stage2,0,0.20682977139949799,0.4071737229824066,0.0,0.20682977139949799,0.0001,8.96e-06,50.339,5.191,0.6356
2098,stage2,0,0.282390832901001,0.41895705461502075,0.0,0.282390832901001,0.0001,8.98e-06,50.342,3.7947,3.2386
2099,stage2,0,0.26463353633880615,0.4197917580604553,0.0,0.26463353633880615,0.0001,9e-06,50.342,3.5223,0.8133
2100,stage2,0,0.25435927510261536,0.4271983504295349,0.0,0.25435927510261536,0.0001,9.020000000000002e-06,50.342,4.5966,0.789
2101,stage2,0,0.2157527059316635,0.3861894905567169,0.0,0.2157527059316635,0.0001,9.040000000000002e-06,50.341,3.2696,0.6345
2102,stage2,0,0.2608659267425537,0.40906134247779846,0.0,0.2608659267425537,0.0001,9.060000000000001e-06,50.338,3.5999,0.6353
2103,stage2,0,0.2559491693973541,0.4193529188632965,0.0,0.2559491693973541,0.0001,9.080000000000001e-06,50.339,4.1047,0.6363
2104,stage2,0,0.2231224626302719,0.38517698645591736,0.0,0.2231224626302719,0.0001,9.100000000000001e-06,50.339,3.425,0.6356
2105,stage2,0,0.2638857960700989,0.4140169322490692,0.0,0.2638857960700989,0.0001,9.12e-06,50.34,3.8816,0.6366
2106,stage2,0,0.24554722011089325,0.4200955629348755,0.0,0.24554722011089325,0.0001,9.14e-06,50.34,3.8008,3.2055
2107,stage2,0,0.26150792837142944,0.4088475704193115,0.0,0.26150792837142944,0.0001,9.16e-06,50.337,4.2831,0.7971
2108,stage2,0,0.22403733432292938,0.38503992557525635,0.0,0.22403733432292938,0.0001,9.180000000000002e-06,50.337,3.3564,0.8397
2109,stage2,0,0.20800729095935822,0.4009535014629364,0.0,0.20800729095935822,0.0001,9.200000000000002e-06,50.34,3.9643,0.6364
2110,stage2,0,0.25757184624671936,0.39822399616241455,0.0,0.25757184624671936,0.0001,9.220000000000002e-06,50.34,3.8572,0.6362
2111,stage2,0,0.25936833024024963,0.4290626049041748,0.0,0.25936833024024963,0.0001,9.240000000000001e-06,50.342,4.5657,0.6361
2112,stage2,0,0.20857423543930054,0.4117279350757599,0.0,0.20857423543930054,0.0001,9.260000000000001e-06,50.339,3.1549,0.6359
2113,stage2,0,0.21743349730968475,0.38328972458839417,0.0,0.21743349730968475,0.0001,9.280000000000001e-06,50.342,3.8082,0.6364
2114,stage2,0,0.2713626027107239,0.42681729793548584,0.0,0.2713626027107239,0.0001,9.3e-06,50.339,3.5296,3.2365
2115,stage2,0,0.24494600296020508,0.4465769827365875,0.0,0.24494600296020508,0.0001,9.32e-06,50.336,6.015,0.7764
2116,stage2,0,0.2128250002861023,0.3923833966255188,0.0,0.2128250002861023,0.0001,9.340000000000002e-06,50.338,3.4207,0.8158
2117,stage2,0,0.23293207585811615,0.42020153999328613,0.0,0.23293207585811615,0.0001,9.360000000000002e-06,50.339,4.2055,0.6354
2118,stage2,0,0.21795564889907837,0.36887478828430176,0.0,0.21795564889907837,0.0001,9.38e-06,50.338,3.2851,0.6358
2119,stage2,0,0.24779395759105682,0.4529895484447479,0.0,0.24779395759105682,0.0001,9.4e-06,50.335,4.0998,0.6368
2120,stage2,0,0.264373779296875,0.41418328881263733,0.0,0.264373779296875,0.0001,9.42e-06,50.334,3.7344,0.6358
2121,stage2,0,0.2648196816444397,0.38599321246147156,0.0,0.2648196816444397,0.0001,9.440000000000001e-06,50.34,4.6424,0.6368
2122,stage2,0,0.26355838775634766,0.4245587885379791,0.0,0.26355838775634766,0.0001,9.460000000000001e-06,50.339,4.244,3.1854
2123,stage2,0,0.17837129533290863,0.39649850130081177,0.0,0.17837129533290863,0.0001,9.48e-06,50.338,2.9334,0.8298
2124,stage2,0,0.2620297372341156,0.42834168672561646,0.0,0.2620297372341156,0.0001,9.5e-06,50.339,3.4057,0.8402
2125,stage2,0,0.2585550844669342,0.42568162083625793,0.0,0.2585550844669342,0.0001,9.52e-06,50.335,3.5645,0.6354
2126,stage2,0,0.26286962628364563,0.4063410460948944,0.0,0.26286962628364563,0.0001,9.54e-06,50.338,3.7205,0.6357
2127,stage2,0,0.22280560433864594,0.41331198811531067,0.0,0.22280560433864594,0.0001,9.56e-06,50.34,3.4342,0.6356
2128,stage2,0,0.2517884373664856,0.44094499945640564,0.0,0.2517884373664856,0.0001,9.58e-06,50.336,4.959,0.6364
2129,stage2,0,0.2635404169559479,0.42006418108940125,0.0,0.2635404169559479,0.0001,9.600000000000001e-06,50.337,5.2582,0.637
2130,stage2,0,0.22867289185523987,0.3946879506111145,0.0,0.22867289185523987,0.0001,9.620000000000001e-06,50.336,3.4719,3.164
2131,stage2,0,0.24628028273582458,0.4184948801994324,0.0,0.24628028273582458,0.0001,9.640000000000001e-06,50.336,3.7332,0.9094
2132,stage2,0,0.23638956248760223,0.399505615234375,0.0,0.23638956248760223,0.0001,9.66e-06,50.341,3.6128,0.8328
2133,stage2,0,0.26113346219062805,0.43301838636398315,0.0,0.26113346219062805,0.0001,9.68e-06,50.336,4.0377,0.6351
2134,stage2,0,0.27075690031051636,0.40065139532089233,0.0,0.27075690031051636,0.0001,9.7e-06,50.341,3.3566,0.6358
2135,stage2,0,0.25856268405914307,0.4154207706451416,0.0,0.25856268405914307,0.0001,9.72e-06,50.341,3.5661,0.6355
2136,stage2,0,0.24812516570091248,0.4088740944862366,0.0,0.24812516570091248,0.0001,9.74e-06,50.344,3.709,0.6366
2137,stage2,0,0.2236812859773636,0.38427552580833435,0.0,0.2236812859773636,0.0001,9.760000000000001e-06,50.338,4.3071,0.6365
2138,stage2,0,0.24615013599395752,0.4206649363040924,0.0,0.24615013599395752,0.0001,9.780000000000001e-06,50.334,3.6073,3.0102
2139,stage2,0,0.27019041776657104,0.4087046682834625,0.0,0.27019041776657104,0.0001,9.800000000000001e-06,50.337,5.0491,1.0455
2140,stage2,0,0.2540728449821472,0.42573145031929016,0.0,0.2540728449821472,0.0001,9.820000000000001e-06,50.34,4.0594,0.7865
2141,stage2,0,0.2676844894886017,0.43173450231552124,0.0,0.2676844894886017,0.0001,9.84e-06,50.339,3.9107,0.6353
2142,stage2,0,0.21750035881996155,0.38710543513298035,0.0,0.21750035881996155,0.0001,9.86e-06,50.335,3.4881,0.6355
2143,stage2,0,0.27679944038391113,0.43864595890045166,0.0,0.27679944038391113,0.0001,9.88e-06,50.34,4.1337,0.6358
2144,stage2,0,0.23487944900989532,0.3903964161872864,0.0,0.23487944900989532,0.0001,9.9e-06,50.34,4.1888,0.6362
2145,stage2,0,0.22509783506393433,0.40255114436149597,0.0,0.22509783506393433,0.0001,9.920000000000002e-06,50.337,3.6255,0.6363
2146,stage2,0,0.245925173163414,0.3941662609577179,0.0,0.245925173163414,0.0001,9.940000000000001e-06,50.343,3.4417,2.9433
2147,stage2,0,0.2253432720899582,0.4319276809692383,0.0,0.2253432720899582,0.0001,9.960000000000001e-06,50.336,3.7842,1.1742
2148,stage2,0,0.252432644367218,0.4112909734249115,0.0,0.252432644367218,0.0001,9.980000000000001e-06,50.335,4.9005,0.6987
2149,stage2,0,0.23666872084140778,0.415162056684494,0.0,0.23666872084140778,0.0001,1e-05,50.335,2.9365,0.6347
2150,stage2,0,0.25544416904449463,0.3870442509651184,0.0,0.25544416904449463,0.0001,1e-05,50.334,3.8101,0.635
2151,stage2,0,0.2862555682659149,0.41129565238952637,0.0,0.2862555682659149,0.0001,1e-05,50.341,4.414,0.6363
2152,stage2,0,0.27864691615104675,0.4108944237232208,0.0,0.27864691615104675,0.0001,1e-05,50.336,4.5362,0.6367
2153,stage2,0,0.26331767439842224,0.4176495671272278,0.0,0.26331767439842224,0.0001,1e-05,50.337,5.6587,0.636
2154,stage2,0,0.22963915765285492,0.38996633887290955,0.0,0.22963915765285492,0.0001,1e-05,50.336,3.7404,2.9259
2155,stage2,0,0.22803789377212524,0.4037819504737854,0.0,0.22803789377212524,0.0001,1e-05,50.336,3.6247,1.2371
2156,stage2,0,0.2208411544561386,0.4311470687389374,0.0,0.2208411544561386,0.0001,1e-05,50.338,3.3293,0.6471
2157,stage2,0,0.2525976896286011,0.40957918763160706,0.0,0.2525976896286011,0.0001,1e-05,50.34,4.1,0.6353
2158,stage2,0,0.2656383216381073,0.43915241956710815,0.0,0.2656383216381073,0.0001,1e-05,50.337,4.9082,0.636
2159,stage2,0,0.2903605103492737,0.3994951546192169,0.0,0.2903605103492737,0.0001,1e-05,50.335,3.805,0.636
2160,stage2,0,0.2174023687839508,0.38919779658317566,0.0,0.2174023687839508,0.0001,1e-05,50.336,3.1743,0.6355
2161,stage2,0,0.20608200132846832,0.42646244168281555,0.0,0.20608200132846832,0.0001,1e-05,50.337,3.5867,0.6358
2162,stage2,0,0.290902704000473,0.42469125986099243,0.0,0.290902704000473,0.0001,1e-05,50.336,4.2625,2.8742
2163,stage2,0,0.22369419038295746,0.39629700779914856,0.0,0.22369419038295746,0.0001,1e-05,50.335,3.6489,1.2747
2164,stage2,0,0.23006021976470947,0.3913741707801819,0.0,0.23006021976470947,0.0001,1e-05,50.335,2.9783,0.653
2165,stage2,0,0.19088271260261536,0.4056958258152008,0.0,0.19088271260261536,0.0001,1e-05,50.338,3.274,0.6352
2166,stage2,0,0.2501315772533417,0.4111562967300415,0.0,0.2501315772533417,0.0001,1e-05,50.343,3.5829,0.6352
2167,stage2,0,0.2702140808105469,0.43978190422058105,0.0,0.2702140808105469,0.0001,1e-05,50.338,4.1133,0.6353
2168,stage2,0,0.20595616102218628,0.4071093201637268,0.0,0.20595616102218628,0.0001,1e-05,50.336,3.2989,0.636
2169,stage2,0,0.271983802318573,0.4322929382324219,0.0,0.271983802318573,0.0001,1e-05,50.336,5.1072,0.6364
2170,stage2,0,0.24916599690914154,0.39837223291397095,0.0,0.24916599690914154,0.0001,1e-05,50.341,4.2919,2.8269
2171,stage2,0,0.25684812664985657,0.4408036172389984,0.0,0.25684812664985657,0.0001,1e-05,50.337,3.6882,1.4066
2172,stage2,0,0.27939096093177795,0.41781195998191833,0.0,0.27939096093177795,0.0001,1e-05,50.34,4.5634,0.6341
2173,stage2,0,0.2546655833721161,0.43497994542121887,0.0,0.2546655833721161,0.0001,1e-05,50.34,4.148,0.6357
2174,stage2,0,0.27601781487464905,0.43403464555740356,0.0,0.27601781487464905,0.0001,1e-05,50.342,5.413,0.6344
2175,stage2,0,0.23195432126522064,0.4011731743812561,0.0,0.23195432126522064,0.0001,1e-05,50.335,3.6121,0.6353
2176,stage2,0,0.24002714455127716,0.4146772623062134,0.0,0.24002714455127716,0.0001,1e-05,50.334,3.3496,0.6362
2177,stage2,0,0.21326300501823425,0.4161660969257355,0.0,0.21326300501823425,0.0001,1e-05,50.336,3.4083,0.636
2178,stage2,0,0.24642208218574524,0.41159188747406006,0.0,0.24642208218574524,0.0001,1e-05,50.341,3.8212,2.7717
2179,stage2,0,0.21058271825313568,0.4355432689189911,0.0,0.21058271825313568,0.0001,1e-05,50.335,3.4956,1.483
2180,stage2,0,0.267717570066452,0.4186667501926422,0.0,0.267717570066452,0.0001,1e-05,50.337,5.9006,0.6346
2181,stage2,0,0.2222646027803421,0.38547661900520325,0.0,0.2222646027803421,0.0001,1e-05,50.338,3.5742,0.6346
2182,stage2,0,0.24068570137023926,0.42279547452926636,0.0,0.24068570137023926,0.0001,1e-05,50.341,3.5772,0.635
2183,stage2,0,0.2689806818962097,0.39398837089538574,0.0,0.2689806818962097,0.0001,1e-05,50.339,4.195,0.6354
2184,stage2,0,0.24468012154102325,0.41757819056510925,0.0,0.24468012154102325,0.0001,1e-05,50.336,3.894,0.6361
2185,stage2,0,0.2602711617946625,0.4081804156303406,0.0,0.2602711617946625,0.0001,1e-05,50.34,4.2882,0.6356
2186,stage2,0,0.22977858781814575,0.39679408073425293,0.0,0.22977858781814575,0.0001,1e-05,50.34,3.6767,2.704
2187,stage2,0,0.267036497592926,0.4182680547237396,0.0,0.267036497592926,0.0001,1e-05,50.341,4.7777,1.4472
2188,stage2,0,0.2675406336784363,0.43932968378067017,0.0,0.2675406336784363,0.0001,1e-05,50.34,3.9287,0.6349
2189,stage2,0,0.2379932701587677,0.39255908131599426,0.0,0.2379932701587677,0.0001,1e-05,50.336,3.7986,0.6349
2190,stage2,0,0.23032553493976593,0.4077024459838867,0.0,0.23032553493976593,0.0001,1e-05,50.335,4.324,0.6352
2191,stage2,0,0.24801847338676453,0.4280126988887787,0.0,0.24801847338676453,0.0001,1e-05,50.336,3.3722,0.6362
2192,stage2,0,0.2504369020462036,0.43915146589279175,0.0,0.2504369020462036,0.0001,1e-05,50.338,4.2261,0.6365
2193,stage2,0,0.24733677506446838,0.41481533646583557,0.0,0.24733677506446838,0.0001,1e-05,50.34,3.9472,0.6365
2194,stage2,0,0.267929345369339,0.4206553101539612,0.0,0.267929345369339,0.0001,1e-05,50.34,4.0175,2.767
2195,stage2,0,0.28945156931877136,0.4332820475101471,0.0,0.28945156931877136,0.0001,1e-05,50.339,3.786,1.3841
2196,stage2,0,0.23674821853637695,0.44293156266212463,0.0,0.23674821853637695,0.0001,1e-05,50.34,4.1896,0.6346
2197,stage2,0,0.24921002984046936,0.42225098609924316,0.0,0.24921002984046936,0.0001,1e-05,50.338,4.1167,0.635
2198,stage2,0,0.21016055345535278,0.39372390508651733,0.0,0.21016055345535278,0.0001,1e-05,50.337,3.3506,0.6353
2199,stage2,0,0.2170419543981552,0.39901652932167053,0.0,0.2170419543981552,0.0001,1e-05,50.338,3.5736,0.6363
2200,stage2,0,0.23082853853702545,0.3952766954898834,0.0,0.23082853853702545,0.0001,1e-05,50.338,3.618,0.6365
2201,stage2,0,0.28557929396629333,0.41486212611198425,0.0,0.28557929396629333,0.0001,1e-05,50.339,5.0526,0.6367
2202,stage2,0,0.2693411111831665,0.4122997224330902,0.0,0.2693411111831665,0.0001,1e-05,50.335,3.91,2.7727
2203,stage2,0,0.2649215757846832,0.4144570827484131,0.0,0.2649215757846832,0.0001,1e-05,50.339,4.2943,1.3499
2204,stage2,0,0.2497178465127945,0.4091516435146332,0.0,0.2497178465127945,0.0001,1e-05,50.337,3.8249,0.6354
2205,stage2,0,0.2374313324689865,0.41099151968955994,0.0,0.2374313324689865,0.0001,1e-05,50.336,3.3133,0.6356
2206,stage2,0,0.24767804145812988,0.4221022427082062,0.0,0.24767804145812988,0.0001,1e-05,50.333,4.1633,0.6353
2207,stage2,0,0.2458873838186264,0.3989114761352539,0.0,0.2458873838186264,0.0001,1e-05,50.337,3.9449,0.6356
2208,stage2,0,0.24975788593292236,0.4072934687137604,0.0,0.24975788593292236,0.0001,1e-05,50.341,4.141,0.6356
2209,stage2,0,0.2209499180316925,0.3833177387714386,0.0,0.2209499180316925,0.0001,1e-05,50.338,3.8016,0.6361
2210,stage2,0,0.21981145441532135,0.40165436267852783,0.0,0.21981145441532135,0.0001,1e-05,50.338,3.4304,2.8105
2211,stage2,0,0.24423618614673615,0.39774397015571594,0.0,0.24423618614673615,0.0001,1e-05,50.336,3.3935,1.4199
2212,stage2,0,0.2593522369861603,0.4025469124317169,0.0,0.2593522369861603,0.0001,1e-05,50.338,3.3399,0.635
2213,stage2,0,0.22358040511608124,0.4005429744720459,0.0,0.22358040511608124,0.0001,1e-05,50.338,4.247,0.635
2214,stage2,0,0.25425857305526733,0.4414902925491333,0.0,0.25425857305526733,0.0001,1e-05,50.34,3.9341,0.6358
2215,stage2,0,0.19589407742023468,0.4100513160228729,0.0,0.19589407742023468,0.0001,1e-05,50.342,3.0742,0.6357
2216,stage2,0,0.19933174550533295,0.41137194633483887,0.0,0.19933174550533295,0.0001,1e-05,50.339,3.9335,0.6364
2217,stage2,0,0.2122054547071457,0.40490075945854187,0.0,0.2122054547071457,0.0001,1e-05,50.338,3.9564,0.6359
2218,stage2,0,0.2546602785587311,0.3944225013256073,0.0,0.2546602785587311,0.0001,1e-05,50.336,3.8892,2.7379
2219,stage2,0,0.23873284459114075,0.4048584997653961,0.0,0.23873284459114075,0.0001,1e-05,50.338,3.3636,1.4324
2220,stage2,0,0.23413318395614624,0.40399086475372314,0.0,0.23413318395614624,0.0001,1e-05,50.335,4.2188,0.6358
2221,stage2,0,0.23815758526325226,0.41759735345840454,0.0,0.23815758526325226,0.0001,1e-05,50.339,4.2809,0.6351
2222,stage2,0,0.2240903377532959,0.4064192771911621,0.0,0.2240903377532959,0.0001,1e-05,50.337,3.4651,0.6351
2223,stage2,0,0.2547149062156677,0.43194225430488586,0.0,0.2547149062156677,0.0001,1e-05,50.339,4.6844,0.6353
2224,stage2,0,0.2721146047115326,0.4067617654800415,0.0,0.2721146047115326,0.0001,1e-05,50.337,4.0749,0.6351
2225,stage2,0,0.19371698796749115,0.3631199896335602,0.0,0.19371698796749115,0.0001,1e-05,50.338,4.6627,0.6364
2226,stage2,0,0.24103589355945587,0.38667038083076477,0.0,0.24103589355945587,0.0001,1e-05,50.337,5.0138,2.8669
2227,stage2,0,0.21190786361694336,0.3984922468662262,0.0,0.21190786361694336,0.0001,1e-05,50.336,2.9414,1.5347
2228,stage2,0,0.2082485556602478,0.3857802748680115,0.0,0.2082485556602478,0.0001,1e-05,50.34,3.2039,0.6354
2229,stage2,0,0.20041030645370483,0.39645856618881226,0.0,0.20041030645370483,0.0001,1e-05,50.337,3.184,0.6349
2230,stage2,0,0.2142966091632843,0.38145911693573,0.0,0.2142966091632843,0.0001,1e-05,50.337,3.9228,0.6347
2231,stage2,0,0.2290753424167633,0.38905730843544006,0.0,0.2290753424167633,0.0001,1e-05,50.342,4.0096,0.6351
2232,stage2,0,0.24700909852981567,0.4389820396900177,0.0,0.24700909852981567,0.0001,1e-05,50.336,4.0892,0.6353
2233,stage2,0,0.23574793338775635,0.3949413001537323,0.0,0.23574793338775635,0.0001,1e-05,50.339,4.0442,0.6355
2234,stage2,0,0.2368272989988327,0.42657166719436646,0.0,0.2368272989988327,0.0001,1e-05,50.344,3.5998,2.6287
2235,stage2,0,0.24503998458385468,0.40900692343711853,0.0,0.24503998458385468,0.0001,1e-05,50.342,4.0504,1.5652
2236,stage2,0,0.2488611340522766,0.4322972893714905,0.0,0.2488611340522766,0.0001,1e-05,50.343,4.5019,0.6341
2237,stage2,0,0.23730780184268951,0.39498069882392883,0.0,0.23730780184268951,0.0001,1e-05,50.337,4.1711,0.6346
2238,stage2,0,0.20407316088676453,0.41106098890304565,0.0,0.20407316088676453,0.0001,1e-05,50.34,4.2914,0.6345
2239,stage2,0,0.2201835662126541,0.41484957933425903,0.0,0.2201835662126541,0.0001,1e-05,50.342,3.2963,0.6355
2240,stage2,0,0.2509189546108246,0.3973965048789978,0.0,0.2509189546108246,0.0001,1e-05,50.338,4.6487,0.635
2241,stage2,0,0.2428680658340454,0.41601836681365967,0.0,0.2428680658340454,0.0001,1e-05,50.338,5.3092,0.6357
2242,stage2,0,0.2454630434513092,0.4267227351665497,0.0,0.2454630434513092,0.0001,1e-05,50.337,3.7717,2.6754
2243,stage2,0,0.2419428825378418,0.46207815408706665,0.0,0.2419428825378418,0.0001,1e-05,50.337,3.8972,1.4661
2244,stage2,0,0.2052736133337021,0.39824700355529785,0.0,0.2052736133337021,0.0001,1e-05,50.342,3.27,0.6403
2245,stage2,0,0.2706560492515564,0.42608875036239624,0.0,0.2706560492515564,0.0001,1e-05,50.333,5.1801,0.6321
2246,stage2,0,0.21593740582466125,0.40738949179649353,0.0,0.21593740582466125,0.0001,1e-05,50.338,2.7814,0.6351
2247,stage2,0,0.26632577180862427,0.4041760265827179,0.0,0.26632577180862427,0.0001,1e-05,50.337,3.5714,0.6346
2248,stage2,0,0.2770901322364807,0.41405344009399414,0.0,0.2770901322364807,0.0001,1e-05,50.338,3.8398,0.6356
2249,stage2,0,0.24612216651439667,0.4298352003097534,0.0,0.24612216651439667,0.0001,1e-05,50.34,4.3702,0.6357
2250,stage2,0,0.23996947705745697,0.41399672627449036,0.0,0.23996947705745697,0.0001,1e-05,50.34,3.6296,2.7127
2251,stage2,0,0.24428734183311462,0.399617463350296,0.0,0.24428734183311462,0.0001,1e-05,50.34,3.9655,1.4622
2252,stage2,0,0.2772804796695709,0.4338916838169098,0.0,0.2772804796695709,0.0001,1e-05,50.342,4.8725,0.6349
2253,stage2,0,0.21872317790985107,0.3936752378940582,0.0,0.21872317790985107,0.0001,1e-05,50.337,3.528,0.635
2254,stage2,0,0.27760738134384155,0.40470609068870544,0.0,0.27760738134384155,0.0001,1e-05,50.333,5.1031,0.6351
2255,stage2,0,0.25014176964759827,0.4178870618343353,0.0,0.25014176964759827,0.0001,1e-05,50.337,3.4529,0.6358
2256,stage2,0,0.20032557845115662,0.41439613699913025,0.0,0.20032557845115662,0.0001,1e-05,50.338,2.9782,0.6357
2257,stage2,0,0.21749508380889893,0.4082305431365967,0.0,0.21749508380889893,0.0001,1e-05,50.337,4.7967,0.6359
2258,stage2,0,0.26188212633132935,0.40506917238235474,0.0,0.26188212633132935,0.0001,1e-05,50.339,4.7725,2.6685
2259,stage2,0,0.25770020484924316,0.4227233827114105,0.0,0.25770020484924316,0.0001,1e-05,50.343,4.4145,1.4694
2260,stage2,0,0.2542804181575775,0.3894118368625641,0.0,0.2542804181575775,0.0001,1e-05,50.34,3.5724,0.6335
2261,stage2,0,0.2596752941608429,0.4083752930164337,0.0,0.2596752941608429,0.0001,1e-05,50.337,4.0812,0.6344
2262,stage2,0,0.28450414538383484,0.40471819043159485,0.0,0.28450414538383484,0.0001,1e-05,50.339,4.6212,0.634
2263,stage2,0,0.27698060870170593,0.4329194128513336,0.0,0.27698060870170593,0.0001,1e-05,50.334,4.9676,0.6361
2264,stage2,0,0.26705628633499146,0.40260574221611023,0.0,0.26705628633499146,0.0001,1e-05,50.337,4.8949,0.6357
2265,stage2,0,0.2028360366821289,0.3769426643848419,0.0,0.2028360366821289,0.0001,1e-05,50.337,3.8794,0.6361
2266,stage2,0,0.23729485273361206,0.4402419328689575,0.0,0.23729485273361206,0.0001,1e-05,50.333,3.9723,2.7317
2267,stage2,0,0.2611498236656189,0.3915194869041443,0.0,0.2611498236656189,0.0001,1e-05,50.338,3.895,1.4072
2268,stage2,0,0.2411680966615677,0.38293835520744324,0.0,0.2411680966615677,0.0001,1e-05,50.338,4.5076,0.6349
2269,stage2,0,0.2103727161884308,0.4007501006126404,0.0,0.2103727161884308,0.0001,1e-05,50.336,3.7815,0.6343
2270,stage2,0,0.2931497097015381,0.407890647649765,0.0,0.2931497097015381,0.0001,1e-05,50.338,6.1247,0.6345
2271,stage2,0,0.25841209292411804,0.3928576707839966,0.0,0.25841209292411804,0.0001,1e-05,50.335,4.369,0.6366
2272,stage2,0,0.2459542453289032,0.3923087418079376,0.0,0.2459542453289032,0.0001,1e-05,50.339,3.6051,0.6359
2273,stage2,0,0.2095368355512619,0.3866646885871887,0.0,0.2095368355512619,0.0001,1e-05,50.338,4.2603,0.6355
2274,stage2,0,0.2245764285326004,0.3866089880466461,0.0,0.2245764285326004,0.0001,1e-05,50.335,3.4091,2.7683
2275,stage2,0,0.2600027620792389,0.41680145263671875,0.0,0.2600027620792389,0.0001,1e-05,50.34,4.4202,1.3475
2276,stage2,0,0.2824345529079437,0.4144435226917267,0.0,0.2824345529079437,0.0001,1e-05,50.337,5.5356,0.6342
2277,stage2,0,0.24472935497760773,0.4130672514438629,0.0,0.24472935497760773,0.0001,1e-05,50.335,4.1067,0.6354
2278,stage2,0,0.22478048503398895,0.3962625563144684,0.0,0.22478048503398895,0.0001,1e-05,50.336,4.1353,0.636
2279,stage2,0,0.2495572865009308,0.39896339178085327,0.0,0.2495572865009308,0.0001,1e-05,50.34,4.378,0.6357
2280,stage2,0,0.21855421364307404,0.4006335437297821,0.0,0.21855421364307404,0.0001,1e-05,50.341,3.4354,0.6362
2281,stage2,0,0.21102392673492432,0.41558489203453064,0.0,0.21102392673492432,0.0001,1e-05,50.341,3.3067,0.6358
2282,stage2,0,0.2289476990699768,0.4108593761920929,0.0,0.2289476990699768,0.0001,1e-05,50.336,5.796,2.917
2283,stage2,0,0.21220074594020844,0.40526244044303894,0.0,0.21220074594020844,0.0001,1e-05,50.338,3.5112,1.2329
2284,stage2,0,0.19858865439891815,0.41479864716529846,0.0,0.19858865439891815,0.0001,1e-05,50.338,4.1484,0.6348
2285,stage2,0,0.266205370426178,0.40046218037605286,0.0,0.266205370426178,0.0001,1e-05,50.337,4.9883,0.6348
2286,stage2,0,0.23794810473918915,0.41485080122947693,0.0,0.23794810473918915,0.0001,1e-05,50.338,3.9462,0.6355
2287,stage2,0,0.22830325365066528,0.38727641105651855,0.0,0.22830325365066528,0.0001,1e-05,50.334,4.962,0.6351
2288,stage2,0,0.21947167813777924,0.4167145788669586,0.0,0.21947167813777924,0.0001,1e-05,50.336,4.397,0.6358
2289,stage2,0,0.2279880791902542,0.39801397919654846,0.0,0.2279880791902542,0.0001,1e-05,50.339,4.2919,0.6362
2290,stage2,0,0.1980254203081131,0.4106641411781311,0.0,0.1980254203081131,0.0001,1e-05,50.335,3.2066,2.949
2291,stage2,0,0.23222187161445618,0.3955220580101013,0.0,0.23222187161445618,0.0001,1e-05,50.338,5.3074,1.2045
2292,stage2,0,0.18758590519428253,0.4091033339500427,0.0,0.18758590519428253,0.0001,1e-05,50.343,4.1896,0.6333
2293,stage2,0,0.2465110570192337,0.3810211420059204,0.0,0.2465110570192337,0.0001,1e-05,50.34,4.8595,0.6344
2294,stage2,0,0.23313337564468384,0.42216944694519043,0.0,0.23313337564468384,0.0001,1e-05,50.332,3.6869,0.6353
2295,stage2,0,0.20870937407016754,0.3952544033527374,0.0,0.20870937407016754,0.0001,1e-05,50.339,4.2739,0.6355
2296,stage2,0,0.27684250473976135,0.4151615798473358,0.0,0.27684250473976135,0.0001,1e-05,50.34,4.3669,0.6362
2297,stage2,0,0.28468504548072815,0.4022361934185028,0.0,0.28468504548072815,0.0001,1e-05,50.338,4.6947,0.6359
2298,stage2,0,0.25201794505119324,0.3999578654766083,0.0,0.25201794505119324,0.0001,1e-05,50.337,4.9163,2.9614
2299,stage2,0,0.22827522456645966,0.43134555220603943,0.0,0.22827522456645966,0.0001,1e-05,50.336,4.7052,1.1972
2300,stage2,0,0.21454691886901855,0.39917322993278503,0.0,0.21454691886901855,0.0001,1e-05,50.336,3.9242,0.6351
2301,stage2,0,0.18467877805233002,0.3885008692741394,0.0,0.18467877805233002,0.0001,1e-05,50.341,3.8512,0.6355
2302,stage2,0,0.22535845637321472,0.4078983664512634,0.0,0.22535845637321472,0.0001,1e-05,50.337,4.1203,0.6354
2303,stage2,0,0.27397993206977844,0.42901018261909485,0.0,0.27397993206977844,0.0001,1e-05,50.337,4.1315,0.6352
2304,stage2,0,0.22438383102416992,0.40622878074645996,0.0,0.22438383102416992,0.0001,1e-05,50.338,3.5133,0.636
2305,stage2,0,0.2180332988500595,0.3993711769580841,0.0,0.2180332988500595,0.0001,1e-05,50.333,4.3019,0.6366
2306,stage2,0,0.2613318860530853,0.39872705936431885,0.0,0.2613318860530853,0.0001,1e-05,50.338,3.9303,2.9936
2307,stage2,0,0.2629087567329407,0.4081607460975647,0.0,0.2629087567329407,0.0001,1e-05,50.338,4.7946,1.216
2308,stage2,0,0.21490606665611267,0.4040960371494293,0.0,0.21490606665611267,0.0001,1e-05,50.339,3.6865,0.6344
2309,stage2,0,0.19043581187725067,0.374525785446167,0.0,0.19043581187725067,0.0001,1e-05,50.338,2.6669,0.6349
2310,stage2,0,0.22027753293514252,0.40949180722236633,0.0,0.22027753293514252,0.0001,1e-05,50.337,4.0863,0.635
2311,stage2,0,0.2175147384405136,0.40354374051094055,0.0,0.2175147384405136,0.0001,1e-05,50.337,3.5732,0.6353
2312,stage2,0,0.22167609632015228,0.4042068421840668,0.0,0.22167609632015228,0.0001,1e-05,50.337,3.7681,0.6359
2313,stage2,0,0.23278261721134186,0.37961146235466003,0.0,0.23278261721134186,0.0001,1e-05,50.341,3.4089,0.6353
2314,stage2,0,0.23540006577968597,0.39277687668800354,0.0,0.23540006577968597,0.0001,1e-05,50.339,3.3022,2.9639
2315,stage2,0,0.23707495629787445,0.4304802715778351,0.0,0.23707495629787445,0.0001,1e-05,50.338,4.5088,1.2309
2316,stage2,0,0.23604026436805725,0.3806334137916565,0.0,0.23604026436805725,0.0001,1e-05,50.34,4.4575,0.6343
2317,stage2,0,0.2211335003376007,0.40704840421676636,0.0,0.2211335003376007,0.0001,1e-05,50.336,3.813,0.635
2318,stage2,0,0.2338179498910904,0.3768080770969391,0.0,0.2338179498910904,0.0001,1e-05,50.339,3.8902,0.6346
2319,stage2,0,0.22865210473537445,0.3998506963253021,0.0,0.22865210473537445,0.0001,1e-05,50.339,3.296,0.6361
2320,stage2,0,0.23938877880573273,0.3878493010997772,0.0,0.23938877880573273,0.0001,1e-05,50.336,3.7484,0.6367
2321,stage2,0,0.20757600665092468,0.3989163041114807,0.0,0.20757600665092468,0.0001,1e-05,50.336,3.5257,0.6361
2322,stage2,0,0.21917495131492615,0.3906465172767639,0.0,0.21917495131492615,0.0001,1e-05,50.34,3.8003,2.872
2323,stage2,0,0.24530476331710815,0.3955618143081665,0.0,0.24530476331710815,0.0001,1e-05,50.337,3.8638,1.2867
2324,stage2,0,0.2343227118253708,0.38078585267066956,0.0,0.2343227118253708,0.0001,1e-05,50.337,4.4735,0.6337
2325,stage2,0,0.21980006992816925,0.40106400847435,0.0,0.21980006992816925,0.0001,1e-05,50.336,3.9678,0.6347
2326,stage2,0,0.24032104015350342,0.3951076865196228,0.0,0.24032104015350342,0.0001,1e-05,50.339,4.0801,0.6346
2327,stage2,0,0.2124537229537964,0.41637200117111206,0.0,0.2124537229537964,0.0001,1e-05,50.336,5.2376,0.6355
2328,stage2,0,0.2276199758052826,0.39726415276527405,0.0,0.2276199758052826,0.0001,1e-05,50.337,3.8167,0.6353
2329,stage2,0,0.24514438211917877,0.39850324392318726,0.0,0.24514438211917877,0.0001,1e-05,50.339,4.3365,0.6371
2330,stage2,0,0.2343849390745163,0.43684056401252747,0.0,0.2343849390745163,0.0001,1e-05,50.341,4.6014,2.884
2331,stage2,0,0.25780847668647766,0.37640294432640076,0.0,0.25780847668647766,0.0001,1e-05,50.335,4.2434,1.3121
2332,stage2,0,0.2789538502693176,0.42758774757385254,0.0,0.2789538502693176,0.0001,1e-05,50.338,3.8481,0.6345
2333,stage2,0,0.2077433466911316,0.38595497608184814,0.0,0.2077433466911316,0.0001,1e-05,50.336,3.1796,0.6353
2334,stage2,0,0.21028807759284973,0.39762213826179504,0.0,0.21028807759284973,0.0001,1e-05,50.334,3.6235,0.6349
2335,stage2,0,0.20205402374267578,0.3842960596084595,0.0,0.20205402374267578,0.0001,1e-05,50.342,3.0097,0.6351
2336,stage2,0,0.23309220373630524,0.4177660048007965,0.0,0.23309220373630524,0.0001,1e-05,50.338,3.4737,0.6356
2337,stage2,0,0.2511027157306671,0.39797648787498474,0.0,0.2511027157306671,0.0001,1e-05,50.332,4.2483,0.6356
2338,stage2,0,0.21680675446987152,0.3709225654602051,0.0,0.21680675446987152,0.0001,1e-05,50.339,2.9905,2.7883
2339,stage2,0,0.21860641241073608,0.39257562160491943,0.0,0.21860641241073608,0.0001,1e-05,50.339,4.7868,1.4079
2340,stage2,0,0.1792626529932022,0.3866337537765503,0.0,0.1792626529932022,0.0001,1e-05,50.336,3.2282,0.6339
2341,stage2,0,0.20282867550849915,0.4009382426738739,0.0,0.20282867550849915,0.0001,1e-05,50.334,3.8206,0.6344
2342,stage2,0,0.21755705773830414,0.40165361762046814,0.0,0.21755705773830414,0.0001,1e-05,50.336,3.4004,0.635
2343,stage2,0,0.22372151911258698,0.40594443678855896,0.0,0.22372151911258698,0.0001,1e-05,50.337,4.0346,0.6353
2344,stage2,0,0.23465228080749512,0.43508708477020264,0.0,0.23465228080749512,0.0001,1e-05,50.339,3.5564,0.6358
2345,stage2,0,0.18801158666610718,0.4105145335197449,0.0,0.18801158666610718,0.0001,1e-05,50.338,3.4931,0.6359
2346,stage2,0,0.22351329028606415,0.38223180174827576,0.0,0.22351329028606415,0.0001,1e-05,50.339,3.6413,2.743
2347,stage2,0,0.20900088548660278,0.396274596452713,0.0,0.20900088548660278,0.0001,1e-05,50.341,3.6162,1.4631
2348,stage2,0,0.22130779922008514,0.39687395095825195,0.0,0.22130779922008514,0.0001,1e-05,50.341,3.7246,0.6348
2349,stage2,0,0.23587460815906525,0.4037627577781677,0.0,0.23587460815906525,0.0001,1e-05,50.335,3.6756,0.6355
2350,stage2,0,0.21576733887195587,0.3979474604129791,0.0,0.21576733887195587,0.0001,1e-05,50.338,3.4717,0.6356
2351,stage2,0,0.23510552942752838,0.42388916015625,0.0,0.23510552942752838,0.0001,1e-05,50.336,4.1616,0.6365
2352,stage2,0,0.2307361662387848,0.41325855255126953,0.0,0.2307361662387848,0.0001,1e-05,50.338,3.749,0.6358
2353,stage2,0,0.2550382912158966,0.4035504162311554,0.0,0.2550382912158966,0.0001,1e-05,50.335,3.6469,0.6366
2354,stage2,0,0.18730396032333374,0.43211761116981506,0.0,0.18730396032333374,0.0001,1e-05,50.338,3.0852,2.8118
2355,stage2,0,0.2387263923883438,0.4109106957912445,0.0,0.2387263923883438,0.0001,1e-05,50.337,3.4085,1.3348
2356,stage2,0,0.20930232107639313,0.4057435691356659,0.0,0.20930232107639313,0.0001,1e-05,50.339,3.385,0.6344
2357,stage2,0,0.21956002712249756,0.3961549401283264,0.0,0.21956002712249756,0.0001,1e-05,50.335,3.66,0.6353
2358,stage2,0,0.17245060205459595,0.3933314085006714,0.0,0.17245060205459595,0.0001,1e-05,50.335,2.716,0.6362
2359,stage2,0,0.22055962681770325,0.37279799580574036,0.0,0.22055962681770325,0.0001,1e-05,50.338,2.8614,0.636
2360,stage2,0,0.21870115399360657,0.4343171715736389,0.0,0.21870115399360657,0.0001,1e-05,50.339,3.9356,0.6353
2361,stage2,0,0.24149693548679352,0.4168277978897095,0.0,0.24149693548679352,0.0001,1e-05,50.34,4.0316,0.6364
2362,stage2,0,0.2191077619791031,0.4127182364463806,0.0,0.2191077619791031,0.0001,1e-05,50.339,4.2395,2.8655
2363,stage2,0,0.24357329308986664,0.41917884349823,0.0,0.24357329308986664,0.0001,1e-05,50.338,4.3407,1.289
2364,stage2,0,0.20157194137573242,0.42166271805763245,0.0,0.20157194137573242,0.0001,1e-05,50.337,4.1325,0.6903
2365,stage2,0,0.21146060526371002,0.3770194947719574,0.0,0.21146060526371002,0.0001,1e-05,50.337,3.5702,0.6345
2366,stage2,0,0.1898062378168106,0.3939976692199707,0.0,0.1898062378168106,0.0001,1e-05,50.337,3.8018,0.6364
2367,stage2,0,0.21391840279102325,0.386127233505249,0.0,0.21391840279102325,0.0001,1e-05,50.339,6.1981,0.6358
2368,stage2,0,0.22259964048862457,0.3769999146461487,0.0,0.22259964048862457,0.0001,1e-05,50.337,3.7974,0.6366
2369,stage2,0,0.2091277539730072,0.3832513689994812,0.0,0.2091277539730072,0.0001,1e-05,50.34,3.54,0.6362
2370,stage2,0,0.22431832551956177,0.3694051206111908,0.0,0.22431832551956177,0.0001,1e-05,50.336,3.7042,2.8405
2371,stage2,0,0.22146405279636383,0.4120343029499054,0.0,0.22146405279636383,0.0001,1e-05,50.338,4.1262,1.2859
2372,stage2,0,0.17319022119045258,0.382663369178772,0.0,0.17319022119045258,0.0001,1e-05,50.335,3.2652,0.7594
2373,stage2,0,0.2320292443037033,0.3916838467121124,0.0,0.2320292443037033,0.0001,1e-05,50.341,4.6077,0.6351
2374,stage2,0,0.19521988928318024,0.38462868332862854,0.0,0.19521988928318024,0.0001,1e-05,50.337,3.4577,0.6355
2375,stage2,0,0.2015945464372635,0.365313321352005,0.0,0.2015945464372635,0.0001,1e-05,50.334,3.7401,0.6361
2376,stage2,0,0.2260163426399231,0.4093494713306427,0.0,0.2260163426399231,0.0001,1e-05,50.337,5.1757,0.6361
2377,stage2,0,0.2232276201248169,0.4130589962005615,0.0,0.2232276201248169,0.0001,1e-05,50.336,3.7308,0.6357
2378,stage2,0,0.18573367595672607,0.41133731603622437,0.0,0.18573367595672607,0.0001,1e-05,50.339,3.3042,2.7999
2379,stage2,0,0.254592627286911,0.40518441796302795,0.0,0.254592627286911,0.0001,1e-05,50.337,4.5437,1.2441
2380,stage2,0,0.21070431172847748,0.3937622606754303,0.0,0.21070431172847748,0.0001,1e-05,50.334,4.5275,0.8085
2381,stage2,0,0.185959592461586,0.37859171628952026,0.0,0.185959592461586,0.0001,1e-05,50.336,3.5876,0.6346
2382,stage2,0,0.21855175495147705,0.38274750113487244,0.0,0.21855175495147705,0.0001,1e-05,50.333,3.9777,0.6363
2383,stage2,0,0.1995360553264618,0.3917609751224518,0.0,0.1995360553264618,0.0001,1e-05,50.336,3.0063,0.6366
2384,stage2,0,0.24727115035057068,0.39760127663612366,0.0,0.24727115035057068,0.0001,1e-05,50.339,4.0962,0.637
2385,stage2,0,0.23396983742713928,0.39664900302886963,0.0,0.23396983742713928,0.0001,1e-05,50.338,4.4845,0.6372
2386,stage2,0,0.240704745054245,0.39527395367622375,0.0,0.240704745054245,0.0001,1e-05,50.334,4.3176,2.713
2387,stage2,0,0.21068815886974335,0.40839484333992004,0.0,0.21068815886974335,0.0001,1e-05,50.337,3.8412,1.3286
2388,stage2,0,0.19982405006885529,0.3982747495174408,0.0,0.19982405006885529,0.0001,1e-05,50.336,3.8381,0.8267
2389,stage2,0,0.20613381266593933,0.3971264958381653,0.0,0.20613381266593933,0.0001,1e-05,50.337,3.2017,0.6361
2390,stage2,0,0.23073065280914307,0.36742374300956726,0.0,0.23073065280914307,0.0001,1e-05,50.335,4.0904,0.6359
2391,stage2,0,0.2580639123916626,0.3989991843700409,0.0,0.2580639123916626,0.0001,1e-05,50.338,4.9234,0.6359
2392,stage2,0,0.21172359585762024,0.390121728181839,0.0,0.21172359585762024,0.0001,1e-05,50.336,4.0594,0.6356
2393,stage2,0,0.2020195722579956,0.40864327549934387,0.0,0.2020195722579956,0.0001,1e-05,50.335,4.2716,0.6359
2394,stage2,0,0.24171945452690125,0.3948396146297455,0.0,0.24171945452690125,0.0001,1e-05,50.332,5.1821,2.6516
2395,stage2,0,0.19658179581165314,0.3817196190357208,0.0,0.19658179581165314,0.0001,1e-05,50.334,2.8251,1.3898
2396,stage2,0,0.21564607322216034,0.4103306233882904,0.0,0.21564607322216034,0.0001,1e-05,50.34,3.5471,0.8224
2397,stage2,0,0.1965896636247635,0.40525779128074646,0.0,0.1965896636247635,0.0001,1e-05,50.334,4.1526,0.6356
2398,stage2,0,0.23918384313583374,0.39818504452705383,0.0,0.23918384313583374,0.0001,1e-05,50.336,4.1684,0.6351
2399,stage2,0,0.23821449279785156,0.40978288650512695,0.0,0.23821449279785156,0.0001,1e-05,50.335,4.4216,0.6362
2400,stage2,0,0.19543348252773285,0.3827851712703705,0.0,0.19543348252773285,0.0001,1e-05,50.339,2.9934,0.6362
2401,stage2,0,0.1840454787015915,0.4090615510940552,0.0,0.1840454787015915,0.0001,1e-05,50.337,3.8115,0.6369
2402,stage2,0,0.22074660658836365,0.39177605509757996,0.0,0.22074660658836365,0.0001,1e-05,50.335,3.9894,2.5985
2403,stage2,0,0.18390712141990662,0.39802396297454834,0.0,0.18390712141990662,0.0001,1e-05,50.335,3.381,1.4217
2404,stage2,0,0.17984820902347565,0.4064232110977173,0.0,0.17984820902347565,0.0001,1e-05,50.334,2.7313,0.7854
2405,stage2,0,0.2354997843503952,0.3958218991756439,0.0,0.2354997843503952,0.0001,1e-05,50.337,4.0211,0.6358
2406,stage2,0,0.20608624815940857,0.41372403502464294,0.0,0.20608624815940857,0.0001,1e-05,50.337,3.6662,0.6354
2407,stage2,0,0.22319984436035156,0.4066801071166992,0.0,0.22319984436035156,0.0001,1e-05,50.338,4.1252,0.6364
2408,stage2,0,0.2438611388206482,0.38445454835891724,0.0,0.2438611388206482,0.0001,1e-05,50.339,4.0081,0.6366
2409,stage2,0,0.21641141176223755,0.41606634855270386,0.0,0.21641141176223755,0.0001,1e-05,50.341,3.3428,0.6365
2410,stage2,0,0.20354488492012024,0.4026305675506592,0.0,0.20354488492012024,0.0001,1e-05,50.338,3.328,2.5952
2411,stage2,0,0.23618297278881073,0.3927783668041229,0.0,0.23618297278881073,0.0001,1e-05,50.338,3.5493,1.4468
2412,stage2,0,0.1997595876455307,0.39374929666519165,0.0,0.1997595876455307,0.0001,1e-05,50.335,4.913,0.668
2413,stage2,0,0.21405671536922455,0.3906446397304535,0.0,0.21405671536922455,0.0001,1e-05,50.334,3.8625,0.6363
2414,stage2,0,0.21452361345291138,0.392141729593277,0.0,0.21452361345291138,0.0001,1e-05,50.339,3.7162,0.636
2415,stage2,0,0.20551277697086334,0.3998832106590271,0.0,0.20551277697086334,0.0001,1e-05,50.338,3.2675,0.6367
2416,stage2,0,0.24165499210357666,0.4107349216938019,0.0,0.24165499210357666,0.0001,1e-05,50.339,4.3134,0.6368
2417,stage2,0,0.24996976554393768,0.4261404275894165,0.0,0.24996976554393768,0.0001,1e-05,50.338,4.1636,0.6363
2418,stage2,0,0.22164715826511383,0.3710322380065918,0.0,0.22164715826511383,0.0001,1e-05,50.34,4.2853,2.5887
2419,stage2,0,0.20976035296916962,0.37416401505470276,0.0,0.20976035296916962,0.0001,1e-05,50.333,3.5649,1.6398
2420,stage2,0,0.21466761827468872,0.4016100764274597,0.0,0.21466761827468872,0.0001,1e-05,50.338,4.19,0.6388
2421,stage2,0,0.24606400728225708,0.3955031931400299,0.0,0.24606400728225708,0.0001,1e-05,50.333,4.895,0.6355
2422,stage2,0,0.20628435909748077,0.3843187987804413,0.0,0.20628435909748077,0.0001,1e-05,50.336,3.7792,0.6361
2423,stage2,0,0.21433332562446594,0.3842499256134033,0.0,0.21433332562446594,0.0001,1e-05,50.336,3.3253,0.6364
2424,stage2,0,0.19579865038394928,0.3942827880382538,0.0,0.19579865038394928,0.0001,1e-05,50.339,3.6075,0.6361
2425,stage2,0,0.21799929440021515,0.38954290747642517,0.0,0.21799929440021515,0.0001,1e-05,50.336,3.9831,0.6367
2426,stage2,0,0.2455989569425583,0.3785654306411743,0.0,0.2455989569425583,0.0001,1e-05,50.335,4.6784,2.4818
2427,stage2,0,0.2243986427783966,0.39767754077911377,0.0,0.2243986427783966,0.0001,1e-05,50.336,6.374,1.6532
2428,stage2,0,0.1808483898639679,0.3657717704772949,0.0,0.1808483898639679,0.0001,1e-05,50.335,3.4604,0.6352
2429,stage2,0,0.24185559153556824,0.40917447209358215,0.0,0.24185559153556824,0.0001,1e-05,50.337,4.268,0.636
2430,stage2,0,0.20868292450904846,0.4031440019607544,0.0,0.20868292450904846,0.0001,1e-05,50.335,3.7464,0.6362
2431,stage2,0,0.20948617160320282,0.38130155205726624,0.0,0.20948617160320282,0.0001,1e-05,50.337,4.2344,0.6357
2432,stage2,0,0.22557681798934937,0.38181883096694946,0.0,0.22557681798934937,0.0001,1e-05,50.338,4.1982,0.6367
2433,stage2,0,0.22514404356479645,0.4047512710094452,0.0,0.22514404356479645,0.0001,1e-05,50.335,3.834,0.6371
2434,stage2,0,0.21535970270633698,0.39011135697364807,0.0,0.21535970270633698,0.0001,1e-05,50.335,4.4427,2.5131
2435,stage2,0,0.22850707173347473,0.3907295763492584,0.0,0.22850707173347473,0.0001,1e-05,50.341,4.2829,1.7026
2436,stage2,0,0.21205639839172363,0.41272076964378357,0.0,0.21205639839172363,0.0001,1e-05,50.338,5.6886,0.6353
2437,stage2,0,0.21648898720741272,0.3787474036216736,0.0,0.21648898720741272,0.0001,1e-05,50.337,4.6676,0.6352
2438,stage2,0,0.22884197533130646,0.41333380341529846,0.0,0.22884197533130646,0.0001,1e-05,50.337,4.8549,0.6358
2439,stage2,0,0.20835477113723755,0.3828498125076294,0.0,0.20835477113723755,0.0001,1e-05,50.336,3.1598,0.636
2440,stage2,0,0.22789201140403748,0.3956107199192047,0.0,0.22789201140403748,0.0001,1e-05,50.337,4.6059,0.6366
2441,stage2,0,0.22920040786266327,0.4177628755569458,0.0,0.22920040786266327,0.0001,1e-05,50.338,4.0517,0.6369
2442,stage2,0,0.2548958361148834,0.40363609790802,0.0,0.2548958361148834,0.0001,1e-05,50.333,4.311,2.4193
2443,stage2,0,0.19742026925086975,0.39001837372779846,0.0,0.19742026925086975,0.0001,1e-05,50.338,3.4296,1.8357
2444,stage2,0,0.21118314564228058,0.4057188332080841,0.0,0.21118314564228058,0.0001,1e-05,50.338,4.5635,0.6353
2445,stage2,0,0.21103143692016602,0.3752143681049347,0.0,0.21103143692016602,0.0001,1e-05,50.335,3.3311,0.6367
2446,stage2,0,0.22915661334991455,0.3879920542240143,0.0,0.22915661334991455,0.0001,1e-05,50.338,4.6482,0.6357
2447,stage2,0,0.1748517006635666,0.396972119808197,0.0,0.1748517006635666,0.0001,1e-05,50.341,2.8498,0.6364
2448,stage2,0,0.19846856594085693,0.36087197065353394,0.0,0.19846856594085693,0.0001,1e-05,50.335,3.4504,0.6365
2449,stage2,0,0.21677929162979126,0.40014705061912537,0.0,0.21677929162979126,0.0001,1e-05,50.335,3.3111,0.6366
2450,stage2,0,0.2128031998872757,0.3769027292728424,0.0,0.2128031998872757,0.0001,1e-05,50.338,3.3786,2.3486
2451,stage2,0,0.27254417538642883,0.39597222208976746,0.0,0.27254417538642883,0.0001,1e-05,50.337,3.769,1.8619
2452,stage2,0,0.22835460305213928,0.38384899497032166,0.0,0.22835460305213928,0.0001,1e-05,50.336,3.7164,0.6356
2453,stage2,0,0.22690966725349426,0.38812920451164246,0.0,0.22690966725349426,0.0001,1e-05,50.338,3.9226,0.6354
2454,stage2,0,0.23096540570259094,0.41303175687789917,0.0,0.23096540570259094,0.0001,1e-05,50.339,4.2213,0.637
2455,stage2,0,0.2187339812517166,0.42324191331863403,0.0,0.2187339812517166,0.0001,1e-05,50.34,4.3487,0.637
2456,stage2,0,0.24554751813411713,0.421829491853714,0.0,0.24554751813411713,0.0001,1e-05,50.336,3.5223,0.6369
2457,stage2,0,0.21489684283733368,0.42542019486427307,0.0,0.21489684283733368,0.0001,1e-05,50.333,3.9955,0.6371
2458,stage2,0,0.2231905311346054,0.3809255063533783,0.0,0.2231905311346054,0.0001,1e-05,50.334,3.2948,2.2106
2459,stage2,0,0.19897547364234924,0.38396698236465454,0.0,0.19897547364234924,0.0001,1e-05,50.336,3.6603,1.9763
2460,stage2,0,0.22162744402885437,0.3862408995628357,0.0,0.22162744402885437,0.0001,1e-05,50.337,4.0874,0.6354
2461,stage2,0,0.23777012526988983,0.4115714430809021,0.0,0.23777012526988983,0.0001,1e-05,50.339,3.9862,0.6359
2462,stage2,0,0.18967688083648682,0.37379565834999084,0.0,0.18967688083648682,0.0001,1e-05,50.334,3.4293,0.6374
2463,stage2,0,0.20957519114017487,0.40776681900024414,0.0,0.20957519114017487,0.0001,1e-05,50.336,3.1909,0.6357
2464,stage2,0,0.19835948944091797,0.3673762381076813,0.0,0.19835948944091797,0.0001,1e-05,50.335,5.0322,0.6364
2465,stage2,0,0.23384562134742737,0.40203115344047546,0.0,0.23384562134742737,0.0001,1e-05,50.336,3.8539,0.637
2466,stage2,0,0.22168296575546265,0.4093242585659027,0.0,0.22168296575546265,0.0001,1e-05,50.33,4.8026,2.1303
2467,stage2,0,0.2538003623485565,0.4199465811252594,0.0,0.2538003623485565,0.0001,1e-05,50.342,5.002,2.0734
2468,stage2,0,0.22535990178585052,0.3702984154224396,0.0,0.22535990178585052,0.0001,1e-05,50.338,4.2905,0.6347
2469,stage2,0,0.20409730076789856,0.3455186188220978,0.0,0.20409730076789856,0.0001,1e-05,50.338,3.7359,0.6352
2470,stage2,0,0.23906737565994263,0.4242556691169739,0.0,0.23906737565994263,0.0001,1e-05,50.336,4.2667,0.636
2471,stage2,0,0.27613919973373413,0.4182230532169342,0.0,0.27613919973373413,0.0001,1e-05,50.34,6.2398,0.6368
2472,stage2,0,0.18670779466629028,0.41621702909469604,0.0,0.18670779466629028,0.0001,1e-05,50.336,3.7164,0.6365
2473,stage2,0,0.21152326464653015,0.3954668641090393,0.0,0.21152326464653015,0.0001,1e-05,50.338,3.9187,0.6375
2474,stage2,0,0.25261324644088745,0.3812897205352783,0.0,0.25261324644088745,0.0001,1e-05,50.336,3.9192,2.0676
2475,stage2,0,0.21797233819961548,0.40960901975631714,0.0,0.21797233819961548,0.0001,1e-05,50.339,3.9931,2.1562
2476,stage2,0,0.17928150296211243,0.3669856786727905,0.0,0.17928150296211243,0.0001,1e-05,50.34,4.1638,0.6355
2477,stage2,0,0.190776526927948,0.4159555733203888,0.0,0.190776526927948,0.0001,1e-05,50.34,3.786,0.6366
2478,stage2,0,0.22594060003757477,0.3934122920036316,0.0,0.22594060003757477,0.0001,1e-05,50.337,3.5083,0.6363
2479,stage2,0,0.20152826607227325,0.3988809287548065,0.0,0.20152826607227325,0.0001,1e-05,50.338,3.2358,0.6367
2480,stage2,0,0.19997230172157288,0.3610021471977234,0.0,0.19997230172157288,0.0001,1e-05,50.339,3.6538,0.6373
2481,stage2,0,0.23426298797130585,0.41125884652137756,0.0,0.23426298797130585,0.0001,1e-05,50.339,4.0222,0.6379
2482,stage2,0,0.21247246861457825,0.38200321793556213,0.0,0.21247246861457825,0.0001,1e-05,50.339,3.8894,2.0103
2483,stage2,0,0.2228056937456131,0.4079928994178772,0.0,0.2228056937456131,0.0001,1e-05,50.336,3.6221,2.174
2484,stage2,0,0.1860036998987198,0.391067236661911,0.0,0.1860036998987198,0.0001,1e-05,50.335,3.3684,0.6364
2485,stage2,0,0.24181611835956573,0.43807777762413025,0.0,0.24181611835956573,0.0001,1e-05,50.334,4.104,0.6371
2486,stage2,0,0.16950032114982605,0.3750670254230499,0.0,0.16950032114982605,0.0001,1e-05,50.334,2.7306,0.6364
2487,stage2,0,0.21497049927711487,0.38892751932144165,0.0,0.21497049927711487,0.0001,1e-05,50.331,4.0643,0.637
2488,stage2,0,0.1918603926897049,0.39989060163497925,0.0,0.1918603926897049,0.0001,1e-05,50.333,3.7033,0.6378
2489,stage2,0,0.21278244256973267,0.4076807200908661,0.0,0.21278244256973267,0.0001,1e-05,50.337,3.5935,0.6373
2490,stage2,0,0.2126808762550354,0.3980801999568939,0.0,0.2126808762550354,0.0001,1e-05,50.334,3.5297,1.9945
2491,stage2,0,0.2050919234752655,0.3749934136867523,0.0,0.2050919234752655,0.0001,1e-05,50.332,3.187,2.1483
2492,stage2,0,0.24308638274669647,0.41423723101615906,0.0,0.24308638274669647,0.0001,1e-05,50.336,4.8673,0.6361
2493,stage2,0,0.21951061487197876,0.4133768081665039,0.0,0.21951061487197876,0.0001,1e-05,50.336,4.7428,0.6361
2494,stage2,0,0.21799881756305695,0.39428070187568665,0.0,0.21799881756305695,0.0001,1e-05,50.331,4.3247,0.6363
2495,stage2,0,0.2357424944639206,0.4011326730251312,0.0,0.2357424944639206,0.0001,1e-05,50.332,3.8376,0.6368
2496,stage2,0,0.20061632990837097,0.40732908248901367,0.0,0.20061632990837097,0.0001,1e-05,50.336,3.5094,0.6363
2497,stage2,0,0.2129187285900116,0.38540515303611755,0.0,0.2129187285900116,0.0001,1e-05,50.333,3.6117,0.6369
2498,stage2,0,0.22821207344532013,0.4042307734489441,0.0,0.22821207344532013,0.0001,1e-05,50.333,4.6148,1.997
2499,stage2,0,0.22533290088176727,0.3850150406360626,0.0,0.22533290088176727,0.0001,1e-05,50.329,4.0027,2.1657
2500,stage2,0,0.23705022037029266,0.38914841413497925,0.0,0.23705022037029266,0.0001,1e-05,50.333,4.5594,0.6353
2501,stage2,0,0.19715985655784607,0.35909026861190796,0.0,0.19715985655784607,0.0001,1e-05,50.333,3.2184,0.6369
2502,stage2,0,0.2119036614894867,0.42434999346733093,0.0,0.2119036614894867,0.0001,1e-05,50.336,3.4099,0.6366
2503,stage2,0,0.19483403861522675,0.41296571493148804,0.0,0.19483403861522675,0.0001,1e-05,50.335,6.5468,0.6371
2504,stage2,0,0.2059495449066162,0.37956124544143677,0.0,0.2059495449066162,0.0001,1e-05,50.34,3.7833,0.6377
2505,stage2,0,0.22764882445335388,0.38553208112716675,0.0,0.22764882445335388,0.0001,1e-05,50.336,3.889,0.6375
2506,stage2,0,0.1915496587753296,0.41874203085899353,0.0,0.1915496587753296,0.0001,1e-05,50.333,3.3723,1.9918
2507,stage2,0,0.2217181921005249,0.40397852659225464,0.0,0.2217181921005249,0.0001,1e-05,50.337,3.8689,2.2138
2508,stage2,0,0.260897159576416,0.42003172636032104,0.0,0.260897159576416,0.0001,1e-05,50.334,4.4313,0.6344
2509,stage2,0,0.21228134632110596,0.36712774634361267,0.0,0.21228134632110596,0.0001,1e-05,50.333,4.3632,0.6363
2510,stage2,0,0.1804819107055664,0.381481409072876,0.0,0.1804819107055664,0.0001,1e-05,50.334,3.9709,0.6363
2511,stage2,0,0.21164178848266602,0.3994043171405792,0.0,0.21164178848266602,0.0001,1e-05,50.335,3.3759,0.6362
2512,stage2,0,0.1939237117767334,0.4073287844657898,0.0,0.1939237117767334,0.0001,1e-05,50.332,3.2745,0.637
2513,stage2,0,0.21937543153762817,0.3932451009750366,0.0,0.21937543153762817,0.0001,1e-05,50.336,3.9016,0.6373
2514,stage2,0,0.21697796881198883,0.38323891162872314,0.0,0.21697796881198883,0.0001,1e-05,50.334,3.9671,1.9434
2515,stage2,0,0.20294728875160217,0.3893209993839264,0.0,0.20294728875160217,0.0001,1e-05,50.332,3.8553,2.2844
2516,stage2,0,0.2008049637079239,0.3756542503833771,0.0,0.2008049637079239,0.0001,1e-05,50.334,4.6974,0.6354
2517,stage2,0,0.24059976637363434,0.39665111899375916,0.0,0.24059976637363434,0.0001,1e-05,50.339,3.6744,0.6354
2518,stage2,0,0.20091141760349274,0.3954717814922333,0.0,0.20091141760349274,0.0001,1e-05,50.335,3.7456,0.6365
2519,stage2,0,0.18180635571479797,0.3885065019130707,0.0,0.18180635571479797,0.0001,1e-05,50.334,2.8877,0.6369
2520,stage2,0,0.1998492330312729,0.396220326423645,0.0,0.1998492330312729,0.0001,1e-05,50.339,3.7015,0.6369
2521,stage2,0,0.22016525268554688,0.384494811296463,0.0,0.22016525268554688,0.0001,1e-05,50.333,3.8705,0.6371
2522,stage2,0,0.2306980937719345,0.4074517488479614,0.0,0.2306980937719345,0.0001,1e-05,50.334,4.6982,1.8785
2523,stage2,0,0.20130829513072968,0.3779416084289551,0.0,0.20130829513072968,0.0001,1e-05,50.329,4.1024,2.2757
2524,stage2,0,0.25780099630355835,0.4126160144805908,0.0,0.25780099630355835,0.0001,1e-05,50.334,4.2554,0.6359
2525,stage2,0,0.22545844316482544,0.37605130672454834,0.0,0.22545844316482544,0.0001,1e-05,50.332,4.5258,0.6367
2526,stage2,0,0.27578508853912354,0.4160948097705841,0.0,0.27578508853912354,0.0001,1e-05,50.333,4.7903,0.637
2527,stage2,0,0.18708129227161407,0.3989083170890808,0.0,0.18708129227161407,0.0001,1e-05,50.332,3.7799,0.6377
2528,stage2,0,0.19667620956897736,0.36010217666625977,0.0,0.19667620956897736,0.0001,1e-05,50.332,3.9972,0.6377
2529,stage2,0,0.21614190936088562,0.4120228886604309,0.0,0.21614190936088562,0.0001,1e-05,50.336,4.5139,0.6381
2530,stage2,0,0.22683125734329224,0.4401513636112213,0.0,0.22683125734329224,0.0001,1e-05,50.336,3.3616,1.8612
2531,stage2,0,0.24978968501091003,0.4173206686973572,0.0,0.24978968501091003,0.0001,1e-05,50.333,5.1244,2.292
2532,stage2,0,0.21689213812351227,0.4075091481208801,0.0,0.21689213812351227,0.0001,1e-05,50.335,3.9547,0.6359
2533,stage2,0,0.17964419722557068,0.37333089113235474,0.0,0.17964419722557068,0.0001,1e-05,50.334,3.706,0.637
2534,stage2,0,0.23046045005321503,0.4031490683555603,0.0,0.23046045005321503,0.0001,1e-05,50.334,4.6121,0.6367
2535,stage2,0,0.21084582805633545,0.377490758895874,0.0,0.21084582805633545,0.0001,1e-05,50.337,3.6263,0.6375
2536,stage2,0,0.2254648208618164,0.41385969519615173,0.0,0.2254648208618164,0.0001,1e-05,50.33,5.5877,0.6384
2537,stage2,0,0.21090500056743622,0.3800922930240631,0.0,0.21090500056743622,0.0001,1e-05,50.335,3.6537,0.6372
2538,stage2,0,0.21626906096935272,0.4186254143714905,0.0,0.21626906096935272,0.0001,1e-05,50.332,3.4626,1.8568
2539,stage2,0,0.21096159517765045,0.3718189597129822,0.0,0.21096159517765045,0.0001,1e-05,50.333,4.194,2.2625
2540,stage2,0,0.21801476180553436,0.38116663694381714,0.0,0.21801476180553436,0.0001,1e-05,50.335,4.1204,0.6359
2541,stage2,0,0.18736420571804047,0.3756965696811676,0.0,0.18736420571804047,0.0001,1e-05,50.332,3.5091,0.6366
2542,stage2,0,0.23707345128059387,0.3921700716018677,0.0,0.23707345128059387,0.0001,1e-05,50.33,4.7358,0.6359
2543,stage2,0,0.2026224285364151,0.3909989893436432,0.0,0.2026224285364151,0.0001,1e-05,50.337,5.3753,0.6361
2544,stage2,0,0.21801699697971344,0.4029831886291504,0.0,0.21801699697971344,0.0001,1e-05,50.334,3.5231,0.6361
2545,stage2,0,0.1865108758211136,0.3793732821941376,0.0,0.1865108758211136,0.0001,1e-05,50.331,3.7303,0.6365
2546,stage2,0,0.24313728511333466,0.3934563100337982,0.0,0.24313728511333466,0.0001,1e-05,50.333,4.6811,1.8822
2547,stage2,0,0.19086319208145142,0.39077213406562805,0.0,0.19086319208145142,0.0001,1e-05,50.332,3.9736,2.2429
2548,stage2,0,0.23446878790855408,0.4117863178253174,0.0,0.23446878790855408,0.0001,1e-05,50.333,4.226,0.6361
2549,stage2,0,0.22581546008586884,0.3981218636035919,0.0,0.22581546008586884,0.0001,1e-05,50.335,4.0682,0.6359
2550,stage2,0,0.21788617968559265,0.38565027713775635,0.0,0.21788617968559265,0.0001,1e-05,50.332,3.6088,0.637
2551,stage2,0,0.2049204707145691,0.3818801939487457,0.0,0.2049204707145691,0.0001,1e-05,50.335,3.125,0.637
2552,stage2,0,0.23468421399593353,0.3839922249317169,0.0,0.23468421399593353,0.0001,1e-05,50.334,4.2144,0.6374
2553,stage2,0,0.24762143194675446,0.4139852523803711,0.0,0.24762143194675446,0.0001,1e-05,50.331,4.3276,0.6371
2554,stage2,0,0.23119358718395233,0.37649065256118774,0.0,0.23119358718395233,0.0001,1e-05,50.338,4.6514,1.8228
2555,stage2,0,0.2057162970304489,0.38794735074043274,0.0,0.2057162970304489,0.0001,1e-05,50.333,3.4406,2.3122
2556,stage2,0,0.21055012941360474,0.38387277722358704,0.0,0.21055012941360474,0.0001,1e-05,50.335,4.0425,0.6357
2557,stage2,0,0.2068123072385788,0.3789401352405548,0.0,0.2068123072385788,0.0001,1e-05,50.332,3.8725,0.636
2558,stage2,0,0.19696632027626038,0.3641397953033447,0.0,0.19696632027626038,0.0001,1e-05,50.328,3.9533,0.6359
2559,stage2,0,0.17734159529209137,0.3806349039077759,0.0,0.17734159529209137,0.0001,1e-05,50.331,2.9633,0.6363
2560,stage2,0,0.22877228260040283,0.40033698081970215,0.0,0.22877228260040283,0.0001,1e-05,50.336,3.4017,0.6363
2561,stage2,0,0.22122691571712494,0.40170910954475403,0.0,0.22122691571712494,0.0001,1e-05,50.331,4.3323,0.6371
2562,stage2,0,0.21283967792987823,0.4056495130062103,0.0,0.21283967792987823,0.0001,1e-05,50.334,3.9655,1.8863
2563,stage2,0,0.20917285978794098,0.3985697627067566,0.0,0.20917285978794098,0.0001,1e-05,50.331,4.113,2.2863
2564,stage2,0,0.1998908817768097,0.38712477684020996,0.0,0.1998908817768097,0.0001,1e-05,50.334,3.6306,0.6366
2565,stage2,0,0.19532932341098785,0.3800637722015381,0.0,0.19532932341098785,0.0001,1e-05,50.335,4.3425,0.6363
2566,stage2,0,0.20653828978538513,0.38184839487075806,0.0,0.20653828978538513,0.0001,1e-05,50.331,3.7112,0.636
2567,stage2,0,0.24174432456493378,0.3880561590194702,0.0,0.24174432456493378,0.0001,1e-05,50.336,3.9144,0.6362
2568,stage2,0,0.20258502662181854,0.3866734206676483,0.0,0.20258502662181854,0.0001,1e-05,50.331,4.0965,0.6368
2569,stage2,0,0.24593253433704376,0.4084908664226532,0.0,0.24593253433704376,0.0001,1e-05,50.334,4.9499,0.6371
2570,stage2,0,0.2322857677936554,0.3956674635410309,0.0,0.2322857677936554,0.0001,1e-05,50.33,3.8068,1.9297
2571,stage2,0,0.20599763095378876,0.3933064639568329,0.0,0.20599763095378876,0.0001,1e-05,50.332,3.7862,2.2158
2572,stage2,0,0.18415386974811554,0.37355536222457886,0.0,0.18415386974811554,0.0001,1e-05,50.335,3.5413,0.6363
2573,stage2,0,0.22767792642116547,0.38678622245788574,0.0,0.22767792642116547,0.0001,1e-05,50.33,4.219,0.6358
2574,stage2,0,0.2197626531124115,0.3665509819984436,0.0,0.2197626531124115,0.0001,1e-05,50.333,3.7396,0.6363
2575,stage2,0,0.20243646204471588,0.386062890291214,0.0,0.20243646204471588,0.0001,1e-05,50.331,4.0302,0.6369
2576,stage2,0,0.2223680466413498,0.412153959274292,0.0,0.2223680466413498,0.0001,1e-05,50.332,4.8682,0.6368
2577,stage2,0,0.19764100015163422,0.3716869056224823,0.0,0.19764100015163422,0.0001,1e-05,50.331,3.9575,0.637
2578,stage2,0,0.19245944917201996,0.369007408618927,0.0,0.19245944917201996,0.0001,1e-05,50.333,4.834,1.9442
2579,stage2,0,0.2682047188282013,0.4150073528289795,0.0,0.2682047188282013,0.0001,1e-05,50.337,4.5539,2.1889
2580,stage2,0,0.20675578713417053,0.41444262862205505,0.0,0.20675578713417053,0.0001,1e-05,50.333,3.8394,0.6359
2581,stage2,0,0.21767406165599823,0.38584476709365845,0.0,0.21767406165599823,0.0001,1e-05,50.331,5.1845,0.6368
2582,stage2,0,0.17460109293460846,0.4192011058330536,0.0,0.17460109293460846,0.0001,1e-05,50.339,3.1524,0.6365
2583,stage2,0,0.2306700348854065,0.41485318541526794,0.0,0.2306700348854065,0.0001,1e-05,50.329,4.4605,0.6367
2584,stage2,0,0.1896323263645172,0.390338659286499,0.0,0.1896323263645172,0.0001,1e-05,50.333,3.5047,0.6358
2585,stage2,0,0.21203447878360748,0.3950497806072235,0.0,0.21203447878360748,0.0001,1e-05,50.332,4.364,0.637
2586,stage2,0,0.2251700460910797,0.39841482043266296,0.0,0.2251700460910797,0.0001,1e-05,50.338,4.6544,2.0258
2587,stage2,0,0.1926312893629074,0.4264145493507385,0.0,0.1926312893629074,0.0001,1e-05,50.332,4.9483,2.1429
2588,stage2,0,0.23103995621204376,0.4141298532485962,0.0,0.23103995621204376,0.0001,1e-05,50.331,5.2503,0.6365
2589,stage2,0,0.2186102718114853,0.3835773468017578,0.0,0.2186102718114853,0.0001,1e-05,50.332,4.0267,0.6364
2590,stage2,0,0.2069614976644516,0.3736549913883209,0.0,0.2069614976644516,0.0001,1e-05,50.335,3.5935,0.6372
2591,stage2,0,0.21145422756671906,0.4131702184677124,0.0,0.21145422756671906,0.0001,1e-05,50.332,4.6753,0.6364
2592,stage2,0,0.20860257744789124,0.39951813220977783,0.0,0.20860257744789124,0.0001,1e-05,50.336,3.5504,0.6369
2593,stage2,0,0.24300840497016907,0.40700864791870117,0.0,0.24300840497016907,0.0001,1e-05,50.337,5.3843,0.6378
2594,stage2,0,0.2120574712753296,0.41809508204460144,0.0,0.2120574712753296,0.0001,1e-05,50.334,4.2364,2.0393
2595,stage2,0,0.18822655081748962,0.42979735136032104,0.0,0.18822655081748962,0.0001,1e-05,50.337,4.3796,2.1518
2596,stage2,0,0.21410629153251648,0.3795751929283142,0.0,0.21410629153251648,0.0001,1e-05,50.333,5.3461,0.6355
2597,stage2,0,0.1733456552028656,0.3669402599334717,0.0,0.1733456552028656,0.0001,1e-05,50.336,3.5844,0.6366
2598,stage2,0,0.20270144939422607,0.38636514544487,0.0,0.20270144939422607,0.0001,1e-05,50.334,3.7789,0.6369
2599,stage2,0,0.22622813284397125,0.3729342222213745,0.0,0.22622813284397125,0.0001,1e-05,50.337,3.6461,0.6367
2600,stage2,0,0.23104166984558105,0.41421258449554443,0.0,0.23104166984558105,0.0001,1e-05,50.34,4.2352,0.6373
2601,stage2,0,0.1892428994178772,0.376630038022995,0.0,0.1892428994178772,0.0001,1e-05,50.338,3.6585,0.6372
2602,stage2,0,0.1948777586221695,0.3948751389980316,0.0,0.1948777586221695,0.0001,1e-05,50.332,4.2946,2.1812
2603,stage2,0,0.19654078781604767,0.4097307622432709,0.0,0.19654078781604767,0.0001,1e-05,50.333,4.4241,2.1767
2604,stage2,0,0.19632169604301453,0.4005793631076813,0.0,0.19632169604301453,0.0001,1e-05,50.338,3.6865,0.6358
2605,stage2,0,0.19814644753932953,0.4069576859474182,0.0,0.19814644753932953,0.0001,1e-05,50.334,3.5649,0.6365
2606,stage2,0,0.23184296488761902,0.38730403780937195,0.0,0.23184296488761902,0.0001,1e-05,50.335,4.0083,0.6366
2607,stage2,0,0.1899573653936386,0.39356619119644165,0.0,0.1899573653936386,0.0001,1e-05,50.331,4.3248,0.6371
2608,stage2,0,0.2042645961046219,0.37772831320762634,0.0,0.2042645961046219,0.0001,1e-05,50.334,3.4076,0.6374
2609,stage2,0,0.23183369636535645,0.3799827992916107,0.0,0.23183369636535645,0.0001,1e-05,50.331,4.6194,0.6369
2610,stage2,0,0.1934434324502945,0.4222438931465149,0.0,0.1934434324502945,0.0001,1e-05,50.332,4.7746,2.0223
2611,stage2,0,0.19690831005573273,0.4210939109325409,0.0,0.19690831005573273,0.0001,1e-05,50.331,4.2928,2.1974
2612,stage2,0,0.2050534337759018,0.4176609218120575,0.0,0.2050534337759018,0.0001,1e-05,50.334,4.4812,0.6357
2613,stage2,0,0.22806239128112793,0.3768989145755768,0.0,0.22806239128112793,0.0001,1e-05,50.331,4.9434,0.637
2614,stage2,0,0.20045821368694305,0.3753681480884552,0.0,0.20045821368694305,0.0001,1e-05,50.331,3.6103,0.6365
2615,stage2,0,0.2518072724342346,0.42464014887809753,0.0,0.2518072724342346,0.0001,1e-05,50.334,4.9807,0.6374
2616,stage2,0,0.22444576025009155,0.3881874978542328,0.0,0.22444576025009155,0.0001,1e-05,50.332,4.3639,0.6367
2617,stage2,0,0.22687044739723206,0.39631229639053345,0.0,0.22687044739723206,0.0001,1e-05,50.33,4.7065,0.637
2618,stage2,0,0.21241220831871033,0.3884628415107727,0.0,0.21241220831871033,0.0001,1e-05,50.332,4.0707,2.0001
2619,stage2,0,0.15729352831840515,0.38977566361427307,0.0,0.15729352831840515,0.0001,1e-05,50.334,3.4996,2.2408
2620,stage2,0,0.18145489692687988,0.38009318709373474,0.0,0.18145489692687988,0.0001,1e-05,50.33,3.5749,0.6352
2621,stage2,0,0.1892678588628769,0.3880302906036377,0.0,0.1892678588628769,0.0001,1e-05,50.338,3.472,0.6364
2622,stage2,0,0.23061621189117432,0.3921273350715637,0.0,0.23061621189117432,0.0001,1e-05,50.331,3.8837,0.6374
2623,stage2,0,0.21984700858592987,0.37662115693092346,0.0,0.21984700858592987,0.0001,1e-05,50.334,4.1154,0.6369
2624,stage2,0,0.16676032543182373,0.387146919965744,0.0,0.16676032543182373,0.0001,1e-05,50.335,3.3432,0.6377
2625,stage2,0,0.19984042644500732,0.3851005733013153,0.0,0.19984042644500732,0.0001,1e-05,50.327,4.4459,0.638
2626,stage2,0,0.20745541155338287,0.3838864862918854,0.0,0.20745541155338287,0.0001,1e-05,50.331,4.3977,1.9363
2627,stage2,0,0.19986996054649353,0.3778248131275177,0.0,0.19986996054649353,0.0001,1e-05,50.333,4.2391,2.2718
2628,stage2,0,0.21643972396850586,0.3911421298980713,0.0,0.21643972396850586,0.0001,1e-05,50.337,4.3339,0.6361
2629,stage2,0,0.21808677911758423,0.3931596875190735,0.0,0.21808677911758423,0.0001,1e-05,50.331,3.6532,0.6362
2630,stage2,0,0.19865550100803375,0.3798123598098755,0.0,0.19865550100803375,0.0001,1e-05,50.328,4.2831,0.6367
2631,stage2,0,0.2279607504606247,0.4024368226528168,0.0,0.2279607504606247,0.0001,1e-05,50.331,4.64,0.6371
2632,stage2,0,0.21255439519882202,0.38733819127082825,0.0,0.21255439519882202,0.0001,1e-05,50.332,4.4671,0.6369
2633,stage2,0,0.21683862805366516,0.40773141384124756,0.0,0.21683862805366516,0.0001,1e-05,50.332,4.7682,0.6385
2634,stage2,0,0.1975172609090805,0.3958356976509094,0.0,0.1975172609090805,0.0001,1e-05,50.336,3.6255,1.8957
2635,stage2,0,0.21994251012802124,0.39263224601745605,0.0,0.21994251012802124,0.0001,1e-05,50.329,3.9627,2.2499
2636,stage2,0,0.21665246784687042,0.3879225254058838,0.0,0.21665246784687042,0.0001,1e-05,50.329,3.927,0.6361
2637,stage2,0,0.20380523800849915,0.36912932991981506,0.0,0.20380523800849915,0.0001,1e-05,50.333,4.1547,0.6362
2638,stage2,0,0.22332978248596191,0.38037392497062683,0.0,0.22332978248596191,0.0001,1e-05,50.328,3.9415,0.6366
2639,stage2,0,0.20593518018722534,0.39944419264793396,0.0,0.20593518018722534,0.0001,1e-05,50.335,4.2142,0.6372
2640,stage2,0,0.22005729377269745,0.4245843291282654,0.0,0.22005729377269745,0.0001,1e-05,50.331,4.3418,0.6375
2641,stage2,0,0.22525306046009064,0.40616920590400696,0.0,0.22525306046009064,0.0001,1e-05,50.33,4.5543,0.6372
2642,stage2,0,0.20880432426929474,0.4074688255786896,0.0,0.20880432426929474,0.0001,1e-05,50.33,4.2883,1.9198
2643,stage2,0,0.21198196709156036,0.3836232125759125,0.0,0.21198196709156036,0.0001,1e-05,50.335,3.6752,2.2282
2644,stage2,0,0.2095346301794052,0.3990103006362915,0.0,0.2095346301794052,0.0001,1e-05,50.334,4.1096,0.6351
2645,stage2,0,0.20123723149299622,0.40979987382888794,0.0,0.20123723149299622,0.0001,1e-05,50.335,4.0183,0.6366
2646,stage2,0,0.19945774972438812,0.41170868277549744,0.0,0.19945774972438812,0.0001,1e-05,50.334,3.6607,0.6367
2647,stage2,0,0.21313467621803284,0.38789209723472595,0.0,0.21313467621803284,0.0001,1e-05,50.335,4.1511,0.6361
2648,stage2,0,0.21637365221977234,0.3873348534107208,0.0,0.21637365221977234,0.0001,1e-05,50.332,4.5286,0.6369
2649,stage2,0,0.2106867879629135,0.38583844900131226,0.0,0.2106867879629135,0.0001,1e-05,50.327,4.0309,0.6368
2650,stage2,0,0.1929420828819275,0.37758558988571167,0.0,0.1929420828819275,0.0001,1e-05,50.335,4.3011,1.94
2651,stage2,0,0.20873136818408966,0.39588767290115356,0.0,0.20873136818408966,0.0001,1e-05,50.33,4.0512,2.1562
2652,stage2,0,0.19399359822273254,0.4013306200504303,0.0,0.19399359822273254,0.0001,1e-05,50.336,4.5123,0.6355
2653,stage2,0,0.20009222626686096,0.38426804542541504,0.0,0.20009222626686096,0.0001,1e-05,50.332,3.2951,0.6368
2654,stage2,0,0.20786064863204956,0.3829447329044342,0.0,0.20786064863204956,0.0001,1e-05,50.331,3.6414,0.6362
2655,stage2,0,0.2145182341337204,0.4148141145706177,0.0,0.2145182341337204,0.0001,1e-05,50.33,4.3902,0.6365
2656,stage2,0,0.20539703965187073,0.38027676939964294,0.0,0.20539703965187073,0.0001,1e-05,50.334,4.2073,0.6367
2657,stage2,0,0.2134135216474533,0.3891155421733856,0.0,0.2134135216474533,0.0001,1e-05,50.328,4.4591,0.6373
2658,stage2,0,0.2066480815410614,0.3860766291618347,0.0,0.2066480815410614,0.0001,1e-05,50.331,4.2269,2.0473
2659,stage2,0,0.18217872083187103,0.3830867409706116,0.0,0.18217872083187103,0.0001,1e-05,50.33,3.4458,2.134
2660,stage2,0,0.19506725668907166,0.3982762396335602,0.0,0.19506725668907166,0.0001,1e-05,50.331,3.8021,0.635
2661,stage2,0,0.2000143975019455,0.40817791223526,0.0,0.2000143975019455,0.0001,1e-05,50.331,4.0877,0.6354
2662,stage2,0,0.19036085903644562,0.38347554206848145,0.0,0.19036085903644562,0.0001,1e-05,50.329,3.4096,0.6367
2663,stage2,0,0.21218731999397278,0.36091530323028564,0.0,0.21218731999397278,0.0001,1e-05,50.331,4.4087,0.6359
2664,stage2,0,0.1919279843568802,0.3915315270423889,0.0,0.1919279843568802,0.0001,1e-05,50.332,3.9761,0.6361
2665,stage2,0,0.20873579382896423,0.3736499547958374,0.0,0.20873579382896423,0.0001,1e-05,50.329,3.5581,0.6363
2666,stage2,0,0.18659888207912445,0.3686189651489258,0.0,0.18659888207912445,0.0001,1e-05,50.331,3.1722,2.0732
2667,stage2,0,0.190146341919899,0.36560845375061035,0.0,0.190146341919899,0.0001,1e-05,50.331,3.8719,2.119
2668,stage2,0,0.19840887188911438,0.3813583552837372,0.0,0.19840887188911438,0.0001,1e-05,50.329,4.4105,0.636
2669,stage2,0,0.22118358314037323,0.3946188986301422,0.0,0.22118358314037323,0.0001,1e-05,50.336,4.0648,0.6359
2670,stage2,0,0.2096492499113083,0.3874175250530243,0.0,0.2096492499113083,0.0001,1e-05,50.333,4.3557,0.6368
2671,stage2,0,0.18456284701824188,0.3835025429725647,0.0,0.18456284701824188,0.0001,1e-05,50.335,3.7447,0.6369
2672,stage2,0,0.2437540739774704,0.4043055772781372,0.0,0.2437540739774704,0.0001,1e-05,50.333,4.3557,0.6375
2673,stage2,0,0.18842914700508118,0.384724885225296,0.0,0.18842914700508118,0.0001,1e-05,50.331,3.9888,0.6375
2674,stage2,0,0.20686951279640198,0.379044771194458,0.0,0.20686951279640198,0.0001,1e-05,50.332,4.0855,2.0995
2675,stage2,0,0.2464582771062851,0.3947308659553528,0.0,0.2464582771062851,0.0001,1e-05,50.33,4.3669,2.035
2676,stage2,0,0.18870143592357635,0.36894387006759644,0.0,0.18870143592357635,0.0001,1e-05,50.331,3.3538,0.6358
2677,stage2,0,0.19371482729911804,0.3504387140274048,0.0,0.19371482729911804,0.0001,1e-05,50.329,4.0323,0.6373
2678,stage2,0,0.20554549992084503,0.3951255977153778,0.0,0.20554549992084503,0.0001,1e-05,50.334,4.3311,0.6376
2679,stage2,0,0.19060973823070526,0.3968725800514221,0.0,0.19060973823070526,0.0001,1e-05,50.331,3.6567,0.6383
2680,stage2,0,0.20510341227054596,0.3782426118850708,0.0,0.20510341227054596,0.0001,1e-05,50.329,3.8889,0.6382
2681,stage2,0,0.2245653122663498,0.4060717821121216,0.0,0.2245653122663498,0.0001,1e-05,50.333,4.5148,0.6379
2682,stage2,0,0.20566794276237488,0.3940940797328949,0.0,0.20566794276237488,0.0001,1e-05,50.331,3.5801,2.1388
2683,stage2,0,0.17530173063278198,0.3826604187488556,0.0,0.17530173063278198,0.0001,1e-05,50.332,3.6762,2.0437
2684,stage2,0,0.17804856598377228,0.3996759057044983,0.0,0.17804856598377228,0.0001,1e-05,50.331,5.4416,0.6359
2685,stage2,0,0.2013474404811859,0.3781365156173706,0.0,0.2013474404811859,0.0001,1e-05,50.331,4.0392,0.637
2686,stage2,0,0.18763387203216553,0.4073706269264221,0.0,0.18763387203216553,0.0001,1e-05,50.329,4.0678,0.6366
2687,stage2,0,0.21619902551174164,0.3905803859233856,0.0,0.21619902551174164,0.0001,1e-05,50.332,3.8421,0.6367
2688,stage2,0,0.21467377245426178,0.3702411353588104,0.0,0.21467377245426178,0.0001,1e-05,50.33,5.1714,0.6366
2689,stage2,0,0.18009360134601593,0.372798889875412,0.0,0.18009360134601593,0.0001,1e-05,50.333,3.5134,0.6378
2690,stage2,0,0.19521020352840424,0.35946041345596313,0.0,0.19521020352840424,0.0001,1e-05,50.329,3.4567,2.1112
2691,stage2,0,0.17379230260849,0.3781099021434784,0.0,0.17379230260849,0.0001,1e-05,50.333,3.7959,2.0019
2692,stage2,0,0.2040870487689972,0.38722237944602966,0.0,0.2040870487689972,0.0001,1e-05,50.333,4.3819,0.6361
2693,stage2,0,0.1864817887544632,0.3643330931663513,0.0,0.1864817887544632,0.0001,1e-05,50.332,3.4744,0.6356
2694,stage2,0,0.17311592400074005,0.3532494008541107,0.0,0.17311592400074005,0.0001,1e-05,50.329,3.3813,0.636
2695,stage2,0,0.20998898148536682,0.3901001513004303,0.0,0.20998898148536682,0.0001,1e-05,50.331,4.1385,0.6366
2696,stage2,0,0.2013450264930725,0.40283235907554626,0.0,0.2013450264930725,0.0001,1e-05,50.33,3.5154,0.6379
2697,stage2,0,0.23645560443401337,0.40369370579719543,0.0,0.23645560443401337,0.0001,1e-05,50.332,4.3715,0.6375
2698,stage2,0,0.17875273525714874,0.39382535219192505,0.0,0.17875273525714874,0.0001,1e-05,50.336,2.8333,2.1814
2699,stage2,0,0.19156412780284882,0.37447112798690796,0.0,0.19156412780284882,0.0001,1e-05,50.333,4.0644,1.9672
2700,stage2,0,0.1750095635652542,0.35727816820144653,0.0,0.1750095635652542,0.0001,1e-05,50.332,3.5841,0.6364
2701,stage2,0,0.2219156175851822,0.3721866309642792,0.0,0.2219156175851822,0.0001,1e-05,50.335,4.3926,0.6364
2702,stage2,0,0.18629257380962372,0.39482319355010986,0.0,0.18629257380962372,0.0001,1e-05,50.331,3.4428,0.6371
2703,stage2,0,0.22902122139930725,0.41894403100013733,0.0,0.22902122139930725,0.0001,1e-05,50.333,4.7784,0.6366
2704,stage2,0,0.20133841037750244,0.37687069177627563,0.0,0.20133841037750244,0.0001,1e-05,50.33,4.4555,0.6376
2705,stage2,0,0.20058733224868774,0.3927438259124756,0.0,0.20058733224868774,0.0001,1e-05,50.335,3.5136,0.6372
2706,stage2,0,0.19212228059768677,0.38815367221832275,0.0,0.19212228059768677,0.0001,1e-05,50.333,3.9915,2.1893
2707,stage2,0,0.21903586387634277,0.37090346217155457,0.0,0.21903586387634277,0.0001,1e-05,50.331,3.5919,1.97
2708,stage2,0,0.2167106717824936,0.3973056674003601,0.0,0.2167106717824936,0.0001,1e-05,50.33,4.3189,0.6365
2709,stage2,0,0.20343072712421417,0.38984283804893494,0.0,0.20343072712421417,0.0001,1e-05,50.33,4.6891,0.6365
2710,stage2,0,0.20630644261837006,0.3788560926914215,0.0,0.20630644261837006,0.0001,1e-05,50.333,4.0248,0.6367
2711,stage2,0,0.21794132888317108,0.3714844882488251,0.0,0.21794132888317108,0.0001,1e-05,50.331,4.5103,0.6366
2712,stage2,0,0.21331708133220673,0.35834401845932007,0.0,0.21331708133220673,0.0001,1e-05,50.335,3.4938,0.6365
2713,stage2,0,0.18725453317165375,0.3992370665073395,0.0,0.18725453317165375,0.0001,1e-05,50.329,3.476,0.6374
2714,stage2,0,0.1888565868139267,0.36748403310775757,0.0,0.1888565868139267,0.0001,1e-05,50.334,3.5873,2.1376
2715,stage2,0,0.22674544155597687,0.38490092754364014,0.0,0.22674544155597687,0.0001,1e-05,50.331,4.0863,2.0797
2716,stage2,0,0.21272091567516327,0.4010976254940033,0.0,0.21272091567516327,0.0001,1e-05,50.332,4.5089,0.6352
2717,stage2,0,0.23206257820129395,0.4054827094078064,0.0,0.23206257820129395,0.0001,1e-05,50.337,3.837,0.6366
2718,stage2,0,0.1800801157951355,0.3904358446598053,0.0,0.1800801157951355,0.0001,1e-05,50.328,3.6747,0.6362
2719,stage2,0,0.2173713892698288,0.37949472665786743,0.0,0.2173713892698288,0.0001,1e-05,50.334,4.5165,0.6371
2720,stage2,0,0.17780447006225586,0.362863153219223,0.0,0.17780447006225586,0.0001,1e-05,50.332,3.7782,0.6375
2721,stage2,0,0.18323205411434174,0.3763623535633087,0.0,0.18323205411434174,0.0001,1e-05,50.332,5.0552,0.6381
2722,stage2,0,0.21339373290538788,0.37207168340682983,0.0,0.21339373290538788,0.0001,1e-05,50.331,4.2952,2.1098
2723,stage2,0,0.23536698520183563,0.38097304105758667,0.0,0.23536698520183563,0.0001,1e-05,50.334,4.1597,2.0479
2724,stage2,0,0.17064720392227173,0.3926781117916107,0.0,0.17064720392227173,0.0001,1e-05,50.334,3.7614,0.636
2725,stage2,0,0.18169836699962616,0.3739549517631531,0.0,0.18169836699962616,0.0001,1e-05,50.334,4.1176,0.636
2726,stage2,0,0.2024865746498108,0.3717832565307617,0.0,0.2024865746498108,0.0001,1e-05,50.333,3.9661,0.6368
2727,stage2,0,0.21063929796218872,0.38211679458618164,0.0,0.21063929796218872,0.0001,1e-05,50.334,5.5921,0.6373
2728,stage2,0,0.21508055925369263,0.3856898546218872,0.0,0.21508055925369263,0.0001,1e-05,50.335,4.0955,0.6378
2729,stage2,0,0.20578952133655548,0.38618600368499756,0.0,0.20578952133655548,0.0001,1e-05,50.33,3.7451,0.6374
2730,stage2,0,0.19064493477344513,0.36220481991767883,0.0,0.19064493477344513,0.0001,1e-05,50.333,3.9686,2.1134
2731,stage2,0,0.24583043158054352,0.3833383321762085,0.0,0.24583043158054352,0.0001,1e-05,50.331,4.9957,2.0385
2732,stage2,0,0.2110283225774765,0.36392414569854736,0.0,0.2110283225774765,0.0001,1e-05,50.336,3.8611,0.6361
2733,stage2,0,0.17626339197158813,0.3595561981201172,0.0,0.17626339197158813,0.0001,1e-05,50.333,3.5691,0.636
2734,stage2,0,0.18675269186496735,0.3867722749710083,0.0,0.18675269186496735,0.0001,1e-05,50.332,3.3176,0.6358
2735,stage2,0,0.2044799029827118,0.37854287028312683,0.0,0.2044799029827118,0.0001,1e-05,50.333,4.1128,0.6363
2736,stage2,0,0.19713832437992096,0.3677031993865967,0.0,0.19713832437992096,0.0001,1e-05,50.33,3.7167,0.637
2737,stage2,0,0.20573966205120087,0.39854636788368225,0.0,0.20573966205120087,0.0001,1e-05,50.333,3.9359,0.6376
2738,stage2,0,0.2360767424106598,0.3971785306930542,0.0,0.2360767424106598,0.0001,1e-05,50.332,4.584,2.1228
2739,stage2,0,0.18397685885429382,0.3871828317642212,0.0,0.18397685885429382,0.0001,1e-05,50.335,3.5261,2.0315
2740,stage2,0,0.17718325555324554,0.3705085813999176,0.0,0.17718325555324554,0.0001,1e-05,50.333,3.7369,0.6356
2741,stage2,0,0.19102707505226135,0.37485700845718384,0.0,0.19102707505226135,0.0001,1e-05,50.334,3.8497,0.6356
2742,stage2,0,0.2141224592924118,0.39324280619621277,0.0,0.2141224592924118,0.0001,1e-05,50.329,4.0285,0.6359
2743,stage2,0,0.1859908252954483,0.36234205961227417,0.0,0.1859908252954483,0.0001,1e-05,50.333,3.6916,0.6369
2744,stage2,0,0.24531958997249603,0.3992280960083008,0.0,0.24531958997249603,0.0001,1e-05,50.334,4.2847,0.6374
2745,stage2,0,0.184979647397995,0.38609403371810913,0.0,0.184979647397995,0.0001,1e-05,50.333,4.6705,0.6384
2746,stage2,0,0.20169275999069214,0.3661935031414032,0.0,0.20169275999069214,0.0001,1e-05,50.334,4.04,2.0252
2747,stage2,0,0.17001955211162567,0.34695202112197876,0.0,0.17001955211162567,0.0001,1e-05,50.329,3.5315,2.1424
2748,stage2,0,0.2160481959581375,0.380378395318985,0.0,0.2160481959581375,0.0001,1e-05,50.33,4.3271,0.6338
2749,stage2,0,0.2266891598701477,0.38712844252586365,0.0,0.2266891598701477,0.0001,1e-05,50.332,4.2304,0.6331
2750,stage2,0,0.20444254577159882,0.3718899190425873,0.0,0.20444254577159882,0.0001,1e-05,50.335,4.0606,0.6336
2751,stage2,0,0.2247154712677002,0.403152734041214,0.0,0.2247154712677002,0.0001,1e-05,50.335,3.4535,0.6355
2752,stage2,0,0.18064971268177032,0.3642876148223877,0.0,0.18064971268177032,0.0001,1e-05,50.335,3.4914,0.6344
2753,stage2,1,0.18895891308784485,0.3616839051246643,0.0,0.18895891308784485,0.0001,1e-05,50.332,3.874,9.1052
2754,stage2,1,0.18467219173908234,0.3597113788127899,0.0,0.18467219173908234,0.0001,1e-05,50.332,3.8309,0.6325
2755,stage2,1,0.18940667808055878,0.40779146552085876,0.0,0.18940667808055878,0.0001,1e-05,50.331,4.2506,0.6329
2756,stage2,1,0.1727963536977768,0.391345739364624,0.0,0.1727963536977768,0.0001,1e-05,50.334,3.8436,0.6337
2757,stage2,1,0.17302116751670837,0.3846050202846527,0.0,0.17302116751670837,0.0001,1e-05,50.329,3.2431,0.634
2758,stage2,1,0.16931265592575073,0.387270450592041,0.0,0.16931265592575073,0.0001,1e-05,50.335,3.0837,0.6336
2759,stage2,1,0.19091512262821198,0.4060427248477936,0.0,0.19091512262821198,0.0001,1e-05,50.327,3.3579,0.6347
2760,stage2,1,0.16642144322395325,0.37670084834098816,0.0,0.16642144322395325,0.0001,1e-05,50.332,3.2317,0.6345
2761,stage2,1,0.17277930676937103,0.3786665201187134,0.0,0.17277930676937103,0.0001,1e-05,50.333,3.3611,3.5685
2762,stage2,1,0.16790103912353516,0.35622188448905945,0.0,0.16790103912353516,0.0001,1e-05,50.332,2.9726,0.6331
2763,stage2,1,0.1603684425354004,0.3753342628479004,0.0,0.1603684425354004,0.0001,1e-05,50.33,3.1467,0.6336
2764,stage2,1,0.20028892159461975,0.3874857425689697,0.0,0.20028892159461975,0.0001,1e-05,50.331,3.7375,0.6343
2765,stage2,1,0.15829020738601685,0.3822816014289856,0.0,0.15829020738601685,0.0001,1e-05,50.333,2.8211,0.6348
2766,stage2,1,0.20374397933483124,0.3582065999507904,0.0,0.20374397933483124,0.0001,1e-05,50.331,4.1911,0.6345
2767,stage2,1,0.19323672354221344,0.36151954531669617,0.0,0.19323672354221344,0.0001,1e-05,50.332,3.3896,0.6351
2768,stage2,1,0.17658451199531555,0.3821295201778412,0.0,0.17658451199531555,0.0001,1e-05,50.332,3.3451,0.6362
2769,stage2,1,0.19856512546539307,0.3620125353336334,0.0,0.19856512546539307,0.0001,1e-05,50.332,3.486,3.474
2770,stage2,1,0.16947239637374878,0.3641929030418396,0.0,0.16947239637374878,0.0001,1e-05,50.334,2.8326,0.633
2771,stage2,1,0.18929776549339294,0.34858158230781555,0.0,0.18929776549339294,0.0001,1e-05,50.331,3.286,0.6336
2772,stage2,1,0.1794319748878479,0.39005085825920105,0.0,0.1794319748878479,0.0001,1e-05,50.332,3.2323,0.634
2773,stage2,1,0.2060619592666626,0.3673454225063324,0.0,0.2060619592666626,0.0001,1e-05,50.335,3.4731,0.6347
2774,stage2,1,0.17411263287067413,0.4036688506603241,0.0,0.17411263287067413,0.0001,1e-05,50.33,2.8927,0.6356
2775,stage2,1,0.19652493298053741,0.3696616291999817,0.0,0.19652493298053741,0.0001,1e-05,50.332,3.8282,0.6352
2776,stage2,1,0.1970338225364685,0.394179105758667,0.0,0.1970338225364685,0.0001,1e-05,50.335,3.941,0.6357
2777,stage2,1,0.19439929723739624,0.38942569494247437,0.0,0.19439929723739624,0.0001,1e-05,50.334,4.3074,3.6135
2778,stage2,1,0.2202090471982956,0.35027629137039185,0.0,0.2202090471982956,0.0001,1e-05,50.329,3.8101,0.634
2779,stage2,1,0.20219172537326813,0.40244734287261963,0.0,0.20219172537326813,0.0001,1e-05,50.328,3.6892,0.633
2780,stage2,1,0.1724323034286499,0.37870389223098755,0.0,0.1724323034286499,0.0001,1e-05,50.332,3.3829,0.6342
2781,stage2,1,0.18527013063430786,0.3702600598335266,0.0,0.18527013063430786,0.0001,1e-05,50.335,3.5437,0.6345
2782,stage2,1,0.18325383961200714,0.35337257385253906,0.0,0.18325383961200714,0.0001,1e-05,50.329,3.8696,0.6351
2783,stage2,1,0.19656188786029816,0.3717228174209595,0.0,0.19656188786029816,0.0001,1e-05,50.33,3.9203,0.6355
2784,stage2,1,0.18363164365291595,0.36456990242004395,0.0,0.18363164365291595,0.0001,1e-05,50.331,3.6291,0.6355
2785,stage2,1,0.15386755764484406,0.34522774815559387,0.0,0.15386755764484406,0.0001,1e-05,50.334,3.1753,3.4715
2786,stage2,1,0.21271076798439026,0.3785500228404999,0.0,0.21271076798439026,0.0001,1e-05,50.33,3.6536,0.6343
2787,stage2,1,0.16741019487380981,0.4046279788017273,0.0,0.16741019487380981,0.0001,1e-05,50.331,3.8696,0.6344
2788,stage2,1,0.17496773600578308,0.37297511100769043,0.0,0.17496773600578308,0.0001,1e-05,50.333,4.3565,0.6356
2789,stage2,1,0.18414141237735748,0.36130693554878235,0.0,0.18414141237735748,0.0001,1e-05,50.332,4.7212,0.6354
2790,stage2,1,0.17001336812973022,0.3790980279445648,0.0,0.17001336812973022,0.0001,1e-05,50.331,3.0896,0.6354
2791,stage2,1,0.1885680854320526,0.3563660979270935,0.0,0.1885680854320526,0.0001,1e-05,50.329,4.0459,0.6355
2792,stage2,1,0.21617481112480164,0.3631426990032196,0.0,0.21617481112480164,0.0001,1e-05,50.331,4.7914,0.6357
2793,stage2,1,0.16792500019073486,0.3472200930118561,0.0,0.16792500019073486,0.0001,1e-05,50.334,3.2429,3.4808
2794,stage2,1,0.17187081277370453,0.3948657512664795,0.0,0.17187081277370453,0.0001,1e-05,50.332,3.5659,0.6343
2795,stage2,1,0.17132283747196198,0.40566086769104004,0.0,0.17132283747196198,0.0001,1e-05,50.333,3.4115,0.6343
2796,stage2,1,0.19136549532413483,0.37027767300605774,0.0,0.19136549532413483,0.0001,1e-05,50.331,3.7634,0.6351
2797,stage2,1,0.1597595065832138,0.35597068071365356,0.0,0.1597595065832138,0.0001,1e-05,50.331,2.6416,0.636
2798,stage2,1,0.1630522757768631,0.3688703179359436,0.0,0.1630522757768631,0.0001,1e-05,50.332,3.7768,0.6355
2799,stage2,1,0.18273140490055084,0.3998629152774811,0.0,0.18273140490055084,0.0001,1e-05,50.333,3.5823,0.6359
2800,stage2,1,0.15090422332286835,0.3754461407661438,0.0,0.15090422332286835,0.0001,1e-05,50.329,3.0862,0.6369
2801,stage2,1,0.2102779746055603,0.35448551177978516,0.0,0.2102779746055603,0.0001,1e-05,50.332,4.3877,3.4525
2802,stage2,1,0.19163118302822113,0.41004514694213867,0.0,0.19163118302822113,0.0001,1e-05,50.33,4.0395,0.6344
2803,stage2,1,0.20301693677902222,0.3641631305217743,0.0,0.20301693677902222,0.0001,1e-05,50.335,3.9284,0.6353
2804,stage2,1,0.1665956825017929,0.36261242628097534,0.0,0.1665956825017929,0.0001,1e-05,50.334,2.9325,0.6357
2805,stage2,1,0.1784570813179016,0.38594043254852295,0.0,0.1784570813179016,0.0001,1e-05,50.332,3.3868,0.6366
2806,stage2,1,0.1973268687725067,0.37117254734039307,0.0,0.1973268687725067,0.0001,1e-05,50.335,3.5476,0.6364
2807,stage2,1,0.17748552560806274,0.3822897970676422,0.0,0.17748552560806274,0.0001,1e-05,50.333,3.0492,0.6374
2808,stage2,1,0.16192007064819336,0.3660891354084015,0.0,0.16192007064819336,0.0001,1e-05,50.332,3.4571,0.637
2809,stage2,1,0.21375475823879242,0.3868374526500702,0.0,0.21375475823879242,0.0001,1e-05,50.331,3.942,3.4387
2810,stage2,1,0.16539646685123444,0.38499388098716736,0.0,0.16539646685123444,0.0001,1e-05,50.333,3.4319,0.6766
2811,stage2,1,0.17536477744579315,0.36635568737983704,0.0,0.17536477744579315,0.0001,1e-05,50.333,3.4627,0.6354
2812,stage2,1,0.20729181170463562,0.3886759877204895,0.0,0.20729181170463562,0.0001,1e-05,50.329,3.7925,0.6351
2813,stage2,1,0.17248740792274475,0.38207384943962097,0.0,0.17248740792274475,0.0001,1e-05,50.33,3.3314,0.636
2814,stage2,1,0.1720697283744812,0.3742368221282959,0.0,0.1720697283744812,0.0001,1e-05,50.332,3.3564,0.6359
2815,stage2,1,0.18427927792072296,0.3894495666027069,0.0,0.18427927792072296,0.0001,1e-05,50.333,4.1384,0.6364
2816,stage2,1,0.1679084748029709,0.36177995800971985,0.0,0.1679084748029709,0.0001,1e-05,50.334,3.5256,0.6369
2817,stage2,1,0.17856189608573914,0.3808480501174927,0.0,0.17856189608573914,0.0001,1e-05,50.33,3.2379,3.5652
2818,stage2,1,0.1735810786485672,0.37037187814712524,0.0,0.1735810786485672,0.0001,1e-05,50.331,3.892,0.635
2819,stage2,1,0.16056141257286072,0.3572046458721161,0.0,0.16056141257286072,0.0001,1e-05,50.335,2.8386,0.6346
2820,stage2,1,0.14356976747512817,0.3629600703716278,0.0,0.14356976747512817,0.0001,1e-05,50.331,2.7428,0.6351
2821,stage2,1,0.17128853499889374,0.37996891140937805,0.0,0.17128853499889374,0.0001,1e-05,50.333,3.1661,0.6352
2822,stage2,1,0.15161950886249542,0.36768099665641785,0.0,0.15161950886249542,0.0001,1e-05,50.329,2.7684,0.6368
2823,stage2,1,0.19734252989292145,0.37542369961738586,0.0,0.19734252989292145,0.0001,1e-05,50.335,3.4672,0.6362
2824,stage2,1,0.18137535452842712,0.3875599801540375,0.0,0.18137535452842712,0.0001,1e-05,50.329,3.0572,0.6368
2825,stage2,1,0.18287818133831024,0.3723243176937103,0.0,0.18287818133831024,0.0001,1e-05,50.334,3.5075,3.5818
2826,stage2,1,0.1727350950241089,0.35531190037727356,0.0,0.1727350950241089,0.0001,1e-05,50.335,3.3475,0.6344
2827,stage2,1,0.1776868999004364,0.37736427783966064,0.0,0.1776868999004364,0.0001,1e-05,50.333,3.576,0.6356
2828,stage2,1,0.17045244574546814,0.3582860827445984,0.0,0.17045244574546814,0.0001,1e-05,50.332,3.3852,0.635
2829,stage2,1,0.17500734329223633,0.39320871233940125,0.0,0.17500734329223633,0.0001,1e-05,50.333,3.2046,0.6356
2830,stage2,1,0.16767078638076782,0.3541591167449951,0.0,0.16767078638076782,0.0001,1e-05,50.333,3.1738,0.6369
2831,stage2,1,0.18487708270549774,0.371513307094574,0.0,0.18487708270549774,0.0001,1e-05,50.33,3.6895,0.6367
2832,stage2,1,0.16472738981246948,0.3478280305862427,0.0,0.16472738981246948,0.0001,1e-05,50.334,3.1345,0.6376
2833,stage2,1,0.18215008080005646,0.3730079233646393,0.0,0.18215008080005646,0.0001,1e-05,50.33,3.6162,3.5734
2834,stage2,1,0.15928182005882263,0.3454335331916809,0.0,0.15928182005882263,0.0001,1e-05,50.332,3.2685,0.6351
2835,stage2,1,0.18599964678287506,0.3821723163127899,0.0,0.18599964678287506,0.0001,1e-05,50.332,3.3022,0.6357
2836,stage2,1,0.1636696755886078,0.37458252906799316,0.0,0.1636696755886078,0.0001,1e-05,50.332,4.1577,0.636
2837,stage2,1,0.1823502629995346,0.3620847165584564,0.0,0.1823502629995346,0.0001,1e-05,50.33,3.8342,0.6361
2838,stage2,1,0.1678881198167801,0.3529829978942871,0.0,0.1678881198167801,0.0001,1e-05,50.335,3.085,0.6365
2839,stage2,1,0.20224343240261078,0.3749486804008484,0.0,0.20224343240261078,0.0001,1e-05,50.332,4.454,0.637
2840,stage2,1,0.18414407968521118,0.37628602981567383,0.0,0.18414407968521118,0.0001,1e-05,50.333,3.5493,0.6369
2841,stage2,1,0.17895661294460297,0.3955262005329132,0.0,0.17895661294460297,0.0001,1e-05,50.329,2.9786,3.5464
2842,stage2,1,0.16201303899288177,0.39329013228416443,0.0,0.16201303899288177,0.0001,1e-05,50.331,3.0377,0.6348
2843,stage2,1,0.19130118191242218,0.36610159277915955,0.0,0.19130118191242218,0.0001,1e-05,50.334,3.7652,0.6356
2844,stage2,1,0.20328326523303986,0.34468403458595276,0.0,0.20328326523303986,0.0001,1e-05,50.334,4.3829,0.6369
2845,stage2,1,0.17927905917167664,0.3799169361591339,0.0,0.17927905917167664,0.0001,1e-05,50.335,3.8445,0.6359
2846,stage2,1,0.16502754390239716,0.343464732170105,0.0,0.16502754390239716,0.0001,1e-05,50.335,3.0903,0.6362
2847,stage2,1,0.18344758450984955,0.3664664626121521,0.0,0.18344758450984955,0.0001,1e-05,50.33,3.5812,0.6365
2848,stage2,1,0.1626787781715393,0.41076600551605225,0.0,0.1626787781715393,0.0001,1e-05,50.331,3.7311,0.6372
2849,stage2,1,0.19270698726177216,0.3579942584037781,0.0,0.19270698726177216,0.0001,1e-05,50.331,4.2283,3.5621
2850,stage2,1,0.23091790080070496,0.40929362177848816,0.0,0.23091790080070496,0.0001,1e-05,50.334,4.1521,0.6438
2851,stage2,1,0.15952959656715393,0.36662840843200684,0.0,0.15952959656715393,0.0001,1e-05,50.334,3.5082,0.6355
2852,stage2,1,0.19900742173194885,0.3778575360774994,0.0,0.19900742173194885,0.0001,1e-05,50.335,4.1319,0.637
2853,stage2,1,0.18516166508197784,0.37226852774620056,0.0,0.18516166508197784,0.0001,1e-05,50.331,3.8705,0.6364
2854,stage2,1,0.16442954540252686,0.37653154134750366,0.0,0.16442954540252686,0.0001,1e-05,50.335,3.0362,0.6376
2855,stage2,1,0.19332484900951385,0.380755215883255,0.0,0.19332484900951385,0.0001,1e-05,50.336,4.0732,0.6368
2856,stage2,1,0.19930927455425262,0.3700428903102875,0.0,0.19930927455425262,0.0001,1e-05,50.332,3.3318,0.6377
2857,stage2,1,0.16971829533576965,0.36412322521209717,0.0,0.16971829533576965,0.0001,1e-05,50.33,3.4436,3.4484
2858,stage2,1,0.18453747034072876,0.37286266684532166,0.0,0.18453747034072876,0.0001,1e-05,50.333,4.0679,0.8361
2859,stage2,1,0.19802337884902954,0.36643186211586,0.0,0.19802337884902954,0.0001,1e-05,50.333,3.7417,0.6357
2860,stage2,1,0.17770342528820038,0.35898929834365845,0.0,0.17770342528820038,0.0001,1e-05,50.332,3.7986,0.636
2861,stage2,1,0.20298877358436584,0.3608472943305969,0.0,0.20298877358436584,0.0001,1e-05,50.334,3.5175,0.6363
2862,stage2,1,0.2065170556306839,0.3799300193786621,0.0,0.2065170556306839,0.0001,1e-05,50.334,3.831,0.6366
2863,stage2,1,0.1732121855020523,0.37464287877082825,0.0,0.1732121855020523,0.0001,1e-05,50.338,3.5005,0.6362
2864,stage2,1,0.156875878572464,0.35820841789245605,0.0,0.156875878572464,0.0001,1e-05,50.337,3.0847,0.6362
2865,stage2,1,0.17474277317523956,0.38642385601997375,0.0,0.17474277317523956,0.0001,1e-05,50.337,3.7121,3.3009
2866,stage2,1,0.1823999583721161,0.3786505162715912,0.0,0.1823999583721161,0.0001,1e-05,50.335,3.7145,0.8621
2867,stage2,1,0.1837066113948822,0.38571542501449585,0.0,0.1837066113948822,0.0001,1e-05,50.336,3.6686,0.6355
2868,stage2,1,0.18399234116077423,0.36196091771125793,0.0,0.18399234116077423,0.0001,1e-05,50.339,3.565,0.6361
2869,stage2,1,0.16504879295825958,0.35835257172584534,0.0,0.16504879295825958,0.0001,1e-05,50.329,3.5817,0.6354
2870,stage2,1,0.15538306534290314,0.357709139585495,0.0,0.15538306534290314,0.0001,1e-05,50.335,3.6177,0.6363
2871,stage2,1,0.19004099071025848,0.38033708930015564,0.0,0.19004099071025848,0.0001,1e-05,50.331,4.041,0.6363
2872,stage2,1,0.17574195563793182,0.3777986168861389,0.0,0.17574195563793182,0.0001,1e-05,50.331,3.8909,0.6368
2873,stage2,1,0.15220694243907928,0.3604816198348999,0.0,0.15220694243907928,0.0001,1e-05,50.33,3.3777,3.282
2874,stage2,1,0.17994800209999084,0.37629276514053345,0.0,0.17994800209999084,0.0001,1e-05,50.335,3.6783,0.8905
2875,stage2,1,0.18403233587741852,0.37921473383903503,0.0,0.18403233587741852,0.0001,1e-05,50.331,4.3917,0.6347
2876,stage2,1,0.20697687566280365,0.3571380376815796,0.0,0.20697687566280365,0.0001,1e-05,50.335,3.7646,0.6366
2877,stage2,1,0.14974510669708252,0.37757551670074463,0.0,0.14974510669708252,0.0001,1e-05,50.336,3.2818,0.6357
2878,stage2,1,0.18680281937122345,0.3614952266216278,0.0,0.18680281937122345,0.0001,1e-05,50.331,3.537,0.6367
2879,stage2,1,0.18341848254203796,0.35791394114494324,0.0,0.18341848254203796,0.0001,1e-05,50.329,3.8761,0.637
2880,stage2,1,0.16991974413394928,0.3561762273311615,0.0,0.16991974413394928,0.0001,1e-05,50.333,3.6077,0.6368
2881,stage2,1,0.16707681119441986,0.37137532234191895,0.0,0.16707681119441986,0.0001,1e-05,50.333,3.9487,3.2475
2882,stage2,1,0.20739760994911194,0.3779214322566986,0.0,0.20739760994911194,0.0001,1e-05,50.335,4.4045,0.9752
2883,stage2,1,0.17509540915489197,0.35923898220062256,0.0,0.17509540915489197,0.0001,1e-05,50.334,3.8305,0.6354
2884,stage2,1,0.17692425847053528,0.36699602007865906,0.0,0.17692425847053528,0.0001,1e-05,50.336,4.0729,0.6363
2885,stage2,1,0.19776470959186554,0.38952842354774475,0.0,0.19776470959186554,0.0001,1e-05,50.334,3.6826,0.6366
2886,stage2,1,0.14273199439048767,0.39693957567214966,0.0,0.14273199439048767,0.0001,1e-05,50.332,2.8368,0.6361
2887,stage2,1,0.2083369642496109,0.37308815121650696,0.0,0.2083369642496109,0.0001,1e-05,50.337,4.3478,0.6364
2888,stage2,1,0.18029218912124634,0.37864917516708374,0.0,0.18029218912124634,0.0001,1e-05,50.332,4.473,0.6373
2889,stage2,1,0.2001727968454361,0.36933383345603943,0.0,0.2001727968454361,0.0001,1e-05,50.332,3.3885,3.1516
2890,stage2,1,0.18063388764858246,0.3754110336303711,0.0,0.18063388764858246,0.0001,1e-05,50.33,3.7814,1.0958
2891,stage2,1,0.18738563358783722,0.37569987773895264,0.0,0.18738563358783722,0.0001,1e-05,50.336,3.5651,0.6353
2892,stage2,1,0.16858099400997162,0.38709327578544617,0.0,0.16858099400997162,0.0001,1e-05,50.333,3.3843,0.6364
2893,stage2,1,0.19780458509922028,0.4060443043708801,0.0,0.19780458509922028,0.0001,1e-05,50.334,4.5518,0.6355
2894,stage2,1,0.17524980008602142,0.38866570591926575,0.0,0.17524980008602142,0.0001,1e-05,50.338,3.4589,0.6363
2895,stage2,1,0.18376493453979492,0.3866375982761383,0.0,0.18376493453979492,0.0001,1e-05,50.334,3.4457,0.6369
2896,stage2,1,0.1787371188402176,0.3821481466293335,0.0,0.1787371188402176,0.0001,1e-05,50.336,4.3736,0.637
2897,stage2,1,0.15807799994945526,0.3505684733390808,0.0,0.15807799994945526,0.0001,1e-05,50.331,3.3779,3.0759
2898,stage2,1,0.18432645499706268,0.3750954866409302,0.0,0.18432645499706268,0.0001,1e-05,50.336,4.0351,1.1682
2899,stage2,1,0.17181125283241272,0.3588850200176239,0.0,0.17181125283241272,0.0001,1e-05,50.33,3.7603,0.6363
2900,stage2,1,0.18446163833141327,0.37483489513397217,0.0,0.18446163833141327,0.0001,1e-05,50.335,4.0564,0.6371
2901,stage2,1,0.17679297924041748,0.3821324110031128,0.0,0.17679297924041748,0.0001,1e-05,50.337,3.5185,0.6372
2902,stage2,1,0.1851262003183365,0.35248854756355286,0.0,0.1851262003183365,0.0001,1e-05,50.334,4.4769,0.638
2903,stage2,1,0.17747770249843597,0.3818909823894501,0.0,0.17747770249843597,0.0001,1e-05,50.334,3.2069,0.6372
2904,stage2,1,0.17124499380588531,0.38604602217674255,0.0,0.17124499380588531,0.0001,1e-05,50.335,3.6591,0.6375
2905,stage2,1,0.145917147397995,0.3471859395503998,0.0,0.145917147397995,0.0001,1e-05,50.337,2.878,3.0001
2906,stage2,1,0.18012306094169617,0.3643638789653778,0.0,0.18012306094169617,0.0001,1e-05,50.335,3.9744,1.1894
2907,stage2,1,0.1722632646560669,0.384620726108551,0.0,0.1722632646560669,0.0001,1e-05,50.339,3.9581,0.6359
2908,stage2,1,0.18683789670467377,0.3763349652290344,0.0,0.18683789670467377,0.0001,1e-05,50.335,3.7989,0.6366
2909,stage2,1,0.19501683115959167,0.38183221220970154,0.0,0.19501683115959167,0.0001,1e-05,50.335,3.4912,0.6367
2910,stage2,1,0.1945507824420929,0.37831780314445496,0.0,0.1945507824420929,0.0001,1e-05,50.332,4.37,0.637
2911,stage2,1,0.16562078893184662,0.3548829257488251,0.0,0.16562078893184662,0.0001,1e-05,50.337,3.2395,0.6369
2912,stage2,1,0.17621180415153503,0.36980846524238586,0.0,0.17621180415153503,0.0001,1e-05,50.335,3.7366,0.637
2913,stage2,1,0.17447637021541595,0.3667248487472534,0.0,0.17447637021541595,0.0001,1e-05,50.333,3.4281,2.9892
2914,stage2,1,0.18602509796619415,0.39554765820503235,0.0,0.18602509796619415,0.0001,1e-05,50.336,5.3018,1.2086
2915,stage2,1,0.16943824291229248,0.3893568515777588,0.0,0.16943824291229248,0.0001,1e-05,50.337,3.284,0.6349
2916,stage2,1,0.17969255149364471,0.35550978779792786,0.0,0.17969255149364471,0.0001,1e-05,50.333,3.6026,0.6362
2917,stage2,1,0.18124298751354218,0.35924583673477173,0.0,0.18124298751354218,0.0001,1e-05,50.335,3.4793,0.636
2918,stage2,1,0.18551774322986603,0.3584892451763153,0.0,0.18551774322986603,0.0001,1e-05,50.337,3.5306,0.6364
2919,stage2,1,0.17079506814479828,0.3697757124900818,0.0,0.17079506814479828,0.0001,1e-05,50.339,3.2131,0.6362
2920,stage2,1,0.14415843784809113,0.32822349667549133,0.0,0.14415843784809113,0.0001,1e-05,50.336,3.0853,0.6361
2921,stage2,1,0.1600959748029709,0.3482137620449066,0.0,0.1600959748029709,0.0001,1e-05,50.335,3.7307,3.0094
2922,stage2,1,0.1896861046552658,0.3481704890727997,0.0,0.1896861046552658,0.0001,1e-05,50.338,3.9978,1.1388
2923,stage2,1,0.18366722762584686,0.3533892035484314,0.0,0.18366722762584686,0.0001,1e-05,50.336,3.8172,0.6359
2924,stage2,1,0.1377171128988266,0.3490670621395111,0.0,0.1377171128988266,0.0001,1e-05,50.336,3.1589,0.6371
2925,stage2,1,0.15769685804843903,0.38200491666793823,0.0,0.15769685804843903,0.0001,1e-05,50.338,3.7314,0.6366
2926,stage2,1,0.16880467534065247,0.41131871938705444,0.0,0.16880467534065247,0.0001,1e-05,50.341,3.7003,0.6371
2927,stage2,1,0.16674594581127167,0.3460347056388855,0.0,0.16674594581127167,0.0001,1e-05,50.335,3.1917,0.6368
2928,stage2,1,0.1841242015361786,0.376967191696167,0.0,0.1841242015361786,0.0001,1e-05,50.333,4.1333,0.6375
2929,stage2,1,0.17748138308525085,0.3719169497489929,0.0,0.17748138308525085,0.0001,1e-05,50.338,3.8705,2.9865
2930,stage2,1,0.1795656532049179,0.3647778332233429,0.0,0.1795656532049179,0.0001,1e-05,50.337,3.6088,1.1328
2931,stage2,1,0.16403710842132568,0.38783738017082214,0.0,0.16403710842132568,0.0001,1e-05,50.332,3.7918,0.636
2932,stage2,1,0.20117521286010742,0.3733857572078705,0.0,0.20117521286010742,0.0001,1e-05,50.332,4.1653,0.6368
2933,stage2,1,0.1720334142446518,0.38903743028640747,0.0,0.1720334142446518,0.0001,1e-05,50.339,3.98,0.6366
2934,stage2,1,0.1631382554769516,0.36921125650405884,0.0,0.1631382554769516,0.0001,1e-05,50.336,3.7343,0.6366
2935,stage2,1,0.17992843687534332,0.3566645681858063,0.0,0.17992843687534332,0.0001,1e-05,50.333,4.2609,0.6371
2936,stage2,1,0.17178888618946075,0.37433674931526184,0.0,0.17178888618946075,0.0001,1e-05,50.336,3.6154,0.6371
2937,stage2,1,0.17853005230426788,0.3508182168006897,0.0,0.17853005230426788,0.0001,1e-05,50.332,4.813,3.018
2938,stage2,1,0.1600567251443863,0.35994672775268555,0.0,0.1600567251443863,0.0001,1e-05,50.334,3.4929,1.1453
2939,stage2,1,0.17427878081798553,0.38032272458076477,0.0,0.17427878081798553,0.0001,1e-05,50.331,4.3447,0.6354
2940,stage2,1,0.17739161849021912,0.3707079589366913,0.0,0.17739161849021912,0.0001,1e-05,50.335,3.873,0.6373
2941,stage2,1,0.17648635804653168,0.3534708321094513,0.0,0.17648635804653168,0.0001,1e-05,50.329,3.4748,0.6363
2942,stage2,1,0.16539867222309113,0.3565768003463745,0.0,0.16539867222309113,0.0001,1e-05,50.334,4.3645,0.6366
2943,stage2,1,0.18654635548591614,0.3743077218532562,0.0,0.18654635548591614,0.0001,1e-05,50.334,3.913,0.6359
2944,stage2,1,0.17249327898025513,0.3925125002861023,0.0,0.17249327898025513,0.0001,1e-05,50.334,5.174,0.6371
2945,stage2,1,0.22917453944683075,0.40661805868148804,0.0,0.22917453944683075,0.0001,1e-05,50.334,4.2376,3.0704
2946,stage2,1,0.15172666311264038,0.3519039750099182,0.0,0.15172666311264038,0.0001,1e-05,50.33,3.1248,1.1026
2947,stage2,1,0.1702047884464264,0.34435057640075684,0.0,0.1702047884464264,0.0001,1e-05,50.333,3.73,0.6349
2948,stage2,1,0.1667405068874359,0.3903944492340088,0.0,0.1667405068874359,0.0001,1e-05,50.336,3.4916,0.6353
2949,stage2,1,0.17824995517730713,0.3707771897315979,0.0,0.17824995517730713,0.0001,1e-05,50.335,5.7322,0.6366
2950,stage2,1,0.17037846148014069,0.3777160942554474,0.0,0.17037846148014069,0.0001,1e-05,50.335,4.0752,0.6364
2951,stage2,1,0.1859368234872818,0.38463109731674194,0.0,0.1859368234872818,0.0001,1e-05,50.339,3.7568,0.6373
2952,stage2,1,0.17700189352035522,0.36869141459465027,0.0,0.17700189352035522,0.0001,1e-05,50.338,3.4566,0.6373
2953,stage2,1,0.15819045901298523,0.36879947781562805,0.0,0.15819045901298523,0.0001,1e-05,50.331,3.0301,3.0558
2954,stage2,1,0.17757493257522583,0.35741689801216125,0.0,0.17757493257522583,0.0001,1e-05,50.331,4.0149,1.0647
2955,stage2,1,0.1758037656545639,0.35629940032958984,0.0,0.1758037656545639,0.0001,1e-05,50.336,3.4299,0.6356
2956,stage2,1,0.16737326979637146,0.3758435547351837,0.0,0.16737326979637146,0.0001,1e-05,50.33,3.3351,0.6362
2957,stage2,1,0.16025830805301666,0.3743041455745697,0.0,0.16025830805301666,0.0001,1e-05,50.334,2.9386,0.6367
2958,stage2,1,0.17284461855888367,0.3880579471588135,0.0,0.17284461855888367,0.0001,1e-05,50.332,3.9491,0.6368
2959,stage2,1,0.1959477812051773,0.36639004945755005,0.0,0.1959477812051773,0.0001,1e-05,50.333,4.7319,0.6367
2960,stage2,1,0.178924098610878,0.36605527997016907,0.0,0.178924098610878,0.0001,1e-05,50.334,3.4797,0.6374
2961,stage2,1,0.1572934091091156,0.3506857454776764,0.0,0.1572934091091156,0.0001,1e-05,50.334,3.4105,3.3081
2962,stage2,1,0.14853394031524658,0.4047378599643707,0.0,0.14853394031524658,0.0001,1e-05,50.334,3.2556,1.0554
2963,stage2,1,0.1744472086429596,0.3521275222301483,0.0,0.1744472086429596,0.0001,1e-05,50.332,3.5575,0.6371
2964,stage2,1,0.17700429260730743,0.3653610348701477,0.0,0.17700429260730743,0.0001,1e-05,50.332,3.157,0.6368
2965,stage2,1,0.17507562041282654,0.3465276062488556,0.0,0.17507562041282654,0.0001,1e-05,50.333,3.5059,0.6369
2966,stage2,1,0.1711694598197937,0.3514953553676605,0.0,0.1711694598197937,0.0001,1e-05,50.334,3.5654,0.6375
2967,stage2,1,0.1842607706785202,0.37380191683769226,0.0,0.1842607706785202,0.0001,1e-05,50.333,3.8564,0.6372
2968,stage2,1,0.16511954367160797,0.35840335488319397,0.0,0.16511954367160797,0.0001,1e-05,50.328,3.4501,0.6373
2969,stage2,1,0.16468600928783417,0.37740907073020935,0.0,0.16468600928783417,0.0001,1e-05,50.334,3.3127,3.1183
2970,stage2,1,0.15930713713169098,0.39197665452957153,0.0,0.15930713713169098,0.0001,1e-05,50.331,3.2539,1.0613
2971,stage2,1,0.16946539282798767,0.373533695936203,0.0,0.16946539282798767,0.0001,1e-05,50.33,3.8202,0.6364
2972,stage2,1,0.1605156511068344,0.3826766014099121,0.0,0.1605156511068344,0.0001,1e-05,50.334,3.4557,0.6366
2973,stage2,1,0.16021908819675446,0.3422897160053253,0.0,0.16021908819675446,0.0001,1e-05,50.335,3.2889,0.6368
2974,stage2,1,0.18162110447883606,0.3682468831539154,0.0,0.18162110447883606,0.0001,1e-05,50.335,3.2168,0.6373
2975,stage2,1,0.1936255842447281,0.38663023710250854,0.0,0.1936255842447281,0.0001,1e-05,50.333,3.5449,0.6369
2976,stage2,1,0.18862877786159515,0.3844272792339325,0.0,0.18862877786159515,0.0001,1e-05,50.333,3.6176,0.6362
2977,stage2,1,0.17721447348594666,0.3668716847896576,0.0,0.17721447348594666,0.0001,1e-05,50.337,3.8389,3.0931
2978,stage2,1,0.19596189260482788,0.365847647190094,0.0,0.19596189260482788,0.0001,1e-05,50.332,3.89,1.0825
2979,stage2,1,0.18937833607196808,0.3661424517631531,0.0,0.18937833607196808,0.0001,1e-05,50.335,3.2508,0.636
2980,stage2,1,0.18060162663459778,0.3461557626724243,0.0,0.18060162663459778,0.0001,1e-05,50.334,4.715,0.6362
2981,stage2,1,0.17446677386760712,0.3632649779319763,0.0,0.17446677386760712,0.0001,1e-05,50.336,3.2549,0.6365
2982,stage2,1,0.18057683110237122,0.3680071532726288,0.0,0.18057683110237122,0.0001,1e-05,50.331,3.5971,0.6375
2983,stage2,1,0.19299016892910004,0.3801927864551544,0.0,0.19299016892910004,0.0001,1e-05,50.337,4.1705,0.6377
2984,stage2,1,0.1564435511827469,0.369290828704834,0.0,0.1564435511827469,0.0001,1e-05,50.331,3.1432,0.6375
2985,stage2,1,0.17128388583660126,0.38591355085372925,0.0,0.17128388583660126,0.0001,1e-05,50.336,4.257,3.0622
2986,stage2,1,0.22201839089393616,0.3883891999721527,0.0,0.22201839089393616,0.0001,1e-05,50.333,4.2234,1.1294
2987,stage2,1,0.17939893901348114,0.3410889506340027,0.0,0.17939893901348114,0.0001,1e-05,50.333,3.658,0.636
2988,stage2,1,0.18825200200080872,0.3723827004432678,0.0,0.18825200200080872,0.0001,1e-05,50.333,3.5456,0.6361
2989,stage2,1,0.15369625389575958,0.3444819152355194,0.0,0.15369625389575958,0.0001,1e-05,50.334,3.5921,0.6358
2990,stage2,1,0.14712339639663696,0.33002373576164246,0.0,0.14712339639663696,0.0001,1e-05,50.334,3.146,0.6374
2991,stage2,1,0.19568012654781342,0.378052294254303,0.0,0.19568012654781342,0.0001,1e-05,50.337,4.1971,0.6366
2992,stage2,1,0.17702867090702057,0.35898861289024353,0.0,0.17702867090702057,0.0001,1e-05,50.337,4.0181,0.6371
2993,stage2,1,0.17115511000156403,0.3514860272407532,0.0,0.17115511000156403,0.0001,1e-05,50.332,3.1141,3.0107
2994,stage2,1,0.20234636962413788,0.3765370547771454,0.0,0.20234636962413788,0.0001,1e-05,50.333,4.5598,1.1704
2995,stage2,1,0.15845255553722382,0.33294370770454407,0.0,0.15845255553722382,0.0001,1e-05,50.334,3.2368,0.6365
2996,stage2,1,0.16918902099132538,0.36166661977767944,0.0,0.16918902099132538,0.0001,1e-05,50.335,3.1474,0.6362
2997,stage2,1,0.17019237577915192,0.37005388736724854,0.0,0.17019237577915192,0.0001,1e-05,50.333,3.4892,0.6361
2998,stage2,1,0.17822875082492828,0.35589081048965454,0.0,0.17822875082492828,0.0001,1e-05,50.337,4.6641,0.637
2999,stage2,1,0.18834596872329712,0.3823337256908417,0.0,0.18834596872329712,0.0001,1e-05,50.336,3.8835,0.6369
3000,stage2,1,0.19096805155277252,0.3621162176132202,0.0,0.19096805155277252,0.0001,1e-05,50.333,3.9539,0.6372
3001,stage2,1,0.19298064708709717,0.37853628396987915,0.0,0.19298064708709717,0.0001,1e-05,50.334,3.6659,3.0354
3002,stage2,1,0.18042907118797302,0.3775225579738617,0.0,0.18042907118797302,0.0001,1e-05,50.331,3.4793,1.1564
3003,stage2,1,0.17294317483901978,0.3687783181667328,0.0,0.17294317483901978,0.0001,1e-05,50.335,4.5147,0.6357
3004,stage2,1,0.2112390398979187,0.36629346013069153,0.0,0.2112390398979187,0.0001,1e-05,50.334,5.1985,0.6368
3005,stage2,1,0.18800528347492218,0.38320669531822205,0.0,0.18800528347492218,0.0001,1e-05,50.332,3.3185,0.6366
3006,stage2,1,0.174278125166893,0.34800443053245544,0.0,0.174278125166893,0.0001,1e-05,50.334,3.5229,0.6362
3007,stage2,1,0.19484743475914001,0.3787120282649994,0.0,0.19484743475914001,0.0001,1e-05,50.334,3.8992,0.637
3008,stage2,1,0.19280476868152618,0.3864434063434601,0.0,0.19280476868152618,0.0001,1e-05,50.331,4.6201,0.6368
3009,stage2,1,0.16734537482261658,0.3763555586338043,0.0,0.16734537482261658,0.0001,1e-05,50.331,3.5302,2.9972
3010,stage2,1,0.17968830466270447,0.3920912444591522,0.0,0.17968830466270447,0.0001,1e-05,50.335,4.0465,1.1711
3011,stage2,1,0.1876945197582245,0.37558603286743164,0.0,0.1876945197582245,0.0001,1e-05,50.336,3.6486,0.6369
3012,stage2,1,0.14534634351730347,0.3740009069442749,0.0,0.14534634351730347,0.0001,1e-05,50.339,3.3786,0.6367
3013,stage2,1,0.17249584197998047,0.3781474232673645,0.0,0.17249584197998047,0.0001,1e-05,50.335,4.1854,0.6374
3014,stage2,1,0.18713825941085815,0.37671270966529846,0.0,0.18713825941085815,0.0001,1e-05,50.334,4.7357,0.6372
3015,stage2,1,0.1819695234298706,0.3855225145816803,0.0,0.1819695234298706,0.0001,1e-05,50.333,4.6274,0.6371
3016,stage2,1,0.1378341019153595,0.3655226528644562,0.0,0.1378341019153595,0.0001,1e-05,50.329,4.145,0.6379
3017,stage2,1,0.18006353080272675,0.3768672049045563,0.0,0.18006353080272675,0.0001,1e-05,50.334,3.938,3.0595
3018,stage2,1,0.16851916909217834,0.36151018738746643,0.0,0.16851916909217834,0.0001,1e-05,50.333,3.49,1.1886
3019,stage2,1,0.17348837852478027,0.3538578152656555,0.0,0.17348837852478027,0.0001,1e-05,50.336,3.9585,0.6356
3020,stage2,1,0.17030751705169678,0.3571699857711792,0.0,0.17030751705169678,0.0001,1e-05,50.332,4.1419,0.636
3021,stage2,1,0.14462222158908844,0.3719709813594818,0.0,0.14462222158908844,0.0001,1e-05,50.335,3.5888,0.6364
3022,stage2,1,0.18186073005199432,0.3614494502544403,0.0,0.18186073005199432,0.0001,1e-05,50.334,4.7441,0.6373
3023,stage2,1,0.19324439764022827,0.36598679423332214,0.0,0.19324439764022827,0.0001,1e-05,50.335,4.0872,0.6371
3024,stage2,1,0.1584175080060959,0.3717617690563202,0.0,0.1584175080060959,0.0001,1e-05,50.334,3.3719,0.6372
3025,stage2,1,0.1841936558485031,0.35999783873558044,0.0,0.1841936558485031,0.0001,1e-05,50.335,3.8713,2.9491
3026,stage2,1,0.15519249439239502,0.37460198998451233,0.0,0.15519249439239502,0.0001,1e-05,50.33,3.7147,1.2514
3027,stage2,1,0.15387806296348572,0.37628376483917236,0.0,0.15387806296348572,0.0001,1e-05,50.335,3.1571,0.6355
3028,stage2,1,0.17051748931407928,0.3727688491344452,0.0,0.17051748931407928,0.0001,1e-05,50.338,3.6935,0.6364
3029,stage2,1,0.16559496521949768,0.3543566167354584,0.0,0.16559496521949768,0.0001,1e-05,50.335,3.3135,0.6371
3030,stage2,1,0.18237648904323578,0.38561052083969116,0.0,0.18237648904323578,0.0001,1e-05,50.333,4.1333,0.6368
3031,stage2,1,0.1555892527103424,0.3519452214241028,0.0,0.1555892527103424,0.0001,1e-05,50.335,3.6035,0.6377
3032,stage2,1,0.17532743513584137,0.3536624312400818,0.0,0.17532743513584137,0.0001,1e-05,50.333,3.8649,0.6381
3033,stage2,1,0.18653208017349243,0.3915306329727173,0.0,0.18653208017349243,0.0001,1e-05,50.335,3.781,2.9433
3034,stage2,1,0.1633148491382599,0.3362564444541931,0.0,0.1633148491382599,0.0001,1e-05,50.332,2.8315,1.2092
3035,stage2,1,0.159598246216774,0.3844103515148163,0.0,0.159598246216774,0.0001,1e-05,50.334,3.1464,0.6363
3036,stage2,1,0.15296217799186707,0.3617072105407715,0.0,0.15296217799186707,0.0001,1e-05,50.337,3.2829,0.6364
3037,stage2,1,0.15882381796836853,0.35219547152519226,0.0,0.15882381796836853,0.0001,1e-05,50.332,3.2466,0.6375
3038,stage2,1,0.18322239816188812,0.36439791321754456,0.0,0.18322239816188812,0.0001,1e-05,50.333,4.2899,0.6372
3039,stage2,1,0.15885956585407257,0.3695054352283478,0.0,0.15885956585407257,0.0001,1e-05,50.335,3.5639,0.6372
3040,stage2,1,0.19342266023159027,0.3984536826610565,0.0,0.19342266023159027,0.0001,1e-05,50.333,4.1356,0.6375
3041,stage2,1,0.1688416600227356,0.3456648290157318,0.0,0.1688416600227356,0.0001,1e-05,50.331,3.4239,2.9087
3042,stage2,1,0.15697243809700012,0.3653339445590973,0.0,0.15697243809700012,0.0001,1e-05,50.333,3.6617,1.2829
3043,stage2,1,0.18879880011081696,0.36254817247390747,0.0,0.18879880011081696,0.0001,1e-05,50.339,5.9255,0.6372
3044,stage2,1,0.18274344503879547,0.35964784026145935,0.0,0.18274344503879547,0.0001,1e-05,50.337,3.507,0.6374
3045,stage2,1,0.17163188755512238,0.35328224301338196,0.0,0.17163188755512238,0.0001,1e-05,50.335,4.1409,0.6376
3046,stage2,1,0.1632392406463623,0.35599830746650696,0.0,0.1632392406463623,0.0001,1e-05,50.334,3.2888,0.638
3047,stage2,1,0.18554459512233734,0.39929524064064026,0.0,0.18554459512233734,0.0001,1e-05,50.333,4.0353,0.6376
3048,stage2,1,0.18555596470832825,0.38389915227890015,0.0,0.18555596470832825,0.0001,1e-05,50.333,3.516,0.6374
3049,stage2,1,0.18958666920661926,0.3682544529438019,0.0,0.18958666920661926,0.0001,1e-05,50.332,4.3173,2.9161
3050,stage2,1,0.18908275663852692,0.3479602634906769,0.0,0.18908275663852692,0.0001,1e-05,50.33,4.4362,1.2043
3051,stage2,1,0.1665414273738861,0.36057227849960327,0.0,0.1665414273738861,0.0001,1e-05,50.336,3.5137,0.6361
3052,stage2,1,0.16129130125045776,0.3525580167770386,0.0,0.16129130125045776,0.0001,1e-05,50.331,3.4564,0.6364
3053,stage2,1,0.1617853194475174,0.34762683510780334,0.0,0.1617853194475174,0.0001,1e-05,50.336,3.4266,0.6371
3054,stage2,1,0.16196581721305847,0.37961506843566895,0.0,0.16196581721305847,0.0001,1e-05,50.331,3.9449,0.6375
3055,stage2,1,0.15715225040912628,0.36839133501052856,0.0,0.15715225040912628,0.0001,1e-05,50.332,3.0564,0.6378
3056,stage2,1,0.18267850577831268,0.3680739104747772,0.0,0.18267850577831268,0.0001,1e-05,50.334,5.7945,0.6371
3057,stage2,1,0.16992980241775513,0.4003601372241974,0.0,0.16992980241775513,0.0001,1e-05,50.332,3.8437,2.9388
3058,stage2,1,0.16873441636562347,0.3641948699951172,0.0,0.16873441636562347,0.0001,1e-05,50.331,4.0333,1.1947
3059,stage2,1,0.17693236470222473,0.37364688515663147,0.0,0.17693236470222473,0.0001,1e-05,50.332,3.9636,0.6364
3060,stage2,1,0.1645893007516861,0.34991970658302307,0.0,0.1645893007516861,0.0001,1e-05,50.331,3.6694,0.6368
3061,stage2,1,0.19822940230369568,0.3980444073677063,0.0,0.19822940230369568,0.0001,1e-05,50.334,4.4013,0.6368
3062,stage2,1,0.16483858227729797,0.35099080204963684,0.0,0.16483858227729797,0.0001,1e-05,50.333,3.664,0.6371
3063,stage2,1,0.16648846864700317,0.3517385423183441,0.0,0.16648846864700317,0.0001,1e-05,50.332,3.5342,0.6374
3064,stage2,1,0.14464619755744934,0.35845309495925903,0.0,0.14464619755744934,0.0001,1e-05,50.331,3.8679,0.6381
3065,stage2,1,0.16782240569591522,0.362836629152298,0.0,0.16782240569591522,0.0001,1e-05,50.333,3.6102,2.9715
3066,stage2,1,0.17718641459941864,0.34544286131858826,0.0,0.17718641459941864,0.0001,1e-05,50.335,3.5772,1.2607
3067,stage2,1,0.1761918067932129,0.37142059206962585,0.0,0.1761918067932129,0.0001,1e-05,50.334,3.8609,0.637
3068,stage2,1,0.1609049290418625,0.36588388681411743,0.0,0.1609049290418625,0.0001,1e-05,50.333,4.1469,0.6367
3069,stage2,1,0.16613170504570007,0.3438982367515564,0.0,0.16613170504570007,0.0001,1e-05,50.331,3.6268,0.6365
3070,stage2,1,0.17343769967556,0.3745329976081848,0.0,0.17343769967556,0.0001,1e-05,50.332,3.5725,0.6364
3071,stage2,1,0.1718599796295166,0.37692660093307495,0.0,0.1718599796295166,0.0001,1e-05,50.332,3.8332,0.6367
3072,stage2,1,0.17280133068561554,0.3736414611339569,0.0,0.17280133068561554,0.0001,1e-05,50.333,3.7271,0.6374
3073,stage2,1,0.1789635568857193,0.3699139654636383,0.0,0.1789635568857193,0.0001,1e-05,50.335,4.1512,2.9098
3074,stage2,1,0.17151328921318054,0.37677979469299316,0.0,0.17151328921318054,0.0001,1e-05,50.336,3.6562,1.291
3075,stage2,1,0.17133599519729614,0.3512287139892578,0.0,0.17133599519729614,0.0001,1e-05,50.327,3.4763,0.6358
3076,stage2,1,0.1692371666431427,0.3549352288246155,0.0,0.1692371666431427,0.0001,1e-05,50.329,4.1787,0.6358
3077,stage2,1,0.20163945853710175,0.36017847061157227,0.0,0.20163945853710175,0.0001,1e-05,50.33,4.7605,0.6369
3078,stage2,1,0.15208061039447784,0.3617153763771057,0.0,0.15208061039447784,0.0001,1e-05,50.33,3.3,0.6371
3079,stage2,1,0.17002131044864655,0.41003695130348206,0.0,0.17002131044864655,0.0001,1e-05,50.333,4.1299,0.6372
3080,stage2,1,0.13432776927947998,0.3800276219844818,0.0,0.13432776927947998,0.0001,1e-05,50.333,2.9119,0.637
3081,stage2,1,0.1682804822921753,0.3706762492656708,0.0,0.1682804822921753,0.0001,1e-05,50.335,4.2771,2.9198
3082,stage2,1,0.18452157080173492,0.347289115190506,0.0,0.18452157080173492,0.0001,1e-05,50.334,3.7209,1.2416
3083,stage2,1,0.13864383101463318,0.37707802653312683,0.0,0.13864383101463318,0.0001,1e-05,50.332,3.008,0.6373
3084,stage2,1,0.1541409194469452,0.35703855752944946,0.0,0.1541409194469452,0.0001,1e-05,50.331,3.3597,0.6377
3085,stage2,1,0.19062019884586334,0.3716968894004822,0.0,0.19062019884586334,0.0001,1e-05,50.332,4.0145,0.6373
3086,stage2,1,0.18537870049476624,0.3455650210380554,0.0,0.18537870049476624,0.0001,1e-05,50.332,3.7117,0.6367
3087,stage2,1,0.18169327080249786,0.389141708612442,0.0,0.18169327080249786,0.0001,1e-05,50.333,3.9128,0.6375
3088,stage2,1,0.15566734969615936,0.3480980098247528,0.0,0.15566734969615936,0.0001,1e-05,50.337,3.8218,0.6382
3089,stage2,1,0.17130066454410553,0.36615368723869324,0.0,0.17130066454410553,0.0001,1e-05,50.332,3.6568,2.9431
3090,stage2,1,0.17382654547691345,0.3502441942691803,0.0,0.17382654547691345,0.0001,1e-05,50.332,3.8397,1.1923
3091,stage2,1,0.1794145405292511,0.3729490339756012,0.0,0.1794145405292511,0.0001,1e-05,50.333,3.6157,0.6365
3092,stage2,1,0.1699533760547638,0.3774348199367523,0.0,0.1699533760547638,0.0001,1e-05,50.334,3.7122,0.6364
3093,stage2,1,0.16510672867298126,0.35886150598526,0.0,0.16510672867298126,0.0001,1e-05,50.333,2.8905,0.6367
3094,stage2,1,0.1884753406047821,0.34714430570602417,0.0,0.1884753406047821,0.0001,1e-05,50.33,3.8932,0.6362
3095,stage2,1,0.16574668884277344,0.34260186553001404,0.0,0.16574668884277344,0.0001,1e-05,50.333,3.503,0.6369
3096,stage2,1,0.15963834524154663,0.3670344948768616,0.0,0.15963834524154663,0.0001,1e-05,50.329,3.3914,0.6373
3097,stage2,1,0.14976277947425842,0.34717124700546265,0.0,0.14976277947425842,0.0001,1e-05,50.337,3.1119,3.0381
3098,stage2,1,0.13768905401229858,0.36347442865371704,0.0,0.13768905401229858,0.0001,1e-05,50.33,2.7225,1.1771
3099,stage2,1,0.16665901243686676,0.38309696316719055,0.0,0.16665901243686676,0.0001,1e-05,50.335,3.6502,0.6354
3100,stage2,1,0.18043573200702667,0.3633725047111511,0.0,0.18043573200702667,0.0001,1e-05,50.33,3.9402,0.6353
3101,stage2,1,0.16620871424674988,0.3852548599243164,0.0,0.16620871424674988,0.0001,1e-05,50.335,3.5762,0.636
3102,stage2,1,0.1770058125257492,0.3682782053947449,0.0,0.1770058125257492,0.0001,1e-05,50.332,3.7211,0.6368
3103,stage2,1,0.18190492689609528,0.3686349093914032,0.0,0.18190492689609528,0.0001,1e-05,50.332,4.0525,0.6372
3104,stage2,1,0.17961660027503967,0.3463667333126068,0.0,0.17961660027503967,0.0001,1e-05,50.335,3.4699,0.6375
3105,stage2,1,0.15800781548023224,0.35835474729537964,0.0,0.15800781548023224,0.0001,1e-05,50.333,3.2451,3.0182
3106,stage2,1,0.14881744980812073,0.35331469774246216,0.0,0.14881744980812073,0.0001,1e-05,50.333,3.3848,1.2206
3107,stage2,1,0.17386583983898163,0.3919275999069214,0.0,0.17386583983898163,0.0001,1e-05,50.334,3.5823,0.6365
3108,stage2,1,0.16414375603199005,0.329734742641449,0.0,0.16414375603199005,0.0001,1e-05,50.33,3.7012,0.6363
3109,stage2,1,0.15251420438289642,0.35972830653190613,0.0,0.15251420438289642,0.0001,1e-05,50.335,3.281,0.637
3110,stage2,1,0.15615214407444,0.35624197125434875,0.0,0.15615214407444,0.0001,1e-05,50.328,3.9347,0.6368
3111,stage2,1,0.16111302375793457,0.3279658257961273,0.0,0.16111302375793457,0.0001,1e-05,50.332,3.482,0.6377
3112,stage2,1,0.16351088881492615,0.3425016403198242,0.0,0.16351088881492615,0.0001,1e-05,50.334,4.2829,0.6377
3113,stage2,1,0.16042877733707428,0.35976722836494446,0.0,0.16042877733707428,0.0001,1e-05,50.334,3.8523,2.9273
3114,stage2,1,0.14054656028747559,0.3533850312232971,0.0,0.14054656028747559,0.0001,1e-05,50.333,3.6278,1.3042
3115,stage2,1,0.1838712841272354,0.3565073311328888,0.0,0.1838712841272354,0.0001,1e-05,50.331,4.6347,0.6369
3116,stage2,1,0.16495439410209656,0.40867045521736145,0.0,0.16495439410209656,0.0001,1e-05,50.334,3.4434,0.6358
3117,stage2,1,0.17558419704437256,0.3951283395290375,0.0,0.17558419704437256,0.0001,1e-05,50.333,3.7551,0.6365
3118,stage2,1,0.16965733468532562,0.3466862440109253,0.0,0.16965733468532562,0.0001,1e-05,50.334,3.245,0.6368
3119,stage2,1,0.17778827250003815,0.3574117422103882,0.0,0.17778827250003815,0.0001,1e-05,50.335,3.7344,0.6371
3120,stage2,1,0.1700863540172577,0.3692135214805603,0.0,0.1700863540172577,0.0001,1e-05,50.33,3.756,0.6368
3121,stage2,1,0.16628073155879974,0.34842732548713684,0.0,0.16628073155879974,0.0001,1e-05,50.335,3.1527,2.8127
3122,stage2,1,0.18288429081439972,0.35182029008865356,0.0,0.18288429081439972,0.0001,1e-05,50.334,5.6974,1.3477
3123,stage2,1,0.19205720722675323,0.36086100339889526,0.0,0.19205720722675323,0.0001,1e-05,50.334,4.0258,0.6353
3124,stage2,1,0.1826409250497818,0.37511393427848816,0.0,0.1826409250497818,0.0001,1e-05,50.331,3.7879,0.6359
3125,stage2,1,0.17024734616279602,0.359476238489151,0.0,0.17024734616279602,0.0001,1e-05,50.338,3.5237,0.6373
3126,stage2,1,0.15890561044216156,0.3627364933490753,0.0,0.15890561044216156,0.0001,1e-05,50.339,3.8815,0.6365
3127,stage2,1,0.15384787321090698,0.3576207756996155,0.0,0.15384787321090698,0.0001,1e-05,50.336,3.7273,0.6365
3128,stage2,1,0.15943686664104462,0.3671673536300659,0.0,0.15943686664104462,0.0001,1e-05,50.335,4.8118,0.637
3129,stage2,1,0.1519961655139923,0.3569236397743225,0.0,0.1519961655139923,0.0001,1e-05,50.34,3.0502,2.831
3130,stage2,1,0.16565130650997162,0.34976446628570557,0.0,0.16565130650997162,0.0001,1e-05,50.334,3.4336,1.2716
3131,stage2,1,0.16888761520385742,0.3781343996524811,0.0,0.16888761520385742,0.0001,1e-05,50.338,4.2906,0.6367
3132,stage2,1,0.1715879589319229,0.361038476228714,0.0,0.1715879589319229,0.0001,1e-05,50.335,4.6581,0.6363
3133,stage2,1,0.17797137796878815,0.3561481833457947,0.0,0.17797137796878815,0.0001,1e-05,50.335,3.9464,0.6365
3134,stage2,1,0.14155064523220062,0.353505939245224,0.0,0.14155064523220062,0.0001,1e-05,50.333,3.7588,0.6366
3135,stage2,1,0.15124750137329102,0.34205418825149536,0.0,0.15124750137329102,0.0001,1e-05,50.331,3.4525,0.6375
3136,stage2,1,0.16581957042217255,0.38191384077072144,0.0,0.16581957042217255,0.0001,1e-05,50.333,4.0653,0.6373
3137,stage2,1,0.15713830292224884,0.34780383110046387,0.0,0.15713830292224884,0.0001,1e-05,50.333,3.1824,2.827
3138,stage2,1,0.17113976180553436,0.37995782494544983,0.0,0.17113976180553436,0.0001,1e-05,50.331,3.5092,1.3529
3139,stage2,1,0.16215845942497253,0.33922022581100464,0.0,0.16215845942497253,0.0001,1e-05,50.335,3.536,0.6348
3140,stage2,1,0.1783754676580429,0.3608245849609375,0.0,0.1783754676580429,0.0001,1e-05,50.333,3.9472,0.6357
3141,stage2,1,0.19512319564819336,0.36312663555145264,0.0,0.19512319564819336,0.0001,1e-05,50.335,4.9012,0.6364
3142,stage2,1,0.15871155261993408,0.39730167388916016,0.0,0.15871155261993408,0.0001,1e-05,50.333,3.5842,0.6372
3143,stage2,1,0.14753863215446472,0.35798102617263794,0.0,0.14753863215446472,0.0001,1e-05,50.335,3.2673,0.6363
3144,stage2,1,0.1837431937456131,0.38745033740997314,0.0,0.1837431937456131,0.0001,1e-05,50.336,5.0516,0.6378
3145,stage2,1,0.17178975045681,0.36789730191230774,0.0,0.17178975045681,0.0001,1e-05,50.332,4.6733,2.8188
3146,stage2,1,0.15614429116249084,0.3643612861633301,0.0,0.15614429116249084,0.0001,1e-05,50.334,4.7079,1.3749
3147,stage2,1,0.15052318572998047,0.3528841733932495,0.0,0.15052318572998047,0.0001,1e-05,50.332,3.1973,0.6354
3148,stage2,1,0.1566794067621231,0.33875203132629395,0.0,0.1566794067621231,0.0001,1e-05,50.335,3.3186,0.6358
3149,stage2,1,0.16782191395759583,0.3704359233379364,0.0,0.16782191395759583,0.0001,1e-05,50.337,3.9224,0.6362
3150,stage2,1,0.18257269263267517,0.36874958872795105,0.0,0.18257269263267517,0.0001,1e-05,50.336,4.2337,0.6369
3151,stage2,1,0.18475234508514404,0.3633667528629303,0.0,0.18475234508514404,0.0001,1e-05,50.334,3.7942,0.6369
3152,stage2,1,0.14894382655620575,0.3407883942127228,0.0,0.14894382655620575,0.0001,1e-05,50.336,3.5221,0.6365
3153,stage2,1,0.17862996459007263,0.3805515170097351,0.0,0.17862996459007263,0.0001,1e-05,50.332,3.9909,2.7785
3154,stage2,1,0.17068448662757874,0.3746212422847748,0.0,0.17068448662757874,0.0001,1e-05,50.334,3.2003,1.3754
3155,stage2,1,0.17947302758693695,0.3703894019126892,0.0,0.17947302758693695,0.0001,1e-05,50.335,3.9912,0.6355
3156,stage2,1,0.18246829509735107,0.36763083934783936,0.0,0.18246829509735107,0.0001,1e-05,50.336,4.6184,0.6368
3157,stage2,1,0.1700570285320282,0.35784783959388733,0.0,0.1700570285320282,0.0001,1e-05,50.333,3.6353,0.6369
3158,stage2,1,0.17031171917915344,0.3587936460971832,0.0,0.17031171917915344,0.0001,1e-05,50.332,4.1024,0.6375
3159,stage2,1,0.158644899725914,0.3349144756793976,0.0,0.158644899725914,0.0001,1e-05,50.33,3.4847,0.6377
3160,stage2,1,0.17389386892318726,0.37573832273483276,0.0,0.17389386892318726,0.0001,1e-05,50.331,3.4936,0.6372
3161,stage2,1,0.18931475281715393,0.36758509278297424,0.0,0.18931475281715393,0.0001,1e-05,50.335,4.2272,2.8782
3162,stage2,1,0.1821405291557312,0.358766108751297,0.0,0.1821405291557312,0.0001,1e-05,50.333,3.4446,1.3518
3163,stage2,1,0.1736222356557846,0.3582095503807068,0.0,0.1736222356557846,0.0001,1e-05,50.331,3.9887,0.6357
3164,stage2,1,0.1570337861776352,0.347328782081604,0.0,0.1570337861776352,0.0001,1e-05,50.333,3.1064,0.6366
3165,stage2,1,0.16277749836444855,0.3835254907608032,0.0,0.16277749836444855,0.0001,1e-05,50.335,3.6666,0.6367
3166,stage2,1,0.16644152998924255,0.3451400399208069,0.0,0.16644152998924255,0.0001,1e-05,50.336,3.255,0.6367
3167,stage2,1,0.1773805171251297,0.3773757219314575,0.0,0.1773805171251297,0.0001,1e-05,50.329,3.8958,0.636
3168,stage2,1,0.1960141956806183,0.37100088596343994,0.0,0.1960141956806183,0.0001,1e-05,50.333,3.6127,0.6369
3169,stage2,1,0.15739129483699799,0.3801411986351013,0.0,0.15739129483699799,0.0001,1e-05,50.332,2.8262,2.806
3170,stage2,1,0.17707057297229767,0.3652395009994507,0.0,0.17707057297229767,0.0001,1e-05,50.337,4.3078,1.3872
3171,stage2,1,0.1596599966287613,0.363195538520813,0.0,0.1596599966287613,0.0001,1e-05,50.333,3.0399,0.6358
3172,stage2,1,0.1740717738866806,0.3615325093269348,0.0,0.1740717738866806,0.0001,1e-05,50.331,3.4612,0.6355
3173,stage2,1,0.19513335824012756,0.3591630756855011,0.0,0.19513335824012756,0.0001,1e-05,50.336,3.9812,0.6369
3174,stage2,1,0.15745113790035248,0.3705451190471649,0.0,0.15745113790035248,0.0001,1e-05,50.338,3.4968,0.6366
3175,stage2,1,0.1477184146642685,0.306388795375824,0.0,0.1477184146642685,0.0001,1e-05,50.331,3.3568,0.6368
3176,stage2,1,0.1611173003911972,0.37043896317481995,0.0,0.1611173003911972,0.0001,1e-05,50.333,3.2547,0.6372
3177,stage2,1,0.1749255359172821,0.37206244468688965,0.0,0.1749255359172821,0.0001,1e-05,50.332,3.837,2.7703
3178,stage2,1,0.16169990599155426,0.39816009998321533,0.0,0.16169990599155426,0.0001,1e-05,50.335,3.359,1.5153
3179,stage2,1,0.14761139452457428,0.34676843881607056,0.0,0.14761139452457428,0.0001,1e-05,50.332,3.3468,0.6387
3180,stage2,1,0.1483822464942932,0.3556603789329529,0.0,0.1483822464942932,0.0001,1e-05,50.335,3.105,0.6361
3181,stage2,1,0.16499833762645721,0.3642734885215759,0.0,0.16499833762645721,0.0001,1e-05,50.333,3.1928,0.6363
3182,stage2,1,0.15193885564804077,0.35499268770217896,0.0,0.15193885564804077,0.0001,1e-05,50.34,4.2202,0.6366
3183,stage2,1,0.16789184510707855,0.35238051414489746,0.0,0.16789184510707855,0.0001,1e-05,50.333,4.2097,0.6372
3184,stage2,1,0.16853567957878113,0.36427757143974304,0.0,0.16853567957878113,0.0001,1e-05,50.335,7.3149,0.6376
3185,stage2,1,0.1740237921476364,0.38318201899528503,0.0,0.1740237921476364,0.0001,1e-05,50.334,3.8214,2.6222
3186,stage2,1,0.14854061603546143,0.3301698565483093,0.0,0.14854061603546143,0.0001,1e-05,50.335,3.8865,1.5494
3187,stage2,1,0.16129930317401886,0.35583770275115967,0.0,0.16129930317401886,0.0001,1e-05,50.331,4.0495,0.6354
3188,stage2,1,0.17386440932750702,0.35431692004203796,0.0,0.17386440932750702,0.0001,1e-05,50.333,4.3204,0.6361
3189,stage2,1,0.17004816234111786,0.35412725806236267,0.0,0.17004816234111786,0.0001,1e-05,50.338,4.1644,0.6358
3190,stage2,1,0.1659618318080902,0.37696346640586853,0.0,0.1659618318080902,0.0001,1e-05,50.329,3.5182,0.6357
3191,stage2,1,0.15109877288341522,0.3581789433956146,0.0,0.15109877288341522,0.0001,1e-05,50.336,4.3646,0.6364
3192,stage2,1,0.14123131334781647,0.37374621629714966,0.0,0.14123131334781647,0.0001,1e-05,50.334,3.5062,0.6362
3193,stage2,1,0.162408709526062,0.36860936880111694,0.0,0.162408709526062,0.0001,1e-05,50.334,4.3725,2.6361
3194,stage2,1,0.1690048724412918,0.35069289803504944,0.0,0.1690048724412918,0.0001,1e-05,50.333,3.9064,1.5622
3195,stage2,1,0.16492661833763123,0.3365250527858734,0.0,0.16492661833763123,0.0001,1e-05,50.336,3.3522,0.6353
3196,stage2,1,0.15696245431900024,0.35460126399993896,0.0,0.15696245431900024,0.0001,1e-05,50.334,3.675,0.6361
3197,stage2,1,0.1548883318901062,0.3713333308696747,0.0,0.1548883318901062,0.0001,1e-05,50.335,4.1031,0.6354
3198,stage2,1,0.15450337529182434,0.3665304183959961,0.0,0.15450337529182434,0.0001,1e-05,50.336,3.9368,0.6364
3199,stage2,1,0.15504465997219086,0.37713032960891724,0.0,0.15504465997219086,0.0001,1e-05,50.336,3.4141,0.6373
3200,stage2,1,0.172597274184227,0.37380489706993103,0.0,0.172597274184227,0.0001,1e-05,50.333,4.9992,0.6374
3201,stage2,1,0.14328746497631073,0.36650052666664124,0.0,0.14328746497631073,0.0001,1e-05,50.333,3.2929,2.5363
3202,stage2,1,0.18821793794631958,0.3561020493507385,0.0,0.18821793794631958,0.0001,1e-05,50.338,3.928,1.714
3203,stage2,1,0.13921795785427094,0.33340373635292053,0.0,0.13921795785427094,0.0001,1e-05,50.335,2.7041,0.6364
3204,stage2,1,0.16738855838775635,0.3933965563774109,0.0,0.16738855838775635,0.0001,1e-05,50.335,3.9494,0.6362
3205,stage2,1,0.15005026757717133,0.3636089861392975,0.0,0.15005026757717133,0.0001,1e-05,50.336,3.6436,0.6362
3206,stage2,1,0.1445513218641281,0.334771066904068,0.0,0.1445513218641281,0.0001,1e-05,50.335,3.3258,0.6366
3207,stage2,1,0.14437036216259003,0.3904801309108734,0.0,0.14437036216259003,0.0001,1e-05,50.336,3.4564,0.6369
3208,stage2,1,0.16925694048404694,0.36363235116004944,0.0,0.16925694048404694,0.0001,1e-05,50.337,3.9041,0.6358
3209,stage2,1,0.14698252081871033,0.3399086892604828,0.0,0.14698252081871033,0.0001,1e-05,50.336,3.2372,2.4312
3210,stage2,1,0.13220526278018951,0.3327019512653351,0.0,0.13220526278018951,0.0001,1e-05,50.336,2.7678,1.7779
3211,stage2,1,0.1493019163608551,0.35219013690948486,0.0,0.1493019163608551,0.0001,1e-05,50.334,3.3437,0.6355
3212,stage2,1,0.14758123457431793,0.3642822206020355,0.0,0.14758123457431793,0.0001,1e-05,50.336,3.2193,0.6352
3213,stage2,1,0.15315230190753937,0.35337135195732117,0.0,0.15315230190753937,0.0001,1e-05,50.337,2.9442,0.6367
3214,stage2,1,0.1568717211484909,0.35482242703437805,0.0,0.1568717211484909,0.0001,1e-05,50.333,3.4481,0.6361
3215,stage2,1,0.1520281732082367,0.35429251194000244,0.0,0.1520281732082367,0.0001,1e-05,50.333,3.4036,0.6368
3216,stage2,1,0.181998148560524,0.3479313254356384,0.0,0.181998148560524,0.0001,1e-05,50.336,3.9204,0.637
3217,stage2,1,0.16772577166557312,0.3577937185764313,0.0,0.16772577166557312,0.0001,1e-05,50.332,4.2035,2.3997
3218,stage2,1,0.15558378398418427,0.34213629364967346,0.0,0.15558378398418427,0.0001,1e-05,50.333,3.0741,1.7599
3219,stage2,1,0.15268969535827637,0.37108081579208374,0.0,0.15268969535827637,0.0001,1e-05,50.336,3.935,0.635
3220,stage2,1,0.16304443776607513,0.3503655195236206,0.0,0.16304443776607513,0.0001,1e-05,50.336,3.4621,0.636
3221,stage2,1,0.14005450904369354,0.33448076248168945,0.0,0.14005450904369354,0.0001,1e-05,50.332,2.8582,0.6369
3222,stage2,1,0.14840875566005707,0.3480806350708008,0.0,0.14840875566005707,0.0001,1e-05,50.337,4.0645,0.6367
3223,stage2,1,0.1487458199262619,0.350905179977417,0.0,0.1487458199262619,0.0001,1e-05,50.334,3.0856,0.6365
3224,stage2,1,0.144958034157753,0.3575805723667145,0.0,0.144958034157753,0.0001,1e-05,50.338,3.2291,0.6358
3225,stage2,1,0.15549339354038239,0.3776244521141052,0.0,0.15549339354038239,0.0001,1e-05,50.337,3.788,2.4054
3226,stage2,1,0.1849352866411209,0.36904793977737427,0.0,0.1849352866411209,0.0001,1e-05,50.338,4.2292,1.7194
3227,stage2,1,0.16988974809646606,0.3530023694038391,0.0,0.16988974809646606,0.0001,1e-05,50.335,3.4465,0.6347
3228,stage2,1,0.15915502607822418,0.350007027387619,0.0,0.15915502607822418,0.0001,1e-05,50.337,3.6493,0.6352
3229,stage2,1,0.14449529349803925,0.3553464412689209,0.0,0.14449529349803925,0.0001,1e-05,50.333,3.2672,0.6355
3230,stage2,1,0.16928289830684662,0.3534885048866272,0.0,0.16928289830684662,0.0001,1e-05,50.338,3.7029,0.636
3231,stage2,1,0.17851777374744415,0.3680040240287781,0.0,0.17851777374744415,0.0001,1e-05,50.334,4.2846,0.6365
3232,stage2,1,0.18310394883155823,0.36096376180648804,0.0,0.18310394883155823,0.0001,1e-05,50.337,3.6234,0.6362
3233,stage2,1,0.1520317643880844,0.357017457485199,0.0,0.1520317643880844,0.0001,1e-05,50.333,3.4828,2.4862
3234,stage2,1,0.1730094850063324,0.3408602476119995,0.0,0.1730094850063324,0.0001,1e-05,50.34,3.6215,1.6601
3235,stage2,1,0.17103050649166107,0.33896222710609436,0.0,0.17103050649166107,0.0001,1e-05,50.337,3.1549,0.6359
3236,stage2,1,0.16872861981391907,0.3640698194503784,0.0,0.16872861981391907,0.0001,1e-05,50.339,3.5442,0.6361
3237,stage2,1,0.13029837608337402,0.3558182120323181,0.0,0.13029837608337402,0.0001,1e-05,50.337,2.9123,0.6359
3238,stage2,1,0.1655624806880951,0.3426024317741394,0.0,0.1655624806880951,0.0001,1e-05,50.338,3.443,0.6367
3239,stage2,1,0.1600959450006485,0.34895655512809753,0.0,0.1600959450006485,0.0001,1e-05,50.34,3.3742,0.6366
3240,stage2,1,0.16503717005252838,0.3587653934955597,0.0,0.16503717005252838,0.0001,1e-05,50.336,3.9168,0.6368
3241,stage2,1,0.16750918328762054,0.3825114071369171,0.0,0.16750918328762054,0.0001,1e-05,50.334,3.5343,2.544
3242,stage2,1,0.14715291559696198,0.32184919714927673,0.0,0.14715291559696198,0.0001,1e-05,50.34,3.0731,1.6902
3243,stage2,1,0.14784295856952667,0.3492795526981354,0.0,0.14784295856952667,0.0001,1e-05,50.337,3.6218,0.634
3244,stage2,1,0.13584193587303162,0.3516451418399811,0.0,0.13584193587303162,0.0001,1e-05,50.343,2.771,0.6349
3245,stage2,1,0.13258814811706543,0.3619343638420105,0.0,0.13258814811706543,0.0001,1e-05,50.334,3.2669,0.6353
3246,stage2,1,0.16880182921886444,0.35382264852523804,0.0,0.16880182921886444,0.0001,1e-05,50.336,3.7352,0.6356
3247,stage2,1,0.1693723201751709,0.3356550931930542,0.0,0.1693723201751709,0.0001,1e-05,50.334,3.8912,0.6359
3248,stage2,1,0.15373872220516205,0.4023664891719818,0.0,0.15373872220516205,0.0001,1e-05,50.338,3.5236,0.6367
3249,stage2,1,0.1651819944381714,0.3563414514064789,0.0,0.1651819944381714,0.0001,1e-05,50.334,4.3166,2.5521
3250,stage2,1,0.144017294049263,0.3505980968475342,0.0,0.144017294049263,0.0001,1e-05,50.338,3.9123,1.6879
3251,stage2,1,0.15670666098594666,0.354807585477829,0.0,0.15670666098594666,0.0001,1e-05,50.333,4.3837,0.6349
3252,stage2,1,0.1404981017112732,0.3434687554836273,0.0,0.1404981017112732,0.0001,1e-05,50.335,3.6968,0.635
3253,stage2,1,0.14629314839839935,0.38260042667388916,0.0,0.14629314839839935,0.0001,1e-05,50.339,3.6404,0.6361
3254,stage2,1,0.13676513731479645,0.35312357544898987,0.0,0.13676513731479645,0.0001,1e-05,50.334,3.4435,0.6363
3255,stage2,1,0.1812354177236557,0.3834679424762726,0.0,0.1812354177236557,0.0001,1e-05,50.336,5.3646,0.6356
3256,stage2,1,0.15382327139377594,0.3557173013687134,0.0,0.15382327139377594,0.0001,1e-05,50.339,3.9335,0.6362
3257,stage2,1,0.16994082927703857,0.36385005712509155,0.0,0.16994082927703857,0.0001,1e-05,50.335,4.1348,2.5582
3258,stage2,1,0.16234993934631348,0.35070210695266724,0.0,0.16234993934631348,0.0001,1e-05,50.339,3.247,1.6272
3259,stage2,1,0.12882503867149353,0.3513912856578827,0.0,0.12882503867149353,0.0001,1e-05,50.336,3.0929,0.6351
3260,stage2,1,0.17171327769756317,0.3354130685329437,0.0,0.17171327769756317,0.0001,1e-05,50.34,4.1952,0.6358
3261,stage2,1,0.16068780422210693,0.35787302255630493,0.0,0.16068780422210693,0.0001,1e-05,50.331,3.9542,0.6357
3262,stage2,1,0.1565592736005783,0.3467959463596344,0.0,0.1565592736005783,0.0001,1e-05,50.338,3.7161,0.6364
3263,stage2,1,0.14970798790454865,0.36015158891677856,0.0,0.14970798790454865,0.0001,1e-05,50.337,2.9189,0.6365
3264,stage2,1,0.16479210555553436,0.3397544026374817,0.0,0.16479210555553436,0.0001,1e-05,50.335,3.981,0.6364
3265,stage2,1,0.1509140431880951,0.35347458720207214,0.0,0.1509140431880951,0.0001,1e-05,50.336,3.9106,2.5943
3266,stage2,1,0.1544245481491089,0.33200207352638245,0.0,0.1544245481491089,0.0001,1e-05,50.337,3.4872,1.6049
3267,stage2,1,0.17138643562793732,0.3560904860496521,0.0,0.17138643562793732,0.0001,1e-05,50.333,3.9137,0.6352
3268,stage2,1,0.17650456726551056,0.37919095158576965,0.0,0.17650456726551056,0.0001,1e-05,50.339,3.4686,0.6349
3269,stage2,1,0.1753707379102707,0.3605073094367981,0.0,0.1753707379102707,0.0001,1e-05,50.336,4.7036,0.6346
3270,stage2,1,0.17488962411880493,0.35479626059532166,0.0,0.17488962411880493,0.0001,1e-05,50.337,4.7998,0.6357
3271,stage2,1,0.16601045429706573,0.37914612889289856,0.0,0.16601045429706573,0.0001,1e-05,50.339,3.6175,0.6369
3272,stage2,1,0.16412782669067383,0.3705154061317444,0.0,0.16412782669067383,0.0001,1e-05,50.336,3.1978,0.6362
3273,stage2,1,0.15168213844299316,0.3544388711452484,0.0,0.15168213844299316,0.0001,1e-05,50.336,3.3884,2.5581
3274,stage2,1,0.1453877091407776,0.32647621631622314,0.0,0.1453877091407776,0.0001,1e-05,50.339,3.2835,1.6878
3275,stage2,1,0.13893327116966248,0.3520115613937378,0.0,0.13893327116966248,0.0001,1e-05,50.337,3.0563,0.6343
3276,stage2,1,0.18254606425762177,0.3841001093387604,0.0,0.18254606425762177,0.0001,1e-05,50.339,4.0885,0.6349
3277,stage2,1,0.16800175607204437,0.3687032163143158,0.0,0.16800175607204437,0.0001,1e-05,50.333,3.7236,0.6352
3278,stage2,1,0.16440072655677795,0.3356736898422241,0.0,0.16440072655677795,0.0001,1e-05,50.337,3.7267,0.6356
3279,stage2,1,0.15093432366847992,0.36899134516716003,0.0,0.15093432366847992,0.0001,1e-05,50.337,3.7964,0.6358
3280,stage2,1,0.16136181354522705,0.3570651113986969,0.0,0.16136181354522705,0.0001,1e-05,50.337,3.5415,0.6354
3281,stage2,1,0.16541551053524017,0.3390111029148102,0.0,0.16541551053524017,0.0001,1e-05,50.332,3.3385,2.4796
3282,stage2,1,0.17731505632400513,0.3539807200431824,0.0,0.17731505632400513,0.0001,1e-05,50.34,3.7808,1.7286
3283,stage2,1,0.16901415586471558,0.3484407961368561,0.0,0.16901415586471558,0.0001,1e-05,50.335,3.7965,0.6349
3284,stage2,1,0.1590486615896225,0.3623753786087036,0.0,0.1590486615896225,0.0001,1e-05,50.335,3.5284,0.6349
3285,stage2,1,0.17645038664340973,0.3684721291065216,0.0,0.17645038664340973,0.0001,1e-05,50.336,3.2919,0.6354
3286,stage2,1,0.14784353971481323,0.34957101941108704,0.0,0.14784353971481323,0.0001,1e-05,50.338,3.845,0.635
3287,stage2,1,0.14563597738742828,0.349256306886673,0.0,0.14563597738742828,0.0001,1e-05,50.339,4.2002,0.6361
3288,stage2,1,0.16567741334438324,0.33508381247520447,0.0,0.16567741334438324,0.0001,1e-05,50.339,3.178,0.6364
3289,stage2,1,0.14725051820278168,0.3413561284542084,0.0,0.14725051820278168,0.0001,1e-05,50.333,3.7598,2.4668
3290,stage2,1,0.14809003472328186,0.3325754404067993,0.0,0.14809003472328186,0.0001,1e-05,50.337,3.185,1.6667
3291,stage2,1,0.1535673290491104,0.34418031573295593,0.0,0.1535673290491104,0.0001,1e-05,50.334,3.4319,0.6352
3292,stage2,1,0.16876477003097534,0.4051426351070404,0.0,0.16876477003097534,0.0001,1e-05,50.336,3.6402,0.6353
3293,stage2,1,0.14076995849609375,0.3629319667816162,0.0,0.14076995849609375,0.0001,1e-05,50.334,3.6076,0.6363
3294,stage2,1,0.15004637837409973,0.3476572334766388,0.0,0.15004637837409973,0.0001,1e-05,50.333,3.4436,0.6358
3295,stage2,1,0.14611807465553284,0.3668333888053894,0.0,0.14611807465553284,0.0001,1e-05,50.334,4.2586,0.6367
3296,stage2,1,0.15899096429347992,0.34006720781326294,0.0,0.15899096429347992,0.0001,1e-05,50.338,3.9156,0.6372
3297,stage2,1,0.13145135343074799,0.38013020157814026,0.0,0.13145135343074799,0.0001,1e-05,50.342,3.2633,2.5286
3298,stage2,1,0.1502567082643509,0.35988250374794006,0.0,0.1502567082643509,0.0001,1e-05,50.335,4.5208,1.6501
3299,stage2,1,0.16738200187683105,0.3690106272697449,0.0,0.16738200187683105,0.0001,1e-05,50.334,3.6722,0.6354
3300,stage2,1,0.15843729674816132,0.34790775179862976,0.0,0.15843729674816132,0.0001,1e-05,50.338,3.2537,0.6357
3301,stage2,1,0.13876333832740784,0.3698469400405884,0.0,0.13876333832740784,0.0001,1e-05,50.333,3.2297,0.637
3302,stage2,1,0.14849939942359924,0.34060969948768616,0.0,0.14849939942359924,0.0001,1e-05,50.332,3.0274,0.6364
3303,stage2,1,0.1658252477645874,0.3316270411014557,0.0,0.1658252477645874,0.0001,1e-05,50.339,3.4983,0.636
3304,stage2,1,0.14850978553295135,0.3450113534927368,0.0,0.14850978553295135,0.0001,1e-05,50.335,4.3886,0.6365
3305,stage2,1,0.15458142757415771,0.3605637848377228,0.0,0.15458142757415771,0.0001,1e-05,50.335,3.3706,2.5223
3306,stage2,1,0.16785664856433868,0.34319886565208435,0.0,0.16785664856433868,0.0001,1e-05,50.334,3.8231,1.6613
3307,stage2,1,0.1740843504667282,0.35633885860443115,0.0,0.1740843504667282,0.0001,1e-05,50.336,3.5012,0.6349
3308,stage2,1,0.17090745270252228,0.3779964745044708,0.0,0.17090745270252228,0.0001,1e-05,50.337,4.1456,0.6364
3309,stage2,1,0.1553274691104889,0.391597718000412,0.0,0.1553274691104889,0.0001,1e-05,50.334,4.0704,0.6368
3310,stage2,1,0.1564943492412567,0.35020217299461365,0.0,0.1564943492412567,0.0001,1e-05,50.333,3.4381,0.6363
3311,stage2,1,0.15420769155025482,0.3366115689277649,0.0,0.15420769155025482,0.0001,1e-05,50.335,3.9098,0.6373
3312,stage2,1,0.1495545208454132,0.34960606694221497,0.0,0.1495545208454132,0.0001,1e-05,50.337,3.9155,0.6372
3313,stage2,1,0.14806948602199554,0.33598726987838745,0.0,0.14806948602199554,0.0001,1e-05,50.333,3.7704,2.5046
3314,stage2,1,0.16702574491500854,0.3319312036037445,0.0,0.16702574491500854,0.0001,1e-05,50.331,3.8891,1.6739
3315,stage2,1,0.15440680086612701,0.36081770062446594,0.0,0.15440680086612701,0.0001,1e-05,50.333,3.6438,0.635
3316,stage2,1,0.1650131493806839,0.3300299048423767,0.0,0.1650131493806839,0.0001,1e-05,50.333,3.6531,0.6356
3317,stage2,1,0.1420486867427826,0.373141884803772,0.0,0.1420486867427826,0.0001,1e-05,50.336,3.2808,0.6362
3318,stage2,1,0.17850951850414276,0.350208044052124,0.0,0.17850951850414276,0.0001,1e-05,50.336,4.1961,0.6362
3319,stage2,1,0.17909565567970276,0.38791921734809875,0.0,0.17909565567970276,0.0001,1e-05,50.335,4.4829,0.636
3320,stage2,1,0.16285504400730133,0.36086535453796387,0.0,0.16285504400730133,0.0001,1e-05,50.33,4.1091,0.6368
3321,stage2,1,0.1457878202199936,0.410346120595932,0.0,0.1457878202199936,0.0001,1e-05,50.334,3.6696,2.5165
3322,stage2,1,0.18217429518699646,0.35908907651901245,0.0,0.18217429518699646,0.0001,1e-05,50.332,4.3736,1.6463
3323,stage2,1,0.1962767094373703,0.4070393145084381,0.0,0.1962767094373703,0.0001,1e-05,50.334,3.9779,0.6365
3324,stage2,1,0.17572347819805145,0.38808849453926086,0.0,0.17572347819805145,0.0001,1e-05,50.327,3.7334,0.6379
3325,stage2,1,0.14817537367343903,0.3569498658180237,0.0,0.14817537367343903,0.0001,1e-05,50.335,3.4028,0.6366
3326,stage2,1,0.1461847424507141,0.3991166651248932,0.0,0.1461847424507141,0.0001,1e-05,50.336,4.1243,0.6356
3327,stage2,1,0.15149785578250885,0.3583677411079407,0.0,0.15149785578250885,0.0001,1e-05,50.338,3.2867,0.6353
3328,stage2,1,0.16848964989185333,0.36743488907814026,0.0,0.16848964989185333,0.0001,1e-05,50.332,3.1914,0.6367
3329,stage2,1,0.17085596919059753,0.3395645022392273,0.0,0.17085596919059753,0.0001,1e-05,50.334,4.2352,2.5088
3330,stage2,1,0.1599835455417633,0.34942108392715454,0.0,0.1599835455417633,0.0001,1e-05,50.336,4.0532,1.7655
3331,stage2,1,0.17938509583473206,0.36582180857658386,0.0,0.17938509583473206,0.0001,1e-05,50.336,4.0756,0.635
3332,stage2,1,0.15144646167755127,0.34277233481407166,0.0,0.15144646167755127,0.0001,1e-05,50.334,3.836,0.6347
3333,stage2,1,0.1406431943178177,0.3505955636501312,0.0,0.1406431943178177,0.0001,1e-05,50.335,3.3316,0.6356
3334,stage2,1,0.1656891107559204,0.3569439947605133,0.0,0.1656891107559204,0.0001,1e-05,50.335,3.4744,0.6358
3335,stage2,1,0.184507817029953,0.3799298405647278,0.0,0.184507817029953,0.0001,1e-05,50.334,3.8992,0.6364
3336,stage2,1,0.16371117532253265,0.33042189478874207,0.0,0.16371117532253265,0.0001,1e-05,50.335,3.5474,0.6364
3337,stage2,1,0.15832896530628204,0.36060065031051636,0.0,0.15832896530628204,0.0001,1e-05,50.332,3.5709,2.5135
3338,stage2,1,0.1736115962266922,0.36028099060058594,0.0,0.1736115962266922,0.0001,1e-05,50.331,3.7517,1.6566
3339,stage2,1,0.14755646884441376,0.3373684287071228,0.0,0.14755646884441376,0.0001,1e-05,50.331,3.7964,0.6356
3340,stage2,1,0.1410098373889923,0.34159502387046814,0.0,0.1410098373889923,0.0001,1e-05,50.337,2.6892,0.6355
3341,stage2,1,0.1753404438495636,0.37410855293273926,0.0,0.1753404438495636,0.0001,1e-05,50.335,3.726,0.6356
3342,stage2,1,0.14607179164886475,0.3702523708343506,0.0,0.14607179164886475,0.0001,1e-05,50.336,3.9347,0.6358
3343,stage2,1,0.15555360913276672,0.3756059408187866,0.0,0.15555360913276672,0.0001,1e-05,50.332,3.7599,0.6364
3344,stage2,1,0.17067775130271912,0.3918611705303192,0.0,0.17067775130271912,0.0001,1e-05,50.335,4.369,0.6367
3345,stage2,1,0.1588524729013443,0.3744504153728485,0.0,0.1588524729013443,0.0001,1e-05,50.334,3.5227,2.5449
3346,stage2,1,0.1670602262020111,0.3948782980442047,0.0,0.1670602262020111,0.0001,1e-05,50.336,4.2915,1.805
3347,stage2,1,0.14209222793579102,0.3355480134487152,0.0,0.14209222793579102,0.0001,1e-05,50.338,3.4599,0.6352
3348,stage2,1,0.14262814819812775,0.39475247263908386,0.0,0.14262814819812775,0.0001,1e-05,50.331,3.5161,0.6356
3349,stage2,1,0.13108885288238525,0.36264899373054504,0.0,0.13108885288238525,0.0001,1e-05,50.336,2.9978,0.6356
3350,stage2,1,0.12748904526233673,0.34763792157173157,0.0,0.12748904526233673,0.0001,1e-05,50.333,3.4519,0.6354
3351,stage2,1,0.1658869832754135,0.3567104637622833,0.0,0.1658869832754135,0.0001,1e-05,50.331,3.6679,0.6361
3352,stage2,1,0.14471834897994995,0.3645740747451782,0.0,0.14471834897994995,0.0001,1e-05,50.33,3.757,0.6367
3353,stage2,1,0.17646941542625427,0.3377498984336853,0.0,0.17646941542625427,0.0001,1e-05,50.334,4.2521,2.3579
3354,stage2,1,0.15657538175582886,0.334867388010025,0.0,0.15657538175582886,0.0001,1e-05,50.334,3.865,1.8837
3355,stage2,1,0.16926954686641693,0.35033226013183594,0.0,0.16926954686641693,0.0001,1e-05,50.332,3.9993,0.6346
3356,stage2,1,0.15223486721515656,0.3514702022075653,0.0,0.15223486721515656,0.0001,1e-05,50.335,3.495,0.6359
3357,stage2,1,0.1376277506351471,0.3602316379547119,0.0,0.1376277506351471,0.0001,1e-05,50.333,3.3018,0.6363
3358,stage2,1,0.14545272290706635,0.3389212489128113,0.0,0.14545272290706635,0.0001,1e-05,50.332,3.4251,0.6358
3359,stage2,1,0.16362372040748596,0.35493361949920654,0.0,0.16362372040748596,0.0001,1e-05,50.335,4.2902,0.6367
3360,stage2,1,0.1527412086725235,0.3343271017074585,0.0,0.1527412086725235,0.0001,1e-05,50.334,3.3875,0.6358
3361,stage2,1,0.1732793003320694,0.3658737242221832,0.0,0.1732793003320694,0.0001,1e-05,50.334,4.7738,2.3374
3362,stage2,1,0.17284724116325378,0.38327106833457947,0.0,0.17284724116325378,0.0001,1e-05,50.334,4.4281,1.8795
3363,stage2,1,0.170608788728714,0.36018818616867065,0.0,0.170608788728714,0.0001,1e-05,50.335,4.2676,0.6349
3364,stage2,1,0.16609692573547363,0.3525184392929077,0.0,0.16609692573547363,0.0001,1e-05,50.338,4.0744,0.6358
3365,stage2,1,0.14935535192489624,0.3514050841331482,0.0,0.14935535192489624,0.0001,1e-05,50.334,3.3835,0.6362
3366,stage2,1,0.1519562005996704,0.32916221022605896,0.0,0.1519562005996704,0.0001,1e-05,50.337,3.584,0.6353
3367,stage2,1,0.15837103128433228,0.32274019718170166,0.0,0.15837103128433228,0.0001,1e-05,50.331,3.3687,0.6366
3368,stage2,1,0.14649651944637299,0.35848113894462585,0.0,0.14649651944637299,0.0001,1e-05,50.333,3.5407,0.6358
3369,stage2,1,0.13826386630535126,0.3594505786895752,0.0,0.13826386630535126,0.0001,1e-05,50.332,3.2393,2.2966
3370,stage2,1,0.15574663877487183,0.37986454367637634,0.0,0.15574663877487183,0.0001,1e-05,50.337,4.1258,1.919
3371,stage2,1,0.1335868090391159,0.34798169136047363,0.0,0.1335868090391159,0.0001,1e-05,50.337,3.2874,0.6346
3372,stage2,1,0.15045683085918427,0.3937738835811615,0.0,0.15045683085918427,0.0001,1e-05,50.332,3.595,0.6354
3373,stage2,1,0.17927299439907074,0.3577307164669037,0.0,0.17927299439907074,0.0001,1e-05,50.339,4.1024,0.6353
3374,stage2,1,0.16613931953907013,0.37478888034820557,0.0,0.16613931953907013,0.0001,1e-05,50.334,4.0537,0.6359
3375,stage2,1,0.18693721294403076,0.3694484531879425,0.0,0.18693721294403076,0.0001,1e-05,50.336,3.925,0.636
3376,stage2,1,0.17979681491851807,0.3403443396091461,0.0,0.17979681491851807,0.0001,1e-05,50.332,4.5694,0.6368
3377,stage2,1,0.1757633090019226,0.38373273611068726,0.0,0.1757633090019226,0.0001,1e-05,50.333,3.7355,2.2298
3378,stage2,1,0.1517142951488495,0.34843483567237854,0.0,0.1517142951488495,0.0001,1e-05,50.331,3.4276,1.9773
3379,stage2,1,0.16188503801822662,0.33069202303886414,0.0,0.16188503801822662,0.0001,1e-05,50.337,3.5482,0.6354
3380,stage2,1,0.16020412743091583,0.36884212493896484,0.0,0.16020412743091583,0.0001,1e-05,50.335,3.3655,0.6356
3381,stage2,1,0.1654852330684662,0.3782312572002411,0.0,0.1654852330684662,0.0001,1e-05,50.335,3.9941,0.6353
3382,stage2,1,0.16677147150039673,0.348476767539978,0.0,0.16677147150039673,0.0001,1e-05,50.339,3.9499,0.6362
3383,stage2,1,0.16385844349861145,0.3644922375679016,0.0,0.16385844349861145,0.0001,1e-05,50.331,3.6993,0.6361
3384,stage2,1,0.14222347736358643,0.34874895215034485,0.0,0.14222347736358643,0.0001,1e-05,50.335,3.3692,0.6359
3385,stage2,1,0.15131480991840363,0.36245185136795044,0.0,0.15131480991840363,0.0001,1e-05,50.334,3.5598,2.2153
3386,stage2,1,0.11890148371458054,0.3807011842727661,0.0,0.11890148371458054,0.0001,1e-05,50.336,2.8315,2.0425
3387,stage2,1,0.14929193258285522,0.3543313145637512,0.0,0.14929193258285522,0.0001,1e-05,50.333,3.4134,0.6345
3388,stage2,1,0.14760331809520721,0.3357500433921814,0.0,0.14760331809520721,0.0001,1e-05,50.332,3.1469,0.6356
3389,stage2,1,0.1695704311132431,0.35941195487976074,0.0,0.1695704311132431,0.0001,1e-05,50.334,3.6085,0.6344
3390,stage2,1,0.14325369894504547,0.3445793092250824,0.0,0.14325369894504547,0.0001,1e-05,50.337,3.0045,0.6357
3391,stage2,1,0.14547905325889587,0.3516717553138733,0.0,0.14547905325889587,0.0001,1e-05,50.333,3.2057,0.6365
3392,stage2,1,0.16516342759132385,0.331251323223114,0.0,0.16516342759132385,0.0001,1e-05,50.335,3.4247,0.6361
3393,stage2,1,0.16667896509170532,0.3368626832962036,0.0,0.16667896509170532,0.0001,1e-05,50.336,3.8279,2.0747
3394,stage2,1,0.1644955575466156,0.3885817229747772,0.0,0.1644955575466156,0.0001,1e-05,50.333,3.1157,2.1641
3395,stage2,1,0.14156319200992584,0.3610377907752991,0.0,0.14156319200992584,0.0001,1e-05,50.338,3.4539,0.6348
3396,stage2,1,0.15933333337306976,0.3642605245113373,0.0,0.15933333337306976,0.0001,1e-05,50.33,3.5136,0.6348
3397,stage2,1,0.16415950655937195,0.3528645932674408,0.0,0.16415950655937195,0.0001,1e-05,50.335,3.6182,0.6347
3398,stage2,1,0.14283710718154907,0.3697383999824524,0.0,0.14283710718154907,0.0001,1e-05,50.334,3.5751,0.635
3399,stage2,1,0.15279601514339447,0.3684879243373871,0.0,0.15279601514339447,0.0001,1e-05,50.335,3.4883,0.6348
3400,stage2,1,0.14579322934150696,0.3562925457954407,0.0,0.14579322934150696,0.0001,1e-05,50.335,3.1019,0.6353
3401,stage2,1,0.15794062614440918,0.37746942043304443,0.0,0.15794062614440918,0.0001,1e-05,50.338,3.6921,1.996
3402,stage2,1,0.14966480433940887,0.3699842691421509,0.0,0.14966480433940887,0.0001,1e-05,50.332,4.2297,2.2487
3403,stage2,1,0.16776522994041443,0.3651912808418274,0.0,0.16776522994041443,0.0001,1e-05,50.333,3.8452,0.6345
3404,stage2,1,0.1578761488199234,0.3450039029121399,0.0,0.1578761488199234,0.0001,1e-05,50.334,4.1833,0.6354
3405,stage2,1,0.1743319034576416,0.35070061683654785,0.0,0.1743319034576416,0.0001,1e-05,50.335,4.1217,0.6359
3406,stage2,1,0.15602639317512512,0.3325755000114441,0.0,0.15602639317512512,0.0001,1e-05,50.33,3.17,0.6359
3407,stage2,1,0.15703865885734558,0.3345499634742737,0.0,0.15703865885734558,0.0001,1e-05,50.333,3.6663,0.6358
3408,stage2,1,0.15863563120365143,0.3636387884616852,0.0,0.15863563120365143,0.0001,1e-05,50.335,3.8756,0.6364
3409,stage2,1,0.16511672735214233,0.34349456429481506,0.0,0.16511672735214233,0.0001,1e-05,50.337,3.5273,1.864
3410,stage2,1,0.14386509358882904,0.3516755700111389,0.0,0.14386509358882904,0.0001,1e-05,50.331,3.6856,2.3413
3411,stage2,1,0.15656810998916626,0.3406851589679718,0.0,0.15656810998916626,0.0001,1e-05,50.335,3.8269,0.6343
3412,stage2,1,0.18362919986248016,0.3546546399593353,0.0,0.18362919986248016,0.0001,1e-05,50.332,3.9973,0.6349
3413,stage2,1,0.15591517090797424,0.36441025137901306,0.0,0.15591517090797424,0.0001,1e-05,50.332,2.9793,0.6362
3414,stage2,1,0.1348976492881775,0.33544906973838806,0.0,0.1348976492881775,0.0001,1e-05,50.336,3.2915,0.6354
3415,stage2,1,0.1343558132648468,0.34195178747177124,0.0,0.1343558132648468,0.0001,1e-05,50.334,3.1071,0.6365
3416,stage2,1,0.14087972044944763,0.3437018394470215,0.0,0.14087972044944763,0.0001,1e-05,50.331,3.3569,0.6359
3417,stage2,1,0.13926364481449127,0.33575311303138733,0.0,0.13926364481449127,0.0001,1e-05,50.332,2.9278,1.7352
3418,stage2,1,0.16514326632022858,0.3575103282928467,0.0,0.16514326632022858,0.0001,1e-05,50.334,3.2312,2.4476
3419,stage2,1,0.1733655035495758,0.35993191599845886,0.0,0.1733655035495758,0.0001,1e-05,50.337,4.5868,0.6351
3420,stage2,1,0.14999552071094513,0.39945003390312195,0.0,0.14999552071094513,0.0001,1e-05,50.333,3.4532,0.636
3421,stage2,1,0.1522417664527893,0.3312664330005646,0.0,0.1522417664527893,0.0001,1e-05,50.332,4.3985,0.6351
3422,stage2,1,0.16957584023475647,0.3267988860607147,0.0,0.16957584023475647,0.0001,1e-05,50.335,3.4137,0.6351
3423,stage2,1,0.13476838171482086,0.34939301013946533,0.0,0.13476838171482086,0.0001,1e-05,50.333,2.6877,0.6356
3424,stage2,1,0.1802518516778946,0.3569841980934143,0.0,0.1802518516778946,0.0001,1e-05,50.337,4.2538,0.6364
3425,stage2,1,0.17650523781776428,0.35571736097335815,0.0,0.17650523781776428,0.0001,1e-05,50.333,3.2231,1.6866
3426,stage2,1,0.15885065495967865,0.35756269097328186,0.0,0.15885065495967865,0.0001,1e-05,50.333,3.8675,2.5571
3427,stage2,1,0.12959051132202148,0.348140686750412,0.0,0.12959051132202148,0.0001,1e-05,50.336,2.9353,0.6347
3428,stage2,1,0.16246207058429718,0.3437248766422272,0.0,0.16246207058429718,0.0001,1e-05,50.332,4.2093,0.6356
3429,stage2,1,0.14967501163482666,0.3773382306098938,0.0,0.14967501163482666,0.0001,1e-05,50.335,3.6119,0.6353
3430,stage2,1,0.15799154341220856,0.3268282115459442,0.0,0.15799154341220856,0.0001,1e-05,50.334,3.6568,0.6359
3431,stage2,1,0.16001681983470917,0.3494985103607178,0.0,0.16001681983470917,0.0001,1e-05,50.338,3.294,0.6368
3432,stage2,1,0.1425643265247345,0.33660873770713806,0.0,0.1425643265247345,0.0001,1e-05,50.333,3.4526,0.6371
3433,stage2,1,0.17320728302001953,0.3713947832584381,0.0,0.17320728302001953,0.0001,1e-05,50.336,3.7747,1.5846
3434,stage2,1,0.14909029006958008,0.3318590819835663,0.0,0.14909029006958008,0.0001,1e-05,50.335,3.0396,2.6536
3435,stage2,1,0.135267436504364,0.34332191944122314,0.0,0.135267436504364,0.0001,1e-05,50.331,2.7947,0.6347
3436,stage2,1,0.1486039161682129,0.3265368640422821,0.0,0.1486039161682129,0.0001,1e-05,50.335,2.977,0.6354
3437,stage2,1,0.12863492965698242,0.3243018686771393,0.0,0.12863492965698242,0.0001,1e-05,50.333,2.7959,0.6353
3438,stage2,1,0.15351919829845428,0.3432770073413849,0.0,0.15351919829845428,0.0001,1e-05,50.333,3.4337,0.6355
3439,stage2,1,0.14166666567325592,0.350991427898407,0.0,0.14166666567325592,0.0001,1e-05,50.333,3.5621,0.6357
3440,stage2,1,0.15675175189971924,0.34174710512161255,0.0,0.15675175189971924,0.0001,1e-05,50.334,3.1018,0.6366
3441,stage2,1,0.1712166666984558,0.3581547141075134,0.0,0.1712166666984558,0.0001,1e-05,50.337,3.8865,1.5401
3442,stage2,1,0.15681515634059906,0.33216962218284607,0.0,0.15681515634059906,0.0001,1e-05,50.332,3.3973,2.8366
3443,stage2,1,0.1548176258802414,0.3475131392478943,0.0,0.1548176258802414,0.0001,1e-05,50.337,3.9419,0.6349
3444,stage2,1,0.1455260068178177,0.35279181599617004,0.0,0.1455260068178177,0.0001,1e-05,50.333,3.8871,0.6356
3445,stage2,1,0.15789204835891724,0.32112911343574524,0.0,0.15789204835891724,0.0001,1e-05,50.332,4.2381,0.6351
3446,stage2,1,0.1742483675479889,0.34547820687294006,0.0,0.1742483675479889,0.0001,1e-05,50.336,3.9279,0.6368
3447,stage2,1,0.14954105019569397,0.33912691473960876,0.0,0.14954105019569397,0.0001,1e-05,50.331,3.3168,0.6358
3448,stage2,1,0.15058761835098267,0.32959073781967163,0.0,0.15058761835098267,0.0001,1e-05,50.332,3.7232,0.6369
3449,stage2,1,0.1517924815416336,0.4064033031463623,0.0,0.1517924815416336,0.0001,1e-05,50.337,4.2264,1.3802
3450,stage2,1,0.15363484621047974,0.3528692424297333,0.0,0.15363484621047974,0.0001,1e-05,50.335,4.1753,2.7071
3451,stage2,1,0.1579577624797821,0.34909090399742126,0.0,0.1579577624797821,0.0001,1e-05,50.332,4.7546,0.6351
3452,stage2,1,0.16758300364017487,0.3387003242969513,0.0,0.16758300364017487,0.0001,1e-05,50.333,4.0475,0.6353
3453,stage2,1,0.1489751935005188,0.3431937098503113,0.0,0.1489751935005188,0.0001,1e-05,50.331,3.5469,0.6364
3454,stage2,1,0.15862296521663666,0.3687991797924042,0.0,0.15862296521663666,0.0001,1e-05,50.334,3.59,0.6369
3455,stage2,1,0.13926810026168823,0.38884368538856506,0.0,0.13926810026168823,0.0001,1e-05,50.331,3.1212,0.6369
3456,stage2,1,0.13507308065891266,0.37498903274536133,0.0,0.13507308065891266,0.0001,1e-05,50.331,2.7349,0.6362
3457,stage2,1,0.12872372567653656,0.33253005146980286,0.0,0.12872372567653656,0.0001,1e-05,50.331,2.903,1.4616
3458,stage2,1,0.17489948868751526,0.3787916600704193,0.0,0.17489948868751526,0.0001,1e-05,50.328,3.6248,2.795
3459,stage2,1,0.1438942700624466,0.34317800402641296,0.0,0.1438942700624466,0.0001,1e-05,50.333,3.9017,0.6349
3460,stage2,1,0.16069413721561432,0.34135469794273376,0.0,0.16069413721561432,0.0001,1e-05,50.33,4.1675,0.6362
3461,stage2,1,0.15978851914405823,0.35521090030670166,0.0,0.15978851914405823,0.0001,1e-05,50.334,3.3281,0.6357
3462,stage2,1,0.123020701110363,0.3424205780029297,0.0,0.123020701110363,0.0001,1e-05,50.332,2.9183,0.6367
3463,stage2,1,0.17105206847190857,0.37896379828453064,0.0,0.17105206847190857,0.0001,1e-05,50.332,3.911,0.6366
3464,stage2,1,0.14311525225639343,0.35243645310401917,0.0,0.14311525225639343,0.0001,1e-05,50.331,3.0728,0.6366
3465,stage2,1,0.1423688381910324,0.3815874755382538,0.0,0.1423688381910324,0.0001,1e-05,50.335,4.1202,1.3663
3466,stage2,1,0.1348847895860672,0.3731938898563385,0.0,0.1348847895860672,0.0001,1e-05,50.334,3.7669,2.8145
3467,stage2,1,0.1460719257593155,0.3321166932582855,0.0,0.1460719257593155,0.0001,1e-05,50.331,2.9753,0.6353
3468,stage2,1,0.1299159675836563,0.3388368785381317,0.0,0.1299159675836563,0.0001,1e-05,50.332,3.2228,0.6359
3469,stage2,1,0.14857210218906403,0.3358476161956787,0.0,0.14857210218906403,0.0001,1e-05,50.333,3.4258,0.6361
3470,stage2,1,0.17678171396255493,0.37891581654548645,0.0,0.17678171396255493,0.0001,1e-05,50.335,4.1747,0.6363
3471,stage2,1,0.1542639136314392,0.3605808615684509,0.0,0.1542639136314392,0.0001,1e-05,50.332,3.7068,0.6372
3472,stage2,1,0.1495147943496704,0.3707456886768341,0.0,0.1495147943496704,0.0001,1e-05,50.333,3.0246,0.6364
3473,stage2,1,0.15758782625198364,0.3400852084159851,0.0,0.15758782625198364,0.0001,1e-05,50.332,3.3317,1.3351
3474,stage2,1,0.1614650934934616,0.3594721257686615,0.0,0.1614650934934616,0.0001,1e-05,50.336,3.3571,2.8676
3475,stage2,1,0.19605816900730133,0.36874592304229736,0.0,0.19605816900730133,0.0001,1e-05,50.331,4.6543,0.6349
3476,stage2,1,0.15536198019981384,0.33265408873558044,0.0,0.15536198019981384,0.0001,1e-05,50.334,4.0541,0.6348
3477,stage2,1,0.1607075184583664,0.33642345666885376,0.0,0.1607075184583664,0.0001,1e-05,50.334,3.9501,0.6363
3478,stage2,1,0.1560431271791458,0.36414527893066406,0.0,0.1560431271791458,0.0001,1e-05,50.33,4.378,0.6361
3479,stage2,1,0.14982128143310547,0.3536100685596466,0.0,0.14982128143310547,0.0001,1e-05,50.333,3.4568,0.6365
3480,stage2,1,0.17082616686820984,0.36708152294158936,0.0,0.17082616686820984,0.0001,1e-05,50.334,4.5572,0.6361
3481,stage2,1,0.15542244911193848,0.36827850341796875,0.0,0.15542244911193848,0.0001,1e-05,50.338,3.5748,1.2885
3482,stage2,1,0.14840790629386902,0.3248180150985718,0.0,0.14840790629386902,0.0001,1e-05,50.335,3.451,2.9091
3483,stage2,1,0.16343462467193604,0.3438192903995514,0.0,0.16343462467193604,0.0001,1e-05,50.332,3.3817,0.6351
3484,stage2,1,0.15996024012565613,0.3339945077896118,0.0,0.15996024012565613,0.0001,1e-05,50.332,3.8138,0.6356
3485,stage2,1,0.1489170342683792,0.347341388463974,0.0,0.1489170342683792,0.0001,1e-05,50.335,4.1651,0.637
3486,stage2,1,0.14330697059631348,0.33130398392677307,0.0,0.14330697059631348,0.0001,1e-05,50.333,3.2951,0.6365
3487,stage2,1,0.15460120141506195,0.3466299772262573,0.0,0.15460120141506195,0.0001,1e-05,50.336,4.1474,0.6369
3488,stage2,1,0.1499461680650711,0.3300210237503052,0.0,0.1499461680650711,0.0001,1e-05,50.335,3.5567,0.6361
3489,stage2,1,0.1442728191614151,0.36816325783729553,0.0,0.1442728191614151,0.0001,1e-05,50.333,3.1285,1.2168
3490,stage2,1,0.15006382763385773,0.3633418083190918,0.0,0.15006382763385773,0.0001,1e-05,50.339,3.3723,2.9734
3491,stage2,1,0.1720513552427292,0.37076225876808167,0.0,0.1720513552427292,0.0001,1e-05,50.333,3.677,0.6354
3492,stage2,1,0.13655070960521698,0.3384149968624115,0.0,0.13655070960521698,0.0001,1e-05,50.334,2.9368,0.6355
3493,stage2,1,0.1325957477092743,0.353824257850647,0.0,0.1325957477092743,0.0001,1e-05,50.336,3.1206,0.636
3494,stage2,1,0.15731394290924072,0.38047584891319275,0.0,0.15731394290924072,0.0001,1e-05,50.333,4.2605,0.6353
3495,stage2,1,0.16237370669841766,0.3464488685131073,0.0,0.16237370669841766,0.0001,1e-05,50.334,3.3109,0.6351
3496,stage2,1,0.14860552549362183,0.3553133010864258,0.0,0.14860552549362183,0.0001,1e-05,50.336,3.549,0.6357
3497,stage2,1,0.15755975246429443,0.3631584346294403,0.0,0.15755975246429443,0.0001,1e-05,50.332,3.6238,1.2029
3498,stage2,1,0.15617650747299194,0.3496226668357849,0.0,0.15617650747299194,0.0001,1e-05,50.337,3.5303,2.9372
3499,stage2,1,0.1532471626996994,0.3796885311603546,0.0,0.1532471626996994,0.0001,1e-05,50.336,3.4599,0.6355
3500,stage2,1,0.13181285560131073,0.3506441116333008,0.0,0.13181285560131073,0.0001,1e-05,50.34,3.3861,0.6366
3501,stage2,1,0.15379828214645386,0.3590856194496155,0.0,0.15379828214645386,0.0001,1e-05,50.338,4.1362,0.6362
3502,stage2,1,0.1329268366098404,0.35877174139022827,0.0,0.1329268366098404,0.0001,1e-05,50.336,3.2003,0.6357
3503,stage2,1,0.12343548983335495,0.3543115258216858,0.0,0.12343548983335495,0.0001,1e-05,50.335,3.1208,0.6361
3504,stage2,1,0.15099957585334778,0.34015369415283203,0.0,0.15099957585334778,0.0001,1e-05,50.335,3.3949,0.6365
3505,stage2,1,0.15687020123004913,0.35045763850212097,0.0,0.15687020123004913,0.0001,1e-05,50.334,3.5776,1.2174
3506,stage2,1,0.1685350388288498,0.34408503770828247,0.0,0.1685350388288498,0.0001,1e-05,50.336,3.5545,2.9553
3507,stage2,1,0.14054739475250244,0.3420771658420563,0.0,0.14054739475250244,0.0001,1e-05,50.337,2.7237,0.6348
3508,stage2,1,0.16766563057899475,0.3772068917751312,0.0,0.16766563057899475,0.0001,1e-05,50.338,4.6034,0.6347
3509,stage2,1,0.16851766407489777,0.38642171025276184,0.0,0.16851766407489777,0.0001,1e-05,50.337,4.1264,0.6359
3510,stage2,1,0.14665855467319489,0.3304540514945984,0.0,0.14665855467319489,0.0001,1e-05,50.334,3.0839,0.6359
3511,stage2,1,0.15549452602863312,0.3551308512687683,0.0,0.15549452602863312,0.0001,1e-05,50.336,4.0342,0.6366
3512,stage2,1,0.13829265534877777,0.3559171259403229,0.0,0.13829265534877777,0.0001,1e-05,50.338,3.1309,0.6359
3513,stage2,1,0.13923168182373047,0.32444658875465393,0.0,0.13923168182373047,0.0001,1e-05,50.333,2.7241,1.212
3514,stage2,1,0.1612495630979538,0.34317848086357117,0.0,0.1612495630979538,0.0001,1e-05,50.337,4.0139,2.977
3515,stage2,1,0.14071230590343475,0.36757463216781616,0.0,0.14071230590343475,0.0001,1e-05,50.334,3.0768,0.6353
3516,stage2,1,0.17465442419052124,0.35800865292549133,0.0,0.17465442419052124,0.0001,1e-05,50.341,4.3893,0.6363
3517,stage2,1,0.16137756407260895,0.3466288149356842,0.0,0.16137756407260895,0.0001,1e-05,50.335,3.8424,0.6366
3518,stage2,1,0.14686840772628784,0.36866384744644165,0.0,0.14686840772628784,0.0001,1e-05,50.339,2.8547,0.6364
3519,stage2,1,0.1397560089826584,0.365827739238739,0.0,0.1397560089826584,0.0001,1e-05,50.336,3.3833,0.637
3520,stage2,1,0.1675029695034027,0.3260762691497803,0.0,0.1675029695034027,0.0001,1e-05,50.336,3.8008,0.6365
3521,stage2,1,0.1425633281469345,0.3544059693813324,0.0,0.1425633281469345,0.0001,1e-05,50.333,3.7175,1.253
3522,stage2,1,0.1467675417661667,0.32163095474243164,0.0,0.1467675417661667,0.0001,1e-05,50.333,3.6116,3.0162
3523,stage2,1,0.14087432622909546,0.34665316343307495,0.0,0.14087432622909546,0.0001,1e-05,50.336,3.5698,0.635
3524,stage2,1,0.1653539091348648,0.34757307171821594,0.0,0.1653539091348648,0.0001,1e-05,50.336,3.9484,0.6349
3525,stage2,1,0.15994678437709808,0.37995293736457825,0.0,0.15994678437709808,0.0001,1e-05,50.335,3.5444,0.6362
3526,stage2,1,0.12810276448726654,0.3341934382915497,0.0,0.12810276448726654,0.0001,1e-05,50.335,3.245,0.6359
3527,stage2,1,0.1568550020456314,0.3434508740901947,0.0,0.1568550020456314,0.0001,1e-05,50.335,3.7492,0.6367
3528,stage2,1,0.13432982563972473,0.34553593397140503,0.0,0.13432982563972473,0.0001,1e-05,50.334,2.9681,0.6369
3529,stage2,1,0.16158215701580048,0.33123597502708435,0.0,0.16158215701580048,0.0001,1e-05,50.334,3.7887,1.1364
3530,stage2,1,0.13173028826713562,0.37211182713508606,0.0,0.13173028826713562,0.0001,1e-05,50.336,3.1729,3.1167
3531,stage2,1,0.14069361984729767,0.3342210054397583,0.0,0.14069361984729767,0.0001,1e-05,50.335,2.8746,0.6345
3532,stage2,1,0.14194169640541077,0.35601726174354553,0.0,0.14194169640541077,0.0001,1e-05,50.336,5.065,0.6359
3533,stage2,1,0.1405932903289795,0.32402855157852173,0.0,0.1405932903289795,0.0001,1e-05,50.335,3.2302,0.6362
3534,stage2,1,0.13718119263648987,0.3096356987953186,0.0,0.13718119263648987,0.0001,1e-05,50.338,3.2104,0.6368
3535,stage2,1,0.15818075835704803,0.3555077016353607,0.0,0.15818075835704803,0.0001,1e-05,50.335,3.9006,0.6375
3536,stage2,1,0.14728900790214539,0.3395500183105469,0.0,0.14728900790214539,0.0001,1e-05,50.339,3.0995,0.6365
3537,stage2,1,0.143339604139328,0.3175901770591736,0.0,0.143339604139328,0.0001,1e-05,50.336,3.7415,1.1191
3538,stage2,1,0.14848272502422333,0.33713313937187195,0.0,0.14848272502422333,0.0001,1e-05,50.335,3.5809,3.1243
3539,stage2,1,0.14976352453231812,0.33277663588523865,0.0,0.14976352453231812,0.0001,1e-05,50.337,2.9635,0.6361
3540,stage2,1,0.1672697812318802,0.3452374041080475,0.0,0.1672697812318802,0.0001,1e-05,50.338,4.1625,0.6359
3541,stage2,1,0.15221720933914185,0.37708207964897156,0.0,0.15221720933914185,0.0001,1e-05,50.338,4.9919,0.6372
3542,stage2,1,0.14935694634914398,0.34230732917785645,0.0,0.14935694634914398,0.0001,1e-05,50.337,3.348,0.6371
3543,stage2,1,0.1683669537305832,0.34497010707855225,0.0,0.1683669537305832,0.0001,1e-05,50.339,3.2823,0.6368
3544,stage2,1,0.15449737012386322,0.3243611752986908,0.0,0.15449737012386322,0.0001,1e-05,50.339,3.7524,0.6376
3545,stage2,1,0.13908937573432922,0.35605451464653015,0.0,0.13908937573432922,0.0001,1e-05,50.338,3.0225,1.0844
3546,stage2,1,0.15944074094295502,0.33969053626060486,0.0,0.15944074094295502,0.0001,1e-05,50.331,3.0649,3.1
3547,stage2,1,0.13028627634048462,0.34712401032447815,0.0,0.13028627634048462,0.0001,1e-05,50.334,2.7672,0.6351
3548,stage2,1,0.16772934794425964,0.3522155284881592,0.0,0.16772934794425964,0.0001,1e-05,50.338,3.6228,0.6354
3549,stage2,1,0.15447276830673218,0.33942267298698425,0.0,0.15447276830673218,0.0001,1e-05,50.332,3.5084,0.6353
3550,stage2,1,0.16494010388851166,0.3619016408920288,0.0,0.16494010388851166,0.0001,1e-05,50.334,3.425,0.635
3551,stage2,1,0.13517186045646667,0.33672770857810974,0.0,0.13517186045646667,0.0001,1e-05,50.334,3.234,0.6365
3552,stage2,1,0.1504700630903244,0.33972376585006714,0.0,0.1504700630903244,0.0001,1e-05,50.331,4.5356,0.6371
3553,stage2,1,0.1505614072084427,0.34564271569252014,0.0,0.1505614072084427,0.0001,1e-05,50.336,3.0466,1.0516
3554,stage2,1,0.1571827232837677,0.36364325881004333,0.0,0.1571827232837677,0.0001,1e-05,50.337,3.3764,3.1512
3555,stage2,1,0.14271900057792664,0.3719300925731659,0.0,0.14271900057792664,0.0001,1e-05,50.337,3.1525,0.636
3556,stage2,1,0.1602516621351242,0.35977619886398315,0.0,0.1602516621351242,0.0001,1e-05,50.339,3.2522,0.6362
3557,stage2,1,0.13253448903560638,0.3873915374279022,0.0,0.13253448903560638,0.0001,1e-05,50.331,3.5913,0.6374
3558,stage2,1,0.1556396782398224,0.34827494621276855,0.0,0.1556396782398224,0.0001,1e-05,50.337,3.4567,0.637
3559,stage2,1,0.16462887823581696,0.39126157760620117,0.0,0.16462887823581696,0.0001,1e-05,50.334,3.6794,0.6365
3560,stage2,1,0.14517442882061005,0.3593443036079407,0.0,0.14517442882061005,0.0001,1e-05,50.335,4.1031,0.6374
3561,stage2,1,0.14575313031673431,0.3240680396556854,0.0,0.14575313031673431,0.0001,1e-05,50.334,3.9964,0.9587
3562,stage2,1,0.14983443915843964,0.3638630509376526,0.0,0.14983443915843964,0.0001,1e-05,50.336,3.2477,3.3145
3563,stage2,1,0.12637664377689362,0.3326944410800934,0.0,0.12637664377689362,0.0001,1e-05,50.336,2.9984,0.635
3564,stage2,1,0.13608773052692413,0.38013333082199097,0.0,0.13608773052692413,0.0001,1e-05,50.335,3.4531,0.6363
3565,stage2,1,0.1650305986404419,0.3435973823070526,0.0,0.1650305986404419,0.0001,1e-05,50.335,3.9274,0.6369
3566,stage2,1,0.15282191336154938,0.34636762738227844,0.0,0.15282191336154938,0.0001,1e-05,50.336,3.3255,0.6363
3567,stage2,1,0.13801568746566772,0.34833699464797974,0.0,0.13801568746566772,0.0001,1e-05,50.335,3.5084,0.6362
3568,stage2,1,0.15523169934749603,0.37649431824684143,0.0,0.15523169934749603,0.0001,1e-05,50.338,3.4502,0.6372
3569,stage2,1,0.1243298351764679,0.3530305325984955,0.0,0.1243298351764679,0.0001,1e-05,50.341,3.3033,0.8682
3570,stage2,1,0.12665286660194397,0.333802729845047,0.0,0.12665286660194397,0.0001,1e-05,50.335,3.1529,3.3167
3571,stage2,1,0.1458456963300705,0.35895785689353943,0.0,0.1458456963300705,0.0001,1e-05,50.333,3.3931,0.636
3572,stage2,1,0.14050869643688202,0.3652157187461853,0.0,0.14050869643688202,0.0001,1e-05,50.337,2.9848,0.636
3573,stage2,1,0.15479187667369843,0.32742807269096375,0.0,0.15479187667369843,0.0001,1e-05,50.335,2.8731,0.6368
3574,stage2,1,0.13912823796272278,0.37445369362831116,0.0,0.13912823796272278,0.0001,1e-05,50.339,4.1546,0.6371
3575,stage2,1,0.13429558277130127,0.36112844944000244,0.0,0.13429558277130127,0.0001,1e-05,50.338,3.0987,0.6369
3576,stage2,1,0.1259969025850296,0.3339879810810089,0.0,0.1259969025850296,0.0001,1e-05,50.337,3.359,0.6375
3577,stage2,1,0.13973864912986755,0.34361088275909424,0.0,0.13973864912986755,0.0001,1e-05,50.337,2.7898,0.8733
3578,stage2,1,0.1353541761636734,0.36555179953575134,0.0,0.1353541761636734,0.0001,1e-05,50.338,3.2217,3.3369
3579,stage2,1,0.13432617485523224,0.3451215922832489,0.0,0.13432617485523224,0.0001,1e-05,50.34,3.395,0.6349
3580,stage2,1,0.1698327511548996,0.346741646528244,0.0,0.1698327511548996,0.0001,1e-05,50.339,3.9093,0.6364
3581,stage2,1,0.13540080189704895,0.33069947361946106,0.0,0.13540080189704895,0.0001,1e-05,50.339,3.8365,0.6361
3582,stage2,1,0.15864193439483643,0.34321677684783936,0.0,0.15864193439483643,0.0001,1e-05,50.335,3.9825,0.6373
3583,stage2,1,0.14162032306194305,0.34642869234085083,0.0,0.14162032306194305,0.0001,1e-05,50.336,3.3095,0.6377
3584,stage2,1,0.14121587574481964,0.3346844017505646,0.0,0.14121587574481964,0.0001,1e-05,50.335,3.0703,0.6364
3585,stage2,1,0.17119604349136353,0.4063838720321655,0.0,0.17119604349136353,0.0001,1e-05,50.337,4.0277,0.8647
3586,stage2,1,0.14904864132404327,0.35010826587677,0.0,0.14904864132404327,0.0001,1e-05,50.333,3.5873,3.2969
3587,stage2,1,0.1498674601316452,0.3681498169898987,0.0,0.1498674601316452,0.0001,1e-05,50.335,3.3818,0.6359
3588,stage2,1,0.13857296109199524,0.342293918132782,0.0,0.13857296109199524,0.0001,1e-05,50.334,3.5357,0.6367
3589,stage2,1,0.14391474425792694,0.32657957077026367,0.0,0.14391474425792694,0.0001,1e-05,50.339,3.2618,0.6368
3590,stage2,1,0.1428789347410202,0.3471444547176361,0.0,0.1428789347410202,0.0001,1e-05,50.334,3.2095,0.6369
3591,stage2,1,0.14725777506828308,0.3513448238372803,0.0,0.14725777506828308,0.0001,1e-05,50.337,3.4191,0.6362
3592,stage2,1,0.12705786526203156,0.36270982027053833,0.0,0.12705786526203156,0.0001,1e-05,50.337,2.8981,0.6373
3593,stage2,1,0.14663292467594147,0.35700851678848267,0.0,0.14663292467594147,0.0001,1e-05,50.338,3.7599,0.8302
3594,stage2,1,0.18010124564170837,0.3350416123867035,0.0,0.18010124564170837,0.0001,1e-05,50.332,4.0765,3.2735
3595,stage2,1,0.1416773647069931,0.3412981927394867,0.0,0.1416773647069931,0.0001,1e-05,50.336,3.6507,0.6357
3596,stage2,1,0.14711986482143402,0.3326338529586792,0.0,0.14711986482143402,0.0001,1e-05,50.337,2.8052,0.6363
3597,stage2,1,0.1488838642835617,0.3293003737926483,0.0,0.1488838642835617,0.0001,1e-05,50.334,3.7098,0.6374
3598,stage2,1,0.15307669341564178,0.34708157181739807,0.0,0.15307669341564178,0.0001,1e-05,50.333,3.9529,0.6378
3599,stage2,1,0.1532987803220749,0.34384235739707947,0.0,0.1532987803220749,0.0001,1e-05,50.338,4.0613,0.6373
3600,stage2,1,0.15348656475543976,0.34751033782958984,0.0,0.15348656475543976,0.0001,1e-05,50.336,3.6174,0.6369
3601,stage2,1,0.154316708445549,0.3379221260547638,0.0,0.154316708445549,0.0001,1e-05,50.333,3.705,0.8492
3602,stage2,1,0.15259350836277008,0.3582340478897095,0.0,0.15259350836277008,0.0001,1e-05,50.336,3.6183,3.2972
3603,stage2,1,0.13632091879844666,0.3504500389099121,0.0,0.13632091879844666,0.0001,1e-05,50.338,3.327,0.6358
3604,stage2,1,0.1383015215396881,0.3515133261680603,0.0,0.1383015215396881,0.0001,1e-05,50.331,3.0509,0.6366
3605,stage2,1,0.13663704693317413,0.3204362094402313,0.0,0.13663704693317413,0.0001,1e-05,50.336,3.3051,0.6361
3606,stage2,1,0.1427246779203415,0.34140753746032715,0.0,0.1427246779203415,0.0001,1e-05,50.338,3.2663,0.6367
3607,stage2,1,0.15765096247196198,0.3424180746078491,0.0,0.15765096247196198,0.0001,1e-05,50.333,3.4961,0.6377
3608,stage2,1,0.13094793260097504,0.326208233833313,0.0,0.13094793260097504,0.0001,1e-05,50.337,2.7381,0.6374
3609,stage2,1,0.15156395733356476,0.3788490295410156,0.0,0.15156395733356476,0.0001,1e-05,50.333,3.5048,0.9481
3610,stage2,1,0.13821330666542053,0.33861467242240906,0.0,0.13821330666542053,0.0001,1e-05,50.332,2.859,3.2082
3611,stage2,1,0.14634032547473907,0.3732167184352875,0.0,0.14634032547473907,0.0001,1e-05,50.34,3.043,0.6384
3612,stage2,1,0.17415185272693634,0.33712732791900635,0.0,0.17415185272693634,0.0001,1e-05,50.334,3.7646,0.6363
3613,stage2,1,0.13102316856384277,0.32508763670921326,0.0,0.13102316856384277,0.0001,1e-05,50.337,3.2382,0.6367
3614,stage2,1,0.15122486650943756,0.3512451648712158,0.0,0.15122486650943756,0.0001,1e-05,50.339,3.4215,0.6366
3615,stage2,1,0.1458773910999298,0.3481452167034149,0.0,0.1458773910999298,0.0001,1e-05,50.334,3.5316,0.6367
3616,stage2,1,0.1388106495141983,0.34368589520454407,0.0,0.1388106495141983,0.0001,1e-05,50.335,3.2038,0.6379
3617,stage2,1,0.14413373172283173,0.35093122720718384,0.0,0.14413373172283173,0.0001,1e-05,50.333,2.8519,1.0457
3618,stage2,1,0.12623736262321472,0.3733503222465515,0.0,0.12623736262321472,0.0001,1e-05,50.334,2.9472,3.1289
3619,stage2,1,0.13445314764976501,0.3402280807495117,0.0,0.13445314764976501,0.0001,1e-05,50.336,2.7161,0.6365
3620,stage2,1,0.1507849544286728,0.34531301259994507,0.0,0.1507849544286728,0.0001,1e-05,50.336,3.3503,0.6366
3621,stage2,1,0.15247611701488495,0.3542874753475189,0.0,0.15247611701488495,0.0001,1e-05,50.335,4.1476,0.6362
3622,stage2,1,0.14911457896232605,0.34055328369140625,0.0,0.14911457896232605,0.0001,1e-05,50.336,3.6494,0.6368
3623,stage2,1,0.15422651171684265,0.3557516932487488,0.0,0.15422651171684265,0.0001,1e-05,50.334,3.9537,0.6372
3624,stage2,1,0.12508860230445862,0.3592192828655243,0.0,0.12508860230445862,0.0001,1e-05,50.335,3.4337,0.6368
3625,stage2,1,0.14675705134868622,0.33216628432273865,0.0,0.14675705134868622,0.0001,1e-05,50.337,3.6507,1.0343
3626,stage2,1,0.13971181213855743,0.3066417872905731,0.0,0.13971181213855743,0.0001,1e-05,50.334,3.2913,3.0694
3627,stage2,1,0.13692253828048706,0.3396267592906952,0.0,0.13692253828048706,0.0001,1e-05,50.333,3.1242,0.6357
3628,stage2,1,0.13526378571987152,0.3514794409275055,0.0,0.13526378571987152,0.0001,1e-05,50.335,3.4766,0.6354
3629,stage2,1,0.1295902132987976,0.3681598901748657,0.0,0.1295902132987976,0.0001,1e-05,50.336,3.1721,0.6356
3630,stage2,1,0.14921115338802338,0.3285997211933136,0.0,0.14921115338802338,0.0001,1e-05,50.333,3.4539,0.6357
3631,stage2,1,0.1552286148071289,0.3396305739879608,0.0,0.1552286148071289,0.0001,1e-05,50.334,4.744,0.6372
3632,stage2,1,0.142137810587883,0.32549145817756653,0.0,0.142137810587883,0.0001,1e-05,50.336,2.8404,0.6368
3633,stage2,1,0.13353267312049866,0.3131868839263916,0.0,0.13353267312049866,0.0001,1e-05,50.336,3.1608,1.1066
3634,stage2,1,0.1394232213497162,0.34885305166244507,0.0,0.1394232213497162,0.0001,1e-05,50.334,3.402,3.0772
3635,stage2,1,0.15648122131824493,0.3719072937965393,0.0,0.15648122131824493,0.0001,1e-05,50.335,3.6731,0.6357
3636,stage2,1,0.14855894446372986,0.340057373046875,0.0,0.14855894446372986,0.0001,1e-05,50.336,3.4438,0.6376
3637,stage2,1,0.14549021422863007,0.34236952662467957,0.0,0.14549021422863007,0.0001,1e-05,50.337,3.3592,0.6368
3638,stage2,1,0.13258440792560577,0.36751237511634827,0.0,0.13258440792560577,0.0001,1e-05,50.335,3.7269,0.6365
3639,stage2,1,0.1503838151693344,0.3593393564224243,0.0,0.1503838151693344,0.0001,1e-05,50.334,3.6988,0.6364
3640,stage2,1,0.14766761660575867,0.3418608009815216,0.0,0.14766761660575867,0.0001,1e-05,50.337,3.0679,0.6378
3641,stage2,1,0.14034628868103027,0.3746570348739624,0.0,0.14034628868103027,0.0001,1e-05,50.336,3.5514,1.148
3642,stage2,1,0.16774378716945648,0.3413960039615631,0.0,0.16774378716945648,0.0001,1e-05,50.336,4.6802,3.0651
3643,stage2,1,0.1322319358587265,0.34075963497161865,0.0,0.1322319358587265,0.0001,1e-05,50.339,3.2003,0.6358
3644,stage2,1,0.1464359015226364,0.3271232843399048,0.0,0.1464359015226364,0.0001,1e-05,50.336,3.0263,0.6364
3645,stage2,1,0.127815380692482,0.3462134897708893,0.0,0.127815380692482,0.0001,1e-05,50.331,3.2234,0.6363
3646,stage2,1,0.12936708331108093,0.3633359372615814,0.0,0.12936708331108093,0.0001,1e-05,50.336,3.3618,0.6361
3647,stage2,1,0.1665848046541214,0.33189657330513,0.0,0.1665848046541214,0.0001,1e-05,50.336,3.5224,0.6372
3648,stage2,1,0.154290109872818,0.3597273826599121,0.0,0.154290109872818,0.0001,1e-05,50.335,3.643,0.6375
3649,stage2,1,0.15165331959724426,0.34421950578689575,0.0,0.15165331959724426,0.0001,1e-05,50.337,4.4309,1.1035
3650,stage2,1,0.1267055869102478,0.3370397090911865,0.0,0.1267055869102478,0.0001,1e-05,50.34,3.1941,3.0983
3651,stage2,1,0.12406961619853973,0.3473130464553833,0.0,0.12406961619853973,0.0001,1e-05,50.338,3.1655,0.6362
3652,stage2,1,0.1549788862466812,0.33954450488090515,0.0,0.1549788862466812,0.0001,1e-05,50.335,3.6062,0.6358
3653,stage2,1,0.1321975588798523,0.32736119627952576,0.0,0.1321975588798523,0.0001,1e-05,50.336,3.5135,0.6377
3654,stage2,1,0.14030833542346954,0.33321353793144226,0.0,0.14030833542346954,0.0001,1e-05,50.336,3.1528,0.637
3655,stage2,1,0.15612152218818665,0.342649906873703,0.0,0.15612152218818665,0.0001,1e-05,50.333,3.4433,0.637
3656,stage2,1,0.1488848328590393,0.33104369044303894,0.0,0.1488848328590393,0.0001,1e-05,50.335,3.5078,0.6374
3657,stage2,1,0.14683811366558075,0.3496254086494446,0.0,0.14683811366558075,0.0001,1e-05,50.336,3.2163,1.0708
3658,stage2,1,0.15443994104862213,0.352352112531662,0.0,0.15443994104862213,0.0001,1e-05,50.335,3.3645,3.1538
3659,stage2,1,0.15243497490882874,0.357741117477417,0.0,0.15243497490882874,0.0001,1e-05,50.332,3.8548,0.6361
3660,stage2,1,0.13621468842029572,0.34712907671928406,0.0,0.13621468842029572,0.0001,1e-05,50.337,3.1814,0.6361
3661,stage2,1,0.1247086450457573,0.36616504192352295,0.0,0.1247086450457573,0.0001,1e-05,50.335,3.4391,0.6371
3662,stage2,1,0.15683569014072418,0.3424711227416992,0.0,0.15683569014072418,0.0001,1e-05,50.334,4.301,0.6367
3663,stage2,1,0.14509549736976624,0.3407510221004486,0.0,0.14509549736976624,0.0001,1e-05,50.333,3.7656,0.6363
3664,stage2,1,0.1554953157901764,0.33618542551994324,0.0,0.1554953157901764,0.0001,1e-05,50.335,3.7766,0.6361
3665,stage2,1,0.15304367244243622,0.35328438878059387,0.0,0.15304367244243622,0.0001,1e-05,50.335,3.7301,1.0308
3666,stage2,1,0.15590223670005798,0.3450247049331665,0.0,0.15590223670005798,0.0001,1e-05,50.334,4.2601,3.1859
3667,stage2,1,0.15807001292705536,0.35138657689094543,0.0,0.15807001292705536,0.0001,1e-05,50.334,4.8135,0.6359
3668,stage2,1,0.15441447496414185,0.32759445905685425,0.0,0.15441447496414185,0.0001,1e-05,50.335,4.06,0.6363
3669,stage2,1,0.1429004818201065,0.32631775736808777,0.0,0.1429004818201065,0.0001,1e-05,50.338,2.8814,0.637
3670,stage2,1,0.15682552754878998,0.35008031129837036,0.0,0.15682552754878998,0.0001,1e-05,50.333,3.4351,0.6368
3671,stage2,1,0.14429765939712524,0.35981473326683044,0.0,0.14429765939712524,0.0001,1e-05,50.334,3.5208,0.6371
3672,stage2,1,0.15005753934383392,0.33012649416923523,0.0,0.15005753934383392,0.0001,1e-05,50.332,3.5549,0.6378
3673,stage2,1,0.14268217980861664,0.36723026633262634,0.0,0.14268217980861664,0.0001,1e-05,50.337,3.3782,0.9745
3674,stage2,1,0.13450820744037628,0.3304620087146759,0.0,0.13450820744037628,0.0001,1e-05,50.335,3.1896,3.2643
3675,stage2,1,0.12359360605478287,0.35064128041267395,0.0,0.12359360605478287,0.0001,1e-05,50.337,2.963,0.6351
3676,stage2,1,0.13076189160346985,0.34099259972572327,0.0,0.13076189160346985,0.0001,1e-05,50.332,3.1098,0.6363
3677,stage2,1,0.14177776873111725,0.32238414883613586,0.0,0.14177776873111725,0.0001,1e-05,50.338,3.16,0.6361
3678,stage2,1,0.16642598807811737,0.35127004981040955,0.0,0.16642598807811737,0.0001,1e-05,50.334,3.4898,0.6363
3679,stage2,1,0.14528371393680573,0.34829965233802795,0.0,0.14528371393680573,0.0001,1e-05,50.338,3.6476,0.6359
3680,stage2,1,0.15443727374076843,0.3546124994754791,0.0,0.15443727374076843,0.0001,1e-05,50.331,3.8312,0.6371
3681,stage2,1,0.13775482773780823,0.34392663836479187,0.0,0.13775482773780823,0.0001,1e-05,50.332,3.4372,0.9207
3682,stage2,1,0.16939687728881836,0.3445257544517517,0.0,0.16939687728881836,0.0001,1e-05,50.335,4.2526,3.2847
3683,stage2,1,0.14129780232906342,0.3523338735103607,0.0,0.14129780232906342,0.0001,1e-05,50.336,3.2172,0.636
3684,stage2,1,0.13266214728355408,0.34905120730400085,0.0,0.13266214728355408,0.0001,1e-05,50.333,3.1088,0.6362
3685,stage2,1,0.13600336015224457,0.3737342953681946,0.0,0.13600336015224457,0.0001,1e-05,50.336,3.2681,0.6375
3686,stage2,1,0.1348092257976532,0.3689337372779846,0.0,0.1348092257976532,0.0001,1e-05,50.337,3.5479,0.6363
3687,stage2,1,0.153292715549469,0.3615833818912506,0.0,0.153292715549469,0.0001,1e-05,50.336,3.6746,0.6368
3688,stage2,1,0.1592632681131363,0.3379936218261719,0.0,0.1592632681131363,0.0001,1e-05,50.336,3.8144,0.6378
3689,stage2,1,0.15654078125953674,0.38380348682403564,0.0,0.15654078125953674,0.0001,1e-05,50.335,3.6089,0.8745
3690,stage2,1,0.12753033638000488,0.33394625782966614,0.0,0.12753033638000488,0.0001,1e-05,50.338,3.2611,3.2646
3691,stage2,1,0.14547769725322723,0.3726109266281128,0.0,0.14547769725322723,0.0001,1e-05,50.335,3.4331,0.6394
3692,stage2,1,0.1384970247745514,0.3352258801460266,0.0,0.1384970247745514,0.0001,1e-05,50.338,3.1174,0.6361
3693,stage2,1,0.14593052864074707,0.3407151997089386,0.0,0.14593052864074707,0.0001,1e-05,50.336,3.4103,0.6371
3694,stage2,1,0.14494672417640686,0.3344123065471649,0.0,0.14494672417640686,0.0001,1e-05,50.336,3.2991,0.6373
3695,stage2,1,0.16747590899467468,0.3543812036514282,0.0,0.16747590899467468,0.0001,1e-05,50.339,4.0377,0.638
3696,stage2,1,0.1212625801563263,0.3332986831665039,0.0,0.1212625801563263,0.0001,1e-05,50.334,3.0291,0.6376
3697,stage2,1,0.14691480994224548,0.34084996581077576,0.0,0.14691480994224548,0.0001,1e-05,50.334,3.9133,0.9071
3698,stage2,1,0.14593194425106049,0.35735204815864563,0.0,0.14593194425106049,0.0001,1e-05,50.333,3.9034,3.2254
3699,stage2,1,0.14659813046455383,0.3279450535774231,0.0,0.14659813046455383,0.0001,1e-05,50.337,3.3132,0.6362
3700,stage2,1,0.14070367813110352,0.3498905897140503,0.0,0.14070367813110352,0.0001,1e-05,50.337,3.4677,0.6369
3701,stage2,1,0.15345299243927002,0.3399856686592102,0.0,0.15345299243927002,0.0001,1e-05,50.338,3.5425,0.6371
3702,stage2,1,0.12904317677021027,0.3543970584869385,0.0,0.12904317677021027,0.0001,1e-05,50.332,2.8028,0.6374
3703,stage2,1,0.12516334652900696,0.3331972360610962,0.0,0.12516334652900696,0.0001,1e-05,50.331,2.6093,0.6373
3704,stage2,1,0.1266687512397766,0.359870970249176,0.0,0.1266687512397766,0.0001,1e-05,50.337,3.4579,0.6374
3705,stage2,1,0.12937331199645996,0.29023945331573486,0.0,0.12937331199645996,0.0001,1e-05,50.337,2.9188,1.015
3706,stage2,1,0.13768921792507172,0.39208924770355225,0.0,0.13768921792507172,0.0001,1e-05,50.337,3.1313,3.0639
3707,stage2,1,0.13522562384605408,0.33700576424598694,0.0,0.13522562384605408,0.0001,1e-05,50.335,3.903,0.6368
3708,stage2,1,0.14486554265022278,0.3302694857120514,0.0,0.14486554265022278,0.0001,1e-05,50.337,3.1352,0.636
3709,stage2,1,0.15592172741889954,0.3595070540904999,0.0,0.15592172741889954,0.0001,1e-05,50.34,3.6433,0.6373
3710,stage2,1,0.1399552971124649,0.3639185130596161,0.0,0.1399552971124649,0.0001,1e-05,50.34,3.4429,0.6373
3711,stage2,1,0.11993185430765152,0.3185129761695862,0.0,0.11993185430765152,0.0001,1e-05,50.338,3.0608,0.6378
3712,stage2,1,0.13842549920082092,0.3447829484939575,0.0,0.13842549920082092,0.0001,1e-05,50.337,3.4975,0.6379
3713,stage2,1,0.12592831254005432,0.3177913427352905,0.0,0.12592831254005432,0.0001,1e-05,50.34,3.9697,1.3086
3714,stage2,1,0.11511509120464325,0.3482348322868347,0.0,0.11511509120464325,0.0001,1e-05,50.338,2.9126,2.7836
3715,stage2,1,0.1465662717819214,0.33984529972076416,0.0,0.1465662717819214,0.0001,1e-05,50.336,3.4851,0.6361
3716,stage2,1,0.14386530220508575,0.35497820377349854,0.0,0.14386530220508575,0.0001,1e-05,50.335,3.4292,0.6362
3717,stage2,1,0.1306311935186386,0.36048904061317444,0.0,0.1306311935186386,0.0001,1e-05,50.336,3.15,0.6371
3718,stage2,1,0.15961045026779175,0.34820500016212463,0.0,0.15961045026779175,0.0001,1e-05,50.337,4.155,0.6373
3719,stage2,1,0.15613780915737152,0.37173590064048767,0.0,0.15613780915737152,0.0001,1e-05,50.338,3.9849,0.6377
3720,stage2,1,0.16322363913059235,0.3453323245048523,0.0,0.16322363913059235,0.0001,1e-05,50.337,4.1718,0.6378
3721,stage2,1,0.1477934867143631,0.32572534680366516,0.0,0.1477934867143631,0.0001,1e-05,50.334,3.5408,1.408
3722,stage2,1,0.12904247641563416,0.3209646940231323,0.0,0.12904247641563416,0.0001,1e-05,50.332,3.0541,2.8753
3723,stage2,1,0.15972399711608887,0.35447418689727783,0.0,0.15972399711608887,0.0001,1e-05,50.334,4.0988,0.6366
3724,stage2,1,0.14994457364082336,0.35162824392318726,0.0,0.14994457364082336,0.0001,1e-05,50.338,4.018,0.6369
3725,stage2,1,0.15271417796611786,0.3466355800628662,0.0,0.15271417796611786,0.0001,1e-05,50.338,3.1338,0.6363
3726,stage2,1,0.15136617422103882,0.37735715508461,0.0,0.15136617422103882,0.0001,1e-05,50.337,3.2722,0.6378
3727,stage2,1,0.12727902829647064,0.33676770329475403,0.0,0.12727902829647064,0.0001,1e-05,50.337,3.2151,0.6377
3728,stage2,1,0.1495153158903122,0.3301270008087158,0.0,0.1495153158903122,0.0001,1e-05,50.337,3.9102,0.6378
3729,stage2,1,0.14244280755519867,0.3323379456996918,0.0,0.14244280755519867,0.0001,1e-05,50.336,3.5024,1.307
3730,stage2,1,0.1302364021539688,0.34777915477752686,0.0,0.1302364021539688,0.0001,1e-05,50.332,3.0998,2.8865
3731,stage2,1,0.13454575836658478,0.34958136081695557,0.0,0.13454575836658478,0.0001,1e-05,50.338,3.2691,0.637
3732,stage2,1,0.12687325477600098,0.34808191657066345,0.0,0.12687325477600098,0.0001,1e-05,50.339,3.6834,0.637
3733,stage2,1,0.1480223536491394,0.35068854689598083,0.0,0.1480223536491394,0.0001,1e-05,50.333,3.4642,0.6376
3734,stage2,1,0.1379774808883667,0.3269510865211487,0.0,0.1379774808883667,0.0001,1e-05,50.335,3.5135,0.6376
3735,stage2,1,0.14142681658267975,0.32518982887268066,0.0,0.14142681658267975,0.0001,1e-05,50.334,3.2728,0.6382
3736,stage2,1,0.13120590150356293,0.34492745995521545,0.0,0.13120590150356293,0.0001,1e-05,50.334,3.2408,0.6382
3737,stage2,1,0.15891921520233154,0.34819409251213074,0.0,0.15891921520233154,0.0001,1e-05,50.334,4.7895,1.2511
3738,stage2,1,0.13326604664325714,0.3271718919277191,0.0,0.13326604664325714,0.0001,1e-05,50.334,3.216,2.9575
3739,stage2,1,0.14404064416885376,0.32811978459358215,0.0,0.14404064416885376,0.0001,1e-05,50.335,3.2567,0.6357
3740,stage2,1,0.14221975207328796,0.33937162160873413,0.0,0.14221975207328796,0.0001,1e-05,50.333,3.2463,0.6374
3741,stage2,1,0.15134777128696442,0.3626651465892792,0.0,0.15134777128696442,0.0001,1e-05,50.33,3.6391,0.6375
3742,stage2,1,0.117271788418293,0.32484832406044006,0.0,0.117271788418293,0.0001,1e-05,50.334,2.685,0.637
3743,stage2,1,0.1457706242799759,0.37626025080680847,0.0,0.1457706242799759,0.0001,1e-05,50.338,3.0089,0.6372
3744,stage2,1,0.12248040735721588,0.3423990309238434,0.0,0.12248040735721588,0.0001,1e-05,50.335,3.0256,0.6373
3745,stage2,1,0.15984149277210236,0.3342773914337158,0.0,0.15984149277210236,0.0001,1e-05,50.339,3.7225,1.1455
3746,stage2,1,0.17494678497314453,0.336653470993042,0.0,0.17494678497314453,0.0001,1e-05,50.332,4.0142,3.0327
3747,stage2,1,0.1286238431930542,0.32353946566581726,0.0,0.1286238431930542,0.0001,1e-05,50.337,3.3982,0.6365
3748,stage2,1,0.14545656740665436,0.3634742796421051,0.0,0.14545656740665436,0.0001,1e-05,50.334,3.1829,0.637
3749,stage2,1,0.1345549076795578,0.3337111473083496,0.0,0.1345549076795578,0.0001,1e-05,50.333,3.9804,0.6368
3750,stage2,1,0.13895352184772491,0.3092060685157776,0.0,0.13895352184772491,0.0001,1e-05,50.336,3.8425,0.6376
3751,stage2,1,0.15236397087574005,0.3507672846317291,0.0,0.15236397087574005,0.0001,1e-05,50.335,3.4885,0.6378
3752,stage2,1,0.14153432846069336,0.32865262031555176,0.0,0.14153432846069336,0.0001,1e-05,50.334,3.4761,0.6371
3753,stage2,1,0.1421222984790802,0.33311858773231506,0.0,0.1421222984790802,0.0001,1e-05,50.337,3.4581,1.1558
3754,stage2,1,0.14273901283740997,0.3481186628341675,0.0,0.14273901283740997,0.0001,1e-05,50.337,3.4989,3.0341
3755,stage2,1,0.1286465972661972,0.3468703031539917,0.0,0.1286465972661972,0.0001,1e-05,50.332,2.933,0.6359
3756,stage2,1,0.12799081206321716,0.3621111810207367,0.0,0.12799081206321716,0.0001,1e-05,50.335,3.3272,0.6367
3757,stage2,1,0.15001970529556274,0.3454893231391907,0.0,0.15001970529556274,0.0001,1e-05,50.337,3.2547,0.6373
3758,stage2,1,0.15356983244419098,0.3692004978656769,0.0,0.15356983244419098,0.0001,1e-05,50.333,3.9093,0.6366
3759,stage2,1,0.13506147265434265,0.360183447599411,0.0,0.13506147265434265,0.0001,1e-05,50.336,2.8763,0.6371
3760,stage2,1,0.16749563813209534,0.3464900553226471,0.0,0.16749563813209534,0.0001,1e-05,50.333,4.1722,0.6374
3761,stage2,1,0.12163553386926651,0.35211366415023804,0.0,0.12163553386926651,0.0001,1e-05,50.334,3.0889,1.1761
3762,stage2,1,0.131455659866333,0.3259930908679962,0.0,0.131455659866333,0.0001,1e-05,50.335,3.0331,3.0675
3763,stage2,1,0.13889336585998535,0.3221457302570343,0.0,0.13889336585998535,0.0001,1e-05,50.337,3.0085,0.6394
3764,stage2,1,0.1350504606962204,0.34488120675086975,0.0,0.1350504606962204,0.0001,1e-05,50.335,3.5461,0.6362
3765,stage2,1,0.15160666406154633,0.3213878273963928,0.0,0.15160666406154633,0.0001,1e-05,50.334,3.4744,0.6379
3766,stage2,1,0.1354818046092987,0.3705613315105438,0.0,0.1354818046092987,0.0001,1e-05,50.341,3.1865,0.6363
3767,stage2,1,0.1333247274160385,0.34120702743530273,0.0,0.1333247274160385,0.0001,1e-05,50.338,2.8674,0.636
3768,stage2,1,0.13456366956233978,0.3773754835128784,0.0,0.13456366956233978,0.0001,1e-05,50.338,3.6299,0.6368
3769,stage2,1,0.1438787877559662,0.34766867756843567,0.0,0.1438787877559662,0.0001,1e-05,50.34,3.679,1.0736
3770,stage2,1,0.12225337326526642,0.31964513659477234,0.0,0.12225337326526642,0.0001,1e-05,50.34,3.1187,3.1151
3771,stage2,1,0.13722190260887146,0.3350718915462494,0.0,0.13722190260887146,0.0001,1e-05,50.339,2.9263,0.6362
3772,stage2,1,0.13506560027599335,0.3591512441635132,0.0,0.13506560027599335,0.0001,1e-05,50.34,2.6643,0.6362
3773,stage2,1,0.1229948028922081,0.32890045642852783,0.0,0.1229948028922081,0.0001,1e-05,50.336,2.9401,0.6364
3774,stage2,1,0.1257704794406891,0.3638717830181122,0.0,0.1257704794406891,0.0001,1e-05,50.337,2.9035,0.6366
3775,stage2,1,0.13179978728294373,0.3480285704135895,0.0,0.13179978728294373,0.0001,1e-05,50.34,3.0231,0.6372
3776,stage2,1,0.13800948858261108,0.38167789578437805,0.0,0.13800948858261108,0.0001,1e-05,50.342,3.4589,0.6379
3777,stage2,1,0.1360517144203186,0.3724213242530823,0.0,0.1360517144203186,0.0001,1e-05,50.337,3.6502,1.1152
3778,stage2,1,0.1559470146894455,0.3290024995803833,0.0,0.1559470146894455,0.0001,1e-05,50.34,3.7875,3.1022
3779,stage2,1,0.13820824027061462,0.34234875440597534,0.0,0.13820824027061462,0.0001,1e-05,50.339,3.0104,0.6367
3780,stage2,1,0.12753655016422272,0.3540261685848236,0.0,0.12753655016422272,0.0001,1e-05,50.337,3.4564,0.6361
3781,stage2,1,0.14484044909477234,0.3253590762615204,0.0,0.14484044909477234,0.0001,1e-05,50.332,3.8579,0.6372
3782,stage2,1,0.14025117456912994,0.3630918264389038,0.0,0.14025117456912994,0.0001,1e-05,50.337,4.2464,0.637
3783,stage2,1,0.13977745175361633,0.3445660173892975,0.0,0.13977745175361633,0.0001,1e-05,50.335,3.29,0.6373
3784,stage2,1,0.13162219524383545,0.35204386711120605,0.0,0.13162219524383545,0.0001,1e-05,50.334,3.4102,0.6373
3785,stage2,1,0.13096261024475098,0.3375704884529114,0.0,0.13096261024475098,0.0001,1e-05,50.335,2.8024,1.0363
3786,stage2,1,0.13488149642944336,0.3370468318462372,0.0,0.13488149642944336,0.0001,1e-05,50.334,3.0732,3.1809
3787,stage2,1,0.14749090373516083,0.37236395478248596,0.0,0.14749090373516083,0.0001,1e-05,50.34,3.2742,0.6359
3788,stage2,1,0.12559561431407928,0.33971819281578064,0.0,0.12559561431407928,0.0001,1e-05,50.333,3.0969,0.6358
3789,stage2,1,0.13336960971355438,0.33838123083114624,0.0,0.13336960971355438,0.0001,1e-05,50.334,3.8773,0.638
3790,stage2,1,0.12615936994552612,0.3468187153339386,0.0,0.12615936994552612,0.0001,1e-05,50.333,3.2174,0.6381
3791,stage2,1,0.1495436280965805,0.35661232471466064,0.0,0.1495436280965805,0.0001,1e-05,50.331,3.4501,0.6373
3792,stage2,1,0.1465495228767395,0.33502086997032166,0.0,0.1465495228767395,0.0001,1e-05,50.336,3.661,0.6376
3793,stage2,1,0.12474978715181351,0.33576858043670654,0.0,0.12474978715181351,0.0001,1e-05,50.334,2.8145,1.0155
3794,stage2,1,0.13429200649261475,0.3513762652873993,0.0,0.13429200649261475,0.0001,1e-05,50.334,3.1563,3.1757
3795,stage2,1,0.121332548558712,0.34696340560913086,0.0,0.121332548558712,0.0001,1e-05,50.335,3.3946,0.6355
3796,stage2,1,0.13559883832931519,0.3529367744922638,0.0,0.13559883832931519,0.0001,1e-05,50.335,3.1326,0.6364
3797,stage2,1,0.13907049596309662,0.3405998945236206,0.0,0.13907049596309662,0.0001,1e-05,50.335,3.0131,0.6364
3798,stage2,1,0.13907893002033234,0.3752099573612213,0.0,0.13907893002033234,0.0001,1e-05,50.337,3.2865,0.6371
3799,stage2,1,0.13622379302978516,0.3420279324054718,0.0,0.13622379302978516,0.0001,1e-05,50.333,3.2831,0.6371
3800,stage2,1,0.14985740184783936,0.3450615108013153,0.0,0.14985740184783936,0.0001,1e-05,50.332,3.6046,0.6378
3801,stage2,1,0.15168942511081696,0.3524373769760132,0.0,0.15168942511081696,0.0001,1e-05,50.335,3.3117,0.9438
3802,stage2,1,0.1371133029460907,0.34264060854911804,0.0,0.1371133029460907,0.0001,1e-05,50.335,3.8939,3.2703
3803,stage2,1,0.15478233993053436,0.3391798436641693,0.0,0.15478233993053436,0.0001,1e-05,50.331,4.0584,0.6363
3804,stage2,1,0.13489539921283722,0.32288795709609985,0.0,0.13489539921283722,0.0001,1e-05,50.339,3.5036,0.6362
3805,stage2,1,0.14056721329689026,0.3400375247001648,0.0,0.14056721329689026,0.0001,1e-05,50.333,3.6664,0.6377
3806,stage2,1,0.1555212438106537,0.33263885974884033,0.0,0.1555212438106537,0.0001,1e-05,50.336,3.793,0.6366
3807,stage2,1,0.13501004874706268,0.340405136346817,0.0,0.13501004874706268,0.0001,1e-05,50.339,3.0115,0.6375
3808,stage2,1,0.16478542983531952,0.3415830731391907,0.0,0.16478542983531952,0.0001,1e-05,50.335,5.3423,0.6371
3809,stage2,1,0.1259988248348236,0.32534894347190857,0.0,0.1259988248348236,0.0001,1e-05,50.337,3.1146,0.8935
3810,stage2,1,0.1572055071592331,0.34192678332328796,0.0,0.1572055071592331,0.0001,1e-05,50.334,3.9709,3.2962
3811,stage2,1,0.1750219166278839,0.33095574378967285,0.0,0.1750219166278839,0.0001,1e-05,50.33,4.4213,0.6364
3812,stage2,1,0.14444342255592346,0.39245012402534485,0.0,0.14444342255592346,0.0001,1e-05,50.335,3.5122,0.6374
3813,stage2,1,0.17080403864383698,0.3442375361919403,0.0,0.17080403864383698,0.0001,1e-05,50.336,4.4299,0.6367
3814,stage2,1,0.12871959805488586,0.3407573997974396,0.0,0.12871959805488586,0.0001,1e-05,50.338,3.504,0.6377
3815,stage2,1,0.1333129107952118,0.3625408113002777,0.0,0.1333129107952118,0.0001,1e-05,50.335,3.4761,0.6372
3816,stage2,1,0.1429668515920639,0.32096725702285767,0.0,0.1429668515920639,0.0001,1e-05,50.336,4.2696,0.637
3817,stage2,1,0.13171374797821045,0.33210840821266174,0.0,0.13171374797821045,0.0001,1e-05,50.335,3.1356,0.9067
3818,stage2,1,0.13493414223194122,0.32744547724723816,0.0,0.13493414223194122,0.0001,1e-05,50.334,3.1756,3.3253
3819,stage2,1,0.13328181207180023,0.3408835828304291,0.0,0.13328181207180023,0.0001,1e-05,50.334,3.4107,0.6359
3820,stage2,1,0.1409691721200943,0.34385308623313904,0.0,0.1409691721200943,0.0001,1e-05,50.331,3.678,0.6366
3821,stage2,1,0.13489966094493866,0.35089191794395447,0.0,0.13489966094493866,0.0001,1e-05,50.338,3.5419,0.6367
3822,stage2,1,0.13871756196022034,0.32236620783805847,0.0,0.13871756196022034,0.0001,1e-05,50.333,2.8151,0.6369
3823,stage2,1,0.12159202247858047,0.3587151765823364,0.0,0.12159202247858047,0.0001,1e-05,50.335,3.1806,0.6374
3824,stage2,1,0.15523596107959747,0.36150890588760376,0.0,0.15523596107959747,0.0001,1e-05,50.335,3.1875,0.6378
3825,stage2,1,0.13020752370357513,0.34858712553977966,0.0,0.13020752370357513,0.0001,1e-05,50.337,3.3122,0.9026
3826,stage2,1,0.1694287657737732,0.3452506959438324,0.0,0.1694287657737732,0.0001,1e-05,50.335,4.3453,3.3164
3827,stage2,1,0.11355122178792953,0.3649890720844269,0.0,0.11355122178792953,0.0001,1e-05,50.335,2.6411,0.6361
3828,stage2,1,0.12906134128570557,0.35336989164352417,0.0,0.12906134128570557,0.0001,1e-05,50.332,3.0456,0.6364
3829,stage2,1,0.14304380118846893,0.34244972467422485,0.0,0.14304380118846893,0.0001,1e-05,50.332,3.4694,0.6368
3830,stage2,1,0.14197729527950287,0.33673956990242004,0.0,0.14197729527950287,0.0001,1e-05,50.334,3.296,0.6366
3831,stage2,1,0.12180856615304947,0.3594256341457367,0.0,0.12180856615304947,0.0001,1e-05,50.337,2.7296,0.6367
3832,stage2,1,0.1552974432706833,0.39464902877807617,0.0,0.1552974432706833,0.0001,1e-05,50.334,4.0365,0.6382
3833,stage2,1,0.12265774607658386,0.31373918056488037,0.0,0.12265774607658386,0.0001,1e-05,50.334,3.1023,0.8232
3834,stage2,1,0.14078551530838013,0.3380201756954193,0.0,0.14078551530838013,0.0001,1e-05,50.334,3.2513,3.4359
3835,stage2,1,0.13544961810112,0.33517423272132874,0.0,0.13544961810112,0.0001,1e-05,50.333,3.0625,0.6365
3836,stage2,1,0.13642598688602448,0.3453921973705292,0.0,0.13642598688602448,0.0001,1e-05,50.341,3.0404,0.6359
3837,stage2,1,0.14823825657367706,0.35418179631233215,0.0,0.14823825657367706,0.0001,1e-05,50.336,3.0329,0.637
3838,stage2,1,0.12910737097263336,0.31926873326301575,0.0,0.12910737097263336,0.0001,1e-05,50.337,4.0575,0.637
3839,stage2,1,0.14718735218048096,0.36488020420074463,0.0,0.14718735218048096,0.0001,1e-05,50.338,3.7105,0.6373
3840,stage2,1,0.14561836421489716,0.3411833941936493,0.0,0.14561836421489716,0.0001,1e-05,50.337,3.2349,0.6376
3841,stage2,1,0.15321765840053558,0.3388218581676483,0.0,0.15321765840053558,0.0001,1e-05,50.338,3.3905,0.8279
3842,stage2,1,0.12051818519830704,0.361886203289032,0.0,0.12051818519830704,0.0001,1e-05,50.334,3.4035,3.4127
3843,stage2,1,0.1593017876148224,0.35464709997177124,0.0,0.1593017876148224,0.0001,1e-05,50.332,3.9988,0.6364
3844,stage2,1,0.14888671040534973,0.3409608006477356,0.0,0.14888671040534973,0.0001,1e-05,50.34,3.4337,0.6363
3845,stage2,1,0.1319303810596466,0.3206968903541565,0.0,0.1319303810596466,0.0001,1e-05,50.336,3.2009,0.6368
3846,stage2,1,0.14486877620220184,0.3505178689956665,0.0,0.14486877620220184,0.0001,1e-05,50.334,3.4934,0.6367
3847,stage2,1,0.14773526787757874,0.3207986354827881,0.0,0.14773526787757874,0.0001,1e-05,50.337,3.5043,0.6366
3848,stage2,1,0.15822166204452515,0.34202951192855835,0.0,0.15822166204452515,0.0001,1e-05,50.334,3.6892,0.6395
3849,stage2,1,0.12825314700603485,0.3366977274417877,0.0,0.12825314700603485,0.0001,1e-05,50.333,2.8432,0.7692
3850,stage2,1,0.1285460889339447,0.34814906120300293,0.0,0.1285460889339447,0.0001,1e-05,50.332,2.8735,3.2614
3851,stage2,1,0.1266745626926422,0.3405819833278656,0.0,0.1266745626926422,0.0001,1e-05,50.335,2.8576,0.6336
3852,stage2,1,0.13156479597091675,0.3138746917247772,0.0,0.13156479597091675,0.0001,1e-05,50.338,3.7884,0.6333
3853,stage2,1,0.13394269347190857,0.33348533511161804,0.0,0.13394269347190857,0.0001,1e-05,50.333,3.5735,0.6328
3854,stage2,1,0.1266375482082367,0.3455643653869629,0.0,0.1266375482082367,0.0001,1e-05,50.339,3.2126,0.6329
3855,stage2,1,0.138252392411232,0.35956689715385437,0.0,0.138252392411232,0.0001,1e-05,50.339,3.1851,0.6339
3856,stage2,2,0.12348827719688416,0.3597568869590759,0.0,0.12348827719688416,0.0001,1e-05,50.336,3.1749,9.239
3857,stage2,2,0.1436653435230255,0.3242129981517792,0.0,0.1436653435230255,0.0001,1e-05,50.338,4.1864,0.6323
3858,stage2,2,0.14127196371555328,0.3215932548046112,0.0,0.14127196371555328,0.0001,1e-05,50.338,3.8393,0.6331
3859,stage2,2,0.1176149919629097,0.3184845745563507,0.0,0.1176149919629097,0.0001,1e-05,50.337,3.4093,0.6334
3860,stage2,2,0.12498520314693451,0.3265538215637207,0.0,0.12498520314693451,0.0001,1e-05,50.34,3.2485,0.6342
3861,stage2,2,0.11412160098552704,0.3877512812614441,0.0,0.11412160098552704,0.0001,1e-05,50.339,2.745,0.6346
3862,stage2,2,0.13933640718460083,0.3293238878250122,0.0,0.13933640718460083,0.0001,1e-05,50.338,3.5699,0.6349
3863,stage2,2,0.11975899338722229,0.354870468378067,0.0,0.11975899338722229,0.0001,1e-05,50.336,3.8207,0.635
3864,stage2,2,0.12145280838012695,0.32692116498947144,0.0,0.12145280838012695,0.0001,1e-05,50.336,3.5108,3.4559
3865,stage2,2,0.13177432119846344,0.3529481887817383,0.0,0.13177432119846344,0.0001,1e-05,50.338,2.9574,0.6327
3866,stage2,2,0.1321885585784912,0.35665270686149597,0.0,0.1321885585784912,0.0001,1e-05,50.339,3.2107,0.6333
3867,stage2,2,0.13692517578601837,0.3108905553817749,0.0,0.13692517578601837,0.0001,1e-05,50.342,3.2794,0.6339
3868,stage2,2,0.13100385665893555,0.3583342432975769,0.0,0.13100385665893555,0.0001,1e-05,50.338,3.0297,0.6346
3869,stage2,2,0.12936809659004211,0.31282395124435425,0.0,0.12936809659004211,0.0001,1e-05,50.338,3.7302,0.6348
3870,stage2,2,0.12745480239391327,0.35296884179115295,0.0,0.12745480239391327,0.0001,1e-05,50.342,2.9566,0.6342
3871,stage2,2,0.1199975237250328,0.32200390100479126,0.0,0.1199975237250328,0.0001,1e-05,50.341,2.82,0.6353
3872,stage2,2,0.11416002362966537,0.3577665090560913,0.0,0.11416002362966537,0.0001,1e-05,50.337,2.7518,3.5694
3873,stage2,2,0.12514561414718628,0.31642401218414307,0.0,0.12514561414718628,0.0001,1e-05,50.338,3.3452,0.6329
3874,stage2,2,0.11270777881145477,0.3370504379272461,0.0,0.11270777881145477,0.0001,1e-05,50.339,2.6573,0.6329
3875,stage2,2,0.12240312993526459,0.3427063226699829,0.0,0.12240312993526459,0.0001,1e-05,50.337,2.935,0.6336
3876,stage2,2,0.12230075895786285,0.3298111855983734,0.0,0.12230075895786285,0.0001,1e-05,50.335,2.8552,0.6335
3877,stage2,2,0.13450616598129272,0.34913524985313416,0.0,0.13450616598129272,0.0001,1e-05,50.335,2.8149,0.6346
3878,stage2,2,0.12031850218772888,0.3236221671104431,0.0,0.12031850218772888,0.0001,1e-05,50.336,2.735,0.6354
3879,stage2,2,0.12555833160877228,0.32351651787757874,0.0,0.12555833160877228,0.0001,1e-05,50.338,3.0507,0.6355
3880,stage2,2,0.13895443081855774,0.3072374761104584,0.0,0.13895443081855774,0.0001,1e-05,50.336,3.1294,3.4967
3881,stage2,2,0.134742870926857,0.33714568614959717,0.0,0.134742870926857,0.0001,1e-05,50.339,3.297,0.6324
3882,stage2,2,0.11445645242929459,0.3145405352115631,0.0,0.11445645242929459,0.0001,1e-05,50.338,2.9121,0.6342
3883,stage2,2,0.1168845072388649,0.35960447788238525,0.0,0.1168845072388649,0.0001,1e-05,50.338,2.9289,0.6346
3884,stage2,2,0.10642261058092117,0.367587685585022,0.0,0.10642261058092117,0.0001,1e-05,50.339,2.833,0.6358
3885,stage2,2,0.14592435956001282,0.3564014732837677,0.0,0.14592435956001282,0.0001,1e-05,50.335,3.4165,0.6348
3886,stage2,2,0.11636195331811905,0.30908238887786865,0.0,0.11636195331811905,0.0001,1e-05,50.337,2.7173,0.6355
3887,stage2,2,0.14235138893127441,0.33447638154029846,0.0,0.14235138893127441,0.0001,1e-05,50.336,3.2984,0.6355
3888,stage2,2,0.12661044299602509,0.3125484883785248,0.0,0.12661044299602509,0.0001,1e-05,50.334,3.0645,3.4898
3889,stage2,2,0.12525378167629242,0.3394774794578552,0.0,0.12525378167629242,0.0001,1e-05,50.339,3.1434,0.6342
3890,stage2,2,0.11074309051036835,0.33129507303237915,0.0,0.11074309051036835,0.0001,1e-05,50.333,2.682,0.6333
3891,stage2,2,0.13950808346271515,0.36229944229125977,0.0,0.13950808346271515,0.0001,1e-05,50.339,4.689,0.6339
3892,stage2,2,0.11414654552936554,0.3622342348098755,0.0,0.11414654552936554,0.0001,1e-05,50.335,2.8468,0.6338
3893,stage2,2,0.13187763094902039,0.33841007947921753,0.0,0.13187763094902039,0.0001,1e-05,50.339,3.5537,0.6344
3894,stage2,2,0.1350747048854828,0.33837413787841797,0.0,0.1350747048854828,0.0001,1e-05,50.339,3.9106,0.6352
3895,stage2,2,0.13749685883522034,0.33802419900894165,0.0,0.13749685883522034,0.0001,1e-05,50.338,3.202,0.6357
3896,stage2,2,0.12347948551177979,0.3415253162384033,0.0,0.12347948551177979,0.0001,1e-05,50.333,2.8574,3.638
3897,stage2,2,0.11934914439916611,0.3235284090042114,0.0,0.11934914439916611,0.0001,1e-05,50.335,2.3793,0.634
3898,stage2,2,0.12435220927000046,0.3794167637825012,0.0,0.12435220927000046,0.0001,1e-05,50.336,3.4748,0.6343
3899,stage2,2,0.11199015378952026,0.3278406858444214,0.0,0.11199015378952026,0.0001,1e-05,50.338,2.3845,0.6346
3900,stage2,2,0.11527492851018906,0.33283481001853943,0.0,0.11527492851018906,0.0001,1e-05,50.336,3.3514,0.6353
3901,stage2,2,0.14998269081115723,0.32961833477020264,0.0,0.14998269081115723,0.0001,1e-05,50.34,3.5499,0.6353
3902,stage2,2,0.1157282367348671,0.32140618562698364,0.0,0.1157282367348671,0.0001,1e-05,50.34,3.0196,0.6361
3903,stage2,2,0.12279012054204941,0.31661468744277954,0.0,0.12279012054204941,0.0001,1e-05,50.335,3.2762,0.6358
3904,stage2,2,0.12261473387479782,0.28936314582824707,0.0,0.12261473387479782,0.0001,1e-05,50.338,2.7515,3.6199
3905,stage2,2,0.12314466387033463,0.371360182762146,0.0,0.12314466387033463,0.0001,1e-05,50.337,2.9627,0.6337
3906,stage2,2,0.1242569088935852,0.3333836793899536,0.0,0.1242569088935852,0.0001,1e-05,50.337,2.8416,0.6354
3907,stage2,2,0.1276460736989975,0.31627899408340454,0.0,0.1276460736989975,0.0001,1e-05,50.341,2.8872,0.635
3908,stage2,2,0.1359069049358368,0.34054192900657654,0.0,0.1359069049358368,0.0001,1e-05,50.335,3.2454,0.6355
3909,stage2,2,0.12805108726024628,0.3179376423358917,0.0,0.12805108726024628,0.0001,1e-05,50.335,3.1447,0.6355
3910,stage2,2,0.12912772595882416,0.3256775736808777,0.0,0.12912772595882416,0.0001,1e-05,50.336,3.1355,0.6358
3911,stage2,2,0.13265882432460785,0.36638540029525757,0.0,0.13265882432460785,0.0001,1e-05,50.339,3.1643,0.6353
3912,stage2,2,0.13544782996177673,0.3493991196155548,0.0,0.13544782996177673,0.0001,1e-05,50.339,3.5661,3.63
3913,stage2,2,0.10635088384151459,0.31516069173812866,0.0,0.10635088384151459,0.0001,1e-05,50.335,2.3531,0.6342
3914,stage2,2,0.13545526564121246,0.3124941885471344,0.0,0.13545526564121246,0.0001,1e-05,50.335,3.0186,0.6347
3915,stage2,2,0.11948557198047638,0.3193966746330261,0.0,0.11948557198047638,0.0001,1e-05,50.338,2.6475,0.6348
3916,stage2,2,0.11341055482625961,0.32580333948135376,0.0,0.11341055482625961,0.0001,1e-05,50.337,2.8357,0.6351
3917,stage2,2,0.16497650742530823,0.3478921353816986,0.0,0.16497650742530823,0.0001,1e-05,50.338,4.0244,0.6355
3918,stage2,2,0.13249072432518005,0.3142911195755005,0.0,0.13249072432518005,0.0001,1e-05,50.34,2.633,0.6358
3919,stage2,2,0.1242012232542038,0.3318461775779724,0.0,0.1242012232542038,0.0001,1e-05,50.335,3.2267,0.6362
3920,stage2,2,0.13370901346206665,0.3286248743534088,0.0,0.13370901346206665,0.0001,1e-05,50.34,3.7021,3.5628
3921,stage2,2,0.13439397513866425,0.3208393454551697,0.0,0.13439397513866425,0.0001,1e-05,50.341,2.9724,0.6333
3922,stage2,2,0.14303824305534363,0.28829750418663025,0.0,0.14303824305534363,0.0001,1e-05,50.336,3.6727,0.6345
3923,stage2,2,0.12699751555919647,0.3134252429008484,0.0,0.12699751555919647,0.0001,1e-05,50.335,3.4239,0.6353
3924,stage2,2,0.1251068115234375,0.33969759941101074,0.0,0.1251068115234375,0.0001,1e-05,50.338,3.3514,0.6358
3925,stage2,2,0.13751976191997528,0.3371911644935608,0.0,0.13751976191997528,0.0001,1e-05,50.34,3.137,0.6356
3926,stage2,2,0.13534365594387054,0.3519957959651947,0.0,0.13534365594387054,0.0001,1e-05,50.337,3.2548,0.635
3927,stage2,2,0.12598435580730438,0.30194827914237976,0.0,0.12598435580730438,0.0001,1e-05,50.336,2.8789,0.6367
3928,stage2,2,0.11924673616886139,0.3585737645626068,0.0,0.11924673616886139,0.0001,1e-05,50.337,2.7307,3.5499
3929,stage2,2,0.11199991405010223,0.32290980219841003,0.0,0.11199991405010223,0.0001,1e-05,50.338,2.8508,0.6341
3930,stage2,2,0.13057821989059448,0.3490496873855591,0.0,0.13057821989059448,0.0001,1e-05,50.339,3.0293,0.6352
3931,stage2,2,0.1408015340566635,0.3028073012828827,0.0,0.1408015340566635,0.0001,1e-05,50.335,2.8541,0.6342
3932,stage2,2,0.12242588400840759,0.3207412362098694,0.0,0.12242588400840759,0.0001,1e-05,50.336,2.9909,0.6344
3933,stage2,2,0.12498147040605545,0.33976179361343384,0.0,0.12498147040605545,0.0001,1e-05,50.337,3.0083,0.636
3934,stage2,2,0.13446620106697083,0.32325509190559387,0.0,0.13446620106697083,0.0001,1e-05,50.335,3.1588,0.6355
3935,stage2,2,0.13194455206394196,0.34453654289245605,0.0,0.13194455206394196,0.0001,1e-05,50.336,3.1119,0.636
3936,stage2,2,0.1277773082256317,0.35161393880844116,0.0,0.1277773082256317,0.0001,1e-05,50.336,3.3816,3.5235
3937,stage2,2,0.12930044531822205,0.3286445438861847,0.0,0.12930044531822205,0.0001,1e-05,50.339,2.8908,0.6335
3938,stage2,2,0.0984555259346962,0.3357854187488556,0.0,0.0984555259346962,0.0001,1e-05,50.335,2.2315,0.634
3939,stage2,2,0.12912315130233765,0.3559855818748474,0.0,0.12912315130233765,0.0001,1e-05,50.338,3.1501,0.6349
3940,stage2,2,0.11667046695947647,0.3158469498157501,0.0,0.11667046695947647,0.0001,1e-05,50.336,2.7643,0.6362
3941,stage2,2,0.12878452241420746,0.34208157658576965,0.0,0.12878452241420746,0.0001,1e-05,50.339,3.0219,0.6355
3942,stage2,2,0.11442003399133682,0.33149927854537964,0.0,0.11442003399133682,0.0001,1e-05,50.338,3.3808,0.6368
3943,stage2,2,0.12273066490888596,0.3286493420600891,0.0,0.12273066490888596,0.0001,1e-05,50.338,2.9777,0.6366
3944,stage2,2,0.11834139376878738,0.30323532223701477,0.0,0.11834139376878738,0.0001,1e-05,50.335,2.503,3.5552
3945,stage2,2,0.13253748416900635,0.3276013731956482,0.0,0.13253748416900635,0.0001,1e-05,50.335,2.8988,0.6382
3946,stage2,2,0.13304749131202698,0.318080872297287,0.0,0.13304749131202698,0.0001,1e-05,50.334,3.2233,0.635
3947,stage2,2,0.13465505838394165,0.31171298027038574,0.0,0.13465505838394165,0.0001,1e-05,50.336,2.9729,0.6361
3948,stage2,2,0.13232889771461487,0.3346954584121704,0.0,0.13232889771461487,0.0001,1e-05,50.336,2.9099,0.6358
3949,stage2,2,0.12733550369739532,0.32728102803230286,0.0,0.12733550369739532,0.0001,1e-05,50.338,3.26,0.6363
3950,stage2,2,0.12736304104328156,0.33332160115242004,0.0,0.12736304104328156,0.0001,1e-05,50.334,3.0859,0.6367
3951,stage2,2,0.13697674870491028,0.315306693315506,0.0,0.13697674870491028,0.0001,1e-05,50.338,3.0971,0.6371
3952,stage2,2,0.13276371359825134,0.3254806399345398,0.0,0.13276371359825134,0.0001,1e-05,50.335,3.5939,3.519
3953,stage2,2,0.1261696070432663,0.31380319595336914,0.0,0.1261696070432663,0.0001,1e-05,50.335,2.8812,0.636
3954,stage2,2,0.11759582161903381,0.3113356828689575,0.0,0.11759582161903381,0.0001,1e-05,50.339,2.6088,0.635
3955,stage2,2,0.11887742578983307,0.3188847601413727,0.0,0.11887742578983307,0.0001,1e-05,50.337,3.2122,0.6357
3956,stage2,2,0.1262323558330536,0.34132710099220276,0.0,0.1262323558330536,0.0001,1e-05,50.336,3.4123,0.6363
3957,stage2,2,0.12749609351158142,0.33974096179008484,0.0,0.12749609351158142,0.0001,1e-05,50.339,2.9142,0.6369
3958,stage2,2,0.11852018535137177,0.35211971402168274,0.0,0.11852018535137177,0.0001,1e-05,50.338,2.6398,0.6375
3959,stage2,2,0.11993233859539032,0.323503702878952,0.0,0.11993233859539032,0.0001,1e-05,50.33,2.8599,0.6367
3960,stage2,2,0.13567905128002167,0.33966538310050964,0.0,0.13567905128002167,0.0001,1e-05,50.337,2.9155,3.5521
3961,stage2,2,0.12837573885917664,0.31593307852745056,0.0,0.12837573885917664,0.0001,1e-05,50.338,3.0652,0.6351
3962,stage2,2,0.1076342761516571,0.3297940790653229,0.0,0.1076342761516571,0.0001,1e-05,50.333,2.9964,0.6358
3963,stage2,2,0.11801155656576157,0.3350635766983032,0.0,0.11801155656576157,0.0001,1e-05,50.337,3.2453,0.6363
3964,stage2,2,0.1330266147851944,0.3340436518192291,0.0,0.1330266147851944,0.0001,1e-05,50.335,3.0691,0.6364
3965,stage2,2,0.13037608563899994,0.34093526005744934,0.0,0.13037608563899994,0.0001,1e-05,50.341,2.9802,0.6366
3966,stage2,2,0.11008113622665405,0.3179355561733246,0.0,0.11008113622665405,0.0001,1e-05,50.335,2.434,0.6371
3967,stage2,2,0.1392267644405365,0.3380201458930969,0.0,0.1392267644405365,0.0001,1e-05,50.335,3.8183,0.6366
3968,stage2,2,0.12848876416683197,0.3312016725540161,0.0,0.12848876416683197,0.0001,1e-05,50.334,3.3394,3.4865
3969,stage2,2,0.11555254459381104,0.30341506004333496,0.0,0.11555254459381104,0.0001,1e-05,50.334,2.6333,0.6354
3970,stage2,2,0.12347416579723358,0.3277367651462555,0.0,0.12347416579723358,0.0001,1e-05,50.332,3.154,0.6354
3971,stage2,2,0.11541090905666351,0.30959072709083557,0.0,0.11541090905666351,0.0001,1e-05,50.335,2.7542,0.6357
3972,stage2,2,0.12027667462825775,0.329816609621048,0.0,0.12027667462825775,0.0001,1e-05,50.337,3.0504,0.6364
3973,stage2,2,0.1324637532234192,0.32113316655158997,0.0,0.1324637532234192,0.0001,1e-05,50.335,3.7919,0.6358
3974,stage2,2,0.13546666502952576,0.3184778392314911,0.0,0.13546666502952576,0.0001,1e-05,50.332,2.9897,0.6366
3975,stage2,2,0.117634117603302,0.31939858198165894,0.0,0.117634117603302,0.0001,1e-05,50.337,3.0552,0.6368
3976,stage2,2,0.1180708259344101,0.3027242124080658,0.0,0.1180708259344101,0.0001,1e-05,50.338,2.2513,3.5015
3977,stage2,2,0.14206776022911072,0.34248918294906616,0.0,0.14206776022911072,0.0001,1e-05,50.339,3.2836,0.6349
3978,stage2,2,0.12686514854431152,0.33248308300971985,0.0,0.12686514854431152,0.0001,1e-05,50.336,3.5499,0.6356
3979,stage2,2,0.12705422937870026,0.34607481956481934,0.0,0.12705422937870026,0.0001,1e-05,50.333,3.1652,0.6355
3980,stage2,2,0.1095058023929596,0.33858221769332886,0.0,0.1095058023929596,0.0001,1e-05,50.338,2.6586,0.6359
3981,stage2,2,0.12547726929187775,0.3318249583244324,0.0,0.12547726929187775,0.0001,1e-05,50.335,2.9382,0.6361
3982,stage2,2,0.12316400557756424,0.32173576951026917,0.0,0.12316400557756424,0.0001,1e-05,50.336,2.8574,0.6362
3983,stage2,2,0.1304297149181366,0.3500838577747345,0.0,0.1304297149181366,0.0001,1e-05,50.338,3.2692,0.6371
3984,stage2,2,0.12673090398311615,0.360234797000885,0.0,0.12673090398311615,0.0001,1e-05,50.337,3.4079,3.4736
3985,stage2,2,0.1283712089061737,0.3342556953430176,0.0,0.1283712089061737,0.0001,1e-05,50.334,3.1043,0.6347
3986,stage2,2,0.13236868381500244,0.3462280333042145,0.0,0.13236868381500244,0.0001,1e-05,50.337,3.9537,0.6353
3987,stage2,2,0.15184947848320007,0.3147754967212677,0.0,0.15184947848320007,0.0001,1e-05,50.337,4.4914,0.6353
3988,stage2,2,0.12696994841098785,0.3315795063972473,0.0,0.12696994841098785,0.0001,1e-05,50.338,3.5004,0.6355
3989,stage2,2,0.1306689977645874,0.33960267901420593,0.0,0.1306689977645874,0.0001,1e-05,50.338,3.2164,0.6357
3990,stage2,2,0.11864908784627914,0.32848209142684937,0.0,0.11864908784627914,0.0001,1e-05,50.339,3.1625,0.6365
3991,stage2,2,0.12829023599624634,0.31333497166633606,0.0,0.12829023599624634,0.0001,1e-05,50.337,2.7958,0.6376
3992,stage2,2,0.12118541449308395,0.3426094651222229,0.0,0.12118541449308395,0.0001,1e-05,50.338,3.969,3.4996
3993,stage2,2,0.1228618174791336,0.30930060148239136,0.0,0.1228618174791336,0.0001,1e-05,50.334,3.8347,0.635
3994,stage2,2,0.13329581916332245,0.3344772458076477,0.0,0.13329581916332245,0.0001,1e-05,50.336,3.0986,0.6349
3995,stage2,2,0.11689258366823196,0.3192272186279297,0.0,0.11689258366823196,0.0001,1e-05,50.337,2.8737,0.6363
3996,stage2,2,0.14001837372779846,0.3324417173862457,0.0,0.14001837372779846,0.0001,1e-05,50.34,3.6416,0.6367
3997,stage2,2,0.12710143625736237,0.3571280837059021,0.0,0.12710143625736237,0.0001,1e-05,50.333,3.4029,0.6369
3998,stage2,2,0.16014131903648376,0.3402617573738098,0.0,0.16014131903648376,0.0001,1e-05,50.334,3.8631,0.6364
3999,stage2,2,0.12243367731571198,0.30129170417785645,0.0,0.12243367731571198,0.0001,1e-05,50.341,3.0766,0.6364
4000,stage2,2,0.11896209418773651,0.325020432472229,0.0,0.11896209418773651,0.0001,1e-05,50.339,2.8508,3.5639
4001,stage2,2,0.11605055630207062,0.3281867802143097,0.0,0.11605055630207062,0.0001,1e-05,50.335,3.3659,0.6343
4002,stage2,2,0.12175968289375305,0.3195720911026001,0.0,0.12175968289375305,0.0001,1e-05,50.335,3.0327,0.635
4003,stage2,2,0.12776365876197815,0.34598255157470703,0.0,0.12776365876197815,0.0001,1e-05,50.34,3.0806,0.6352
4004,stage2,2,0.11791101098060608,0.33580172061920166,0.0,0.11791101098060608,0.0001,1e-05,50.332,3.017,0.6361
4005,stage2,2,0.1175331249833107,0.3281541168689728,0.0,0.1175331249833107,0.0001,1e-05,50.336,3.4275,0.637
4006,stage2,2,0.1277501881122589,0.3490879237651825,0.0,0.1277501881122589,0.0001,1e-05,50.335,3.3997,0.6369
4007,stage2,2,0.11962708830833435,0.31477266550064087,0.0,0.11962708830833435,0.0001,1e-05,50.335,2.9814,0.6373
4008,stage2,2,0.13441170752048492,0.32331016659736633,0.0,0.13441170752048492,0.0001,1e-05,50.335,3.5168,3.4949
4009,stage2,2,0.12817636132240295,0.34034907817840576,0.0,0.12817636132240295,0.0001,1e-05,50.334,3.5918,0.6348
4010,stage2,2,0.13001346588134766,0.318358451128006,0.0,0.13001346588134766,0.0001,1e-05,50.334,3.283,0.6347
4011,stage2,2,0.11446484923362732,0.36280202865600586,0.0,0.11446484923362732,0.0001,1e-05,50.337,3.0384,0.6353
4012,stage2,2,0.11424948275089264,0.3023042678833008,0.0,0.11424948275089264,0.0001,1e-05,50.338,3.187,0.6361
4013,stage2,2,0.14076107740402222,0.34024548530578613,0.0,0.14076107740402222,0.0001,1e-05,50.337,3.1101,0.6367
4014,stage2,2,0.12013128399848938,0.3353385329246521,0.0,0.12013128399848938,0.0001,1e-05,50.334,3.1228,0.6366
4015,stage2,2,0.14362220466136932,0.2994936406612396,0.0,0.14362220466136932,0.0001,1e-05,50.336,3.7019,0.6368
4016,stage2,2,0.1246701180934906,0.3162107765674591,0.0,0.1246701180934906,0.0001,1e-05,50.333,3.6189,3.5755
4017,stage2,2,0.12642060220241547,0.31419068574905396,0.0,0.12642060220241547,0.0001,1e-05,50.335,3.4399,0.6377
4018,stage2,2,0.13859140872955322,0.34028878808021545,0.0,0.13859140872955322,0.0001,1e-05,50.335,3.1051,0.6351
4019,stage2,2,0.12021192908287048,0.35414913296699524,0.0,0.12021192908287048,0.0001,1e-05,50.336,2.7484,0.6364
4020,stage2,2,0.137953519821167,0.3503422439098358,0.0,0.137953519821167,0.0001,1e-05,50.334,4.3185,0.6356
4021,stage2,2,0.11921026557683945,0.35920584201812744,0.0,0.11921026557683945,0.0001,1e-05,50.338,3.1582,0.6364
4022,stage2,2,0.1345188021659851,0.34699636697769165,0.0,0.1345188021659851,0.0001,1e-05,50.337,3.2817,0.6352
4023,stage2,2,0.12369329482316971,0.32933685183525085,0.0,0.12369329482316971,0.0001,1e-05,50.332,2.9884,0.6371
4024,stage2,2,0.14304213225841522,0.32394325733184814,0.0,0.14304213225841522,0.0001,1e-05,50.337,3.7954,3.5656
4025,stage2,2,0.13042230904102325,0.3327512741088867,0.0,0.13042230904102325,0.0001,1e-05,50.33,3.2243,0.6371
4026,stage2,2,0.13440904021263123,0.3654574155807495,0.0,0.13440904021263123,0.0001,1e-05,50.333,3.2722,0.6358
4027,stage2,2,0.12055855244398117,0.3419303297996521,0.0,0.12055855244398117,0.0001,1e-05,50.339,3.0663,0.636
4028,stage2,2,0.12332919239997864,0.3783739507198334,0.0,0.12332919239997864,0.0001,1e-05,50.338,3.7592,0.6362
4029,stage2,2,0.1216319277882576,0.3617066442966461,0.0,0.1216319277882576,0.0001,1e-05,50.337,2.9646,0.6362
4030,stage2,2,0.10275374352931976,0.3227948844432831,0.0,0.10275374352931976,0.0001,1e-05,50.33,2.3374,0.6361
4031,stage2,2,0.12695573270320892,0.3273445963859558,0.0,0.12695573270320892,0.0001,1e-05,50.337,3.4594,0.6368
4032,stage2,2,0.12750595808029175,0.33565524220466614,0.0,0.12750595808029175,0.0001,1e-05,50.334,3.4538,3.5499
4033,stage2,2,0.11831053346395493,0.31188201904296875,0.0,0.11831053346395493,0.0001,1e-05,50.34,3.1537,0.6356
4034,stage2,2,0.14731617271900177,0.3329671621322632,0.0,0.14731617271900177,0.0001,1e-05,50.335,3.6796,0.6352
4035,stage2,2,0.13653983175754547,0.33335885405540466,0.0,0.13653983175754547,0.0001,1e-05,50.332,3.2973,0.635
4036,stage2,2,0.12105284631252289,0.317918598651886,0.0,0.12105284631252289,0.0001,1e-05,50.335,3.0195,0.6352
4037,stage2,2,0.12708520889282227,0.3344893455505371,0.0,0.12708520889282227,0.0001,1e-05,50.338,3.8268,0.6369
4038,stage2,2,0.10991708189249039,0.33340421319007874,0.0,0.10991708189249039,0.0001,1e-05,50.336,2.6459,0.6369
4039,stage2,2,0.12255850434303284,0.31122902035713196,0.0,0.12255850434303284,0.0001,1e-05,50.336,2.9205,0.6368
4040,stage2,2,0.12064196914434433,0.32110676169395447,0.0,0.12064196914434433,0.0001,1e-05,50.339,3.1024,3.621
4041,stage2,2,0.14821374416351318,0.33175116777420044,0.0,0.14821374416351318,0.0001,1e-05,50.336,3.7181,0.6339
4042,stage2,2,0.12438822537660599,0.3097674250602722,0.0,0.12438822537660599,0.0001,1e-05,50.334,4.2615,0.6353
4043,stage2,2,0.11812461167573929,0.3378458619117737,0.0,0.11812461167573929,0.0001,1e-05,50.329,2.9078,0.6352
4044,stage2,2,0.12189656496047974,0.3294418156147003,0.0,0.12189656496047974,0.0001,1e-05,50.331,2.7666,0.6358
4045,stage2,2,0.12817876040935516,0.300264447927475,0.0,0.12817876040935516,0.0001,1e-05,50.33,3.0143,0.6366
4046,stage2,2,0.13459068536758423,0.3361456096172333,0.0,0.13459068536758423,0.0001,1e-05,50.332,3.282,0.6356
4047,stage2,2,0.1488535851240158,0.3232772946357727,0.0,0.1488535851240158,0.0001,1e-05,50.334,4.9075,0.6364
4048,stage2,2,0.13202974200248718,0.3269912600517273,0.0,0.13202974200248718,0.0001,1e-05,50.334,2.6796,3.5142
4049,stage2,2,0.11634431034326553,0.301970511674881,0.0,0.11634431034326553,0.0001,1e-05,50.33,2.6509,0.6342
4050,stage2,2,0.11967270076274872,0.33863601088523865,0.0,0.11967270076274872,0.0001,1e-05,50.336,3.3701,0.6349
4051,stage2,2,0.12460272014141083,0.3388691544532776,0.0,0.12460272014141083,0.0001,1e-05,50.332,3.1369,0.6348
4052,stage2,2,0.12733496725559235,0.36263149976730347,0.0,0.12733496725559235,0.0001,1e-05,50.333,3.9263,0.6358
4053,stage2,2,0.12460228055715561,0.3199540078639984,0.0,0.12460228055715561,0.0001,1e-05,50.331,2.9278,0.6362
4054,stage2,2,0.1278834491968155,0.31243109703063965,0.0,0.1278834491968155,0.0001,1e-05,50.331,3.3928,0.6372
4055,stage2,2,0.12680095434188843,0.31647688150405884,0.0,0.12680095434188843,0.0001,1e-05,50.335,3.6816,0.6365
4056,stage2,2,0.12270991504192352,0.31657102704048157,0.0,0.12270991504192352,0.0001,1e-05,50.333,3.2308,3.527
4057,stage2,2,0.12332775443792343,0.2983909547328949,0.0,0.12332775443792343,0.0001,1e-05,50.333,3.4685,0.6309
4058,stage2,2,0.12631233036518097,0.3085172474384308,0.0,0.12631233036518097,0.0001,1e-05,50.328,2.8479,0.6348
4059,stage2,2,0.13595229387283325,0.32004690170288086,0.0,0.13595229387283325,0.0001,1e-05,50.334,3.4612,0.6351
4060,stage2,2,0.1068018302321434,0.36386531591415405,0.0,0.1068018302321434,0.0001,1e-05,50.333,2.903,0.6359
4061,stage2,2,0.12007276713848114,0.331949919462204,0.0,0.12007276713848114,0.0001,1e-05,50.332,3.0677,0.6357
4062,stage2,2,0.11516308039426804,0.3567429184913635,0.0,0.11516308039426804,0.0001,1e-05,50.333,2.7353,0.6358
4063,stage2,2,0.10842404514551163,0.3634965419769287,0.0,0.10842404514551163,0.0001,1e-05,50.33,2.9982,0.6355
4064,stage2,2,0.13569477200508118,0.37103888392448425,0.0,0.13569477200508118,0.0001,1e-05,50.335,3.1513,3.5776
4065,stage2,2,0.137766495347023,0.3224415183067322,0.0,0.137766495347023,0.0001,1e-05,50.331,3.9244,0.6344
4066,stage2,2,0.10467211157083511,0.34932634234428406,0.0,0.10467211157083511,0.0001,1e-05,50.336,2.5881,0.6351
4067,stage2,2,0.11827598512172699,0.33530449867248535,0.0,0.11827598512172699,0.0001,1e-05,50.336,2.9082,0.6356
4068,stage2,2,0.1153876855969429,0.3098151385784149,0.0,0.1153876855969429,0.0001,1e-05,50.333,2.8348,0.6355
4069,stage2,2,0.12955737113952637,0.35595113039016724,0.0,0.12955737113952637,0.0001,1e-05,50.335,2.7757,0.6361
4070,stage2,2,0.13078764081001282,0.3517642021179199,0.0,0.13078764081001282,0.0001,1e-05,50.333,3.6119,0.6366
4071,stage2,2,0.13253101706504822,0.3428605794906616,0.0,0.13253101706504822,0.0001,1e-05,50.334,3.3749,0.6363
4072,stage2,2,0.12372465431690216,0.3331221640110016,0.0,0.12372465431690216,0.0001,1e-05,50.335,3.3036,3.482
4073,stage2,2,0.1209590807557106,0.3327672779560089,0.0,0.1209590807557106,0.0001,1e-05,50.335,3.0646,0.6344
4074,stage2,2,0.11621659994125366,0.32542043924331665,0.0,0.11621659994125366,0.0001,1e-05,50.334,3.289,0.6348
4075,stage2,2,0.12174182385206223,0.35770970582962036,0.0,0.12174182385206223,0.0001,1e-05,50.332,2.9114,0.6351
4076,stage2,2,0.12275315076112747,0.3388422429561615,0.0,0.12275315076112747,0.0001,1e-05,50.335,2.9786,0.6361
4077,stage2,2,0.11003019660711288,0.3286629319190979,0.0,0.11003019660711288,0.0001,1e-05,50.335,2.6413,0.636
4078,stage2,2,0.14231419563293457,0.3587321639060974,0.0,0.14231419563293457,0.0001,1e-05,50.332,3.4327,0.6369
4079,stage2,2,0.12389267235994339,0.3183993697166443,0.0,0.12389267235994339,0.0001,1e-05,50.336,2.974,0.6369
4080,stage2,2,0.14168748259544373,0.3493931293487549,0.0,0.14168748259544373,0.0001,1e-05,50.336,2.8637,3.5617
4081,stage2,2,0.12208589166402817,0.33764755725860596,0.0,0.12208589166402817,0.0001,1e-05,50.334,3.299,0.6345
4082,stage2,2,0.1235143169760704,0.32003673911094666,0.0,0.1235143169760704,0.0001,1e-05,50.335,3.288,0.6354
4083,stage2,2,0.13380402326583862,0.30414292216300964,0.0,0.13380402326583862,0.0001,1e-05,50.334,3.1743,0.6357
4084,stage2,2,0.12053309381008148,0.32657548785209656,0.0,0.12053309381008148,0.0001,1e-05,50.335,2.9344,0.6352
4085,stage2,2,0.13096997141838074,0.3588576018810272,0.0,0.13096997141838074,0.0001,1e-05,50.333,3.9277,0.6365
4086,stage2,2,0.11580158770084381,0.3086220920085907,0.0,0.11580158770084381,0.0001,1e-05,50.336,2.8959,0.6365
4087,stage2,2,0.14396889507770538,0.2993229627609253,0.0,0.14396889507770538,0.0001,1e-05,50.338,3.9959,0.6365
4088,stage2,2,0.11724630743265152,0.32020899653434753,0.0,0.11724630743265152,0.0001,1e-05,50.335,3.6384,3.7917
4089,stage2,2,0.10161419212818146,0.3484988510608673,0.0,0.10161419212818146,0.0001,1e-05,50.334,2.6588,0.6336
4090,stage2,2,0.15508748590946198,0.3222745656967163,0.0,0.15508748590946198,0.0001,1e-05,50.333,3.2134,0.635
4091,stage2,2,0.14610086381435394,0.3312527537345886,0.0,0.14610086381435394,0.0001,1e-05,50.336,3.1424,0.6355
4092,stage2,2,0.14955347776412964,0.32196560502052307,0.0,0.14955347776412964,0.0001,1e-05,50.336,3.8665,0.6354
4093,stage2,2,0.11890572309494019,0.2902664542198181,0.0,0.11890572309494019,0.0001,1e-05,50.332,2.9908,0.6352
4094,stage2,2,0.10957515239715576,0.3267935514450073,0.0,0.10957515239715576,0.0001,1e-05,50.333,2.5682,0.6355
4095,stage2,2,0.12640255689620972,0.3385663628578186,0.0,0.12640255689620972,0.0001,1e-05,50.331,3.1607,0.6371
4096,stage2,2,0.11951413005590439,0.33757284283638,0.0,0.11951413005590439,0.0001,1e-05,50.338,2.8305,3.6209
4097,stage2,2,0.13501356542110443,0.31562525033950806,0.0,0.13501356542110443,0.0001,1e-05,50.333,3.2512,0.6338
4098,stage2,2,0.1295086145401001,0.33545470237731934,0.0,0.1295086145401001,0.0001,1e-05,50.334,3.3099,0.6352
4099,stage2,2,0.13922375440597534,0.32399988174438477,0.0,0.13922375440597534,0.0001,1e-05,50.335,3.9084,0.6359
4100,stage2,2,0.11495693773031235,0.3507021367549896,0.0,0.11495693773031235,0.0001,1e-05,50.337,2.9766,0.6356
4101,stage2,2,0.13301926851272583,0.3263753354549408,0.0,0.13301926851272583,0.0001,1e-05,50.335,3.0495,0.6355
4102,stage2,2,0.12709219753742218,0.3363945186138153,0.0,0.12709219753742218,0.0001,1e-05,50.334,3.4712,0.6357
4103,stage2,2,0.12512139976024628,0.3616444170475006,0.0,0.12512139976024628,0.0001,1e-05,50.335,3.4376,0.6362
4104,stage2,2,0.11341271549463272,0.35805076360702515,0.0,0.11341271549463272,0.0001,1e-05,50.335,3.1042,3.5187
4105,stage2,2,0.14693933725357056,0.36354032158851624,0.0,0.14693933725357056,0.0001,1e-05,50.335,4.8187,0.634
4106,stage2,2,0.10693502426147461,0.33289816975593567,0.0,0.10693502426147461,0.0001,1e-05,50.334,2.9542,0.6343
4107,stage2,2,0.14876964688301086,0.3533116579055786,0.0,0.14876964688301086,0.0001,1e-05,50.332,4.4912,0.6348
4108,stage2,2,0.13408106565475464,0.35024353861808777,0.0,0.13408106565475464,0.0001,1e-05,50.334,4.5969,0.635
4109,stage2,2,0.13283659517765045,0.3315577208995819,0.0,0.13283659517765045,0.0001,1e-05,50.334,4.0392,0.6356
4110,stage2,2,0.12502694129943848,0.3322281837463379,0.0,0.12502694129943848,0.0001,1e-05,50.338,3.486,0.635
4111,stage2,2,0.10984297096729279,0.33950015902519226,0.0,0.10984297096729279,0.0001,1e-05,50.332,2.7736,0.6362
4112,stage2,2,0.11383935809135437,0.329120397567749,0.0,0.11383935809135437,0.0001,1e-05,50.337,2.9282,3.5102
4113,stage2,2,0.11061276495456696,0.32543039321899414,0.0,0.11061276495456696,0.0001,1e-05,50.337,2.6461,0.6347
4114,stage2,2,0.12406493723392487,0.3134136199951172,0.0,0.12406493723392487,0.0001,1e-05,50.337,3.3594,0.6342
4115,stage2,2,0.11806410551071167,0.3184404969215393,0.0,0.11806410551071167,0.0001,1e-05,50.335,3.5802,0.6345
4116,stage2,2,0.1287311613559723,0.3198779225349426,0.0,0.1287311613559723,0.0001,1e-05,50.334,2.8362,0.6344
4117,stage2,2,0.10738243907690048,0.3344343900680542,0.0,0.10738243907690048,0.0001,1e-05,50.338,2.7741,0.6351
4118,stage2,2,0.135838121175766,0.3023392856121063,0.0,0.135838121175766,0.0001,1e-05,50.332,3.3883,0.6355
4119,stage2,2,0.1307879090309143,0.32800769805908203,0.0,0.1307879090309143,0.0001,1e-05,50.333,3.5903,0.6367
4120,stage2,2,0.1244959905743599,0.327390193939209,0.0,0.1244959905743599,0.0001,1e-05,50.335,3.2463,3.5392
4121,stage2,2,0.12806984782218933,0.2900592088699341,0.0,0.12806984782218933,0.0001,1e-05,50.337,2.9814,0.6335
4122,stage2,2,0.130462184548378,0.3059898316860199,0.0,0.130462184548378,0.0001,1e-05,50.335,2.9228,0.6345
4123,stage2,2,0.12655223906040192,0.32255446910858154,0.0,0.12655223906040192,0.0001,1e-05,50.334,3.0355,0.6349
4124,stage2,2,0.12319062650203705,0.343967467546463,0.0,0.12319062650203705,0.0001,1e-05,50.332,2.9239,0.6348
4125,stage2,2,0.11613845825195312,0.3343803584575653,0.0,0.11613845825195312,0.0001,1e-05,50.334,3.0423,0.6348
4126,stage2,2,0.11390071362257004,0.32867011427879333,0.0,0.11390071362257004,0.0001,1e-05,50.332,2.9817,0.6363
4127,stage2,2,0.12840920686721802,0.34103694558143616,0.0,0.12840920686721802,0.0001,1e-05,50.332,3.2996,0.6373
4128,stage2,2,0.1363079845905304,0.34595316648483276,0.0,0.1363079845905304,0.0001,1e-05,50.339,3.3646,3.5465
4129,stage2,2,0.12832026183605194,0.31472069025039673,0.0,0.12832026183605194,0.0001,1e-05,50.335,3.2162,0.6342
4130,stage2,2,0.13813996315002441,0.3433053195476532,0.0,0.13813996315002441,0.0001,1e-05,50.338,3.8371,0.6345
4131,stage2,2,0.1113286018371582,0.29649946093559265,0.0,0.1113286018371582,0.0001,1e-05,50.331,2.7964,0.635
4132,stage2,2,0.12023601680994034,0.3346545398235321,0.0,0.12023601680994034,0.0001,1e-05,50.333,2.4374,0.6351
4133,stage2,2,0.12267892062664032,0.3146880567073822,0.0,0.12267892062664032,0.0001,1e-05,50.334,3.1321,0.6352
4134,stage2,2,0.13334880769252777,0.30830925703048706,0.0,0.13334880769252777,0.0001,1e-05,50.335,2.7953,0.6361
4135,stage2,2,0.1243910863995552,0.28926560282707214,0.0,0.1243910863995552,0.0001,1e-05,50.333,3.1,0.6367
4136,stage2,2,0.11725714802742004,0.3159186542034149,0.0,0.11725714802742004,0.0001,1e-05,50.334,3.1817,3.5324
4137,stage2,2,0.11681338399648666,0.3031059205532074,0.0,0.11681338399648666,0.0001,1e-05,50.331,3.3805,0.634
4138,stage2,2,0.1200142353773117,0.3427433371543884,0.0,0.1200142353773117,0.0001,1e-05,50.335,3.1511,0.6347
4139,stage2,2,0.11532511562108994,0.2888936698436737,0.0,0.11532511562108994,0.0001,1e-05,50.334,2.5312,0.6351
4140,stage2,2,0.11871015280485153,0.33445706963539124,0.0,0.11871015280485153,0.0001,1e-05,50.334,2.7824,0.6348
4141,stage2,2,0.1180373951792717,0.3075082004070282,0.0,0.1180373951792717,0.0001,1e-05,50.333,3.0857,0.6358
4142,stage2,2,0.12783771753311157,0.3191918432712555,0.0,0.12783771753311157,0.0001,1e-05,50.339,3.5149,0.6359
4143,stage2,2,0.1327010989189148,0.309012234210968,0.0,0.1327010989189148,0.0001,1e-05,50.334,3.4644,0.6359
4144,stage2,2,0.12168445438146591,0.3375105857849121,0.0,0.12168445438146591,0.0001,1e-05,50.334,3.1757,3.5682
4145,stage2,2,0.1188763976097107,0.3203035593032837,0.0,0.1188763976097107,0.0001,1e-05,50.335,2.6663,0.6341
4146,stage2,2,0.11473020911216736,0.34406235814094543,0.0,0.11473020911216736,0.0001,1e-05,50.334,3.1321,0.6351
4147,stage2,2,0.11519714444875717,0.35009244084358215,0.0,0.11519714444875717,0.0001,1e-05,50.333,3.2805,0.6349
4148,stage2,2,0.13252945244312286,0.3336201310157776,0.0,0.13252945244312286,0.0001,1e-05,50.333,3.2953,0.6358
4149,stage2,2,0.11620035022497177,0.2990920841693878,0.0,0.11620035022497177,0.0001,1e-05,50.341,2.9187,0.6362
4150,stage2,2,0.1481875330209732,0.3363015651702881,0.0,0.1481875330209732,0.0001,1e-05,50.329,3.5127,0.6361
4151,stage2,2,0.10448377579450607,0.30481573939323425,0.0,0.10448377579450607,0.0001,1e-05,50.33,3.2794,0.6361
4152,stage2,2,0.13443225622177124,0.3620504140853882,0.0,0.13443225622177124,0.0001,1e-05,50.341,3.9769,3.5238
4153,stage2,2,0.11220009624958038,0.3511529862880707,0.0,0.11220009624958038,0.0001,1e-05,50.333,2.7556,0.6342
4154,stage2,2,0.13324691355228424,0.31000128388404846,0.0,0.13324691355228424,0.0001,1e-05,50.335,3.1809,0.6343
4155,stage2,2,0.12306807935237885,0.3256138265132904,0.0,0.12306807935237885,0.0001,1e-05,50.331,3.0985,0.6354
4156,stage2,2,0.10623228549957275,0.3192250430583954,0.0,0.10623228549957275,0.0001,1e-05,50.333,2.8782,0.6359
4157,stage2,2,0.12119170278310776,0.3451628088951111,0.0,0.12119170278310776,0.0001,1e-05,50.333,3.5624,0.6366
4158,stage2,2,0.10601164400577545,0.3269260823726654,0.0,0.10601164400577545,0.0001,1e-05,50.338,3.0888,0.6364
4159,stage2,2,0.11154583096504211,0.35850390791893005,0.0,0.11154583096504211,0.0001,1e-05,50.337,3.1949,0.6356
4160,stage2,2,0.11522939801216125,0.32594993710517883,0.0,0.11522939801216125,0.0001,1e-05,50.333,2.7919,3.5081
4161,stage2,2,0.1379714459180832,0.3349838852882385,0.0,0.1379714459180832,0.0001,1e-05,50.333,3.5256,0.6335
4162,stage2,2,0.1252584308385849,0.31692132353782654,0.0,0.1252584308385849,0.0001,1e-05,50.336,3.0425,0.6342
4163,stage2,2,0.11460717022418976,0.3328604996204376,0.0,0.11460717022418976,0.0001,1e-05,50.331,3.1948,0.6352
4164,stage2,2,0.11190669983625412,0.3701758086681366,0.0,0.11190669983625412,0.0001,1e-05,50.339,2.9618,0.6357
4165,stage2,2,0.11696679890155792,0.34305012226104736,0.0,0.11696679890155792,0.0001,1e-05,50.332,2.8141,0.636
4166,stage2,2,0.10672924667596817,0.3146537244319916,0.0,0.10672924667596817,0.0001,1e-05,50.337,2.9378,0.636
4167,stage2,2,0.12295784801244736,0.3220946788787842,0.0,0.12295784801244736,0.0001,1e-05,50.336,2.9933,0.6369
4168,stage2,2,0.12081723660230637,0.30782103538513184,0.0,0.12081723660230637,0.0001,1e-05,50.333,3.0758,3.5153
4169,stage2,2,0.11692912876605988,0.31900936365127563,0.0,0.11692912876605988,0.0001,1e-05,50.331,3.3287,0.6337
4170,stage2,2,0.1051660031080246,0.31302985548973083,0.0,0.1051660031080246,0.0001,1e-05,50.332,3.1152,0.6402
4171,stage2,2,0.12202268838882446,0.3362766206264496,0.0,0.12202268838882446,0.0001,1e-05,50.337,3.8274,0.6302
4172,stage2,2,0.1293254792690277,0.32210099697113037,0.0,0.1293254792690277,0.0001,1e-05,50.334,3.7349,0.6353
4173,stage2,2,0.13180701434612274,0.32312992215156555,0.0,0.13180701434612274,0.0001,1e-05,50.335,3.5683,0.6363
4174,stage2,2,0.11774741113185883,0.2987903952598572,0.0,0.11774741113185883,0.0001,1e-05,50.333,2.7751,0.636
4175,stage2,2,0.11201673746109009,0.3092159032821655,0.0,0.11201673746109009,0.0001,1e-05,50.338,3.0586,0.6366
4176,stage2,2,0.12472153455018997,0.3380090892314911,0.0,0.12472153455018997,0.0001,1e-05,50.333,3.6118,3.4823
4177,stage2,2,0.1231209859251976,0.3379097580909729,0.0,0.1231209859251976,0.0001,1e-05,50.337,3.3304,0.6343
4178,stage2,2,0.11480436474084854,0.3223147988319397,0.0,0.11480436474084854,0.0001,1e-05,50.336,3.4105,0.6342
4179,stage2,2,0.1207948625087738,0.3062748312950134,0.0,0.1207948625087738,0.0001,1e-05,50.332,3.2944,0.6741
4180,stage2,2,0.1122695803642273,0.31368932127952576,0.0,0.1122695803642273,0.0001,1e-05,50.332,3.3493,0.6362
4181,stage2,2,0.11438535898923874,0.32082924246788025,0.0,0.11438535898923874,0.0001,1e-05,50.335,3.1076,0.6361
4182,stage2,2,0.11640846729278564,0.3435617685317993,0.0,0.11640846729278564,0.0001,1e-05,50.336,3.1599,0.6353
4183,stage2,2,0.11101417988538742,0.3167981505393982,0.0,0.11101417988538742,0.0001,1e-05,50.334,3.2944,0.6353
4184,stage2,2,0.12761956453323364,0.35126304626464844,0.0,0.12761956453323364,0.0001,1e-05,50.337,3.6728,3.5294
4185,stage2,2,0.11858727782964706,0.29317331314086914,0.0,0.11858727782964706,0.0001,1e-05,50.338,2.4676,0.6336
4186,stage2,2,0.09550433605909348,0.2992560863494873,0.0,0.09550433605909348,0.0001,1e-05,50.334,2.5781,0.6351
4187,stage2,2,0.11391907930374146,0.36129888892173767,0.0,0.11391907930374146,0.0001,1e-05,50.336,2.9726,0.7008
4188,stage2,2,0.11559470742940903,0.32432517409324646,0.0,0.11559470742940903,0.0001,1e-05,50.334,2.5054,0.6362
4189,stage2,2,0.12050191313028336,0.31148606538772583,0.0,0.12050191313028336,0.0001,1e-05,50.334,3.1555,0.6359
4190,stage2,2,0.11770803481340408,0.32601234316825867,0.0,0.11770803481340408,0.0001,1e-05,50.336,2.5954,0.6365
4191,stage2,2,0.1261584609746933,0.3057938516139984,0.0,0.1261584609746933,0.0001,1e-05,50.336,2.9919,0.6356
4192,stage2,2,0.1169491857290268,0.31907063722610474,0.0,0.1169491857290268,0.0001,1e-05,50.331,2.5928,3.4584
4193,stage2,2,0.11122648417949677,0.3228713274002075,0.0,0.11122648417949677,0.0001,1e-05,50.33,2.3788,0.6343
4194,stage2,2,0.12506644427776337,0.3274290859699249,0.0,0.12506644427776337,0.0001,1e-05,50.335,2.9475,0.6354
4195,stage2,2,0.14716172218322754,0.3321934938430786,0.0,0.14716172218322754,0.0001,1e-05,50.333,4.2246,0.7933
4196,stage2,2,0.11541149765253067,0.34753814339637756,0.0,0.11541149765253067,0.0001,1e-05,50.333,2.7137,0.6352
4197,stage2,2,0.11430293321609497,0.32972365617752075,0.0,0.11430293321609497,0.0001,1e-05,50.338,2.9825,0.6355
4198,stage2,2,0.11533279716968536,0.3176550269126892,0.0,0.11533279716968536,0.0001,1e-05,50.334,3.2699,0.636
4199,stage2,2,0.11696504056453705,0.30722931027412415,0.0,0.11696504056453705,0.0001,1e-05,50.336,2.8776,0.6363
4200,stage2,2,0.12261423468589783,0.32458069920539856,0.0,0.12261423468589783,0.0001,1e-05,50.337,3.0239,3.2752
4201,stage2,2,0.11772529780864716,0.3232082426548004,0.0,0.11772529780864716,0.0001,1e-05,50.338,3.5616,0.6348
4202,stage2,2,0.11491436511278152,0.34463343024253845,0.0,0.11491436511278152,0.0001,1e-05,50.336,2.6507,0.6352
4203,stage2,2,0.1217179074883461,0.3102646768093109,0.0,0.1217179074883461,0.0001,1e-05,50.337,3.0245,0.9082
4204,stage2,2,0.12048783898353577,0.33292895555496216,0.0,0.12048783898353577,0.0001,1e-05,50.338,2.9132,0.6356
4205,stage2,2,0.12132018804550171,0.3110988140106201,0.0,0.12132018804550171,0.0001,1e-05,50.336,3.7569,0.6363
4206,stage2,2,0.13373970985412598,0.3056581914424896,0.0,0.13373970985412598,0.0001,1e-05,50.334,4.8234,0.6365
4207,stage2,2,0.105320505797863,0.30553656816482544,0.0,0.105320505797863,0.0001,1e-05,50.337,2.5095,0.6372
4208,stage2,2,0.12386655807495117,0.29209843277931213,0.0,0.12386655807495117,0.0001,1e-05,50.333,3.3775,3.2356
4209,stage2,2,0.12520229816436768,0.3173905313014984,0.0,0.12520229816436768,0.0001,1e-05,50.334,2.842,0.6348
4210,stage2,2,0.13578765094280243,0.3411980867385864,0.0,0.13578765094280243,0.0001,1e-05,50.333,3.9953,0.6354
4211,stage2,2,0.13441775739192963,0.362314373254776,0.0,0.13441775739192963,0.0001,1e-05,50.337,3.9825,0.9285
4212,stage2,2,0.10767201334238052,0.3104133605957031,0.0,0.10767201334238052,0.0001,1e-05,50.333,2.5721,0.6351
4213,stage2,2,0.14945782721042633,0.32402709126472473,0.0,0.14945782721042633,0.0001,1e-05,50.335,3.5496,0.6357
4214,stage2,2,0.12281741201877594,0.2983042597770691,0.0,0.12281741201877594,0.0001,1e-05,50.337,2.7058,0.6369
4215,stage2,2,0.12639465928077698,0.3178405165672302,0.0,0.12639465928077698,0.0001,1e-05,50.336,3.3825,0.6371
4216,stage2,2,0.11733021587133408,0.3233635425567627,0.0,0.11733021587133408,0.0001,1e-05,50.335,3.1812,3.1985
4217,stage2,2,0.12223505973815918,0.3575884997844696,0.0,0.12223505973815918,0.0001,1e-05,50.333,3.2153,0.6367
4218,stage2,2,0.11000030487775803,0.3474140167236328,0.0,0.11000030487775803,0.0001,1e-05,50.334,2.786,0.6361
4219,stage2,2,0.10405120253562927,0.3278706967830658,0.0,0.10405120253562927,0.0001,1e-05,50.335,3.27,1.0063
4220,stage2,2,0.11217547953128815,0.3240775167942047,0.0,0.11217547953128815,0.0001,1e-05,50.335,2.6408,0.6357
4221,stage2,2,0.12704625725746155,0.31782859563827515,0.0,0.12704625725746155,0.0001,1e-05,50.335,3.1793,0.6359
4222,stage2,2,0.12591879069805145,0.31242668628692627,0.0,0.12591879069805145,0.0001,1e-05,50.334,2.9964,0.636
4223,stage2,2,0.11846201866865158,0.31456276774406433,0.0,0.11846201866865158,0.0001,1e-05,50.337,3.0014,0.636
4224,stage2,2,0.12636497616767883,0.31561028957366943,0.0,0.12636497616767883,0.0001,1e-05,50.335,3.0645,3.2403
4225,stage2,2,0.11214719712734222,0.3200167715549469,0.0,0.11214719712734222,0.0001,1e-05,50.337,3.4474,0.6355
4226,stage2,2,0.14081719517707825,0.3264404237270355,0.0,0.14081719517707825,0.0001,1e-05,50.338,3.0965,0.6359
4227,stage2,2,0.11391358822584152,0.30988064408302307,0.0,0.11391358822584152,0.0001,1e-05,50.334,2.84,0.9644
4228,stage2,2,0.11644939333200455,0.3262726664543152,0.0,0.11644939333200455,0.0001,1e-05,50.333,3.1868,0.6357
4229,stage2,2,0.11971917748451233,0.30266472697257996,0.0,0.11971917748451233,0.0001,1e-05,50.336,3.0849,0.6364
4230,stage2,2,0.11340856552124023,0.30552366375923157,0.0,0.11340856552124023,0.0001,1e-05,50.332,2.8812,0.6359
4231,stage2,2,0.11775403469800949,0.30980631709098816,0.0,0.11775403469800949,0.0001,1e-05,50.336,2.6874,0.6373
4232,stage2,2,0.1259472817182541,0.33003875613212585,0.0,0.1259472817182541,0.0001,1e-05,50.337,3.6189,3.2201
4233,stage2,2,0.11603262275457382,0.2955586612224579,0.0,0.11603262275457382,0.0001,1e-05,50.337,2.899,0.6346
4234,stage2,2,0.1299317479133606,0.33668673038482666,0.0,0.1299317479133606,0.0001,1e-05,50.333,3.3465,0.6354
4235,stage2,2,0.13762657344341278,0.33734938502311707,0.0,0.13762657344341278,0.0001,1e-05,50.334,4.0425,0.9637
4236,stage2,2,0.11518867313861847,0.31408581137657166,0.0,0.11518867313861847,0.0001,1e-05,50.335,3.3187,0.636
4237,stage2,2,0.09797714650630951,0.3363938629627228,0.0,0.09797714650630951,0.0001,1e-05,50.336,2.4351,0.6364
4238,stage2,2,0.10321638733148575,0.34083884954452515,0.0,0.10321638733148575,0.0001,1e-05,50.335,2.6447,0.6362
4239,stage2,2,0.11932560056447983,0.3076159954071045,0.0,0.11932560056447983,0.0001,1e-05,50.333,2.8444,0.6375
4240,stage2,2,0.12155143916606903,0.3110555112361908,0.0,0.12155143916606903,0.0001,1e-05,50.336,3.0041,3.1169
4241,stage2,2,0.11204250901937485,0.30782628059387207,0.0,0.11204250901937485,0.0001,1e-05,50.336,2.8018,0.6362
4242,stage2,2,0.11541184037923813,0.3237448036670685,0.0,0.11541184037923813,0.0001,1e-05,50.336,2.9233,0.6381
4243,stage2,2,0.10755246132612228,0.30169156193733215,0.0,0.10755246132612228,0.0001,1e-05,50.335,2.724,1.0887
4244,stage2,2,0.12959954142570496,0.3357156813144684,0.0,0.12959954142570496,0.0001,1e-05,50.337,3.4016,0.6347
4245,stage2,2,0.13435083627700806,0.3180314302444458,0.0,0.13435083627700806,0.0001,1e-05,50.337,3.1478,0.6362
4246,stage2,2,0.12656863033771515,0.30856549739837646,0.0,0.12656863033771515,0.0001,1e-05,50.335,3.7426,0.6365
4247,stage2,2,0.12898173928260803,0.3051644563674927,0.0,0.12898173928260803,0.0001,1e-05,50.335,3.1934,0.6362
4248,stage2,2,0.11325044184923172,0.2864828109741211,0.0,0.11325044184923172,0.0001,1e-05,50.334,2.9895,3.0321
4249,stage2,2,0.12514328956604004,0.3324236273765564,0.0,0.12514328956604004,0.0001,1e-05,50.337,3.0934,0.6351
4250,stage2,2,0.13445165753364563,0.3251647353172302,0.0,0.13445165753364563,0.0001,1e-05,50.334,3.1909,0.6356
4251,stage2,2,0.10502773523330688,0.33714935183525085,0.0,0.10502773523330688,0.0001,1e-05,50.334,2.5484,1.2181
4252,stage2,2,0.10657434165477753,0.31145817041397095,0.0,0.10657434165477753,0.0001,1e-05,50.338,3.1134,0.6352
4253,stage2,2,0.11730971932411194,0.3514307141304016,0.0,0.11730971932411194,0.0001,1e-05,50.335,3.2733,0.6359
4254,stage2,2,0.11084703356027603,0.30392634868621826,0.0,0.11084703356027603,0.0001,1e-05,50.338,3.4633,0.636
4255,stage2,2,0.12738466262817383,0.3272539973258972,0.0,0.12738466262817383,0.0001,1e-05,50.334,2.6893,0.6358
4256,stage2,2,0.11390015482902527,0.33570346236228943,0.0,0.11390015482902527,0.0001,1e-05,50.338,2.7357,2.9832
4257,stage2,2,0.12988966703414917,0.34147825837135315,0.0,0.12988966703414917,0.0001,1e-05,50.336,4.0968,0.6338
4258,stage2,2,0.13773314654827118,0.31859374046325684,0.0,0.13773314654827118,0.0001,1e-05,50.337,3.2227,0.634
4259,stage2,2,0.12062671780586243,0.32595324516296387,0.0,0.12062671780586243,0.0001,1e-05,50.334,3.4325,1.2167
4260,stage2,2,0.1280289888381958,0.3187624216079712,0.0,0.1280289888381958,0.0001,1e-05,50.336,3.01,0.6349
4261,stage2,2,0.11731234192848206,0.31929048895835876,0.0,0.11731234192848206,0.0001,1e-05,50.336,3.4805,0.6353
4262,stage2,2,0.13359424471855164,0.3453511595726013,0.0,0.13359424471855164,0.0001,1e-05,50.338,3.1539,0.636
4263,stage2,2,0.12118138372898102,0.3136512339115143,0.0,0.12118138372898102,0.0001,1e-05,50.336,2.9011,0.6369
4264,stage2,2,0.10365944355726242,0.3253342807292938,0.0,0.10365944355726242,0.0001,1e-05,50.332,2.8569,2.949
4265,stage2,2,0.11233645677566528,0.32266563177108765,0.0,0.11233645677566528,0.0001,1e-05,50.338,2.6952,0.6362
4266,stage2,2,0.11831726133823395,0.31798607110977173,0.0,0.11831726133823395,0.0001,1e-05,50.334,3.2508,0.6354
4267,stage2,2,0.13260221481323242,0.3297324478626251,0.0,0.13260221481323242,0.0001,1e-05,50.335,3.6069,1.2946
4268,stage2,2,0.10536830127239227,0.3387286067008972,0.0,0.10536830127239227,0.0001,1e-05,50.336,2.8996,0.6351
4269,stage2,2,0.12257204949855804,0.34202176332473755,0.0,0.12257204949855804,0.0001,1e-05,50.332,3.0081,0.636
4270,stage2,2,0.12767170369625092,0.3241369426250458,0.0,0.12767170369625092,0.0001,1e-05,50.338,3.2718,0.6363
4271,stage2,2,0.10701461136341095,0.3413100242614746,0.0,0.10701461136341095,0.0001,1e-05,50.332,2.5082,0.6357
4272,stage2,2,0.11863858252763748,0.3323708474636078,0.0,0.11863858252763748,0.0001,1e-05,50.337,3.1922,2.8657
4273,stage2,2,0.1356695145368576,0.3279626965522766,0.0,0.1356695145368576,0.0001,1e-05,50.332,3.9288,0.6345
4274,stage2,2,0.11284422129392624,0.30241042375564575,0.0,0.11284422129392624,0.0001,1e-05,50.334,2.8713,0.6361
4275,stage2,2,0.10180826485157013,0.32744941115379333,0.0,0.10180826485157013,0.0001,1e-05,50.335,2.4994,1.3347
4276,stage2,2,0.10559141635894775,0.3561501204967499,0.0,0.10559141635894775,0.0001,1e-05,50.336,2.8467,0.6353
4277,stage2,2,0.1445087492465973,0.3277603089809418,0.0,0.1445087492465973,0.0001,1e-05,50.334,4.0398,0.6351
4278,stage2,2,0.11814850568771362,0.34480637311935425,0.0,0.11814850568771362,0.0001,1e-05,50.336,2.9601,0.636
4279,stage2,2,0.10479522496461868,0.3436099588871002,0.0,0.10479522496461868,0.0001,1e-05,50.335,2.4628,0.6363
4280,stage2,2,0.1192564144730568,0.3338816165924072,0.0,0.1192564144730568,0.0001,1e-05,50.334,2.4044,2.8983
4281,stage2,2,0.10862528532743454,0.3378663659095764,0.0,0.10862528532743454,0.0001,1e-05,50.341,2.9241,0.6349
4282,stage2,2,0.12091830372810364,0.3272108733654022,0.0,0.12091830372810364,0.0001,1e-05,50.331,3.0055,0.6354
4283,stage2,2,0.13279840350151062,0.32407549023628235,0.0,0.13279840350151062,0.0001,1e-05,50.336,3.6523,1.281
4284,stage2,2,0.1267644315958023,0.33897000551223755,0.0,0.1267644315958023,0.0001,1e-05,50.336,3.5384,0.6354
4285,stage2,2,0.129037007689476,0.30478882789611816,0.0,0.129037007689476,0.0001,1e-05,50.336,3.2448,0.6357
4286,stage2,2,0.11255757510662079,0.32278308272361755,0.0,0.11255757510662079,0.0001,1e-05,50.333,2.8157,0.6362
4287,stage2,2,0.11720104515552521,0.3416750729084015,0.0,0.11720104515552521,0.0001,1e-05,50.338,3.0218,0.6354
4288,stage2,2,0.11723503470420837,0.3056921362876892,0.0,0.11723503470420837,0.0001,1e-05,50.339,3.1533,2.9008
4289,stage2,2,0.13273155689239502,0.31338655948638916,0.0,0.13273155689239502,0.0001,1e-05,50.334,3.6601,0.6345
4290,stage2,2,0.11686330288648605,0.3119613826274872,0.0,0.11686330288648605,0.0001,1e-05,50.336,2.9132,0.6349
4291,stage2,2,0.12526649236679077,0.28891757130622864,0.0,0.12526649236679077,0.0001,1e-05,50.337,3.7596,1.3033
4292,stage2,2,0.12405522912740707,0.3575916886329651,0.0,0.12405522912740707,0.0001,1e-05,50.334,3.9991,0.6346
4293,stage2,2,0.11787235736846924,0.3137207627296448,0.0,0.11787235736846924,0.0001,1e-05,50.338,2.8219,0.6355
4294,stage2,2,0.11384693533182144,0.3241089880466461,0.0,0.11384693533182144,0.0001,1e-05,50.333,2.9015,0.6362
4295,stage2,2,0.0937289372086525,0.32007160782814026,0.0,0.0937289372086525,0.0001,1e-05,50.337,2.6851,0.6358
4296,stage2,2,0.13331423699855804,0.329865962266922,0.0,0.13331423699855804,0.0001,1e-05,50.335,3.2433,2.8955
4297,stage2,2,0.10766870528459549,0.34545350074768066,0.0,0.10766870528459549,0.0001,1e-05,50.337,2.9858,0.6351
4298,stage2,2,0.12076526135206223,0.34726718068122864,0.0,0.12076526135206223,0.0001,1e-05,50.332,3.1957,0.6354
4299,stage2,2,0.12051916867494583,0.3241363763809204,0.0,0.12051916867494583,0.0001,1e-05,50.336,3.0084,1.3647
4300,stage2,2,0.11932741850614548,0.33349084854125977,0.0,0.11932741850614548,0.0001,1e-05,50.338,2.5664,0.6361
4301,stage2,2,0.1147487536072731,0.3353804647922516,0.0,0.1147487536072731,0.0001,1e-05,50.334,2.8405,0.6354
4302,stage2,2,0.1148851066827774,0.31817975640296936,0.0,0.1148851066827774,0.0001,1e-05,50.334,2.7826,0.635
4303,stage2,2,0.12344473600387573,0.3389493227005005,0.0,0.12344473600387573,0.0001,1e-05,50.339,3.9013,0.6361
4304,stage2,2,0.10889341682195663,0.32078951597213745,0.0,0.10889341682195663,0.0001,1e-05,50.333,2.6318,2.8079
4305,stage2,2,0.11582234501838684,0.32594168186187744,0.0,0.11582234501838684,0.0001,1e-05,50.337,2.9294,0.6345
4306,stage2,2,0.12785817682743073,0.3287709355354309,0.0,0.12785817682743073,0.0001,1e-05,50.338,3.2639,0.6352
4307,stage2,2,0.1347729116678238,0.32037049531936646,0.0,0.1347729116678238,0.0001,1e-05,50.337,3.9075,1.4117
4308,stage2,2,0.10403609275817871,0.3337802290916443,0.0,0.10403609275817871,0.0001,1e-05,50.34,2.5596,0.635
4309,stage2,2,0.1101962998509407,0.3324418067932129,0.0,0.1101962998509407,0.0001,1e-05,50.336,3.0692,0.6361
4310,stage2,2,0.12351498752832413,0.3371225595474243,0.0,0.12351498752832413,0.0001,1e-05,50.335,2.9115,0.6361
4311,stage2,2,0.11884164065122604,0.3392792046070099,0.0,0.11884164065122604,0.0001,1e-05,50.337,3.1472,0.6358
4312,stage2,2,0.13196131587028503,0.3136117458343506,0.0,0.13196131587028503,0.0001,1e-05,50.336,2.868,2.8007
4313,stage2,2,0.12448892742395401,0.3366747796535492,0.0,0.12448892742395401,0.0001,1e-05,50.333,2.8014,0.6386
4314,stage2,2,0.11729098111391068,0.2954424023628235,0.0,0.11729098111391068,0.0001,1e-05,50.338,2.817,0.6306
4315,stage2,2,0.10557733476161957,0.30278778076171875,0.0,0.10557733476161957,0.0001,1e-05,50.331,2.5372,1.4086
4316,stage2,2,0.10632716119289398,0.3323265612125397,0.0,0.10632716119289398,0.0001,1e-05,50.334,2.8828,0.6348
4317,stage2,2,0.12287963926792145,0.3289465606212616,0.0,0.12287963926792145,0.0001,1e-05,50.337,2.8406,0.6356
4318,stage2,2,0.10755110532045364,0.3355824947357178,0.0,0.10755110532045364,0.0001,1e-05,50.335,2.2793,0.636
4319,stage2,2,0.11803077906370163,0.3026118874549866,0.0,0.11803077906370163,0.0001,1e-05,50.34,3.1089,0.637
4320,stage2,2,0.11010688543319702,0.32479149103164673,0.0,0.11010688543319702,0.0001,1e-05,50.333,3.0459,2.7909
4321,stage2,2,0.13032987713813782,0.32472988963127136,0.0,0.13032987713813782,0.0001,1e-05,50.331,3.1863,0.6352
4322,stage2,2,0.09367407113313675,0.3677346110343933,0.0,0.09367407113313675,0.0001,1e-05,50.333,2.2717,0.6352
4323,stage2,2,0.13355474174022675,0.3084847629070282,0.0,0.13355474174022675,0.0001,1e-05,50.335,3.3569,1.4495
4324,stage2,2,0.14580784738063812,0.3304271101951599,0.0,0.14580784738063812,0.0001,1e-05,50.34,4.0704,0.6356
4325,stage2,2,0.11707974225282669,0.32863011956214905,0.0,0.11707974225282669,0.0001,1e-05,50.335,2.6431,0.6352
4326,stage2,2,0.10687104612588882,0.31208717823028564,0.0,0.10687104612588882,0.0001,1e-05,50.335,3.0174,0.6356
4327,stage2,2,0.11863069236278534,0.33996784687042236,0.0,0.11863069236278534,0.0001,1e-05,50.334,2.9051,0.6362
4328,stage2,2,0.12111838161945343,0.31191593408584595,0.0,0.12111838161945343,0.0001,1e-05,50.338,2.6676,2.7957
4329,stage2,2,0.12626104056835175,0.3069233000278473,0.0,0.12626104056835175,0.0001,1e-05,50.335,3.1283,0.6351
4330,stage2,2,0.11523537337779999,0.30782097578048706,0.0,0.11523537337779999,0.0001,1e-05,50.338,3.1664,0.6358
4331,stage2,2,0.10883543640375137,0.34971991181373596,0.0,0.10883543640375137,0.0001,1e-05,50.335,2.5731,1.4405
4332,stage2,2,0.1291940063238144,0.36569881439208984,0.0,0.1291940063238144,0.0001,1e-05,50.334,3.4537,0.6358
4333,stage2,2,0.1202317476272583,0.31612658500671387,0.0,0.1202317476272583,0.0001,1e-05,50.333,2.6719,0.6362
4334,stage2,2,0.11626923084259033,0.3407519459724426,0.0,0.11626923084259033,0.0001,1e-05,50.332,3.6052,0.6359
4335,stage2,2,0.12194757163524628,0.3187706768512726,0.0,0.12194757163524628,0.0001,1e-05,50.337,2.9025,0.6361
4336,stage2,2,0.12819993495941162,0.32001399993896484,0.0,0.12819993495941162,0.0001,1e-05,50.336,2.9201,2.7552
4337,stage2,2,0.11002602428197861,0.3321515619754791,0.0,0.11002602428197861,0.0001,1e-05,50.337,2.8401,0.6343
4338,stage2,2,0.11199044436216354,0.35373300313949585,0.0,0.11199044436216354,0.0001,1e-05,50.333,3.0549,0.6353
4339,stage2,2,0.12769699096679688,0.31452134251594543,0.0,0.12769699096679688,0.0001,1e-05,50.333,3.1221,1.456
4340,stage2,2,0.12580621242523193,0.3132369816303253,0.0,0.12580621242523193,0.0001,1e-05,50.332,3.3607,0.6355
4341,stage2,2,0.09224845468997955,0.34568750858306885,0.0,0.09224845468997955,0.0001,1e-05,50.335,2.1472,0.6356
4342,stage2,2,0.11269644647836685,0.3260252773761749,0.0,0.11269644647836685,0.0001,1e-05,50.334,2.9981,0.6367
4343,stage2,2,0.10955300182104111,0.31446152925491333,0.0,0.10955300182104111,0.0001,1e-05,50.337,3.2618,0.6355
4344,stage2,2,0.13640134036540985,0.35211676359176636,0.0,0.13640134036540985,0.0001,1e-05,50.335,3.2826,2.753
4345,stage2,2,0.11749539524316788,0.3110698461532593,0.0,0.11749539524316788,0.0001,1e-05,50.332,2.8035,0.6351
4346,stage2,2,0.12416116893291473,0.32498446106910706,0.0,0.12416116893291473,0.0001,1e-05,50.337,2.9257,0.6364
4347,stage2,2,0.12826168537139893,0.34748709201812744,0.0,0.12826168537139893,0.0001,1e-05,50.333,3.1772,1.4736
4348,stage2,2,0.13641056418418884,0.3053278625011444,0.0,0.13641056418418884,0.0001,1e-05,50.333,3.2151,0.6354
4349,stage2,2,0.10335492342710495,0.29015451669692993,0.0,0.10335492342710495,0.0001,1e-05,50.337,2.9099,0.6361
4350,stage2,2,0.10662584751844406,0.3156586289405823,0.0,0.10662584751844406,0.0001,1e-05,50.335,2.4916,0.6375
4351,stage2,2,0.1027839332818985,0.32826030254364014,0.0,0.1027839332818985,0.0001,1e-05,50.33,2.4915,0.6365
4352,stage2,2,0.1245054230093956,0.3347853720188141,0.0,0.1245054230093956,0.0001,1e-05,50.336,3.0908,2.6891
4353,stage2,2,0.11349363625049591,0.321907103061676,0.0,0.11349363625049591,0.0001,1e-05,50.335,3.0222,0.6359
4354,stage2,2,0.1098211482167244,0.302611768245697,0.0,0.1098211482167244,0.0001,1e-05,50.337,2.9114,0.6357
4355,stage2,2,0.10491254180669785,0.35639655590057373,0.0,0.10491254180669785,0.0001,1e-05,50.332,2.7,1.5669
4356,stage2,2,0.11488892883062363,0.31534022092819214,0.0,0.11488892883062363,0.0001,1e-05,50.33,3.0575,0.6352
4357,stage2,2,0.13411736488342285,0.31248369812965393,0.0,0.13411736488342285,0.0001,1e-05,50.331,2.7332,0.6365
4358,stage2,2,0.12078922986984253,0.3351817727088928,0.0,0.12078922986984253,0.0001,1e-05,50.337,3.5451,0.6368
4359,stage2,2,0.10255210101604462,0.32360008358955383,0.0,0.10255210101604462,0.0001,1e-05,50.337,2.7597,0.6368
4360,stage2,2,0.11220437288284302,0.31489065289497375,0.0,0.11220437288284302,0.0001,1e-05,50.337,3.133,2.6433
4361,stage2,2,0.128084197640419,0.3447570502758026,0.0,0.128084197640419,0.0001,1e-05,50.334,3.2988,0.6352
4362,stage2,2,0.10897854715585709,0.33738282322883606,0.0,0.10897854715585709,0.0001,1e-05,50.337,2.5112,0.6358
4363,stage2,2,0.1323080062866211,0.3434632420539856,0.0,0.1323080062866211,0.0001,1e-05,50.334,3.8858,1.6314
4364,stage2,2,0.11034031957387924,0.3247094452381134,0.0,0.11034031957387924,0.0001,1e-05,50.334,2.931,0.636
4365,stage2,2,0.12431184202432632,0.32728806138038635,0.0,0.12431184202432632,0.0001,1e-05,50.335,2.713,0.6359
4366,stage2,2,0.11785939335823059,0.33927568793296814,0.0,0.11785939335823059,0.0001,1e-05,50.333,3.2128,0.6358
4367,stage2,2,0.11833898723125458,0.32932358980178833,0.0,0.11833898723125458,0.0001,1e-05,50.332,3.1945,0.6367
4368,stage2,2,0.11940839141607285,0.3273288607597351,0.0,0.11940839141607285,0.0001,1e-05,50.333,2.8672,2.5567
4369,stage2,2,0.11873430758714676,0.32404181361198425,0.0,0.11873430758714676,0.0001,1e-05,50.334,3.7428,0.6347
4370,stage2,2,0.1116759330034256,0.3118599057197571,0.0,0.1116759330034256,0.0001,1e-05,50.334,2.7261,0.6356
4371,stage2,2,0.1242012232542038,0.2978537380695343,0.0,0.1242012232542038,0.0001,1e-05,50.336,4.6371,1.6322
4372,stage2,2,0.1309960037469864,0.32269763946533203,0.0,0.1309960037469864,0.0001,1e-05,50.33,2.9481,0.6353
4373,stage2,2,0.13735145330429077,0.32841265201568604,0.0,0.13735145330429077,0.0001,1e-05,50.337,3.4283,0.6362
4374,stage2,2,0.12763448059558868,0.32236188650131226,0.0,0.12763448059558868,0.0001,1e-05,50.333,3.2057,0.6367
4375,stage2,2,0.11073280870914459,0.343793660402298,0.0,0.11073280870914459,0.0001,1e-05,50.337,2.8099,0.6367
4376,stage2,2,0.11726535856723785,0.31879860162734985,0.0,0.11726535856723785,0.0001,1e-05,50.333,2.8263,2.5185
4377,stage2,2,0.1199193000793457,0.3046116828918457,0.0,0.1199193000793457,0.0001,1e-05,50.336,3.6253,0.6349
4378,stage2,2,0.11600754410028458,0.3171796500682831,0.0,0.11600754410028458,0.0001,1e-05,50.33,2.5298,0.6359
4379,stage2,2,0.10835036635398865,0.3486901819705963,0.0,0.10835036635398865,0.0001,1e-05,50.335,2.4704,1.7237
4380,stage2,2,0.11330050230026245,0.31496188044548035,0.0,0.11330050230026245,0.0001,1e-05,50.338,2.8158,0.6358
4381,stage2,2,0.12697826325893402,0.3191996216773987,0.0,0.12697826325893402,0.0001,1e-05,50.338,3.9078,0.6364
4382,stage2,2,0.12486541271209717,0.3180312216281891,0.0,0.12486541271209717,0.0001,1e-05,50.332,3.1549,0.6362
4383,stage2,2,0.11477112025022507,0.3376486301422119,0.0,0.11477112025022507,0.0001,1e-05,50.334,2.6532,0.6374
4384,stage2,2,0.11374494433403015,0.30548566579818726,0.0,0.11374494433403015,0.0001,1e-05,50.338,3.1527,2.4924
4385,stage2,2,0.11390084773302078,0.2984529733657837,0.0,0.11390084773302078,0.0001,1e-05,50.334,3.0118,0.6365
4386,stage2,2,0.12315855175256729,0.3348439037799835,0.0,0.12315855175256729,0.0001,1e-05,50.332,2.9866,0.6364
4387,stage2,2,0.12461896240711212,0.3017314374446869,0.0,0.12461896240711212,0.0001,1e-05,50.333,3.086,1.6496
4388,stage2,2,0.1182757094502449,0.30370816588401794,0.0,0.1182757094502449,0.0001,1e-05,50.332,2.8221,0.6358
4389,stage2,2,0.12856312096118927,0.292808473110199,0.0,0.12856312096118927,0.0001,1e-05,50.335,3.1799,0.6364
4390,stage2,2,0.09642194956541061,0.31507620215415955,0.0,0.09642194956541061,0.0001,1e-05,50.334,2.8997,0.6359
4391,stage2,2,0.12655603885650635,0.32276785373687744,0.0,0.12655603885650635,0.0001,1e-05,50.334,2.9233,0.6365
4392,stage2,2,0.12447239458560944,0.2964622378349304,0.0,0.12447239458560944,0.0001,1e-05,50.341,3.2256,2.4783
4393,stage2,2,0.11108644306659698,0.30336204171180725,0.0,0.11108644306659698,0.0001,1e-05,50.334,2.9425,0.6353
4394,stage2,2,0.1074153408408165,0.30197015404701233,0.0,0.1074153408408165,0.0001,1e-05,50.335,2.9324,0.6363
4395,stage2,2,0.10470474511384964,0.3718798756599426,0.0,0.10470474511384964,0.0001,1e-05,50.336,3.8367,1.7151
4396,stage2,2,0.11508922278881073,0.3326588273048401,0.0,0.11508922278881073,0.0001,1e-05,50.332,2.8999,0.6356
4397,stage2,2,0.10591991990804672,0.32167795300483704,0.0,0.10591991990804672,0.0001,1e-05,50.333,2.85,0.6363
4398,stage2,2,0.1329059600830078,0.3267388641834259,0.0,0.1329059600830078,0.0001,1e-05,50.338,2.6171,0.6367
4399,stage2,2,0.10047539323568344,0.3294282555580139,0.0,0.10047539323568344,0.0001,1e-05,50.33,3.1069,0.6362
4400,stage2,2,0.12092328071594238,0.2992781102657318,0.0,0.12092328071594238,0.0001,1e-05,50.335,3.1376,2.4331
4401,stage2,2,0.11894411593675613,0.3260681629180908,0.0,0.11894411593675613,0.0001,1e-05,50.337,2.984,0.6359
4402,stage2,2,0.11744341254234314,0.3184746503829956,0.0,0.11744341254234314,0.0001,1e-05,50.336,3.0924,0.6364
4403,stage2,2,0.11387202888727188,0.33134397864341736,0.0,0.11387202888727188,0.0001,1e-05,50.334,3.0111,1.7368
4404,stage2,2,0.11211292445659637,0.2989802658557892,0.0,0.11211292445659637,0.0001,1e-05,50.333,2.6777,0.6357
4405,stage2,2,0.10402372479438782,0.32430121302604675,0.0,0.10402372479438782,0.0001,1e-05,50.332,2.5331,0.6358
4406,stage2,2,0.12800534069538116,0.31621959805488586,0.0,0.12800534069538116,0.0001,1e-05,50.333,3.2078,0.6366
4407,stage2,2,0.12340641766786575,0.3194865584373474,0.0,0.12340641766786575,0.0001,1e-05,50.333,3.4052,0.6367
4408,stage2,2,0.11134370416402817,0.32750046253204346,0.0,0.11134370416402817,0.0001,1e-05,50.334,2.9869,2.4896
4409,stage2,2,0.12514816224575043,0.3275483548641205,0.0,0.12514816224575043,0.0001,1e-05,50.334,3.1497,0.6354
4410,stage2,2,0.1388089507818222,0.3486841320991516,0.0,0.1388089507818222,0.0001,1e-05,50.335,3.6996,0.6358
4411,stage2,2,0.11001626402139664,0.33916404843330383,0.0,0.11001626402139664,0.0001,1e-05,50.332,2.6976,1.6543
4412,stage2,2,0.12954100966453552,0.3307271897792816,0.0,0.12954100966453552,0.0001,1e-05,50.334,3.291,0.6354
4413,stage2,2,0.11176478862762451,0.311554491519928,0.0,0.11176478862762451,0.0001,1e-05,50.339,2.8908,0.636
4414,stage2,2,0.11019010841846466,0.29525458812713623,0.0,0.11019010841846466,0.0001,1e-05,50.333,2.8373,0.6373
4415,stage2,2,0.11574991792440414,0.3095128834247589,0.0,0.11574991792440414,0.0001,1e-05,50.332,3.6172,0.6375
4416,stage2,2,0.1185157373547554,0.3045012652873993,0.0,0.1185157373547554,0.0001,1e-05,50.336,3.4124,2.5407
4417,stage2,2,0.121195949614048,0.3255998194217682,0.0,0.121195949614048,0.0001,1e-05,50.336,2.7438,0.6348
4418,stage2,2,0.10723349452018738,0.30252280831336975,0.0,0.10723349452018738,0.0001,1e-05,50.331,2.4625,0.6362
4419,stage2,2,0.12922221422195435,0.3205336034297943,0.0,0.12922221422195435,0.0001,1e-05,50.329,3.7633,1.6006
4420,stage2,2,0.10960214585065842,0.30336862802505493,0.0,0.10960214585065842,0.0001,1e-05,50.33,3.1636,0.6357
4421,stage2,2,0.12382510304450989,0.3160303831100464,0.0,0.12382510304450989,0.0001,1e-05,50.332,2.9929,0.6354
4422,stage2,2,0.1157497987151146,0.3300287425518036,0.0,0.1157497987151146,0.0001,1e-05,50.339,3.4059,0.6361
4423,stage2,2,0.10179813951253891,0.3174237310886383,0.0,0.10179813951253891,0.0001,1e-05,50.334,2.7172,0.6362
4424,stage2,2,0.13173699378967285,0.326006680727005,0.0,0.13173699378967285,0.0001,1e-05,50.333,3.2371,2.6436
4425,stage2,2,0.1061980202794075,0.3753577172756195,0.0,0.1061980202794075,0.0001,1e-05,50.336,3.9269,0.6352
4426,stage2,2,0.10669693350791931,0.3235906660556793,0.0,0.10669693350791931,0.0001,1e-05,50.333,2.9092,0.636
4427,stage2,2,0.11011890321969986,0.31478336453437805,0.0,0.11011890321969986,0.0001,1e-05,50.333,3.2292,1.562
4428,stage2,2,0.11636829376220703,0.308210164308548,0.0,0.11636829376220703,0.0001,1e-05,50.335,3.1458,0.6359
4429,stage2,2,0.11975444853305817,0.3385944664478302,0.0,0.11975444853305817,0.0001,1e-05,50.332,3.4644,0.6372
4430,stage2,2,0.11884566396474838,0.34355705976486206,0.0,0.11884566396474838,0.0001,1e-05,50.331,2.8817,0.6363
4431,stage2,2,0.11325480043888092,0.3108583688735962,0.0,0.11325480043888092,0.0001,1e-05,50.332,2.6014,0.637
4432,stage2,2,0.0871666818857193,0.3402864634990692,0.0,0.0871666818857193,0.0001,1e-05,50.331,2.353,2.751
4433,stage2,2,0.1089802086353302,0.3390687108039856,0.0,0.1089802086353302,0.0001,1e-05,50.335,2.9485,0.635
4434,stage2,2,0.1255469024181366,0.2939700782299042,0.0,0.1255469024181366,0.0001,1e-05,50.334,3.1039,0.6353
4435,stage2,2,0.11798881739377975,0.32509174942970276,0.0,0.11798881739377975,0.0001,1e-05,50.332,2.893,1.4749
4436,stage2,2,0.110332190990448,0.3143162131309509,0.0,0.110332190990448,0.0001,1e-05,50.329,3.0028,0.6364
4437,stage2,2,0.11850075423717499,0.3470761775970459,0.0,0.11850075423717499,0.0001,1e-05,50.333,3.1746,0.6368
4438,stage2,2,0.12852634489536285,0.32469847798347473,0.0,0.12852634489536285,0.0001,1e-05,50.337,3.1116,0.6362
4439,stage2,2,0.11573659628629684,0.2993151843547821,0.0,0.11573659628629684,0.0001,1e-05,50.331,3.1583,0.6363
4440,stage2,2,0.10908430069684982,0.2880566120147705,0.0,0.10908430069684982,0.0001,1e-05,50.333,2.822,2.7058
4441,stage2,2,0.11071442812681198,0.3223547637462616,0.0,0.11071442812681198,0.0001,1e-05,50.335,2.7063,0.635
4442,stage2,2,0.11573420464992523,0.33638542890548706,0.0,0.11573420464992523,0.0001,1e-05,50.337,2.8249,0.635
4443,stage2,2,0.11279350519180298,0.31659358739852905,0.0,0.11279350519180298,0.0001,1e-05,50.335,3.2823,1.5191
4444,stage2,2,0.1124582439661026,0.3177267014980316,0.0,0.1124582439661026,0.0001,1e-05,50.335,2.531,0.6356
4445,stage2,2,0.12557213008403778,0.30019280314445496,0.0,0.12557213008403778,0.0001,1e-05,50.336,2.7286,0.6363
4446,stage2,2,0.11398152261972427,0.29032254219055176,0.0,0.11398152261972427,0.0001,1e-05,50.332,2.9017,0.6367
4447,stage2,2,0.11447066068649292,0.29042452573776245,0.0,0.11447066068649292,0.0001,1e-05,50.335,2.9389,0.6358
4448,stage2,2,0.11688197404146194,0.30568626523017883,0.0,0.11688197404146194,0.0001,1e-05,50.332,3.0803,2.6238
4449,stage2,2,0.11996755003929138,0.32844382524490356,0.0,0.11996755003929138,0.0001,1e-05,50.331,3.1156,0.6354
4450,stage2,2,0.11097858101129532,0.3093728721141815,0.0,0.11097858101129532,0.0001,1e-05,50.336,3.2647,0.6355
4451,stage2,2,0.12435061484575272,0.2970348298549652,0.0,0.12435061484575272,0.0001,1e-05,50.334,3.4567,1.5549
4452,stage2,2,0.12065854668617249,0.32000017166137695,0.0,0.12065854668617249,0.0001,1e-05,50.334,3.2026,0.6352
4453,stage2,2,0.12086791545152664,0.32235854864120483,0.0,0.12086791545152664,0.0001,1e-05,50.337,3.5278,0.6362
4454,stage2,2,0.12731657922267914,0.35910025238990784,0.0,0.12731657922267914,0.0001,1e-05,50.335,3.5061,0.6362
4455,stage2,2,0.12301702797412872,0.30650100111961365,0.0,0.12301702797412872,0.0001,1e-05,50.335,2.7281,0.6372
4456,stage2,2,0.1052682176232338,0.3351190686225891,0.0,0.1052682176232338,0.0001,1e-05,50.333,2.5831,2.6525
4457,stage2,2,0.10643952339887619,0.3464125692844391,0.0,0.10643952339887619,0.0001,1e-05,50.336,2.699,0.636
4458,stage2,2,0.11426182091236115,0.3250483572483063,0.0,0.11426182091236115,0.0001,1e-05,50.336,3.1673,0.6366
4459,stage2,2,0.12008915096521378,0.34099456667900085,0.0,0.12008915096521378,0.0001,1e-05,50.335,2.9754,1.5332
4460,stage2,2,0.12252301722764969,0.29079967737197876,0.0,0.12252301722764969,0.0001,1e-05,50.333,2.8851,0.6358
4461,stage2,2,0.1272265613079071,0.32254424691200256,0.0,0.1272265613079071,0.0001,1e-05,50.333,2.8357,0.6356
4462,stage2,2,0.09202155470848083,0.31473445892333984,0.0,0.09202155470848083,0.0001,1e-05,50.333,2.3344,0.6366
4463,stage2,2,0.129426047205925,0.3200804591178894,0.0,0.129426047205925,0.0001,1e-05,50.336,3.4681,0.6368
4464,stage2,2,0.1226358711719513,0.32074618339538574,0.0,0.1226358711719513,0.0001,1e-05,50.335,2.7315,2.6767
4465,stage2,2,0.11825960874557495,0.3455604612827301,0.0,0.11825960874557495,0.0001,1e-05,50.336,2.8943,0.6353
4466,stage2,2,0.10599000751972198,0.3056567311286926,0.0,0.10599000751972198,0.0001,1e-05,50.339,2.7714,0.6366
4467,stage2,2,0.1005597859621048,0.31508567929267883,0.0,0.1005597859621048,0.0001,1e-05,50.336,2.4978,1.6006
4468,stage2,2,0.11070801317691803,0.28458335995674133,0.0,0.11070801317691803,0.0001,1e-05,50.335,3.1382,0.6357
4469,stage2,2,0.12703369557857513,0.29726943373680115,0.0,0.12703369557857513,0.0001,1e-05,50.339,3.753,0.6363
4470,stage2,2,0.1162656918168068,0.32033413648605347,0.0,0.1162656918168068,0.0001,1e-05,50.337,2.6334,0.6366
4471,stage2,2,0.12001156806945801,0.36252716183662415,0.0,0.12001156806945801,0.0001,1e-05,50.339,2.8513,0.6363
4472,stage2,2,0.10627450793981552,0.33914050459861755,0.0,0.10627450793981552,0.0001,1e-05,50.336,2.4908,2.5601
4473,stage2,2,0.12102119624614716,0.31532204151153564,0.0,0.12102119624614716,0.0001,1e-05,50.338,3.9455,0.6356
4474,stage2,2,0.10575512796640396,0.31715789437294006,0.0,0.10575512796640396,0.0001,1e-05,50.332,2.567,0.6362
4475,stage2,2,0.10824503749608994,0.31098440289497375,0.0,0.10824503749608994,0.0001,1e-05,50.336,3.202,1.6885
4476,stage2,2,0.11624125391244888,0.3385881781578064,0.0,0.11624125391244888,0.0001,1e-05,50.331,2.7382,0.6358
4477,stage2,2,0.1241329237818718,0.33651021122932434,0.0,0.1241329237818718,0.0001,1e-05,50.334,3.2734,0.6357
4478,stage2,2,0.10716354846954346,0.3357241451740265,0.0,0.10716354846954346,0.0001,1e-05,50.334,2.7898,0.6364
4479,stage2,2,0.12063201516866684,0.3344188332557678,0.0,0.12063201516866684,0.0001,1e-05,50.333,3.3721,0.6371
4480,stage2,2,0.12116348743438721,0.30681660771369934,0.0,0.12116348743438721,0.0001,1e-05,50.337,3.3051,2.6815
4481,stage2,2,0.09874386340379715,0.33698350191116333,0.0,0.09874386340379715,0.0001,1e-05,50.336,2.679,0.6349
4482,stage2,2,0.13592766225337982,0.35577788949012756,0.0,0.13592766225337982,0.0001,1e-05,50.333,3.2284,0.6355
4483,stage2,2,0.11458639055490494,0.319537878036499,0.0,0.11458639055490494,0.0001,1e-05,50.336,2.8366,1.8018
4484,stage2,2,0.11644015461206436,0.35320013761520386,0.0,0.11644015461206436,0.0001,1e-05,50.335,2.6906,0.6353
4485,stage2,2,0.13366512954235077,0.3224320709705353,0.0,0.13366512954235077,0.0001,1e-05,50.339,3.2686,0.6365
4486,stage2,2,0.12901648879051208,0.30041712522506714,0.0,0.12901648879051208,0.0001,1e-05,50.341,3.0184,0.6361
4487,stage2,2,0.11075950413942337,0.33126091957092285,0.0,0.11075950413942337,0.0001,1e-05,50.336,3.081,0.6372
4488,stage2,2,0.12600745260715485,0.33235862851142883,0.0,0.12600745260715485,0.0001,1e-05,50.337,3.1056,2.3274
4489,stage2,2,0.11545677483081818,0.3295721113681793,0.0,0.11545677483081818,0.0001,1e-05,50.339,2.6603,0.635
4490,stage2,2,0.11537638306617737,0.3321012854576111,0.0,0.11537638306617737,0.0001,1e-05,50.334,2.5462,0.6354
4491,stage2,2,0.10572569072246552,0.30197858810424805,0.0,0.10572569072246552,0.0001,1e-05,50.338,2.4567,1.8471
4492,stage2,2,0.1315525770187378,0.2996358275413513,0.0,0.1315525770187378,0.0001,1e-05,50.337,3.3846,0.6352
4493,stage2,2,0.11419133096933365,0.3457392752170563,0.0,0.11419133096933365,0.0001,1e-05,50.333,3.4025,0.6361
4494,stage2,2,0.1259773224592209,0.35524535179138184,0.0,0.1259773224592209,0.0001,1e-05,50.333,2.9758,0.6352
4495,stage2,2,0.12055610120296478,0.321418434381485,0.0,0.12055610120296478,0.0001,1e-05,50.337,3.298,0.6353
4496,stage2,2,0.11103697121143341,0.31639984250068665,0.0,0.11103697121143341,0.0001,1e-05,50.335,2.4776,2.2844
4497,stage2,2,0.10469234734773636,0.31695207953453064,0.0,0.10469234734773636,0.0001,1e-05,50.34,2.626,0.6357
4498,stage2,2,0.13606677949428558,0.3425104022026062,0.0,0.13606677949428558,0.0001,1e-05,50.337,4.0598,0.6359
4499,stage2,2,0.12069442123174667,0.3125496804714203,0.0,0.12069442123174667,0.0001,1e-05,50.337,3.9173,1.9145
4500,stage2,2,0.12175314873456955,0.31742146611213684,0.0,0.12175314873456955,0.0001,1e-05,50.337,2.7515,0.6357
4501,stage2,2,0.11702408641576767,0.3291369676589966,0.0,0.11702408641576767,0.0001,1e-05,50.333,3.4251,0.6355
4502,stage2,2,0.12286821752786636,0.3492000997066498,0.0,0.12286821752786636,0.0001,1e-05,50.338,3.1996,0.6373
4503,stage2,2,0.10823563486337662,0.3111790120601654,0.0,0.10823563486337662,0.0001,1e-05,50.338,3.2888,0.6372
4504,stage2,2,0.10779859125614166,0.33000707626342773,0.0,0.10779859125614166,0.0001,1e-05,50.336,2.903,2.2522
4505,stage2,2,0.11765696108341217,0.31030935049057007,0.0,0.11765696108341217,0.0001,1e-05,50.337,2.9113,0.636
4506,stage2,2,0.10166174173355103,0.32362258434295654,0.0,0.10166174173355103,0.0001,1e-05,50.333,2.6151,0.6357
4507,stage2,2,0.09952561557292938,0.3220645785331726,0.0,0.09952561557292938,0.0001,1e-05,50.334,2.7212,1.9642
4508,stage2,2,0.1099836602807045,0.3312298059463501,0.0,0.1099836602807045,0.0001,1e-05,50.339,2.8757,0.6354
4509,stage2,2,0.12002108991146088,0.3137139678001404,0.0,0.12002108991146088,0.0001,1e-05,50.337,3.8264,0.6357
4510,stage2,2,0.10966302454471588,0.31368473172187805,0.0,0.10966302454471588,0.0001,1e-05,50.335,3.4495,0.6365
4511,stage2,2,0.12750846147537231,0.3246901035308838,0.0,0.12750846147537231,0.0001,1e-05,50.335,3.1712,0.636
4512,stage2,2,0.11575667560100555,0.29064396023750305,0.0,0.11575667560100555,0.0001,1e-05,50.339,2.6156,2.2287
4513,stage2,2,0.11534535884857178,0.3154294192790985,0.0,0.11534535884857178,0.0001,1e-05,50.334,2.9509,0.6352
4514,stage2,2,0.10390502959489822,0.32746565341949463,0.0,0.10390502959489822,0.0001,1e-05,50.336,2.9273,0.6359
4515,stage2,2,0.1154031977057457,0.32904377579689026,0.0,0.1154031977057457,0.0001,1e-05,50.34,3.1637,1.9154
4516,stage2,2,0.10380895435810089,0.3111770749092102,0.0,0.10380895435810089,0.0001,1e-05,50.338,2.6451,0.6358
4517,stage2,2,0.1252821534872055,0.3115922808647156,0.0,0.1252821534872055,0.0001,1e-05,50.332,2.9476,0.636
4518,stage2,2,0.09780243039131165,0.3196554481983185,0.0,0.09780243039131165,0.0001,1e-05,50.335,2.5445,0.6366
4519,stage2,2,0.11424348503351212,0.3230849504470825,0.0,0.11424348503351212,0.0001,1e-05,50.333,2.7502,0.6369
4520,stage2,2,0.10519377887248993,0.3094566762447357,0.0,0.10519377887248993,0.0001,1e-05,50.335,3.0536,2.2547
4521,stage2,2,0.11885295808315277,0.32624825835227966,0.0,0.11885295808315277,0.0001,1e-05,50.338,3.488,0.636
4522,stage2,2,0.11671026796102524,0.294528990983963,0.0,0.11671026796102524,0.0001,1e-05,50.334,3.1164,0.6372
4523,stage2,2,0.10407961905002594,0.32612931728363037,0.0,0.10407961905002594,0.0001,1e-05,50.332,2.6555,1.9925
4524,stage2,2,0.1163330227136612,0.3021707534790039,0.0,0.1163330227136612,0.0001,1e-05,50.335,3.3898,0.6366
4525,stage2,2,0.11113207042217255,0.3149655759334564,0.0,0.11113207042217255,0.0001,1e-05,50.332,3.1704,0.6361
4526,stage2,2,0.12285719811916351,0.3045712411403656,0.0,0.12285719811916351,0.0001,1e-05,50.338,2.9302,0.6363
4527,stage2,2,0.11901950091123581,0.3377573788166046,0.0,0.11901950091123581,0.0001,1e-05,50.333,2.681,0.6362
4528,stage2,2,0.11195264011621475,0.31259503960609436,0.0,0.11195264011621475,0.0001,1e-05,50.333,2.9443,2.2017
4529,stage2,2,0.11740994453430176,0.3379458785057068,0.0,0.11740994453430176,0.0001,1e-05,50.334,3.059,0.6362
4530,stage2,2,0.10607608407735825,0.31669095158576965,0.0,0.10607608407735825,0.0001,1e-05,50.334,2.7328,0.6363
4531,stage2,2,0.13026808202266693,0.28985297679901123,0.0,0.13026808202266693,0.0001,1e-05,50.336,3.2211,1.9582
4532,stage2,2,0.10644221305847168,0.3504849374294281,0.0,0.10644221305847168,0.0001,1e-05,50.33,2.5446,0.6359
4533,stage2,2,0.1167757585644722,0.317259281873703,0.0,0.1167757585644722,0.0001,1e-05,50.337,3.0336,0.6363
4534,stage2,2,0.12158384174108505,0.32525116205215454,0.0,0.12158384174108505,0.0001,1e-05,50.335,3.7788,0.6366
4535,stage2,2,0.10567270219326019,0.3104693591594696,0.0,0.10567270219326019,0.0001,1e-05,50.334,2.7581,0.6366
4536,stage2,2,0.10987289249897003,0.30207544565200806,0.0,0.10987289249897003,0.0001,1e-05,50.333,3.2197,2.2143
4537,stage2,2,0.1346270740032196,0.3736456632614136,0.0,0.1346270740032196,0.0001,1e-05,50.333,4.1727,0.6358
4538,stage2,2,0.10632097721099854,0.31528645753860474,0.0,0.10632097721099854,0.0001,1e-05,50.336,2.5226,0.6354
4539,stage2,2,0.1043006032705307,0.32810065150260925,0.0,0.1043006032705307,0.0001,1e-05,50.331,2.7724,1.9892
4540,stage2,2,0.13618867099285126,0.31818586587905884,0.0,0.13618867099285126,0.0001,1e-05,50.336,3.6424,0.6356
4541,stage2,2,0.11523646116256714,0.32338154315948486,0.0,0.11523646116256714,0.0001,1e-05,50.333,3.4428,0.6353
4542,stage2,2,0.1056729257106781,0.3187388479709625,0.0,0.1056729257106781,0.0001,1e-05,50.333,2.8522,0.6361
4543,stage2,2,0.09587468206882477,0.3545812964439392,0.0,0.09587468206882477,0.0001,1e-05,50.33,2.3018,0.6364
4544,stage2,2,0.11500421911478043,0.33008646965026855,0.0,0.11500421911478043,0.0001,1e-05,50.335,4.1174,2.1931
4545,stage2,2,0.1160004511475563,0.32643601298332214,0.0,0.1160004511475563,0.0001,1e-05,50.333,3.0665,0.6359
4546,stage2,2,0.10161641985177994,0.3101359009742737,0.0,0.10161641985177994,0.0001,1e-05,50.335,2.614,0.6359
4547,stage2,2,0.11309945583343506,0.3089221715927124,0.0,0.11309945583343506,0.0001,1e-05,50.33,3.2118,2.0365
4548,stage2,2,0.12151434272527695,0.3259180188179016,0.0,0.12151434272527695,0.0001,1e-05,50.333,2.9893,0.6356
4549,stage2,2,0.12738539278507233,0.32362058758735657,0.0,0.12738539278507233,0.0001,1e-05,50.333,3.4858,0.636
4550,stage2,2,0.09809629619121552,0.310190886259079,0.0,0.09809629619121552,0.0001,1e-05,50.336,2.9075,0.6364
4551,stage2,2,0.11683870851993561,0.32825005054473877,0.0,0.11683870851993561,0.0001,1e-05,50.336,2.8228,0.6367
4552,stage2,2,0.11296135187149048,0.3088477551937103,0.0,0.11296135187149048,0.0001,1e-05,50.334,3.1569,2.1331
4553,stage2,2,0.10494823753833771,0.3263533413410187,0.0,0.10494823753833771,0.0001,1e-05,50.332,2.893,0.6359
4554,stage2,2,0.12399391829967499,0.3050331771373749,0.0,0.12399391829967499,0.0001,1e-05,50.334,3.5,0.636
4555,stage2,2,0.1262342482805252,0.3195125162601471,0.0,0.1262342482805252,0.0001,1e-05,50.335,2.7231,2.0821
4556,stage2,2,0.11317514628171921,0.3051466643810272,0.0,0.11317514628171921,0.0001,1e-05,50.332,2.8855,0.6354
4557,stage2,2,0.1097184270620346,0.2916894853115082,0.0,0.1097184270620346,0.0001,1e-05,50.336,3.1422,0.6365
4558,stage2,2,0.10930243879556656,0.2931939959526062,0.0,0.10930243879556656,0.0001,1e-05,50.335,2.8033,0.6359
4559,stage2,2,0.11721920967102051,0.33354970812797546,0.0,0.11721920967102051,0.0001,1e-05,50.333,3.405,0.6365
4560,stage2,2,0.11030472069978714,0.2960609495639801,0.0,0.11030472069978714,0.0001,1e-05,50.335,2.8835,2.0117
4561,stage2,2,0.1204441636800766,0.3032706677913666,0.0,0.1204441636800766,0.0001,1e-05,50.332,3.4011,0.6362
4562,stage2,2,0.12634846568107605,0.3486223518848419,0.0,0.12634846568107605,0.0001,1e-05,50.34,3.2822,0.6363
4563,stage2,2,0.11784793436527252,0.30024099349975586,0.0,0.11784793436527252,0.0001,1e-05,50.334,3.2266,2.2063
4564,stage2,2,0.1148557960987091,0.3002249002456665,0.0,0.1148557960987091,0.0001,1e-05,50.335,3.1778,0.6353
4565,stage2,2,0.1261928528547287,0.3209931254386902,0.0,0.1261928528547287,0.0001,1e-05,50.335,3.3927,0.6366
4566,stage2,2,0.12352928519248962,0.2993939518928528,0.0,0.12352928519248962,0.0001,1e-05,50.334,3.1403,0.6354
4567,stage2,2,0.13169431686401367,0.33443906903266907,0.0,0.13169431686401367,0.0001,1e-05,50.334,3.2513,0.6356
4568,stage2,2,0.11925629526376724,0.31784576177597046,0.0,0.11925629526376724,0.0001,1e-05,50.335,3.0555,1.9684
4569,stage2,2,0.11378452926874161,0.3802732527256012,0.0,0.11378452926874161,0.0001,1e-05,50.337,3.0129,0.6361
4570,stage2,2,0.11804497987031937,0.3245666027069092,0.0,0.11804497987031937,0.0001,1e-05,50.335,2.7852,0.6368
4571,stage2,2,0.11564265936613083,0.32886695861816406,0.0,0.11564265936613083,0.0001,1e-05,50.333,3.339,2.2253
4572,stage2,2,0.09273037314414978,0.34837400913238525,0.0,0.09273037314414978,0.0001,1e-05,50.33,2.2927,0.6361
4573,stage2,2,0.10779483616352081,0.28574836254119873,0.0,0.10779483616352081,0.0001,1e-05,50.334,2.78,0.6371
4574,stage2,2,0.10373123735189438,0.32709914445877075,0.0,0.10373123735189438,0.0001,1e-05,50.337,2.7183,0.6371
4575,stage2,2,0.10999099165201187,0.3445333242416382,0.0,0.10999099165201187,0.0001,1e-05,50.339,4.6736,0.6363
4576,stage2,2,0.11842384934425354,0.32949885725975037,0.0,0.11842384934425354,0.0001,1e-05,50.333,3.0123,1.9442
4577,stage2,2,0.1303928643465042,0.2913494408130646,0.0,0.1303928643465042,0.0001,1e-05,50.335,3.0237,0.6363
4578,stage2,2,0.10727716237306595,0.31035998463630676,0.0,0.10727716237306595,0.0001,1e-05,50.333,3.7145,0.6371
4579,stage2,2,0.10785344988107681,0.3095853626728058,0.0,0.10785344988107681,0.0001,1e-05,50.333,2.7993,2.2771
4580,stage2,2,0.11901592463254929,0.3029174208641052,0.0,0.11901592463254929,0.0001,1e-05,50.334,3.3177,0.6361
4581,stage2,2,0.10851117223501205,0.3372165560722351,0.0,0.10851117223501205,0.0001,1e-05,50.334,2.742,0.6362
4582,stage2,2,0.10434211045503616,0.30104130506515503,0.0,0.10434211045503616,0.0001,1e-05,50.334,2.8481,0.6362
4583,stage2,2,0.12290855497121811,0.32708731293678284,0.0,0.12290855497121811,0.0001,1e-05,50.336,3.1244,0.6365
4584,stage2,2,0.11099599301815033,0.2891891598701477,0.0,0.11099599301815033,0.0001,1e-05,50.336,2.8012,1.9377
4585,stage2,2,0.11770819127559662,0.3107617199420929,0.0,0.11770819127559662,0.0001,1e-05,50.335,3.1186,0.6361
4586,stage2,2,0.10863463580608368,0.2999933660030365,0.0,0.10863463580608368,0.0001,1e-05,50.34,2.6938,0.6367
4587,stage2,2,0.11678940057754517,0.32973241806030273,0.0,0.11678940057754517,0.0001,1e-05,50.332,2.9339,2.2795
4588,stage2,2,0.10466139763593674,0.33908435702323914,0.0,0.10466139763593674,0.0001,1e-05,50.34,2.4659,0.6358
4589,stage2,2,0.10085870325565338,0.33211877942085266,0.0,0.10085870325565338,0.0001,1e-05,50.333,2.9492,0.6362
4590,stage2,2,0.11809436231851578,0.2920350134372711,0.0,0.11809436231851578,0.0001,1e-05,50.332,3.3189,0.6386
4591,stage2,2,0.09587175399065018,0.3187068700790405,0.0,0.09587175399065018,0.0001,1e-05,50.338,2.3105,0.636
4592,stage2,2,0.11295235902070999,0.30543503165245056,0.0,0.11295235902070999,0.0001,1e-05,50.336,2.8746,1.9292
4593,stage2,2,0.10586163401603699,0.3304189145565033,0.0,0.10586163401603699,0.0001,1e-05,50.335,2.8403,0.6388
4594,stage2,2,0.11934058368206024,0.3335340619087219,0.0,0.11934058368206024,0.0001,1e-05,50.333,3.1212,0.6364
4595,stage2,2,0.10667548328638077,0.3425939381122589,0.0,0.10667548328638077,0.0001,1e-05,50.334,2.9328,2.3042
4596,stage2,2,0.11580175161361694,0.31028005480766296,0.0,0.11580175161361694,0.0001,1e-05,50.333,3.048,0.6358
4597,stage2,2,0.09747711569070816,0.3255974352359772,0.0,0.09747711569070816,0.0001,1e-05,50.335,2.6703,0.6368
4598,stage2,2,0.11076196283102036,0.2896469235420227,0.0,0.11076196283102036,0.0001,1e-05,50.338,2.5503,0.6367
4599,stage2,2,0.11740536242723465,0.34530025720596313,0.0,0.11740536242723465,0.0001,1e-05,50.331,2.8683,0.6367
4600,stage2,2,0.10856516659259796,0.2991357445716858,0.0,0.10856516659259796,0.0001,1e-05,50.336,2.7993,1.838
4601,stage2,2,0.10764741152524948,0.3269183337688446,0.0,0.10764741152524948,0.0001,1e-05,50.335,2.7454,0.6369
4602,stage2,2,0.11896435916423798,0.3038851320743561,0.0,0.11896435916423798,0.0001,1e-05,50.337,3.2414,0.6372
4603,stage2,2,0.10826033353805542,0.3162193298339844,0.0,0.10826033353805542,0.0001,1e-05,50.338,2.712,2.3755
4604,stage2,2,0.12927089631557465,0.3393275737762451,0.0,0.12927089631557465,0.0001,1e-05,50.336,3.4724,0.6354
4605,stage2,2,0.12157365679740906,0.3223448693752289,0.0,0.12157365679740906,0.0001,1e-05,50.335,3.3478,0.6356
4606,stage2,2,0.10263756662607193,0.3466823697090149,0.0,0.10263756662607193,0.0001,1e-05,50.337,2.5903,0.6362
4607,stage2,2,0.10764143615961075,0.31338000297546387,0.0,0.10764143615961075,0.0001,1e-05,50.335,2.7123,0.636
4608,stage2,2,0.1311333328485489,0.31169381737709045,0.0,0.1311333328485489,0.0001,1e-05,50.335,3.6348,1.8172
4609,stage2,2,0.11932756006717682,0.31798309087753296,0.0,0.11932756006717682,0.0001,1e-05,50.336,2.9718,0.6364
4610,stage2,2,0.10697870701551437,0.3187672793865204,0.0,0.10697870701551437,0.0001,1e-05,50.336,2.7059,0.6361
4611,stage2,2,0.12198378890752792,0.32168740034103394,0.0,0.12198378890752792,0.0001,1e-05,50.334,3.129,2.4302
4612,stage2,2,0.10630013793706894,0.3156822919845581,0.0,0.10630013793706894,0.0001,1e-05,50.336,2.4285,0.636
4613,stage2,2,0.11970911920070648,0.29748860001564026,0.0,0.11970911920070648,0.0001,1e-05,50.338,2.8,0.6361
4614,stage2,2,0.11080800741910934,0.31494981050491333,0.0,0.11080800741910934,0.0001,1e-05,50.338,2.8644,0.637
4615,stage2,2,0.10134117305278778,0.3548745810985565,0.0,0.10134117305278778,0.0001,1e-05,50.336,2.6274,0.6368
4616,stage2,2,0.10900624841451645,0.31216827034950256,0.0,0.10900624841451645,0.0001,1e-05,50.338,2.4969,1.746
4617,stage2,2,0.10197310894727707,0.29973235726356506,0.0,0.10197310894727707,0.0001,1e-05,50.331,2.6526,0.6369
4618,stage2,2,0.11009982228279114,0.33232858777046204,0.0,0.11009982228279114,0.0001,1e-05,50.335,2.8283,0.6368
4619,stage2,2,0.10520710796117783,0.33901357650756836,0.0,0.10520710796117783,0.0001,1e-05,50.34,3.4001,2.5313
4620,stage2,2,0.11944045126438141,0.32302412390708923,0.0,0.11944045126438141,0.0001,1e-05,50.335,3.4538,0.6359
4621,stage2,2,0.11911206692457199,0.34711578488349915,0.0,0.11911206692457199,0.0001,1e-05,50.338,2.9,0.6357
4622,stage2,2,0.1122003123164177,0.31706124544143677,0.0,0.1122003123164177,0.0001,1e-05,50.339,2.8406,0.6363
4623,stage2,2,0.10347051918506622,0.32735174894332886,0.0,0.10347051918506622,0.0001,1e-05,50.337,2.9419,0.6362
4624,stage2,2,0.10965296626091003,0.33016347885131836,0.0,0.10965296626091003,0.0001,1e-05,50.333,2.6161,1.7247
4625,stage2,2,0.12342947721481323,0.330240935087204,0.0,0.12342947721481323,0.0001,1e-05,50.334,3.1627,0.6361
4626,stage2,2,0.11573359370231628,0.3110405504703522,0.0,0.11573359370231628,0.0001,1e-05,50.336,2.5244,0.6366
4627,stage2,2,0.11181741952896118,0.3300621807575226,0.0,0.11181741952896118,0.0001,1e-05,50.337,3.0461,2.4618
4628,stage2,2,0.1034218817949295,0.33703863620758057,0.0,0.1034218817949295,0.0001,1e-05,50.338,2.9736,0.6353
4629,stage2,2,0.11982887983322144,0.28085681796073914,0.0,0.11982887983322144,0.0001,1e-05,50.337,2.8407,0.6364
4630,stage2,2,0.11997498571872711,0.31361711025238037,0.0,0.11997498571872711,0.0001,1e-05,50.332,3.5029,0.6366
4631,stage2,2,0.10236968845129013,0.2982844412326813,0.0,0.10236968845129013,0.0001,1e-05,50.334,2.71,0.6367
4632,stage2,2,0.11082587391138077,0.33467021584510803,0.0,0.11082587391138077,0.0001,1e-05,50.335,2.4624,1.7269
4633,stage2,2,0.11551041156053543,0.3171745538711548,0.0,0.11551041156053543,0.0001,1e-05,50.336,2.9555,0.6352
4634,stage2,2,0.10183339565992355,0.3208736777305603,0.0,0.10183339565992355,0.0001,1e-05,50.336,2.5371,0.6428
4635,stage2,2,0.11874157190322876,0.3607223927974701,0.0,0.11874157190322876,0.0001,1e-05,50.335,3.1288,2.5777
4636,stage2,2,0.1045839712023735,0.32154393196105957,0.0,0.1045839712023735,0.0001,1e-05,50.335,2.8719,0.6356
4637,stage2,2,0.09473665058612823,0.33324676752090454,0.0,0.09473665058612823,0.0001,1e-05,50.332,2.5021,0.6358
4638,stage2,2,0.12833578884601593,0.34870368242263794,0.0,0.12833578884601593,0.0001,1e-05,50.339,3.4001,0.6357
4639,stage2,2,0.1068769320845604,0.29667600989341736,0.0,0.1068769320845604,0.0001,1e-05,50.333,2.9287,0.6372
4640,stage2,2,0.11540653556585312,0.336919903755188,0.0,0.11540653556585312,0.0001,1e-05,50.337,2.9452,1.5937
4641,stage2,2,0.1103232204914093,0.30754706263542175,0.0,0.1103232204914093,0.0001,1e-05,50.337,2.3792,0.636
4642,stage2,2,0.1040826216340065,0.31597426533699036,0.0,0.1040826216340065,0.0001,1e-05,50.335,2.4809,0.6359
4643,stage2,2,0.11517833918333054,0.33345475792884827,0.0,0.11517833918333054,0.0001,1e-05,50.334,2.9312,2.658
4644,stage2,2,0.12493982166051865,0.31824445724487305,0.0,0.12493982166051865,0.0001,1e-05,50.338,3.2824,0.6359
4645,stage2,2,0.11752500385046005,0.29977813363075256,0.0,0.11752500385046005,0.0001,1e-05,50.335,2.7539,0.6362
4646,stage2,2,0.10271280258893967,0.34044110774993896,0.0,0.10271280258893967,0.0001,1e-05,50.335,2.5085,0.6359
4647,stage2,2,0.10495650768280029,0.3250252306461334,0.0,0.10495650768280029,0.0001,1e-05,50.339,2.7386,0.6363
4648,stage2,2,0.13558439910411835,0.32274773716926575,0.0,0.13558439910411835,0.0001,1e-05,50.333,3.6365,1.5141
4649,stage2,2,0.10803113877773285,0.3047298192977905,0.0,0.10803113877773285,0.0001,1e-05,50.336,2.8184,0.6357
4650,stage2,2,0.11349503695964813,0.317050963640213,0.0,0.11349503695964813,0.0001,1e-05,50.336,3.2135,0.6363
4651,stage2,2,0.12653544545173645,0.31258508563041687,0.0,0.12653544545173645,0.0001,1e-05,50.335,3.1357,2.7201
4652,stage2,2,0.11228559166193008,0.292674720287323,0.0,0.11228559166193008,0.0001,1e-05,50.336,3.0883,0.6361
4653,stage2,2,0.11945471912622452,0.3173019587993622,0.0,0.11945471912622452,0.0001,1e-05,50.335,3.3947,0.6364
4654,stage2,2,0.10839894413948059,0.31669142842292786,0.0,0.10839894413948059,0.0001,1e-05,50.338,2.7436,0.6358
4655,stage2,2,0.1229926273226738,0.30404743552207947,0.0,0.1229926273226738,0.0001,1e-05,50.339,2.957,0.6366
4656,stage2,2,0.11266033351421356,0.3206864893436432,0.0,0.11266033351421356,0.0001,1e-05,50.334,2.9207,1.447
4657,stage2,2,0.1071285679936409,0.312909334897995,0.0,0.1071285679936409,0.0001,1e-05,50.335,2.9429,0.6358
4658,stage2,2,0.0986589714884758,0.3650258779525757,0.0,0.0986589714884758,0.0001,1e-05,50.33,3.5464,0.636
4659,stage2,2,0.11368938535451889,0.2876053750514984,0.0,0.11368938535451889,0.0001,1e-05,50.333,2.8011,2.7316
4660,stage2,2,0.11767207086086273,0.30818527936935425,0.0,0.11767207086086273,0.0001,1e-05,50.335,2.7376,0.6353
4661,stage2,2,0.10676968842744827,0.38564932346343994,0.0,0.10676968842744827,0.0001,1e-05,50.341,2.5837,0.6358
4662,stage2,2,0.10736142843961716,0.28207263350486755,0.0,0.10736142843961716,0.0001,1e-05,50.33,2.5254,0.636
4663,stage2,2,0.10435325652360916,0.3216088116168976,0.0,0.10435325652360916,0.0001,1e-05,50.337,2.8795,0.64
4664,stage2,2,0.09865427762269974,0.3169324994087219,0.0,0.09865427762269974,0.0001,1e-05,50.337,2.897,1.4874
4665,stage2,2,0.11077697575092316,0.3135634660720825,0.0,0.11077697575092316,0.0001,1e-05,50.334,2.8381,0.6358
4666,stage2,2,0.1155828908085823,0.32682791352272034,0.0,0.1155828908085823,0.0001,1e-05,50.338,3.0003,0.636
4667,stage2,2,0.10695983469486237,0.30545324087142944,0.0,0.10695983469486237,0.0001,1e-05,50.336,2.9228,2.6695
4668,stage2,2,0.12293706834316254,0.3611294627189636,0.0,0.12293706834316254,0.0001,1e-05,50.336,3.2362,0.6355
4669,stage2,2,0.10754404217004776,0.33424875140190125,0.0,0.10754404217004776,0.0001,1e-05,50.335,2.7067,0.6359
4670,stage2,2,0.11673318594694138,0.3417162597179413,0.0,0.11673318594694138,0.0001,1e-05,50.334,3.0088,0.6369
4671,stage2,2,0.12245550006628036,0.3408156633377075,0.0,0.12245550006628036,0.0001,1e-05,50.33,2.8359,0.6361
4672,stage2,2,0.1160392016172409,0.3335357904434204,0.0,0.1160392016172409,0.0001,1e-05,50.336,3.0047,1.5088
4673,stage2,2,0.11537010967731476,0.3231790065765381,0.0,0.11537010967731476,0.0001,1e-05,50.335,3.0354,0.6356
4674,stage2,2,0.1121625304222107,0.3166033625602722,0.0,0.1121625304222107,0.0001,1e-05,50.331,3.3805,0.6365
4675,stage2,2,0.11073721945285797,0.31856486201286316,0.0,0.11073721945285797,0.0001,1e-05,50.333,2.6232,2.6607
4676,stage2,2,0.09858100116252899,0.31975823640823364,0.0,0.09858100116252899,0.0001,1e-05,50.334,2.3161,0.6354
4677,stage2,2,0.1147354245185852,0.33460378646850586,0.0,0.1147354245185852,0.0001,1e-05,50.336,3.464,0.635
4678,stage2,2,0.10667138546705246,0.3265094757080078,0.0,0.10667138546705246,0.0001,1e-05,50.334,3.0576,0.6357
4679,stage2,2,0.11211708933115005,0.3220342993736267,0.0,0.11211708933115005,0.0001,1e-05,50.328,3.555,0.6368
4680,stage2,2,0.10639570653438568,0.3593617379665375,0.0,0.10639570653438568,0.0001,1e-05,50.333,3.1955,1.5523
4681,stage2,2,0.10986120253801346,0.3466210663318634,0.0,0.10986120253801346,0.0001,1e-05,50.336,2.7452,0.6361
4682,stage2,2,0.11334934830665588,0.34052711725234985,0.0,0.11334934830665588,0.0001,1e-05,50.335,3.0669,0.6358
4683,stage2,2,0.12949500977993011,0.3185465633869171,0.0,0.12949500977993011,0.0001,1e-05,50.334,3.6628,2.653
4684,stage2,2,0.12252645939588547,0.30028262734413147,0.0,0.12252645939588547,0.0001,1e-05,50.337,3.0374,0.6355
4685,stage2,2,0.12793447077274323,0.299035906791687,0.0,0.12793447077274323,0.0001,1e-05,50.336,3.2165,0.636
4686,stage2,2,0.1131812185049057,0.3465452194213867,0.0,0.1131812185049057,0.0001,1e-05,50.335,3.1091,0.6357
4687,stage2,2,0.11334747076034546,0.34028589725494385,0.0,0.11334747076034546,0.0001,1e-05,50.335,2.901,0.6361
4688,stage2,2,0.11606033891439438,0.29580920934677124,0.0,0.11606033891439438,0.0001,1e-05,50.336,3.4428,1.5552
4689,stage2,2,0.11370237916707993,0.31980302929878235,0.0,0.11370237916707993,0.0001,1e-05,50.336,2.594,0.6351
4690,stage2,2,0.10048762708902359,0.2978546917438507,0.0,0.10048762708902359,0.0001,1e-05,50.33,2.4616,0.636
4691,stage2,2,0.10686693340539932,0.3329363167285919,0.0,0.10686693340539932,0.0001,1e-05,50.334,2.7586,2.6306
4692,stage2,2,0.09500837326049805,0.2995569109916687,0.0,0.09500837326049805,0.0001,1e-05,50.336,3.3918,0.6351
4693,stage2,2,0.11507215350866318,0.3161778450012207,0.0,0.11507215350866318,0.0001,1e-05,50.332,3.0846,0.6377
4694,stage2,2,0.12353914976119995,0.3030036687850952,0.0,0.12353914976119995,0.0001,1e-05,50.332,3.4508,0.635
4695,stage2,2,0.11689496785402298,0.31335288286209106,0.0,0.11689496785402298,0.0001,1e-05,50.335,3.4514,0.6358
4696,stage2,2,0.09999677538871765,0.3185555636882782,0.0,0.09999677538871765,0.0001,1e-05,50.334,2.4953,1.5751
4697,stage2,2,0.12015639245510101,0.3160168528556824,0.0,0.12015639245510101,0.0001,1e-05,50.338,2.8867,0.6362
4698,stage2,2,0.10513069480657578,0.3252106010913849,0.0,0.10513069480657578,0.0001,1e-05,50.334,2.8319,0.6358
4699,stage2,2,0.11627940088510513,0.3100493550300598,0.0,0.11627940088510513,0.0001,1e-05,50.332,3.1296,2.6226
4700,stage2,2,0.11376213282346725,0.31560999155044556,0.0,0.11376213282346725,0.0001,1e-05,50.332,3.5282,0.6356
4701,stage2,2,0.10155170410871506,0.3282231390476227,0.0,0.10155170410871506,0.0001,1e-05,50.336,3.048,0.6366
4702,stage2,2,0.10350792109966278,0.30513614416122437,0.0,0.10350792109966278,0.0001,1e-05,50.332,2.6056,0.6367
4703,stage2,2,0.1069742813706398,0.32283350825309753,0.0,0.1069742813706398,0.0001,1e-05,50.332,2.5507,0.6359
4704,stage2,2,0.09981105476617813,0.31480979919433594,0.0,0.09981105476617813,0.0001,1e-05,50.337,2.6831,1.5597
4705,stage2,2,0.10985163599252701,0.32848039269447327,0.0,0.10985163599252701,0.0001,1e-05,50.335,3.0369,0.6361
4706,stage2,2,0.12574759125709534,0.3370886743068695,0.0,0.12574759125709534,0.0001,1e-05,50.334,3.4798,0.6365
4707,stage2,2,0.10494101047515869,0.30940350890159607,0.0,0.10494101047515869,0.0001,1e-05,50.333,2.9996,2.6222
4708,stage2,2,0.11087103188037872,0.31648170948028564,0.0,0.11087103188037872,0.0001,1e-05,50.337,2.5951,0.6351
4709,stage2,2,0.11250992119312286,0.2977313697338104,0.0,0.11250992119312286,0.0001,1e-05,50.339,2.8265,0.6367
4710,stage2,2,0.11374536156654358,0.29664695262908936,0.0,0.11374536156654358,0.0001,1e-05,50.335,2.8088,0.6392
4711,stage2,2,0.12738221883773804,0.3132292926311493,0.0,0.12738221883773804,0.0001,1e-05,50.335,3.1606,0.6354
4712,stage2,2,0.10399921238422394,0.32763177156448364,0.0,0.10399921238422394,0.0001,1e-05,50.336,2.9126,1.6084
4713,stage2,2,0.1072349026799202,0.3204256296157837,0.0,0.1072349026799202,0.0001,1e-05,50.335,3.1586,0.636
4714,stage2,2,0.1108427494764328,0.3143845200538635,0.0,0.1108427494764328,0.0001,1e-05,50.337,2.8757,0.6369
4715,stage2,2,0.10979080200195312,0.3368542492389679,0.0,0.10979080200195312,0.0001,1e-05,50.333,2.5937,2.6448
4716,stage2,2,0.10613737255334854,0.33421728014945984,0.0,0.10613737255334854,0.0001,1e-05,50.337,2.724,0.636
4717,stage2,2,0.10321017354726791,0.33012863993644714,0.0,0.10321017354726791,0.0001,1e-05,50.334,2.8547,0.6365
4718,stage2,2,0.1140032634139061,0.3384394645690918,0.0,0.1140032634139061,0.0001,1e-05,50.339,2.5509,0.6373
4719,stage2,2,0.10025695711374283,0.3092633783817291,0.0,0.10025695711374283,0.0001,1e-05,50.335,2.5645,0.6354
4720,stage2,2,0.12549486756324768,0.3130490183830261,0.0,0.12549486756324768,0.0001,1e-05,50.334,3.4972,1.5055
4721,stage2,2,0.10407647490501404,0.30499890446662903,0.0,0.10407647490501404,0.0001,1e-05,50.334,2.7017,0.6368
4722,stage2,2,0.11402930319309235,0.32287609577178955,0.0,0.11402930319309235,0.0001,1e-05,50.338,3.2423,0.6365
4723,stage2,2,0.10317230969667435,0.3212183117866516,0.0,0.10317230969667435,0.0001,1e-05,50.332,2.7983,2.7101
4724,stage2,2,0.11810077726840973,0.34170839190483093,0.0,0.11810077726840973,0.0001,1e-05,50.337,2.9904,0.6353
4725,stage2,2,0.10533475875854492,0.34166672825813293,0.0,0.10533475875854492,0.0001,1e-05,50.336,2.6433,0.6364
4726,stage2,2,0.11012441664934158,0.31006714701652527,0.0,0.11012441664934158,0.0001,1e-05,50.333,3.0077,0.6369
4727,stage2,2,0.11167098581790924,0.33261728286743164,0.0,0.11167098581790924,0.0001,1e-05,50.336,3.2796,0.6374
4728,stage2,2,0.11604230850934982,0.3062511682510376,0.0,0.11604230850934982,0.0001,1e-05,50.332,4.2029,1.4731
4729,stage2,2,0.1061929315328598,0.29830437898635864,0.0,0.1061929315328598,0.0001,1e-05,50.337,3.0554,0.6366
4730,stage2,2,0.1174604743719101,0.360503226518631,0.0,0.1174604743719101,0.0001,1e-05,50.331,3.3375,0.6363
4731,stage2,2,0.09654183685779572,0.35738468170166016,0.0,0.09654183685779572,0.0001,1e-05,50.338,2.5123,2.8132
4732,stage2,2,0.11458798497915268,0.3122998774051666,0.0,0.11458798497915268,0.0001,1e-05,50.336,2.9214,0.6362
4733,stage2,2,0.10867637395858765,0.3216370940208435,0.0,0.10867637395858765,0.0001,1e-05,50.34,2.8832,0.6358
4734,stage2,2,0.14020557701587677,0.3208800256252289,0.0,0.14020557701587677,0.0001,1e-05,50.338,3.8303,0.6365
4735,stage2,2,0.12181352078914642,0.3114108145236969,0.0,0.12181352078914642,0.0001,1e-05,50.336,3.235,0.6359
4736,stage2,2,0.11234036087989807,0.3137872517108917,0.0,0.11234036087989807,0.0001,1e-05,50.336,3.0499,1.384
4737,stage2,2,0.11852631717920303,0.32008931040763855,0.0,0.11852631717920303,0.0001,1e-05,50.338,3.9416,0.6366
4738,stage2,2,0.11025295406579971,0.30107635259628296,0.0,0.11025295406579971,0.0001,1e-05,50.334,2.3211,0.6369
4739,stage2,2,0.11731026321649551,0.2998224198818207,0.0,0.11731026321649551,0.0001,1e-05,50.34,3.0668,2.8291
4740,stage2,2,0.1104663535952568,0.3227510452270508,0.0,0.1104663535952568,0.0001,1e-05,50.335,3.803,0.6368
4741,stage2,2,0.12173531949520111,0.3589687943458557,0.0,0.12173531949520111,0.0001,1e-05,50.336,3.7234,0.6359
4742,stage2,2,0.10433907806873322,0.31990861892700195,0.0,0.10433907806873322,0.0001,1e-05,50.334,2.5215,0.6368
4743,stage2,2,0.11308286339044571,0.3053300082683563,0.0,0.11308286339044571,0.0001,1e-05,50.338,3.2688,0.6365
4744,stage2,2,0.1125425174832344,0.29412132501602173,0.0,0.1125425174832344,0.0001,1e-05,50.338,2.723,1.353
4745,stage2,2,0.13445451855659485,0.3142632246017456,0.0,0.13445451855659485,0.0001,1e-05,50.337,3.7656,0.6359
4746,stage2,2,0.1009979099035263,0.3379567265510559,0.0,0.1009979099035263,0.0001,1e-05,50.334,2.5048,0.6361
4747,stage2,2,0.11602497845888138,0.33981043100357056,0.0,0.11602497845888138,0.0001,1e-05,50.336,3.3647,2.909
4748,stage2,2,0.1268957257270813,0.3196578621864319,0.0,0.1268957257270813,0.0001,1e-05,50.338,2.8,0.636
4749,stage2,2,0.09970928728580475,0.32722383737564087,0.0,0.09970928728580475,0.0001,1e-05,50.335,2.3285,0.6363
4750,stage2,2,0.1202099621295929,0.32272714376449585,0.0,0.1202099621295929,0.0001,1e-05,50.337,3.1262,0.6363
4751,stage2,2,0.1032639592885971,0.3497726321220398,0.0,0.1032639592885971,0.0001,1e-05,50.337,2.7676,0.6372
4752,stage2,2,0.10503653436899185,0.328072726726532,0.0,0.10503653436899185,0.0001,1e-05,50.337,2.9038,1.2601
4753,stage2,2,0.09800649434328079,0.32340946793556213,0.0,0.09800649434328079,0.0001,1e-05,50.337,3.1363,0.6371
4754,stage2,2,0.0992194414138794,0.34230291843414307,0.0,0.0992194414138794,0.0001,1e-05,50.338,2.633,0.6371
4755,stage2,2,0.1141047328710556,0.3255468010902405,0.0,0.1141047328710556,0.0001,1e-05,50.334,2.9734,2.9422
4756,stage2,2,0.09870076179504395,0.2812919020652771,0.0,0.09870076179504395,0.0001,1e-05,50.337,2.5835,0.6351
4757,stage2,2,0.11902179569005966,0.31873494386672974,0.0,0.11902179569005966,0.0001,1e-05,50.336,3.3361,0.6364
4758,stage2,2,0.10947895050048828,0.3118414878845215,0.0,0.10947895050048828,0.0001,1e-05,50.34,3.0985,0.6372
4759,stage2,2,0.11083753407001495,0.3194868862628937,0.0,0.11083753407001495,0.0001,1e-05,50.338,3.0602,0.636
4760,stage2,2,0.10803099721670151,0.31216180324554443,0.0,0.10803099721670151,0.0001,1e-05,50.335,2.8891,1.292
4761,stage2,2,0.10500601679086685,0.3237045705318451,0.0,0.10500601679086685,0.0001,1e-05,50.337,2.6817,0.6363
4762,stage2,2,0.10165209323167801,0.317480206489563,0.0,0.10165209323167801,0.0001,1e-05,50.335,3.2222,0.6373
4763,stage2,2,0.12608157098293304,0.31125760078430176,0.0,0.12608157098293304,0.0001,1e-05,50.338,2.9632,2.8835
4764,stage2,2,0.10832779854536057,0.30678489804267883,0.0,0.10832779854536057,0.0001,1e-05,50.337,2.8558,0.6363
4765,stage2,2,0.1214229017496109,0.32728150486946106,0.0,0.1214229017496109,0.0001,1e-05,50.336,3.1208,0.6363
4766,stage2,2,0.13150189816951752,0.3123074173927307,0.0,0.13150189816951752,0.0001,1e-05,50.34,3.8346,0.6371
4767,stage2,2,0.1215246170759201,0.30216458439826965,0.0,0.1215246170759201,0.0001,1e-05,50.333,3.505,0.6373
4768,stage2,2,0.1120128482580185,0.3164697289466858,0.0,0.1120128482580185,0.0001,1e-05,50.335,2.9692,1.3051
4769,stage2,2,0.11184476315975189,0.290999174118042,0.0,0.11184476315975189,0.0001,1e-05,50.339,3.1837,0.6367
4770,stage2,2,0.10921674221754074,0.30676764249801636,0.0,0.10921674221754074,0.0001,1e-05,50.334,3.2638,0.6373
4771,stage2,2,0.11861444264650345,0.2938022017478943,0.0,0.11861444264650345,0.0001,1e-05,50.34,3.3576,2.8976
4772,stage2,2,0.10618790239095688,0.30159714818000793,0.0,0.10618790239095688,0.0001,1e-05,50.335,2.734,0.6358
4773,stage2,2,0.11062981188297272,0.32584261894226074,0.0,0.11062981188297272,0.0001,1e-05,50.338,2.9179,0.6373
4774,stage2,2,0.11821138113737106,0.35490089654922485,0.0,0.11821138113737106,0.0001,1e-05,50.339,3.3599,0.6368
4775,stage2,2,0.09856197237968445,0.32687023282051086,0.0,0.09856197237968445,0.0001,1e-05,50.337,2.7101,0.6377
4776,stage2,2,0.11032679677009583,0.31384357810020447,0.0,0.11032679677009583,0.0001,1e-05,50.335,3.2235,1.3047
4777,stage2,2,0.10233447700738907,0.30195507407188416,0.0,0.10233447700738907,0.0001,1e-05,50.336,2.8109,0.6371
4778,stage2,2,0.11325336247682571,0.3224443197250366,0.0,0.11325336247682571,0.0001,1e-05,50.333,2.7648,0.6372
4779,stage2,2,0.09225401282310486,0.3150688111782074,0.0,0.09225401282310486,0.0001,1e-05,50.337,2.2499,2.9387
4780,stage2,2,0.10735861957073212,0.32886818051338196,0.0,0.10735861957073212,0.0001,1e-05,50.336,2.8479,0.6356
4781,stage2,2,0.11063454300165176,0.2896064221858978,0.0,0.11063454300165176,0.0001,1e-05,50.337,2.6663,0.6362
4782,stage2,2,0.11278431862592697,0.30074235796928406,0.0,0.11278431862592697,0.0001,1e-05,50.336,3.3894,0.6379
4783,stage2,2,0.10413721203804016,0.2997675836086273,0.0,0.10413721203804016,0.0001,1e-05,50.336,2.8845,0.6372
4784,stage2,2,0.10927960276603699,0.3269672393798828,0.0,0.10927960276603699,0.0001,1e-05,50.335,2.9764,1.2361
4785,stage2,2,0.12244843691587448,0.2944432497024536,0.0,0.12244843691587448,0.0001,1e-05,50.336,2.8572,0.6366
4786,stage2,2,0.12004216015338898,0.32331937551498413,0.0,0.12004216015338898,0.0001,1e-05,50.337,3.501,0.6375
4787,stage2,2,0.10903454571962357,0.33948200941085815,0.0,0.10903454571962357,0.0001,1e-05,50.339,3.0064,2.9264
4788,stage2,2,0.11334291100502014,0.29864734411239624,0.0,0.11334291100502014,0.0001,1e-05,50.337,2.5153,0.6365
4789,stage2,2,0.12079107761383057,0.3358992338180542,0.0,0.12079107761383057,0.0001,1e-05,50.336,3.5508,0.6362
4790,stage2,2,0.1065177172422409,0.33608478307724,0.0,0.1065177172422409,0.0001,1e-05,50.337,2.9125,0.6374
4791,stage2,2,0.12235645204782486,0.3381483256816864,0.0,0.12235645204782486,0.0001,1e-05,50.336,3.227,0.6373
4792,stage2,2,0.12314903736114502,0.3041629493236542,0.0,0.12314903736114502,0.0001,1e-05,50.337,3.8018,1.1828
4793,stage2,2,0.11116985231637955,0.297408789396286,0.0,0.11116985231637955,0.0001,1e-05,50.336,2.9109,0.6375
4794,stage2,2,0.09853344410657883,0.30511558055877686,0.0,0.09853344410657883,0.0001,1e-05,50.34,2.6198,0.6367
4795,stage2,2,0.10356059670448303,0.3068670928478241,0.0,0.10356059670448303,0.0001,1e-05,50.335,2.571,3.0283
4796,stage2,2,0.11397714167833328,0.30958032608032227,0.0,0.11397714167833328,0.0001,1e-05,50.339,4.0421,0.6369
4797,stage2,2,0.08858154714107513,0.32622650265693665,0.0,0.08858154714107513,0.0001,1e-05,50.338,2.4904,0.6377
4798,stage2,2,0.0992153212428093,0.3192475140094757,0.0,0.0992153212428093,0.0001,1e-05,50.337,2.8837,0.6426
4799,stage2,2,0.10991761833429337,0.30863577127456665,0.0,0.10991761833429337,0.0001,1e-05,50.337,2.8473,0.6375
4800,stage2,2,0.09314440190792084,0.30067962408065796,0.0,0.09314440190792084,0.0001,1e-05,50.339,2.2691,1.1706
4801,stage2,2,0.11167202889919281,0.3126542568206787,0.0,0.11167202889919281,0.0001,1e-05,50.338,3.3208,0.6378
4802,stage2,2,0.12763836979866028,0.3500111401081085,0.0,0.12763836979866028,0.0001,1e-05,50.339,3.3581,0.6371
4803,stage2,2,0.09762809425592422,0.3376922011375427,0.0,0.09762809425592422,0.0001,1e-05,50.336,2.8907,3.0207
4804,stage2,2,0.1050192192196846,0.2927524447441101,0.0,0.1050192192196846,0.0001,1e-05,50.338,2.5126,0.6359
4805,stage2,2,0.13612644374370575,0.3182530105113983,0.0,0.13612644374370575,0.0001,1e-05,50.337,4.7012,0.6362
4806,stage2,2,0.11384614557027817,0.3286114037036896,0.0,0.11384614557027817,0.0001,1e-05,50.338,3.2846,0.636
4807,stage2,2,0.09749696403741837,0.30428460240364075,0.0,0.09749696403741837,0.0001,1e-05,50.333,2.8064,0.6359
4808,stage2,2,0.09983217716217041,0.33859968185424805,0.0,0.09983217716217041,0.0001,1e-05,50.337,2.8697,1.1813
4809,stage2,2,0.12219932675361633,0.3129778504371643,0.0,0.12219932675361633,0.0001,1e-05,50.337,2.9022,0.6378
4810,stage2,2,0.11681640148162842,0.316223680973053,0.0,0.11681640148162842,0.0001,1e-05,50.338,3.0735,0.6369
4811,stage2,2,0.10981183499097824,0.29483771324157715,0.0,0.10981183499097824,0.0001,1e-05,50.335,2.7824,2.9562
4812,stage2,2,0.10483312606811523,0.3521280884742737,0.0,0.10483312606811523,0.0001,1e-05,50.337,2.5122,0.6368
4813,stage2,2,0.11601832509040833,0.3161376416683197,0.0,0.11601832509040833,0.0001,1e-05,50.334,2.9217,0.6376
4814,stage2,2,0.1070379838347435,0.3076282739639282,0.0,0.1070379838347435,0.0001,1e-05,50.336,3.0041,0.6378
4815,stage2,2,0.1199815645813942,0.32439422607421875,0.0,0.1199815645813942,0.0001,1e-05,50.332,2.6488,0.6375
4816,stage2,2,0.12249534577131271,0.31473591923713684,0.0,0.12249534577131271,0.0001,1e-05,50.337,2.9794,1.2082
4817,stage2,2,0.1030598133802414,0.32203206419944763,0.0,0.1030598133802414,0.0001,1e-05,50.335,2.857,0.6371
4818,stage2,2,0.11510015279054642,0.3276943862438202,0.0,0.11510015279054642,0.0001,1e-05,50.337,3.148,0.6367
4819,stage2,2,0.11025042831897736,0.31897294521331787,0.0,0.11025042831897736,0.0001,1e-05,50.337,2.9523,2.9913
4820,stage2,2,0.10806125402450562,0.3033161163330078,0.0,0.10806125402450562,0.0001,1e-05,50.338,2.8907,0.6372
4821,stage2,2,0.12196480482816696,0.32146134972572327,0.0,0.12196480482816696,0.0001,1e-05,50.336,3.4713,0.64
4822,stage2,2,0.1078886166214943,0.30382850766181946,0.0,0.1078886166214943,0.0001,1e-05,50.337,2.8122,0.6352
4823,stage2,2,0.10727175325155258,0.3339046835899353,0.0,0.10727175325155258,0.0001,1e-05,50.335,2.6268,0.6386
4824,stage2,2,0.1228279322385788,0.297761470079422,0.0,0.1228279322385788,0.0001,1e-05,50.34,3.4836,1.1797
4825,stage2,2,0.11299202591180801,0.2938174307346344,0.0,0.11299202591180801,0.0001,1e-05,50.336,2.6783,0.6372
4826,stage2,2,0.1082128956913948,0.32737863063812256,0.0,0.1082128956913948,0.0001,1e-05,50.334,2.7895,0.6377
4827,stage2,2,0.09858491271734238,0.31568366289138794,0.0,0.09858491271734238,0.0001,1e-05,50.333,2.8978,3.0882
4828,stage2,2,0.09605134278535843,0.31480303406715393,0.0,0.09605134278535843,0.0001,1e-05,50.334,2.5715,0.6358
4829,stage2,2,0.11704984307289124,0.30712756514549255,0.0,0.11704984307289124,0.0001,1e-05,50.339,3.0909,0.637
4830,stage2,2,0.10333745926618576,0.2922409772872925,0.0,0.10333745926618576,0.0001,1e-05,50.334,2.6098,0.6373
4831,stage2,2,0.10549124330282211,0.29144012928009033,0.0,0.10549124330282211,0.0001,1e-05,50.339,2.4573,0.6371
4832,stage2,2,0.11288877576589584,0.31233131885528564,0.0,0.11288877576589584,0.0001,1e-05,50.33,2.7695,1.1048
4833,stage2,2,0.10405119508504868,0.3098090887069702,0.0,0.10405119508504868,0.0001,1e-05,50.333,3.1165,0.6377
4834,stage2,2,0.11426709592342377,0.3276514708995819,0.0,0.11426709592342377,0.0001,1e-05,50.336,3.1009,0.6384
4835,stage2,2,0.10514926165342331,0.3054615259170532,0.0,0.10514926165342331,0.0001,1e-05,50.333,2.6892,3.0737
4836,stage2,2,0.10350154340267181,0.33042922616004944,0.0,0.10350154340267181,0.0001,1e-05,50.338,2.6898,0.6361
4837,stage2,2,0.0985088124871254,0.3232615888118744,0.0,0.0985088124871254,0.0001,1e-05,50.334,2.8845,0.6366
4838,stage2,2,0.10897938907146454,0.3189893066883087,0.0,0.10897938907146454,0.0001,1e-05,50.338,2.9635,0.6368
4839,stage2,2,0.08517472445964813,0.28775763511657715,0.0,0.08517472445964813,0.0001,1e-05,50.333,2.9797,0.6377
4840,stage2,2,0.10574163496494293,0.3122878968715668,0.0,0.10574163496494293,0.0001,1e-05,50.339,3.0133,1.1263
4841,stage2,2,0.12931503355503082,0.31077414751052856,0.0,0.12931503355503082,0.0001,1e-05,50.332,3.6073,0.6372
4842,stage2,2,0.11981339007616043,0.30089229345321655,0.0,0.11981339007616043,0.0001,1e-05,50.336,3.7349,0.6367
4843,stage2,2,0.1222008541226387,0.3125069737434387,0.0,0.1222008541226387,0.0001,1e-05,50.335,3.3084,3.0501
4844,stage2,2,0.11653254181146622,0.3513895273208618,0.0,0.11653254181146622,0.0001,1e-05,50.335,4.2947,0.6357
4845,stage2,2,0.10731447488069534,0.30416929721832275,0.0,0.10731447488069534,0.0001,1e-05,50.335,3.792,0.6364
4846,stage2,2,0.12478914856910706,0.31999528408050537,0.0,0.12478914856910706,0.0001,1e-05,50.338,3.3816,0.6391
4847,stage2,2,0.10052210837602615,0.32116129994392395,0.0,0.10052210837602615,0.0001,1e-05,50.338,3.3196,0.6393
4848,stage2,2,0.10639732331037521,0.3092024028301239,0.0,0.10639732331037521,0.0001,1e-05,50.339,2.5207,1.0472
4849,stage2,2,0.10792454332113266,0.32651615142822266,0.0,0.10792454332113266,0.0001,1e-05,50.335,2.3386,0.6367
4850,stage2,2,0.10516620427370071,0.2955085039138794,0.0,0.10516620427370071,0.0001,1e-05,50.334,3.0481,0.6368
4851,stage2,2,0.13886064291000366,0.31016871333122253,0.0,0.13886064291000366,0.0001,1e-05,50.336,3.6689,3.1164
4852,stage2,2,0.09993181377649307,0.32525378465652466,0.0,0.09993181377649307,0.0001,1e-05,50.335,2.6514,0.6372
4853,stage2,2,0.10517612099647522,0.3411734402179718,0.0,0.10517612099647522,0.0001,1e-05,50.339,2.7597,0.6361
4854,stage2,2,0.10877249389886856,0.336300790309906,0.0,0.10877249389886856,0.0001,1e-05,50.334,3.1956,0.6414
4855,stage2,2,0.09882913529872894,0.3145546615123749,0.0,0.09882913529872894,0.0001,1e-05,50.338,2.3866,0.6372
4856,stage2,2,0.09961981326341629,0.3248702883720398,0.0,0.09961981326341629,0.0001,1e-05,50.333,2.6044,1.0403
4857,stage2,2,0.1172650158405304,0.32943618297576904,0.0,0.1172650158405304,0.0001,1e-05,50.334,2.8069,0.6379
4858,stage2,2,0.11063883453607559,0.31249338388442993,0.0,0.11063883453607559,0.0001,1e-05,50.333,2.9438,0.6375
4859,stage2,2,0.11692935973405838,0.337371826171875,0.0,0.11692935973405838,0.0001,1e-05,50.334,3.0011,3.2271
4860,stage2,2,0.10490138083696365,0.30264878273010254,0.0,0.10490138083696365,0.0001,1e-05,50.334,2.6568,0.6365
4861,stage2,2,0.10285460948944092,0.26905378699302673,0.0,0.10285460948944092,0.0001,1e-05,50.334,2.6555,0.6371
4862,stage2,2,0.10215551406145096,0.303638756275177,0.0,0.10215551406145096,0.0001,1e-05,50.331,2.7774,0.6373
4863,stage2,2,0.1137486919760704,0.2942298352718353,0.0,0.1137486919760704,0.0001,1e-05,50.33,3.0801,0.6367
4864,stage2,2,0.11371614784002304,0.29548606276512146,0.0,0.11371614784002304,0.0001,1e-05,50.338,2.867,0.8948
4865,stage2,2,0.0960690900683403,0.3321338891983032,0.0,0.0960690900683403,0.0001,1e-05,50.337,2.1782,0.639
4866,stage2,2,0.09927000105381012,0.29808658361434937,0.0,0.09927000105381012,0.0001,1e-05,50.337,2.2831,0.6385
4867,stage2,2,0.10225365310907364,0.33349043130874634,0.0,0.10225365310907364,0.0001,1e-05,50.339,2.3833,3.3219
4868,stage2,2,0.12120626121759415,0.2883601188659668,0.0,0.12120626121759415,0.0001,1e-05,50.335,2.7597,0.6367
4869,stage2,2,0.12945692241191864,0.30036187171936035,0.0,0.12945692241191864,0.0001,1e-05,50.338,3.6301,0.6361
4870,stage2,2,0.10582948476076126,0.29825541377067566,0.0,0.10582948476076126,0.0001,1e-05,50.335,2.7729,0.6377
4871,stage2,2,0.09383475035429001,0.2872752845287323,0.0,0.09383475035429001,0.0001,1e-05,50.338,2.4287,0.6363
4872,stage2,2,0.11307970434427261,0.29447922110557556,0.0,0.11307970434427261,0.0001,1e-05,50.337,3.3943,0.9917
4873,stage2,2,0.09672390669584274,0.3014185130596161,0.0,0.09672390669584274,0.0001,1e-05,50.335,2.4948,0.6375
4874,stage2,2,0.10752666741609573,0.2857624292373657,0.0,0.10752666741609573,0.0001,1e-05,50.339,2.6149,0.6374
4875,stage2,2,0.09923345595598221,0.331524133682251,0.0,0.09923345595598221,0.0001,1e-05,50.332,3.0084,3.3771
4876,stage2,2,0.10747654736042023,0.31373587250709534,0.0,0.10747654736042023,0.0001,1e-05,50.337,2.6553,0.6359
4877,stage2,2,0.10780774801969528,0.3277522623538971,0.0,0.10780774801969528,0.0001,1e-05,50.335,3.0418,0.6371
4878,stage2,2,0.1019267812371254,0.29110389947891235,0.0,0.1019267812371254,0.0001,1e-05,50.335,2.6528,0.6365
4879,stage2,2,0.10569918900728226,0.2896786630153656,0.0,0.10569918900728226,0.0001,1e-05,50.336,2.9316,0.6373
4880,stage2,2,0.09087196737527847,0.31502804160118103,0.0,0.09087196737527847,0.0001,1e-05,50.335,2.587,0.8466
4881,stage2,2,0.10925006866455078,0.31491467356681824,0.0,0.10925006866455078,0.0001,1e-05,50.335,2.7463,0.6381
4882,stage2,2,0.09141509234905243,0.32809898257255554,0.0,0.09141509234905243,0.0001,1e-05,50.335,3.1041,0.6377
4883,stage2,2,0.09795549511909485,0.32524344325065613,0.0,0.09795549511909485,0.0001,1e-05,50.336,2.852,3.3458
4884,stage2,2,0.1121109127998352,0.31584954261779785,0.0,0.1121109127998352,0.0001,1e-05,50.335,3.264,0.6355
4885,stage2,2,0.09979162365198135,0.2956634759902954,0.0,0.09979162365198135,0.0001,1e-05,50.338,2.5488,0.6402
4886,stage2,2,0.10898970812559128,0.3220892548561096,0.0,0.10898970812559128,0.0001,1e-05,50.331,2.7905,0.6339
4887,stage2,2,0.10779979825019836,0.3025520443916321,0.0,0.10779979825019836,0.0001,1e-05,50.334,3.1592,0.6377
4888,stage2,2,0.10233703255653381,0.32224613428115845,0.0,0.10233703255653381,0.0001,1e-05,50.336,2.4466,0.8193
4889,stage2,2,0.09584340453147888,0.2909393012523651,0.0,0.09584340453147888,0.0001,1e-05,50.332,2.9808,0.637
4890,stage2,2,0.12101016193628311,0.30507996678352356,0.0,0.12101016193628311,0.0001,1e-05,50.336,3.2642,0.6379
4891,stage2,2,0.1180252656340599,0.31432589888572693,0.0,0.1180252656340599,0.0001,1e-05,50.336,3.9797,3.3933
4892,stage2,2,0.09761787205934525,0.3235889673233032,0.0,0.09761787205934525,0.0001,1e-05,50.333,2.6081,0.6361
4893,stage2,2,0.1090533509850502,0.29581204056739807,0.0,0.1090533509850502,0.0001,1e-05,50.334,2.6176,0.6366
4894,stage2,2,0.10971174389123917,0.31236785650253296,0.0,0.10971174389123917,0.0001,1e-05,50.333,3.4344,0.6365
4895,stage2,2,0.11980704218149185,0.30589643120765686,0.0,0.11980704218149185,0.0001,1e-05,50.337,3.3614,0.6367
4896,stage2,2,0.10156586021184921,0.307818204164505,0.0,0.10156586021184921,0.0001,1e-05,50.336,2.8894,0.7793
4897,stage2,2,0.11212315410375595,0.31485384702682495,0.0,0.11212315410375595,0.0001,1e-05,50.337,2.8926,0.6372
4898,stage2,2,0.11516794562339783,0.3114889860153198,0.0,0.11516794562339783,0.0001,1e-05,50.335,3.1759,0.6381
4899,stage2,2,0.10114271193742752,0.33020710945129395,0.0,0.10114271193742752,0.0001,1e-05,50.338,2.7266,3.423
4900,stage2,2,0.08678226917982101,0.3241044878959656,0.0,0.08678226917982101,0.0001,1e-05,50.338,2.5458,0.6355
4901,stage2,2,0.11268134415149689,0.30214521288871765,0.0,0.11268134415149689,0.0001,1e-05,50.332,3.2685,0.6362
4902,stage2,2,0.11470753699541092,0.31809279322624207,0.0,0.11470753699541092,0.0001,1e-05,50.336,3.3153,0.6366
4903,stage2,2,0.10783908516168594,0.3047262132167816,0.0,0.10783908516168594,0.0001,1e-05,50.339,2.8265,0.6367
4904,stage2,2,0.09164473414421082,0.30319011211395264,0.0,0.09164473414421082,0.0001,1e-05,50.333,2.6099,0.7846
4905,stage2,2,0.10956040024757385,0.31706950068473816,0.0,0.10956040024757385,0.0001,1e-05,50.337,3.3546,0.6367
4906,stage2,2,0.09150268137454987,0.3414728045463562,0.0,0.09150268137454987,0.0001,1e-05,50.335,2.2981,0.6377
4907,stage2,2,0.11509547382593155,0.30071234703063965,0.0,0.11509547382593155,0.0001,1e-05,50.331,2.9315,3.4026
4908,stage2,2,0.103009432554245,0.32625651359558105,0.0,0.103009432554245,0.0001,1e-05,50.333,2.4504,0.6356
4909,stage2,2,0.11001729220151901,0.3134707510471344,0.0,0.11001729220151901,0.0001,1e-05,50.337,3.4304,0.6416
4910,stage2,2,0.10150857269763947,0.3164755403995514,0.0,0.10150857269763947,0.0001,1e-05,50.334,2.6141,0.6309
4911,stage2,2,0.10434845089912415,0.2896341383457184,0.0,0.10434845089912415,0.0001,1e-05,50.336,2.5722,0.636
4912,stage2,2,0.11125781387090683,0.272560715675354,0.0,0.11125781387090683,0.0001,1e-05,50.335,2.9411,0.7392
4913,stage2,2,0.1039416491985321,0.30597788095474243,0.0,0.1039416491985321,0.0001,1e-05,50.335,3.0115,0.6374
4914,stage2,2,0.11263666301965714,0.3226057291030884,0.0,0.11263666301965714,0.0001,1e-05,50.335,2.939,0.6377
4915,stage2,2,0.11620913445949554,0.3095351755619049,0.0,0.11620913445949554,0.0001,1e-05,50.336,2.5513,3.4641
4916,stage2,2,0.09991727024316788,0.3176872134208679,0.0,0.09991727024316788,0.0001,1e-05,50.334,2.788,0.6352
4917,stage2,2,0.11096150428056717,0.30977049469947815,0.0,0.11096150428056717,0.0001,1e-05,50.334,3.4281,0.6358
4918,stage2,2,0.10867764800786972,0.28156936168670654,0.0,0.10867764800786972,0.0001,1e-05,50.333,2.683,0.6363
4919,stage2,2,0.11323787271976471,0.30293282866477966,0.0,0.11323787271976471,0.0001,1e-05,50.336,2.6733,0.6367
4920,stage2,2,0.10288167744874954,0.2861562669277191,0.0,0.10288167744874954,0.0001,1e-05,50.334,2.4334,0.6933
4921,stage2,2,0.09509725123643875,0.31361693143844604,0.0,0.09509725123643875,0.0001,1e-05,50.334,2.4907,0.6373
4922,stage2,2,0.10719994455575943,0.3221225440502167,0.0,0.10719994455575943,0.0001,1e-05,50.335,2.8721,0.6373
4923,stage2,2,0.1143544539809227,0.30651262402534485,0.0,0.1143544539809227,0.0001,1e-05,50.337,3.3181,3.539
4924,stage2,2,0.10296677052974701,0.3061101734638214,0.0,0.10296677052974701,0.0001,1e-05,50.337,3.012,0.6357
4925,stage2,2,0.10636808723211288,0.32319289445877075,0.0,0.10636808723211288,0.0001,1e-05,50.337,2.8109,0.6357
4926,stage2,2,0.09653867036104202,0.30442818999290466,0.0,0.09653867036104202,0.0001,1e-05,50.336,2.5727,0.6371
4927,stage2,2,0.10107751935720444,0.3171423673629761,0.0,0.10107751935720444,0.0001,1e-05,50.334,2.7116,0.6373
4928,stage2,2,0.08390296250581741,0.31296417117118835,0.0,0.08390296250581741,0.0001,1e-05,50.339,2.072,0.6398
4929,stage2,2,0.10608644038438797,0.3118378520011902,0.0,0.10608644038438797,0.0001,1e-05,50.338,3.8058,0.6367
4930,stage2,2,0.11034209281206131,0.3144671618938446,0.0,0.11034209281206131,0.0001,1e-05,50.334,3.2,0.6373
4931,stage2,2,0.09497260302305222,0.3295201063156128,0.0,0.09497260302305222,0.0001,1e-05,50.335,2.7071,3.5467
4932,stage2,2,0.09564076364040375,0.29483166337013245,0.0,0.09564076364040375,0.0001,1e-05,50.336,2.8608,0.6354
4933,stage2,2,0.10033397376537323,0.2931596040725708,0.0,0.10033397376537323,0.0001,1e-05,50.336,2.5797,0.6359
4934,stage2,2,0.10227000713348389,0.3255068063735962,0.0,0.10227000713348389,0.0001,1e-05,50.334,2.5226,0.6362
4935,stage2,2,0.09874739497900009,0.28864577412605286,0.0,0.09874739497900009,0.0001,1e-05,50.335,2.2728,0.6363
4936,stage2,2,0.1237734854221344,0.28733065724372864,0.0,0.1237734854221344,0.0001,1e-05,50.337,4.1356,0.6355
4937,stage2,2,0.10146944969892502,0.2946491539478302,0.0,0.10146944969892502,0.0001,1e-05,50.333,2.4923,0.637
4938,stage2,2,0.11267819255590439,0.29899606108665466,0.0,0.11267819255590439,0.0001,1e-05,50.334,3.1669,0.6371
4939,stage2,2,0.10272005945444107,0.31174787878990173,0.0,0.10272005945444107,0.0001,1e-05,50.333,2.8148,3.5289
4940,stage2,2,0.11165390908718109,0.30869317054748535,0.0,0.11165390908718109,0.0001,1e-05,50.337,3.698,0.6356
4941,stage2,2,0.11830272525548935,0.30510056018829346,0.0,0.11830272525548935,0.0001,1e-05,50.332,3.1568,0.6357
4942,stage2,2,0.10171271115541458,0.3119412064552307,0.0,0.10171271115541458,0.0001,1e-05,50.334,2.465,0.6368
4943,stage2,2,0.09795013815164566,0.28543439507484436,0.0,0.09795013815164566,0.0001,1e-05,50.337,2.6129,0.6362
4944,stage2,2,0.11472095549106598,0.3134042024612427,0.0,0.11472095549106598,0.0001,1e-05,50.339,2.9322,0.6513
4945,stage2,2,0.1036912202835083,0.29703566431999207,0.0,0.1036912202835083,0.0001,1e-05,50.336,2.8225,0.6367
4946,stage2,2,0.10397990047931671,0.30179351568222046,0.0,0.10397990047931671,0.0001,1e-05,50.334,2.4938,0.6374
4947,stage2,2,0.10429369658231735,0.3255642056465149,0.0,0.10429369658231735,0.0001,1e-05,50.336,3.4761,3.5306
4948,stage2,2,0.10215277969837189,0.307648628950119,0.0,0.10215277969837189,0.0001,1e-05,50.34,2.4551,0.635
4949,stage2,2,0.10435283184051514,0.32069969177246094,0.0,0.10435283184051514,0.0001,1e-05,50.331,3.6346,0.6353
4950,stage2,2,0.1062074676156044,0.30655646324157715,0.0,0.1062074676156044,0.0001,1e-05,50.337,3.1505,0.6363
4951,stage2,2,0.11418255418539047,0.32315388321876526,0.0,0.11418255418539047,0.0001,1e-05,50.333,3.0104,0.6366
4952,stage2,2,0.10326138138771057,0.33212846517562866,0.0,0.10326138138771057,0.0001,1e-05,50.331,2.569,0.6545
4953,stage2,2,0.10105898976325989,0.3194147050380707,0.0,0.10105898976325989,0.0001,1e-05,50.337,2.6217,0.635
4954,stage2,2,0.11586783826351166,0.291215717792511,0.0,0.11586783826351166,0.0001,1e-05,50.332,3.3521,0.6362
4955,stage2,2,0.09827609360218048,0.30585402250289917,0.0,0.09827609360218048,0.0001,1e-05,50.335,2.6366,3.2223
4956,stage2,2,0.11634156107902527,0.28867387771606445,0.0,0.11634156107902527,0.0001,1e-05,50.336,3.0094,0.6342
4957,stage2,2,0.1036471277475357,0.2983936667442322,0.0,0.1036471277475357,0.0001,1e-05,50.332,2.7642,0.6353
4958,stage2,2,0.09914714097976685,0.31220173835754395,0.0,0.09914714097976685,0.0001,1e-05,50.336,2.604,0.6348
4959,stage2,3,0.08671493083238602,0.3123742341995239,0.0,0.08671493083238602,0.0001,1e-05,50.332,2.3468,9.2081
4960,stage2,3,0.11723904311656952,0.3364715278148651,0.0,0.11723904311656952,0.0001,1e-05,50.338,3.3681,0.6321
4961,stage2,3,0.10729633271694183,0.31838321685791016,0.0,0.10729633271694183,0.0001,1e-05,50.338,2.9093,0.6338
4962,stage2,3,0.08989118039608002,0.3157540559768677,0.0,0.08989118039608002,0.0001,1e-05,50.336,2.9421,0.634
4963,stage2,3,0.10008726269006729,0.2888476550579071,0.0,0.10008726269006729,0.0001,1e-05,50.336,3.0623,0.6339
4964,stage2,3,0.0952843502163887,0.33114975690841675,0.0,0.0952843502163887,0.0001,1e-05,50.335,2.6721,0.6348
4965,stage2,3,0.10691898316144943,0.28973305225372314,0.0,0.10691898316144943,0.0001,1e-05,50.338,3.226,0.6348
4966,stage2,3,0.09495627135038376,0.29808905720710754,0.0,0.09495627135038376,0.0001,1e-05,50.338,2.8023,0.6349
4967,stage2,3,0.1018601506948471,0.298684298992157,0.0,0.1018601506948471,0.0001,1e-05,50.334,3.1299,3.4566
4968,stage2,3,0.10033468902111053,0.2943035960197449,0.0,0.10033468902111053,0.0001,1e-05,50.339,2.904,0.6338
4969,stage2,3,0.11298676580190659,0.30629780888557434,0.0,0.11298676580190659,0.0001,1e-05,50.335,3.1976,0.6346
4970,stage2,3,0.10931628197431564,0.3141673505306244,0.0,0.10931628197431564,0.0001,1e-05,50.341,2.9523,0.6344
4971,stage2,3,0.10127860307693481,0.31112366914749146,0.0,0.10127860307693481,0.0001,1e-05,50.334,2.7008,0.6349
4972,stage2,3,0.11335468292236328,0.3140498101711273,0.0,0.11335468292236328,0.0001,1e-05,50.337,3.074,0.6349
4973,stage2,3,0.10219991207122803,0.29098400473594666,0.0,0.10219991207122803,0.0001,1e-05,50.335,2.642,0.6352
4974,stage2,3,0.10307631641626358,0.2694863975048065,0.0,0.10307631641626358,0.0001,1e-05,50.337,2.7532,0.6362
4975,stage2,3,0.10051939636468887,0.2787351608276367,0.0,0.10051939636468887,0.0001,1e-05,50.338,2.7317,3.6715
4976,stage2,3,0.1072743833065033,0.30132201313972473,0.0,0.1072743833065033,0.0001,1e-05,50.337,3.4292,0.6332
4977,stage2,3,0.10163544863462448,0.31136852502822876,0.0,0.10163544863462448,0.0001,1e-05,50.338,3.1338,0.6336
4978,stage2,3,0.10403433442115784,0.3123317062854767,0.0,0.10403433442115784,0.0001,1e-05,50.338,2.7093,0.6342
4979,stage2,3,0.12057746946811676,0.30886030197143555,0.0,0.12057746946811676,0.0001,1e-05,50.339,3.1724,0.6349
4980,stage2,3,0.10417548567056656,0.32849183678627014,0.0,0.10417548567056656,0.0001,1e-05,50.334,3.1876,0.6352
4981,stage2,3,0.10341748595237732,0.3184489607810974,0.0,0.10341748595237732,0.0001,1e-05,50.337,3.2569,0.6357
4982,stage2,3,0.09031744301319122,0.2770979702472687,0.0,0.09031744301319122,0.0001,1e-05,50.335,2.4501,0.6361
4983,stage2,3,0.10630882531404495,0.31122884154319763,0.0,0.10630882531404495,0.0001,1e-05,50.338,2.919,3.6309
4984,stage2,3,0.11002799868583679,0.31597042083740234,0.0,0.11002799868583679,0.0001,1e-05,50.34,2.5989,0.6334
4985,stage2,3,0.10940159112215042,0.2847446799278259,0.0,0.10940159112215042,0.0001,1e-05,50.337,2.8199,0.6347
4986,stage2,3,0.088189996778965,0.3215542435646057,0.0,0.088189996778965,0.0001,1e-05,50.331,2.9682,0.6347
4987,stage2,3,0.08721689134836197,0.32969576120376587,0.0,0.08721689134836197,0.0001,1e-05,50.334,2.9188,0.6351
4988,stage2,3,0.09771135449409485,0.3349136710166931,0.0,0.09771135449409485,0.0001,1e-05,50.333,2.4782,0.635
4989,stage2,3,0.10243897140026093,0.2945305407047272,0.0,0.10243897140026093,0.0001,1e-05,50.337,2.8403,0.6346
4990,stage2,3,0.1197969913482666,0.2914709448814392,0.0,0.1197969913482666,0.0001,1e-05,50.331,2.7662,0.6352
4991,stage2,3,0.09696642309427261,0.30474570393562317,0.0,0.09696642309427261,0.0001,1e-05,50.331,2.9971,3.5383
4992,stage2,3,0.11340437084436417,0.29691678285598755,0.0,0.11340437084436417,0.0001,1e-05,50.341,2.8536,0.6342
4993,stage2,3,0.08765103667974472,0.30672764778137207,0.0,0.08765103667974472,0.0001,1e-05,50.334,2.366,0.6348
4994,stage2,3,0.09338386356830597,0.2858580946922302,0.0,0.09338386356830597,0.0001,1e-05,50.336,2.9727,0.6342
4995,stage2,3,0.07832926511764526,0.3269105553627014,0.0,0.07832926511764526,0.0001,1e-05,50.335,2.1475,0.6351
4996,stage2,3,0.09807517379522324,0.30750569701194763,0.0,0.09807517379522324,0.0001,1e-05,50.334,2.4254,0.6348
4997,stage2,3,0.0993754044175148,0.29445695877075195,0.0,0.0993754044175148,0.0001,1e-05,50.337,2.7268,0.6362
4998,stage2,3,0.10495606064796448,0.27789852023124695,0.0,0.10495606064796448,0.0001,1e-05,50.338,2.6978,0.6354
4999,stage2,3,0.08783437311649323,0.3096790015697479,0.0,0.08783437311649323,0.0001,1e-05,50.338,2.8132,3.58
5000,stage2,3,0.09430787712335587,0.307605504989624,0.0,0.09430787712335587,0.0001,1e-05,50.337,2.5659,0.6346
5001,stage2,3,0.08766452968120575,0.3111211359500885,0.0,0.08766452968120575,0.0001,1e-05,50.334,2.4396,0.6353
5002,stage2,3,0.10543301701545715,0.30091217160224915,0.0,0.10543301701545715,0.0001,1e-05,50.333,2.7439,0.6351
5003,stage2,3,0.11181715875864029,0.2995024025440216,0.0,0.11181715875864029,0.0001,1e-05,50.338,2.7236,0.6358
5004,stage2,3,0.10749551653862,0.3117668628692627,0.0,0.10749551653862,0.0001,1e-05,50.334,3.0297,0.6361
5005,stage2,3,0.09260533004999161,0.2756146490573883,0.0,0.09260533004999161,0.0001,1e-05,50.338,2.1168,0.6367
5006,stage2,3,0.10604064166545868,0.3121934235095978,0.0,0.10604064166545868,0.0001,1e-05,50.334,2.6425,0.6366
5007,stage2,3,0.10642633587121964,0.3067305386066437,0.0,0.10642633587121964,0.0001,1e-05,50.336,2.7386,3.5778
5008,stage2,3,0.09539136290550232,0.28732025623321533,0.0,0.09539136290550232,0.0001,1e-05,50.334,2.5269,0.6336
5009,stage2,3,0.10159853845834732,0.3048534095287323,0.0,0.10159853845834732,0.0001,1e-05,50.334,3.0629,0.6348
5010,stage2,3,0.0977589413523674,0.28916069865226746,0.0,0.0977589413523674,0.0001,1e-05,50.338,2.5919,0.6348
5011,stage2,3,0.10238928347826004,0.3271680176258087,0.0,0.10238928347826004,0.0001,1e-05,50.336,2.6756,0.6347
5012,stage2,3,0.10743749886751175,0.32248586416244507,0.0,0.10743749886751175,0.0001,1e-05,50.338,2.8872,0.6354
5013,stage2,3,0.10399992018938065,0.31279146671295166,0.0,0.10399992018938065,0.0001,1e-05,50.335,2.6994,0.6366
5014,stage2,3,0.0980970561504364,0.34768053889274597,0.0,0.0980970561504364,0.0001,1e-05,50.336,2.9967,0.6363
5015,stage2,3,0.09634621441364288,0.3138417899608612,0.0,0.09634621441364288,0.0001,1e-05,50.339,2.7038,3.5737
5016,stage2,3,0.08625493198633194,0.31033313274383545,0.0,0.08625493198633194,0.0001,1e-05,50.336,2.2019,0.6343
5017,stage2,3,0.11408375948667526,0.2659105360507965,0.0,0.11408375948667526,0.0001,1e-05,50.336,2.5075,0.6353
5018,stage2,3,0.09661790728569031,0.33648884296417236,0.0,0.09661790728569031,0.0001,1e-05,50.334,2.5179,0.6359
5019,stage2,3,0.10599160939455032,0.30218905210494995,0.0,0.10599160939455032,0.0001,1e-05,50.337,2.7011,0.6353
5020,stage2,3,0.09779750555753708,0.30591297149658203,0.0,0.09779750555753708,0.0001,1e-05,50.335,2.3637,0.6357
5021,stage2,3,0.09163916110992432,0.2945064306259155,0.0,0.09163916110992432,0.0001,1e-05,50.336,2.5079,0.6367
5022,stage2,3,0.10397510230541229,0.2989443242549896,0.0,0.10397510230541229,0.0001,1e-05,50.338,2.9655,0.637
5023,stage2,3,0.08997756242752075,0.3309468626976013,0.0,0.08997756242752075,0.0001,1e-05,50.334,2.4797,3.61
5024,stage2,3,0.09429150819778442,0.3001393973827362,0.0,0.09429150819778442,0.0001,1e-05,50.336,2.5466,0.6356
5025,stage2,3,0.09339054673910141,0.29367610812187195,0.0,0.09339054673910141,0.0001,1e-05,50.338,2.4473,0.6357
5026,stage2,3,0.10127253830432892,0.3358149826526642,0.0,0.10127253830432892,0.0001,1e-05,50.332,3.0335,0.6356
5027,stage2,3,0.08963881433010101,0.32433247566223145,0.0,0.08963881433010101,0.0001,1e-05,50.333,2.4069,0.6362
5028,stage2,3,0.09727851301431656,0.294173926115036,0.0,0.09727851301431656,0.0001,1e-05,50.332,2.8385,0.6364
5029,stage2,3,0.09063363075256348,0.2983156144618988,0.0,0.09063363075256348,0.0001,1e-05,50.333,2.6602,0.6363
5030,stage2,3,0.09747590869665146,0.3004503548145294,0.0,0.09747590869665146,0.0001,1e-05,50.338,2.3218,0.6367
5031,stage2,3,0.09324155002832413,0.30061373114585876,0.0,0.09324155002832413,0.0001,1e-05,50.335,2.4462,3.5452
5032,stage2,3,0.09064222127199173,0.31467360258102417,0.0,0.09064222127199173,0.0001,1e-05,50.34,3.1322,0.6347
5033,stage2,3,0.10811114311218262,0.2848339378833771,0.0,0.10811114311218262,0.0001,1e-05,50.334,3.1349,0.6347
5034,stage2,3,0.08922117948532104,0.30605068802833557,0.0,0.08922117948532104,0.0001,1e-05,50.335,2.1386,0.6364
5035,stage2,3,0.10469552874565125,0.2901427149772644,0.0,0.10469552874565125,0.0001,1e-05,50.336,3.0921,0.6359
5036,stage2,3,0.08336026221513748,0.2960119843482971,0.0,0.08336026221513748,0.0001,1e-05,50.333,2.1424,0.6365
5037,stage2,3,0.10385454446077347,0.2774527370929718,0.0,0.10385454446077347,0.0001,1e-05,50.335,3.0213,0.6367
5038,stage2,3,0.08259640634059906,0.300259530544281,0.0,0.08259640634059906,0.0001,1e-05,50.338,2.2662,0.6368
5039,stage2,3,0.09442560374736786,0.2862769067287445,0.0,0.09442560374736786,0.0001,1e-05,50.336,2.1362,3.506
5040,stage2,3,0.09005492925643921,0.32258376479148865,0.0,0.09005492925643921,0.0001,1e-05,50.333,2.5801,0.6348
5041,stage2,3,0.10325741767883301,0.2928079068660736,0.0,0.10325741767883301,0.0001,1e-05,50.336,2.8804,0.6355
5042,stage2,3,0.10014109313488007,0.3075293004512787,0.0,0.10014109313488007,0.0001,1e-05,50.33,2.6867,0.6356
5043,stage2,3,0.09260649234056473,0.2917853593826294,0.0,0.09260649234056473,0.0001,1e-05,50.335,2.4391,0.6363
5044,stage2,3,0.08782192319631577,0.30035609006881714,0.0,0.08782192319631577,0.0001,1e-05,50.334,2.5984,0.6371
5045,stage2,3,0.11772575974464417,0.31860432028770447,0.0,0.11772575974464417,0.0001,1e-05,50.334,3.9808,0.6367
5046,stage2,3,0.10923653841018677,0.2894080877304077,0.0,0.10923653841018677,0.0001,1e-05,50.332,2.6229,0.6368
5047,stage2,3,0.10064221918582916,0.2855285704135895,0.0,0.10064221918582916,0.0001,1e-05,50.334,2.8582,3.5067
5048,stage2,3,0.08269340544939041,0.3113635182380676,0.0,0.08269340544939041,0.0001,1e-05,50.332,2.0008,0.635
5049,stage2,3,0.09795708954334259,0.32607078552246094,0.0,0.09795708954334259,0.0001,1e-05,50.334,2.4938,0.636
5050,stage2,3,0.10242242366075516,0.2977086901664734,0.0,0.10242242366075516,0.0001,1e-05,50.334,2.8403,0.6364
5051,stage2,3,0.09975960850715637,0.30125272274017334,0.0,0.09975960850715637,0.0001,1e-05,50.333,2.7151,0.6352
5052,stage2,3,0.11727236956357956,0.29442739486694336,0.0,0.11727236956357956,0.0001,1e-05,50.338,3.0601,0.636
5053,stage2,3,0.08607926219701767,0.3107714354991913,0.0,0.08607926219701767,0.0001,1e-05,50.331,2.2371,0.6367
5054,stage2,3,0.09809799492359161,0.3286396265029907,0.0,0.09809799492359161,0.0001,1e-05,50.336,2.9763,0.6371
5055,stage2,3,0.10018730163574219,0.28635039925575256,0.0,0.10018730163574219,0.0001,1e-05,50.334,2.9846,3.5055
5056,stage2,3,0.09720887988805771,0.3315953314304352,0.0,0.09720887988805771,0.0001,1e-05,50.335,2.7084,0.6356
5057,stage2,3,0.10125201940536499,0.2986457645893097,0.0,0.10125201940536499,0.0001,1e-05,50.337,2.6451,0.6353
5058,stage2,3,0.0930224284529686,0.3087221086025238,0.0,0.0930224284529686,0.0001,1e-05,50.335,2.7398,0.6361
5059,stage2,3,0.10758364945650101,0.319137841463089,0.0,0.10758364945650101,0.0001,1e-05,50.336,3.1274,0.6367
5060,stage2,3,0.10459456592798233,0.3035665452480316,0.0,0.10459456592798233,0.0001,1e-05,50.334,3.0587,0.6378
5061,stage2,3,0.08808672428131104,0.28504428267478943,0.0,0.08808672428131104,0.0001,1e-05,50.334,2.9323,0.6372
5062,stage2,3,0.09266714751720428,0.2957950532436371,0.0,0.09266714751720428,0.0001,1e-05,50.336,2.3989,0.6378
5063,stage2,3,0.09468681365251541,0.2921064794063568,0.0,0.09468681365251541,0.0001,1e-05,50.335,2.4841,3.5997
5064,stage2,3,0.09178254753351212,0.28978025913238525,0.0,0.09178254753351212,0.0001,1e-05,50.34,2.6052,0.6352
5065,stage2,3,0.1045888140797615,0.30233392119407654,0.0,0.1045888140797615,0.0001,1e-05,50.335,2.5456,0.6359
5066,stage2,3,0.10503505170345306,0.30918195843696594,0.0,0.10503505170345306,0.0001,1e-05,50.336,3.4013,0.6358
5067,stage2,3,0.09416906535625458,0.27783459424972534,0.0,0.09416906535625458,0.0001,1e-05,50.337,3.1257,0.6357
5068,stage2,3,0.10545488446950912,0.298691064119339,0.0,0.10545488446950912,0.0001,1e-05,50.335,2.9889,0.636
5069,stage2,3,0.09876055270433426,0.3104085922241211,0.0,0.09876055270433426,0.0001,1e-05,50.335,2.4599,0.6368
5070,stage2,3,0.10568408668041229,0.3049536347389221,0.0,0.10568408668041229,0.0001,1e-05,50.333,3.036,0.6369
5071,stage2,3,0.09901639819145203,0.2802993059158325,0.0,0.09901639819145203,0.0001,1e-05,50.333,2.7631,3.5786
5072,stage2,3,0.10511981695890427,0.2812861502170563,0.0,0.10511981695890427,0.0001,1e-05,50.336,2.8773,0.6353
5073,stage2,3,0.10723098367452621,0.29843905568122864,0.0,0.10723098367452621,0.0001,1e-05,50.335,2.9402,0.636
5074,stage2,3,0.0933838039636612,0.3265991806983948,0.0,0.0933838039636612,0.0001,1e-05,50.335,2.4639,0.6364
5075,stage2,3,0.0993109717965126,0.3113943338394165,0.0,0.0993109717965126,0.0001,1e-05,50.337,3.0189,0.636
5076,stage2,3,0.09021186083555222,0.31296980381011963,0.0,0.09021186083555222,0.0001,1e-05,50.334,2.4546,0.6354
5077,stage2,3,0.09636852890253067,0.28863149881362915,0.0,0.09636852890253067,0.0001,1e-05,50.336,2.8989,0.6368
5078,stage2,3,0.0938732773065567,0.32247236371040344,0.0,0.0938732773065567,0.0001,1e-05,50.334,2.6557,0.6359
5079,stage2,3,0.10236594825983047,0.2981671392917633,0.0,0.10236594825983047,0.0001,1e-05,50.337,2.4948,3.7019
5080,stage2,3,0.09776140749454498,0.30686503648757935,0.0,0.09776140749454498,0.0001,1e-05,50.334,2.4469,0.6347
5081,stage2,3,0.08772115409374237,0.31022733449935913,0.0,0.08772115409374237,0.0001,1e-05,50.335,2.2342,0.6351
5082,stage2,3,0.10080347955226898,0.3163071870803833,0.0,0.10080347955226898,0.0001,1e-05,50.337,2.8204,0.6362
5083,stage2,3,0.1014237180352211,0.3079885244369507,0.0,0.1014237180352211,0.0001,1e-05,50.334,2.7504,0.6363
5084,stage2,3,0.10006513446569443,0.2685404419898987,0.0,0.10006513446569443,0.0001,1e-05,50.338,2.5022,0.6361
5085,stage2,3,0.08852697163820267,0.32177722454071045,0.0,0.08852697163820267,0.0001,1e-05,50.338,2.5268,0.6364
5086,stage2,3,0.08949805796146393,0.31640344858169556,0.0,0.08949805796146393,0.0001,1e-05,50.331,2.302,0.6367
5087,stage2,3,0.09899146109819412,0.29623621702194214,0.0,0.09899146109819412,0.0001,1e-05,50.335,2.5885,3.6178
5088,stage2,3,0.10188695788383484,0.2846495509147644,0.0,0.10188695788383484,0.0001,1e-05,50.336,2.4632,0.6356
5089,stage2,3,0.10688452422618866,0.29426124691963196,0.0,0.10688452422618866,0.0001,1e-05,50.337,2.8976,0.6351
5090,stage2,3,0.10076817125082016,0.3117876350879669,0.0,0.10076817125082016,0.0001,1e-05,50.333,2.6653,0.6365
5091,stage2,3,0.09566953778266907,0.2742080092430115,0.0,0.09566953778266907,0.0001,1e-05,50.332,2.4973,0.6364
5092,stage2,3,0.10845478624105453,0.3184725046157837,0.0,0.10845478624105453,0.0001,1e-05,50.333,2.8702,0.6366
5093,stage2,3,0.09886446595191956,0.2965281903743744,0.0,0.09886446595191956,0.0001,1e-05,50.335,2.2348,0.6362
5094,stage2,3,0.11016878485679626,0.29818665981292725,0.0,0.11016878485679626,0.0001,1e-05,50.339,3.6137,0.6364
5095,stage2,3,0.09574701637029648,0.3127104341983795,0.0,0.09574701637029648,0.0001,1e-05,50.338,2.6155,3.599
5096,stage2,3,0.10736984759569168,0.3117082118988037,0.0,0.10736984759569168,0.0001,1e-05,50.333,3.0633,0.6354
5097,stage2,3,0.09250309318304062,0.31039729714393616,0.0,0.09250309318304062,0.0001,1e-05,50.334,2.3822,0.6354
5098,stage2,3,0.0873812586069107,0.2855156362056732,0.0,0.0873812586069107,0.0001,1e-05,50.332,2.3445,0.6364
5099,stage2,3,0.11511226743459702,0.326256662607193,0.0,0.11511226743459702,0.0001,1e-05,50.334,3.7976,0.6359
5100,stage2,3,0.10885754972696304,0.29145801067352295,0.0,0.10885754972696304,0.0001,1e-05,50.334,2.4659,0.637
5101,stage2,3,0.0934535562992096,0.30004405975341797,0.0,0.0934535562992096,0.0001,1e-05,50.334,2.4225,0.6358
5102,stage2,3,0.11384974420070648,0.30081191658973694,0.0,0.11384974420070648,0.0001,1e-05,50.333,2.9985,0.6376
5103,stage2,3,0.08368659764528275,0.32275813817977905,0.0,0.08368659764528275,0.0001,1e-05,50.333,2.2972,3.584
5104,stage2,3,0.09019982814788818,0.3075624704360962,0.0,0.09019982814788818,0.0001,1e-05,50.333,2.6029,0.6355
5105,stage2,3,0.09038037061691284,0.26700717210769653,0.0,0.09038037061691284,0.0001,1e-05,50.331,2.2874,0.6363
5106,stage2,3,0.09091302752494812,0.2985936403274536,0.0,0.09091302752494812,0.0001,1e-05,50.335,2.5575,0.6347
5107,stage2,3,0.10432861745357513,0.27165359258651733,0.0,0.10432861745357513,0.0001,1e-05,50.334,3.0704,0.636
5108,stage2,3,0.09907803684473038,0.278446227312088,0.0,0.09907803684473038,0.0001,1e-05,50.336,2.243,0.6364
5109,stage2,3,0.09474093466997147,0.3013509511947632,0.0,0.09474093466997147,0.0001,1e-05,50.333,2.7705,0.6372
5110,stage2,3,0.10267540067434311,0.3027653396129608,0.0,0.10267540067434311,0.0001,1e-05,50.334,3.0948,0.6364
5111,stage2,3,0.10174242407083511,0.3010469675064087,0.0,0.10174242407083511,0.0001,1e-05,50.335,2.5548,3.6269
5112,stage2,3,0.08561555296182632,0.3234480321407318,0.0,0.08561555296182632,0.0001,1e-05,50.338,2.4428,0.6356
5113,stage2,3,0.09195778518915176,0.31089362502098083,0.0,0.09195778518915176,0.0001,1e-05,50.336,2.5391,0.6371
5114,stage2,3,0.10062096267938614,0.2772634029388428,0.0,0.10062096267938614,0.0001,1e-05,50.337,2.6827,0.6373
5115,stage2,3,0.09982451051473618,0.3438578248023987,0.0,0.09982451051473618,0.0001,1e-05,50.335,2.6487,0.6363
5116,stage2,3,0.09734303504228592,0.2743277847766876,0.0,0.09734303504228592,0.0001,1e-05,50.334,2.2853,0.6357
5117,stage2,3,0.10608292371034622,0.29125645756721497,0.0,0.10608292371034622,0.0001,1e-05,50.333,2.8009,0.637
5118,stage2,3,0.10866948962211609,0.2911175489425659,0.0,0.10866948962211609,0.0001,1e-05,50.334,2.694,0.6374
5119,stage2,3,0.09420591592788696,0.29419103264808655,0.0,0.09420591592788696,0.0001,1e-05,50.336,2.4756,3.5823
5120,stage2,3,0.10094599425792694,0.29619815945625305,0.0,0.10094599425792694,0.0001,1e-05,50.329,2.4162,0.635
5121,stage2,3,0.1043606549501419,0.2842297852039337,0.0,0.1043606549501419,0.0001,1e-05,50.329,2.9112,0.6351
5122,stage2,3,0.09609930962324142,0.31030547618865967,0.0,0.09609930962324142,0.0001,1e-05,50.336,2.7272,0.6364
5123,stage2,3,0.09871731698513031,0.29627928137779236,0.0,0.09871731698513031,0.0001,1e-05,50.333,2.9953,0.6371
5124,stage2,3,0.09832121431827545,0.28890782594680786,0.0,0.09832121431827545,0.0001,1e-05,50.332,2.2841,0.6363
5125,stage2,3,0.10892809182405472,0.31076234579086304,0.0,0.10892809182405472,0.0001,1e-05,50.33,3.0019,0.6368
5126,stage2,3,0.09792650490999222,0.27964723110198975,0.0,0.09792650490999222,0.0001,1e-05,50.334,3.1854,0.6369
5127,stage2,3,0.10260108858346939,0.3098042905330658,0.0,0.10260108858346939,0.0001,1e-05,50.331,3.0751,3.5698
5128,stage2,3,0.087375208735466,0.29824522137641907,0.0,0.087375208735466,0.0001,1e-05,50.335,2.2186,0.6346
5129,stage2,3,0.09882642328739166,0.2947695553302765,0.0,0.09882642328739166,0.0001,1e-05,50.331,2.9398,0.6359
5130,stage2,3,0.10197115689516068,0.2932274341583252,0.0,0.10197115689516068,0.0001,1e-05,50.335,3.1232,0.6353
5131,stage2,3,0.10190410912036896,0.2912663221359253,0.0,0.10190410912036896,0.0001,1e-05,50.334,2.5792,0.6353
5132,stage2,3,0.10786376148462296,0.2979656755924225,0.0,0.10786376148462296,0.0001,1e-05,50.333,2.9151,0.6364
5133,stage2,3,0.09159962087869644,0.32081443071365356,0.0,0.09159962087869644,0.0001,1e-05,50.335,2.6041,0.6375
5134,stage2,3,0.088923878967762,0.28781723976135254,0.0,0.088923878967762,0.0001,1e-05,50.332,2.3787,0.6374
5135,stage2,3,0.09840481728315353,0.2919694185256958,0.0,0.09840481728315353,0.0001,1e-05,50.334,2.7479,3.5344
5136,stage2,3,0.09407725185155869,0.29431837797164917,0.0,0.09407725185155869,0.0001,1e-05,50.332,2.5377,0.6355
5137,stage2,3,0.0930207148194313,0.3218604624271393,0.0,0.0930207148194313,0.0001,1e-05,50.333,2.3415,0.6364
5138,stage2,3,0.09151631593704224,0.35592031478881836,0.0,0.09151631593704224,0.0001,1e-05,50.334,2.6185,0.6366
5139,stage2,3,0.08779982477426529,0.32206183671951294,0.0,0.08779982477426529,0.0001,1e-05,50.333,2.5237,0.6362
5140,stage2,3,0.10501111298799515,0.31396356225013733,0.0,0.10501111298799515,0.0001,1e-05,50.335,2.6849,0.6367
5141,stage2,3,0.10674375295639038,0.299003928899765,0.0,0.10674375295639038,0.0001,1e-05,50.336,2.6447,0.6372
5142,stage2,3,0.09651259332895279,0.28356581926345825,0.0,0.09651259332895279,0.0001,1e-05,50.333,2.4423,0.6373
5143,stage2,3,0.10375900566577911,0.2946033775806427,0.0,0.10375900566577911,0.0001,1e-05,50.334,3.0008,3.5759
5144,stage2,3,0.10956882685422897,0.2785235345363617,0.0,0.10956882685422897,0.0001,1e-05,50.331,2.3739,0.6352
5145,stage2,3,0.08632645010948181,0.29720067977905273,0.0,0.08632645010948181,0.0001,1e-05,50.334,2.3861,0.6365
5146,stage2,3,0.07829409837722778,0.3325859606266022,0.0,0.07829409837722778,0.0001,1e-05,50.334,2.3109,0.6365
5147,stage2,3,0.1060652881860733,0.31366536021232605,0.0,0.1060652881860733,0.0001,1e-05,50.335,3.9516,0.6379
5148,stage2,3,0.09228760749101639,0.3134302794933319,0.0,0.09228760749101639,0.0001,1e-05,50.334,2.2807,0.6367
5149,stage2,3,0.11308810114860535,0.27005305886268616,0.0,0.11308810114860535,0.0001,1e-05,50.334,3.2305,0.6372
5150,stage2,3,0.09080320596694946,0.31325337290763855,0.0,0.09080320596694946,0.0001,1e-05,50.333,2.7497,0.6377
5151,stage2,3,0.1008029580116272,0.28584691882133484,0.0,0.1008029580116272,0.0001,1e-05,50.337,2.6651,3.533
5152,stage2,3,0.09564726054668427,0.31003236770629883,0.0,0.09564726054668427,0.0001,1e-05,50.333,3.0307,0.6355
5153,stage2,3,0.0950443372130394,0.2851545214653015,0.0,0.0950443372130394,0.0001,1e-05,50.335,2.4823,0.6355
5154,stage2,3,0.08289218693971634,0.3122602105140686,0.0,0.08289218693971634,0.0001,1e-05,50.334,2.2082,0.6362
5155,stage2,3,0.0914401113986969,0.3104724586009979,0.0,0.0914401113986969,0.0001,1e-05,50.336,2.6113,0.6361
5156,stage2,3,0.09856253117322922,0.3084059953689575,0.0,0.09856253117322922,0.0001,1e-05,50.334,2.4899,0.6365
5157,stage2,3,0.10586117953062057,0.31748807430267334,0.0,0.10586117953062057,0.0001,1e-05,50.335,2.8181,0.6362
5158,stage2,3,0.09375634044408798,0.3186597228050232,0.0,0.09375634044408798,0.0001,1e-05,50.335,2.6032,0.6377
5159,stage2,3,0.08588510751724243,0.30816835165023804,0.0,0.08588510751724243,0.0001,1e-05,50.335,2.6164,3.5074
5160,stage2,3,0.09206069260835648,0.2863553762435913,0.0,0.09206069260835648,0.0001,1e-05,50.333,2.8094,0.6355
5161,stage2,3,0.0982852354645729,0.2766902446746826,0.0,0.0982852354645729,0.0001,1e-05,50.332,2.5728,0.6371
5162,stage2,3,0.08520770817995071,0.32219162583351135,0.0,0.08520770817995071,0.0001,1e-05,50.333,2.4379,0.6365
5163,stage2,3,0.11426938325166702,0.2841242849826813,0.0,0.11426938325166702,0.0001,1e-05,50.337,2.7949,0.6365
5164,stage2,3,0.08966889977455139,0.29434725642204285,0.0,0.08966889977455139,0.0001,1e-05,50.337,2.2696,0.6364
5165,stage2,3,0.0919797420501709,0.30753958225250244,0.0,0.0919797420501709,0.0001,1e-05,50.331,2.2915,0.6372
5166,stage2,3,0.10471480339765549,0.28968068957328796,0.0,0.10471480339765549,0.0001,1e-05,50.338,2.6365,0.6376
5167,stage2,3,0.08733218163251877,0.3196937143802643,0.0,0.08733218163251877,0.0001,1e-05,50.333,2.3437,3.6227
5168,stage2,3,0.08996060490608215,0.3126407563686371,0.0,0.08996060490608215,0.0001,1e-05,50.336,2.2742,0.635
5169,stage2,3,0.09222409129142761,0.32969725131988525,0.0,0.09222409129142761,0.0001,1e-05,50.332,2.9292,0.6361
5170,stage2,3,0.09727451205253601,0.2957333028316498,0.0,0.09727451205253601,0.0001,1e-05,50.336,2.8098,0.6362
5171,stage2,3,0.09805279970169067,0.29345372319221497,0.0,0.09805279970169067,0.0001,1e-05,50.332,2.4981,0.6358
5172,stage2,3,0.10409784317016602,0.30495595932006836,0.0,0.10409784317016602,0.0001,1e-05,50.332,3.1096,0.6363
5173,stage2,3,0.09575656056404114,0.3298305571079254,0.0,0.09575656056404114,0.0001,1e-05,50.336,2.3422,0.6371
5174,stage2,3,0.08843118697404861,0.3135857582092285,0.0,0.08843118697404861,0.0001,1e-05,50.334,2.7479,0.6368
5175,stage2,3,0.10561710596084595,0.26940494775772095,0.0,0.10561710596084595,0.0001,1e-05,50.338,2.4617,3.523
5176,stage2,3,0.10451014339923859,0.32758450508117676,0.0,0.10451014339923859,0.0001,1e-05,50.335,3.5621,0.6354
5177,stage2,3,0.10582773387432098,0.31781360507011414,0.0,0.10582773387432098,0.0001,1e-05,50.334,2.9488,0.6358
5178,stage2,3,0.10111195594072342,0.30893754959106445,0.0,0.10111195594072342,0.0001,1e-05,50.336,2.6554,0.6363
5179,stage2,3,0.10058218985795975,0.2879396080970764,0.0,0.10058218985795975,0.0001,1e-05,50.331,2.7095,0.637
5180,stage2,3,0.09543227404356003,0.3156917691230774,0.0,0.09543227404356003,0.0001,1e-05,50.337,2.933,0.6367
5181,stage2,3,0.10381383448839188,0.29819515347480774,0.0,0.10381383448839188,0.0001,1e-05,50.332,3.011,0.6372
5182,stage2,3,0.09875832498073578,0.28956907987594604,0.0,0.09875832498073578,0.0001,1e-05,50.335,2.5903,0.6371
5183,stage2,3,0.09383178502321243,0.28353726863861084,0.0,0.09383178502321243,0.0001,1e-05,50.333,2.7593,3.5299
5184,stage2,3,0.08866778016090393,0.26697444915771484,0.0,0.08866778016090393,0.0001,1e-05,50.332,2.3842,0.6354
5185,stage2,3,0.10716106742620468,0.2921731472015381,0.0,0.10716106742620468,0.0001,1e-05,50.338,2.9756,0.6361
5186,stage2,3,0.08403412997722626,0.29821428656578064,0.0,0.08403412997722626,0.0001,1e-05,50.334,2.1648,0.6368
5187,stage2,3,0.10325901955366135,0.28286194801330566,0.0,0.10325901955366135,0.0001,1e-05,50.336,2.3719,0.6365
5188,stage2,3,0.09334710985422134,0.30823448300361633,0.0,0.09334710985422134,0.0001,1e-05,50.338,2.5258,0.6359
5189,stage2,3,0.10017140954732895,0.3025612235069275,0.0,0.10017140954732895,0.0001,1e-05,50.337,2.5238,0.6369
5190,stage2,3,0.10133317857980728,0.27056559920310974,0.0,0.10133317857980728,0.0001,1e-05,50.332,2.4271,0.6373
5191,stage2,3,0.09732237458229065,0.29211291670799255,0.0,0.09732237458229065,0.0001,1e-05,50.337,2.8388,3.5693
5192,stage2,3,0.10022511333227158,0.3139466345310211,0.0,0.10022511333227158,0.0001,1e-05,50.335,2.879,0.636
5193,stage2,3,0.09944489598274231,0.30449938774108887,0.0,0.09944489598274231,0.0001,1e-05,50.335,2.738,0.6373
5194,stage2,3,0.0939682126045227,0.3137001097202301,0.0,0.0939682126045227,0.0001,1e-05,50.336,2.3401,0.6363
5195,stage2,3,0.10183344781398773,0.3060603737831116,0.0,0.10183344781398773,0.0001,1e-05,50.333,2.3117,0.6367
5196,stage2,3,0.09473732858896255,0.27745214104652405,0.0,0.09473732858896255,0.0001,1e-05,50.338,2.9861,0.6373
5197,stage2,3,0.09517582505941391,0.2895687520503998,0.0,0.09517582505941391,0.0001,1e-05,50.337,2.4096,0.6378
5198,stage2,3,0.10489899665117264,0.28103917837142944,0.0,0.10489899665117264,0.0001,1e-05,50.335,2.8171,0.638
5199,stage2,3,0.0844649001955986,0.27771687507629395,0.0,0.0844649001955986,0.0001,1e-05,50.337,2.249,3.5957
5200,stage2,3,0.09070791304111481,0.30808010697364807,0.0,0.09070791304111481,0.0001,1e-05,50.334,2.298,0.6357
5201,stage2,3,0.10165825486183167,0.28487399220466614,0.0,0.10165825486183167,0.0001,1e-05,50.333,2.4232,0.6363
5202,stage2,3,0.09110935032367706,0.29552599787712097,0.0,0.09110935032367706,0.0001,1e-05,50.334,2.0143,0.6358
5203,stage2,3,0.08746769279241562,0.26525551080703735,0.0,0.08746769279241562,0.0001,1e-05,50.334,2.2896,0.6351
5204,stage2,3,0.09317105263471603,0.2929048538208008,0.0,0.09317105263471603,0.0001,1e-05,50.332,2.5529,0.6362
5205,stage2,3,0.10520758479833603,0.33792126178741455,0.0,0.10520758479833603,0.0001,1e-05,50.334,2.8554,0.6367
5206,stage2,3,0.09092562645673752,0.3013418912887573,0.0,0.09092562645673752,0.0001,1e-05,50.337,2.3805,0.637
5207,stage2,3,0.10319232195615768,0.310708224773407,0.0,0.10319232195615768,0.0001,1e-05,50.334,2.4492,3.5363
5208,stage2,3,0.08660898357629776,0.29285597801208496,0.0,0.08660898357629776,0.0001,1e-05,50.336,2.2463,0.6357
5209,stage2,3,0.09964147210121155,0.2836904525756836,0.0,0.09964147210121155,0.0001,1e-05,50.338,2.8618,0.6361
5210,stage2,3,0.09602601826190948,0.2715965211391449,0.0,0.09602601826190948,0.0001,1e-05,50.337,2.3719,0.6364
5211,stage2,3,0.09604750573635101,0.2870439291000366,0.0,0.09604750573635101,0.0001,1e-05,50.336,2.9688,0.6372
5212,stage2,3,0.09927783161401749,0.3408733904361725,0.0,0.09927783161401749,0.0001,1e-05,50.338,2.7476,0.6365
5213,stage2,3,0.10333022475242615,0.30661457777023315,0.0,0.10333022475242615,0.0001,1e-05,50.337,2.8165,0.6373
5214,stage2,3,0.11506547778844833,0.29674819111824036,0.0,0.11506547778844833,0.0001,1e-05,50.337,2.8161,0.6371
5215,stage2,3,0.09261211007833481,0.28242629766464233,0.0,0.09261211007833481,0.0001,1e-05,50.335,2.4627,3.5679
5216,stage2,3,0.09215133637189865,0.2879137098789215,0.0,0.09215133637189865,0.0001,1e-05,50.332,2.3001,0.635
5217,stage2,3,0.09095422923564911,0.29058635234832764,0.0,0.09095422923564911,0.0001,1e-05,50.334,2.2779,0.6361
5218,stage2,3,0.08594611287117004,0.3192211985588074,0.0,0.08594611287117004,0.0001,1e-05,50.339,2.4916,0.636
5219,stage2,3,0.09916997700929642,0.3190869688987732,0.0,0.09916997700929642,0.0001,1e-05,50.333,3.1397,0.6367
5220,stage2,3,0.09756597876548767,0.3275996148586273,0.0,0.09756597876548767,0.0001,1e-05,50.336,2.733,0.637
5221,stage2,3,0.09344052523374557,0.2875744700431824,0.0,0.09344052523374557,0.0001,1e-05,50.336,2.5414,0.6367
5222,stage2,3,0.09602489322423935,0.3141689896583557,0.0,0.09602489322423935,0.0001,1e-05,50.335,2.2444,0.6374
5223,stage2,3,0.08713453263044357,0.328264981508255,0.0,0.08713453263044357,0.0001,1e-05,50.337,2.0911,3.5386
5224,stage2,3,0.09854887425899506,0.30173632502555847,0.0,0.09854887425899506,0.0001,1e-05,50.335,2.545,0.6356
5225,stage2,3,0.10627583414316177,0.31550461053848267,0.0,0.10627583414316177,0.0001,1e-05,50.334,2.7996,0.6355
5226,stage2,3,0.09368916600942612,0.3152731955051422,0.0,0.09368916600942612,0.0001,1e-05,50.337,2.8016,0.6353
5227,stage2,3,0.09260722249746323,0.3319084942340851,0.0,0.09260722249746323,0.0001,1e-05,50.334,2.6498,0.6364
5228,stage2,3,0.10484818369150162,0.3023917078971863,0.0,0.10484818369150162,0.0001,1e-05,50.337,2.8497,0.6367
5229,stage2,3,0.09286263585090637,0.30159616470336914,0.0,0.09286263585090637,0.0001,1e-05,50.339,2.243,0.6384
5230,stage2,3,0.10900259763002396,0.3030287027359009,0.0,0.10900259763002396,0.0001,1e-05,50.334,2.781,0.6368
5231,stage2,3,0.10459346324205399,0.3040364682674408,0.0,0.10459346324205399,0.0001,1e-05,50.334,3.1004,3.7911
5232,stage2,3,0.10358298569917679,0.3025273084640503,0.0,0.10358298569917679,0.0001,1e-05,50.337,2.9317,0.6351
5233,stage2,3,0.08420266211032867,0.31708163022994995,0.0,0.08420266211032867,0.0001,1e-05,50.337,2.2118,0.636
5234,stage2,3,0.08501680195331573,0.3288883864879608,0.0,0.08501680195331573,0.0001,1e-05,50.335,2.7876,0.6364
5235,stage2,3,0.10809709876775742,0.30882760882377625,0.0,0.10809709876775742,0.0001,1e-05,50.333,2.4741,0.636
5236,stage2,3,0.09155712276697159,0.3143730163574219,0.0,0.09155712276697159,0.0001,1e-05,50.337,2.4803,0.6373
5237,stage2,3,0.0914861187338829,0.34189704060554504,0.0,0.0914861187338829,0.0001,1e-05,50.335,2.9001,0.637
5238,stage2,3,0.09809961169958115,0.29632580280303955,0.0,0.09809961169958115,0.0001,1e-05,50.333,2.4883,0.6376
5239,stage2,3,0.10728364437818527,0.27909964323043823,0.0,0.10728364437818527,0.0001,1e-05,50.337,2.6402,3.4885
5240,stage2,3,0.1078953891992569,0.2941490411758423,0.0,0.1078953891992569,0.0001,1e-05,50.331,2.6131,0.6352
5241,stage2,3,0.0869089663028717,0.32551413774490356,0.0,0.0869089663028717,0.0001,1e-05,50.332,2.2446,0.6365
5242,stage2,3,0.09230581670999527,0.2830522656440735,0.0,0.09230581670999527,0.0001,1e-05,50.334,2.4115,0.6361
5243,stage2,3,0.09818798303604126,0.35272058844566345,0.0,0.09818798303604126,0.0001,1e-05,50.333,2.3712,0.6368
5244,stage2,3,0.09499992430210114,0.2790237367153168,0.0,0.09499992430210114,0.0001,1e-05,50.338,2.6672,0.6369
5245,stage2,3,0.0947294756770134,0.3205009400844574,0.0,0.0947294756770134,0.0001,1e-05,50.337,2.2248,0.6361
5246,stage2,3,0.08941946923732758,0.30357852578163147,0.0,0.08941946923732758,0.0001,1e-05,50.333,2.2438,0.637
5247,stage2,3,0.09925141930580139,0.2857666015625,0.0,0.09925141930580139,0.0001,1e-05,50.337,2.7713,3.5511
5248,stage2,3,0.09155058860778809,0.3126542270183563,0.0,0.09155058860778809,0.0001,1e-05,50.336,2.4963,0.6352
5249,stage2,3,0.09375128149986267,0.30350300669670105,0.0,0.09375128149986267,0.0001,1e-05,50.336,2.5703,0.6357
5250,stage2,3,0.09550035744905472,0.29970091581344604,0.0,0.09550035744905472,0.0001,1e-05,50.334,2.7571,0.6358
5251,stage2,3,0.1031261757016182,0.3524712324142456,0.0,0.1031261757016182,0.0001,1e-05,50.332,2.8544,0.6369
5252,stage2,3,0.10854408144950867,0.2792002558708191,0.0,0.10854408144950867,0.0001,1e-05,50.335,2.9758,0.6373
5253,stage2,3,0.1047053188085556,0.31361404061317444,0.0,0.1047053188085556,0.0001,1e-05,50.332,2.5019,0.6375
5254,stage2,3,0.0935976430773735,0.2732906639575958,0.0,0.0935976430773735,0.0001,1e-05,50.335,2.6064,0.637
5255,stage2,3,0.09937642514705658,0.31914275884628296,0.0,0.09937642514705658,0.0001,1e-05,50.332,2.661,3.5274
5256,stage2,3,0.10854873061180115,0.2869441509246826,0.0,0.10854873061180115,0.0001,1e-05,50.334,2.6185,0.6353
5257,stage2,3,0.0898578017950058,0.2966323792934418,0.0,0.0898578017950058,0.0001,1e-05,50.332,2.5153,0.636
5258,stage2,3,0.08991033583879471,0.2631390690803528,0.0,0.08991033583879471,0.0001,1e-05,50.334,2.445,0.636
5259,stage2,3,0.10091764479875565,0.2778647541999817,0.0,0.10091764479875565,0.0001,1e-05,50.334,2.4754,0.6369
5260,stage2,3,0.09957746416330338,0.3011687994003296,0.0,0.09957746416330338,0.0001,1e-05,50.336,2.578,0.6367
5261,stage2,3,0.09448421001434326,0.30103155970573425,0.0,0.09448421001434326,0.0001,1e-05,50.333,2.3364,0.6371
5262,stage2,3,0.08945028483867645,0.3005872666835785,0.0,0.08945028483867645,0.0001,1e-05,50.334,2.5941,0.6382
5263,stage2,3,0.10144606977701187,0.3197701871395111,0.0,0.10144606977701187,0.0001,1e-05,50.333,2.6111,3.5205
5264,stage2,3,0.0990990400314331,0.30908432602882385,0.0,0.0990990400314331,0.0001,1e-05,50.334,2.5927,0.6359
5265,stage2,3,0.09399307519197464,0.2966882288455963,0.0,0.09399307519197464,0.0001,1e-05,50.332,2.8304,0.6371
5266,stage2,3,0.08965419232845306,0.3304687440395355,0.0,0.08965419232845306,0.0001,1e-05,50.335,2.5073,0.6373
5267,stage2,3,0.09177953749895096,0.30143195390701294,0.0,0.09177953749895096,0.0001,1e-05,50.334,2.33,0.6365
5268,stage2,3,0.09728804975748062,0.3028251826763153,0.0,0.09728804975748062,0.0001,1e-05,50.334,2.5916,0.6372
5269,stage2,3,0.08609715104103088,0.3122750222682953,0.0,0.08609715104103088,0.0001,1e-05,50.333,2.2673,0.6369
5270,stage2,3,0.08631608635187149,0.31856977939605713,0.0,0.08631608635187149,0.0001,1e-05,50.333,2.2203,0.6376
5271,stage2,3,0.10198574513196945,0.291915625333786,0.0,0.10198574513196945,0.0001,1e-05,50.335,2.581,3.5685
5272,stage2,3,0.08644814789295197,0.30221861600875854,0.0,0.08644814789295197,0.0001,1e-05,50.335,2.312,0.6353
5273,stage2,3,0.08881693333387375,0.3368391990661621,0.0,0.08881693333387375,0.0001,1e-05,50.332,2.4908,0.6358
5274,stage2,3,0.08142781257629395,0.32428666949272156,0.0,0.08142781257629395,0.0001,1e-05,50.335,2.2195,0.6358
5275,stage2,3,0.10310579836368561,0.2652170956134796,0.0,0.10310579836368561,0.0001,1e-05,50.332,2.6379,0.6365
5276,stage2,3,0.09933025389909744,0.3114682137966156,0.0,0.09933025389909744,0.0001,1e-05,50.335,2.6577,0.6364
5277,stage2,3,0.09630969911813736,0.3017891049385071,0.0,0.09630969911813736,0.0001,1e-05,50.336,2.3795,0.6371
5278,stage2,3,0.0887756422162056,0.30035847425460815,0.0,0.0887756422162056,0.0001,1e-05,50.333,2.3787,0.6371
5279,stage2,3,0.09924141317605972,0.32048535346984863,0.0,0.09924141317605972,0.0001,1e-05,50.336,2.5074,3.5556
5280,stage2,3,0.09234190732240677,0.2932017743587494,0.0,0.09234190732240677,0.0001,1e-05,50.335,2.5444,0.6355
5281,stage2,3,0.09848048537969589,0.3385217487812042,0.0,0.09848048537969589,0.0001,1e-05,50.336,2.4128,0.6361
5282,stage2,3,0.10169325023889542,0.3234756588935852,0.0,0.10169325023889542,0.0001,1e-05,50.338,3.2713,0.6366
5283,stage2,3,0.10876554995775223,0.3039577305316925,0.0,0.10876554995775223,0.0001,1e-05,50.34,3.1687,0.6356
5284,stage2,3,0.09143644571304321,0.30124783515930176,0.0,0.09143644571304321,0.0001,1e-05,50.334,2.2706,0.6365
5285,stage2,3,0.09445417672395706,0.32085588574409485,0.0,0.09445417672395706,0.0001,1e-05,50.335,2.5098,0.6378
5286,stage2,3,0.09826613962650299,0.3188604414463043,0.0,0.09826613962650299,0.0001,1e-05,50.334,2.9031,0.6369
5287,stage2,3,0.10196439921855927,0.2718610465526581,0.0,0.10196439921855927,0.0001,1e-05,50.336,2.8416,3.6095
5288,stage2,3,0.10187502205371857,0.31550586223602295,0.0,0.10187502205371857,0.0001,1e-05,50.334,3.2034,0.6359
5289,stage2,3,0.09314189851284027,0.28288260102272034,0.0,0.09314189851284027,0.0001,1e-05,50.334,2.6225,0.6362
5290,stage2,3,0.09551412612199783,0.3003881275653839,0.0,0.09551412612199783,0.0001,1e-05,50.335,2.4796,0.6371
5291,stage2,3,0.10780797153711319,0.28478410840034485,0.0,0.10780797153711319,0.0001,1e-05,50.334,2.5983,0.6364
5292,stage2,3,0.08425464481115341,0.33886945247650146,0.0,0.08425464481115341,0.0001,1e-05,50.335,3.0114,0.6372
5293,stage2,3,0.0884723886847496,0.29705706238746643,0.0,0.0884723886847496,0.0001,1e-05,50.336,2.5313,0.6371
5294,stage2,3,0.09671398252248764,0.3118152916431427,0.0,0.09671398252248764,0.0001,1e-05,50.334,2.5559,0.6372
5295,stage2,3,0.09290684014558792,0.2999570965766907,0.0,0.09290684014558792,0.0001,1e-05,50.332,2.6358,3.5228
5296,stage2,3,0.0993436798453331,0.2917421758174896,0.0,0.0993436798453331,0.0001,1e-05,50.335,2.6302,0.636
5297,stage2,3,0.09791922569274902,0.3076935112476349,0.0,0.09791922569274902,0.0001,1e-05,50.332,2.6597,0.6363
5298,stage2,3,0.0930037721991539,0.3133906424045563,0.0,0.0930037721991539,0.0001,1e-05,50.333,2.2928,0.6367
5299,stage2,3,0.10146329551935196,0.31254878640174866,0.0,0.10146329551935196,0.0001,1e-05,50.332,3.2846,0.6376
5300,stage2,3,0.11072264611721039,0.2971595227718353,0.0,0.11072264611721039,0.0001,1e-05,50.333,2.893,0.6369
5301,stage2,3,0.09712500125169754,0.2844562828540802,0.0,0.09712500125169754,0.0001,1e-05,50.337,2.674,0.6374
5302,stage2,3,0.08671770244836807,0.3130677342414856,0.0,0.08671770244836807,0.0001,1e-05,50.333,2.5596,0.637
5303,stage2,3,0.09970711916685104,0.2689515948295593,0.0,0.09970711916685104,0.0001,1e-05,50.334,2.5578,3.4891
5304,stage2,3,0.0964147076010704,0.30311858654022217,0.0,0.0964147076010704,0.0001,1e-05,50.333,2.6945,0.6362
5305,stage2,3,0.07980676740407944,0.29933106899261475,0.0,0.07980676740407944,0.0001,1e-05,50.334,3.1408,0.6372
5306,stage2,3,0.09252554178237915,0.3026910722255707,0.0,0.09252554178237915,0.0001,1e-05,50.336,2.8583,0.6363
5307,stage2,3,0.10448407381772995,0.2925429940223694,0.0,0.10448407381772995,0.0001,1e-05,50.333,2.9705,0.637
5308,stage2,3,0.10846172273159027,0.28886330127716064,0.0,0.10846172273159027,0.0001,1e-05,50.334,2.9132,0.6372
5309,stage2,3,0.08426577597856522,0.31559354066848755,0.0,0.08426577597856522,0.0001,1e-05,50.335,2.0964,0.6368
5310,stage2,3,0.0971384271979332,0.2950904369354248,0.0,0.0971384271979332,0.0001,1e-05,50.336,2.8628,0.6379
5311,stage2,3,0.08825526386499405,0.3051503598690033,0.0,0.08825526386499405,0.0001,1e-05,50.332,2.535,3.5751
5312,stage2,3,0.10330554842948914,0.2823992073535919,0.0,0.10330554842948914,0.0001,1e-05,50.334,3.3109,0.6364
5313,stage2,3,0.09790626913309097,0.27653998136520386,0.0,0.09790626913309097,0.0001,1e-05,50.331,2.5077,0.6374
5314,stage2,3,0.09229271113872528,0.3062354624271393,0.0,0.09229271113872528,0.0001,1e-05,50.334,2.6666,0.6363
5315,stage2,3,0.09529637545347214,0.3121897578239441,0.0,0.09529637545347214,0.0001,1e-05,50.336,2.712,0.6364
5316,stage2,3,0.08924006670713425,0.28533053398132324,0.0,0.08924006670713425,0.0001,1e-05,50.331,2.0002,0.637
5317,stage2,3,0.0899643525481224,0.32542550563812256,0.0,0.0899643525481224,0.0001,1e-05,50.338,2.5317,0.638
5318,stage2,3,0.09211667627096176,0.3187030851840973,0.0,0.09211667627096176,0.0001,1e-05,50.335,2.4653,0.6383
5319,stage2,3,0.09536151587963104,0.3004012405872345,0.0,0.09536151587963104,0.0001,1e-05,50.335,2.6885,3.569
5320,stage2,3,0.10797770321369171,0.2971053123474121,0.0,0.10797770321369171,0.0001,1e-05,50.334,2.8822,0.6362
5321,stage2,3,0.12352748215198517,0.2756936550140381,0.0,0.12352748215198517,0.0001,1e-05,50.336,3.2284,0.6362
5322,stage2,3,0.09337039291858673,0.28963541984558105,0.0,0.09337039291858673,0.0001,1e-05,50.331,2.3446,0.637
5323,stage2,3,0.1060226708650589,0.33247703313827515,0.0,0.1060226708650589,0.0001,1e-05,50.334,2.8155,0.6376
5324,stage2,3,0.0890590250492096,0.30340576171875,0.0,0.0890590250492096,0.0001,1e-05,50.335,2.9399,0.6371
5325,stage2,3,0.1006099134683609,0.3148581385612488,0.0,0.1006099134683609,0.0001,1e-05,50.333,2.5576,0.6374
5326,stage2,3,0.09608397632837296,0.2920061945915222,0.0,0.09608397632837296,0.0001,1e-05,50.337,2.941,0.6372
5327,stage2,3,0.0897541493177414,0.2955858111381531,0.0,0.0897541493177414,0.0001,1e-05,50.333,2.8626,3.5732
5328,stage2,3,0.08380509167909622,0.3162606358528137,0.0,0.08380509167909622,0.0001,1e-05,50.336,2.5611,0.6352
5329,stage2,3,0.08769885450601578,0.33911654353141785,0.0,0.08769885450601578,0.0001,1e-05,50.335,2.0948,0.6363
5330,stage2,3,0.08392307162284851,0.287835031747818,0.0,0.08392307162284851,0.0001,1e-05,50.333,2.241,0.6358
5331,stage2,3,0.10104464739561081,0.3289693593978882,0.0,0.10104464739561081,0.0001,1e-05,50.334,2.9591,0.6366
5332,stage2,3,0.08844441920518875,0.28766530752182007,0.0,0.08844441920518875,0.0001,1e-05,50.329,2.5455,0.6366
5333,stage2,3,0.10110205411911011,0.2704431116580963,0.0,0.10110205411911011,0.0001,1e-05,50.334,2.6935,0.6367
5334,stage2,3,0.09941297769546509,0.30354800820350647,0.0,0.09941297769546509,0.0001,1e-05,50.33,2.2954,0.6369
5335,stage2,3,0.09376291185617447,0.2998340427875519,0.0,0.09376291185617447,0.0001,1e-05,50.333,2.2932,3.6479
5336,stage2,3,0.08592430502176285,0.31489092111587524,0.0,0.08592430502176285,0.0001,1e-05,50.335,2.3752,0.6351
5337,stage2,3,0.10306330025196075,0.30941903591156006,0.0,0.10306330025196075,0.0001,1e-05,50.336,2.7344,0.6362
5338,stage2,3,0.09675660729408264,0.33739691972732544,0.0,0.09675660729408264,0.0001,1e-05,50.336,2.6214,0.6358
5339,stage2,3,0.09651563316583633,0.2963574528694153,0.0,0.09651563316583633,0.0001,1e-05,50.337,3.364,0.6369
5340,stage2,3,0.08876650035381317,0.3100907504558563,0.0,0.08876650035381317,0.0001,1e-05,50.336,2.0394,0.637
5341,stage2,3,0.10392184555530548,0.2643824815750122,0.0,0.10392184555530548,0.0001,1e-05,50.336,2.4856,0.6375
5342,stage2,3,0.09058788418769836,0.28666287660598755,0.0,0.09058788418769836,0.0001,1e-05,50.333,2.3159,0.6373
5343,stage2,3,0.10523338615894318,0.3047470450401306,0.0,0.10523338615894318,0.0001,1e-05,50.336,2.9017,3.5722
5344,stage2,3,0.08650565892457962,0.28884008526802063,0.0,0.08650565892457962,0.0001,1e-05,50.336,2.775,0.6359
5345,stage2,3,0.09694527834653854,0.2953184247016907,0.0,0.09694527834653854,0.0001,1e-05,50.331,2.6234,0.6354
5346,stage2,3,0.0936843752861023,0.2794380486011505,0.0,0.0936843752861023,0.0001,1e-05,50.335,2.4568,0.6362
5347,stage2,3,0.08285856992006302,0.30436158180236816,0.0,0.08285856992006302,0.0001,1e-05,50.337,2.3881,0.637
5348,stage2,3,0.1009395495057106,0.288899689912796,0.0,0.1009395495057106,0.0001,1e-05,50.333,3.3022,0.6375
5349,stage2,3,0.07788579910993576,0.31927376985549927,0.0,0.07788579910993576,0.0001,1e-05,50.337,2.43,0.6376
5350,stage2,3,0.09333638101816177,0.3238595128059387,0.0,0.09333638101816177,0.0001,1e-05,50.334,2.2864,0.6364
5351,stage2,3,0.09231726080179214,0.27956175804138184,0.0,0.09231726080179214,0.0001,1e-05,50.337,2.547,3.5193
5352,stage2,3,0.08982738852500916,0.2840694189071655,0.0,0.08982738852500916,0.0001,1e-05,50.335,2.7786,0.6361
5353,stage2,3,0.10344300419092178,0.2590237855911255,0.0,0.10344300419092178,0.0001,1e-05,50.334,2.7275,0.6353
5354,stage2,3,0.09713832288980484,0.34113362431526184,0.0,0.09713832288980484,0.0001,1e-05,50.334,2.6642,0.6363
5355,stage2,3,0.08080333471298218,0.2968426048755646,0.0,0.08080333471298218,0.0001,1e-05,50.333,2.1454,0.6373
5356,stage2,3,0.091382697224617,0.33408552408218384,0.0,0.091382697224617,0.0001,1e-05,50.336,2.3826,0.6376
5357,stage2,3,0.09109104424715042,0.3217974603176117,0.0,0.09109104424715042,0.0001,1e-05,50.335,2.3889,0.6365
5358,stage2,3,0.09424339234828949,0.3144646883010864,0.0,0.09424339234828949,0.0001,1e-05,50.332,2.5945,0.6371
5359,stage2,3,0.10286852717399597,0.3044268786907196,0.0,0.10286852717399597,0.0001,1e-05,50.338,2.3424,3.5274
5360,stage2,3,0.09186424314975739,0.28797733783721924,0.0,0.09186424314975739,0.0001,1e-05,50.335,2.3875,0.6353
5361,stage2,3,0.09745285660028458,0.31799575686454773,0.0,0.09745285660028458,0.0001,1e-05,50.333,3.0362,0.6361
5362,stage2,3,0.08880263566970825,0.27476608753204346,0.0,0.08880263566970825,0.0001,1e-05,50.337,2.3249,0.6359
5363,stage2,3,0.10383269190788269,0.29132533073425293,0.0,0.10383269190788269,0.0001,1e-05,50.334,3.1337,0.6372
5364,stage2,3,0.11336323618888855,0.28789323568344116,0.0,0.11336323618888855,0.0001,1e-05,50.334,2.5746,0.635
5365,stage2,3,0.08622657507658005,0.30700770020484924,0.0,0.08622657507658005,0.0001,1e-05,50.332,2.2617,0.637
5366,stage2,3,0.1004742980003357,0.27817749977111816,0.0,0.1004742980003357,0.0001,1e-05,50.336,2.6983,0.6383
5367,stage2,3,0.09465574473142624,0.28367793560028076,0.0,0.09465574473142624,0.0001,1e-05,50.333,2.4505,3.5417
5368,stage2,3,0.08760044723749161,0.3151543140411377,0.0,0.08760044723749161,0.0001,1e-05,50.334,2.3412,0.6362
5369,stage2,3,0.09839708358049393,0.2969784140586853,0.0,0.09839708358049393,0.0001,1e-05,50.336,3.0361,0.6363
5370,stage2,3,0.1061897799372673,0.29166072607040405,0.0,0.1061897799372673,0.0001,1e-05,50.335,2.4514,0.6371
5371,stage2,3,0.09053565561771393,0.3143916726112366,0.0,0.09053565561771393,0.0001,1e-05,50.335,2.5398,0.637
5372,stage2,3,0.10121463239192963,0.3163204491138458,0.0,0.10121463239192963,0.0001,1e-05,50.334,2.4509,0.6363
5373,stage2,3,0.08821456134319305,0.3212626576423645,0.0,0.08821456134319305,0.0001,1e-05,50.335,2.4308,0.6366
5374,stage2,3,0.09636570513248444,0.30145278573036194,0.0,0.09636570513248444,0.0001,1e-05,50.331,2.941,0.6379
5375,stage2,3,0.0900561660528183,0.3131397068500519,0.0,0.0900561660528183,0.0001,1e-05,50.335,2.6101,3.5716
5376,stage2,3,0.10252724587917328,0.2999669909477234,0.0,0.10252724587917328,0.0001,1e-05,50.333,2.6291,0.6364
5377,stage2,3,0.10961329936981201,0.3091338276863098,0.0,0.10961329936981201,0.0001,1e-05,50.339,3.0798,0.6354
5378,stage2,3,0.07834751904010773,0.3125949800014496,0.0,0.07834751904010773,0.0001,1e-05,50.336,2.117,0.6365
5379,stage2,3,0.09952069818973541,0.3025141656398773,0.0,0.09952069818973541,0.0001,1e-05,50.333,2.7282,0.6359
5380,stage2,3,0.10055889189243317,0.3101622462272644,0.0,0.10055889189243317,0.0001,1e-05,50.336,2.9042,0.6373
5381,stage2,3,0.08058158308267593,0.3142653703689575,0.0,0.08058158308267593,0.0001,1e-05,50.337,2.1472,0.6366
5382,stage2,3,0.09438823908567429,0.2841978073120117,0.0,0.09438823908567429,0.0001,1e-05,50.334,2.5653,0.6362
5383,stage2,3,0.08897002786397934,0.322947233915329,0.0,0.08897002786397934,0.0001,1e-05,50.334,2.4257,3.6092
5384,stage2,3,0.10265515744686127,0.3122294545173645,0.0,0.10265515744686127,0.0001,1e-05,50.334,3.5343,0.6347
5385,stage2,3,0.0853569433093071,0.31136712431907654,0.0,0.0853569433093071,0.0001,1e-05,50.333,2.1909,0.6364
5386,stage2,3,0.08968008309602737,0.3185487389564514,0.0,0.08968008309602737,0.0001,1e-05,50.334,2.3433,0.6364
5387,stage2,3,0.09748703986406326,0.26664310693740845,0.0,0.09748703986406326,0.0001,1e-05,50.334,2.6483,0.6352
5388,stage2,3,0.09342488646507263,0.3166680932044983,0.0,0.09342488646507263,0.0001,1e-05,50.335,2.377,0.6361
5389,stage2,3,0.09274342656135559,0.30886316299438477,0.0,0.09274342656135559,0.0001,1e-05,50.336,2.7794,0.6367
5390,stage2,3,0.09482942521572113,0.30951064825057983,0.0,0.09482942521572113,0.0001,1e-05,50.335,3.0819,0.637
5391,stage2,3,0.0811937153339386,0.28618621826171875,0.0,0.0811937153339386,0.0001,1e-05,50.337,1.8735,3.6123
5392,stage2,3,0.10537183284759521,0.32307106256484985,0.0,0.10537183284759521,0.0001,1e-05,50.334,2.9078,0.6353
5393,stage2,3,0.08833779394626617,0.26495516300201416,0.0,0.08833779394626617,0.0001,1e-05,50.337,2.295,0.6359
5394,stage2,3,0.091915063560009,0.2843801975250244,0.0,0.091915063560009,0.0001,1e-05,50.336,2.4945,0.6366
5395,stage2,3,0.11307846754789352,0.2850293219089508,0.0,0.11307846754789352,0.0001,1e-05,50.334,3.2063,0.6367
5396,stage2,3,0.0893820971250534,0.2971669137477875,0.0,0.0893820971250534,0.0001,1e-05,50.335,2.6279,0.6369
5397,stage2,3,0.10406974703073502,0.2842539846897125,0.0,0.10406974703073502,0.0001,1e-05,50.333,3.2428,0.6374
5398,stage2,3,0.08831780403852463,0.29271072149276733,0.0,0.08831780403852463,0.0001,1e-05,50.335,2.4316,0.6374
5399,stage2,3,0.09263184666633606,0.30952170491218567,0.0,0.09263184666633606,0.0001,1e-05,50.335,2.3839,3.5408
5400,stage2,3,0.08951738476753235,0.2936525344848633,0.0,0.08951738476753235,0.0001,1e-05,50.336,2.8734,0.6356
5401,stage2,3,0.08028635382652283,0.29431211948394775,0.0,0.08028635382652283,0.0001,1e-05,50.337,2.3588,0.6364
5402,stage2,3,0.09426303952932358,0.3075689971446991,0.0,0.09426303952932358,0.0001,1e-05,50.332,2.4653,0.6368
5403,stage2,3,0.09113721549510956,0.3077554702758789,0.0,0.09113721549510956,0.0001,1e-05,50.332,2.901,0.6374
5404,stage2,3,0.08056218922138214,0.29366058111190796,0.0,0.08056218922138214,0.0001,1e-05,50.337,2.0301,0.6358
5405,stage2,3,0.09527168422937393,0.2796267569065094,0.0,0.09527168422937393,0.0001,1e-05,50.336,2.6331,0.6368
5406,stage2,3,0.10660898685455322,0.286302387714386,0.0,0.10660898685455322,0.0001,1e-05,50.335,2.6795,0.6369
5407,stage2,3,0.10768704116344452,0.29545995593070984,0.0,0.10768704116344452,0.0001,1e-05,50.335,2.8669,3.5258
5408,stage2,3,0.09132131189107895,0.3157885670661926,0.0,0.09132131189107895,0.0001,1e-05,50.337,2.4211,0.6348
5409,stage2,3,0.08210713416337967,0.29224905371665955,0.0,0.08210713416337967,0.0001,1e-05,50.336,1.9035,0.6363
5410,stage2,3,0.10176252573728561,0.3003993034362793,0.0,0.10176252573728561,0.0001,1e-05,50.338,2.987,0.636
5411,stage2,3,0.09667397290468216,0.28414759039878845,0.0,0.09667397290468216,0.0001,1e-05,50.329,2.7165,0.6368
5412,stage2,3,0.09084615856409073,0.3691174387931824,0.0,0.09084615856409073,0.0001,1e-05,50.335,2.456,0.6354
5413,stage2,3,0.09936138242483139,0.2830701172351837,0.0,0.09936138242483139,0.0001,1e-05,50.335,2.9737,0.6366
5414,stage2,3,0.08579055964946747,0.29776856303215027,0.0,0.08579055964946747,0.0001,1e-05,50.332,2.3952,0.6368
5415,stage2,3,0.09824211150407791,0.33469098806381226,0.0,0.09824211150407791,0.0001,1e-05,50.337,3.791,3.4964
5416,stage2,3,0.0857044905424118,0.30304157733917236,0.0,0.0857044905424118,0.0001,1e-05,50.334,2.3072,0.6385
5417,stage2,3,0.0947868824005127,0.3448525369167328,0.0,0.0947868824005127,0.0001,1e-05,50.334,2.8021,0.6361
5418,stage2,3,0.08147306740283966,0.3196171820163727,0.0,0.08147306740283966,0.0001,1e-05,50.334,2.6795,0.6361
5419,stage2,3,0.10045722126960754,0.303794801235199,0.0,0.10045722126960754,0.0001,1e-05,50.336,2.3986,0.6369
5420,stage2,3,0.09898333996534348,0.2884862422943115,0.0,0.09898333996534348,0.0001,1e-05,50.331,2.9501,0.6369
5421,stage2,3,0.10852009803056717,0.3019508719444275,0.0,0.10852009803056717,0.0001,1e-05,50.334,3.8631,0.6376
5422,stage2,3,0.11074730008840561,0.2864760458469391,0.0,0.11074730008840561,0.0001,1e-05,50.333,2.847,0.637
5423,stage2,3,0.08432547003030777,0.30868279933929443,0.0,0.08432547003030777,0.0001,1e-05,50.333,2.2465,3.6237
5424,stage2,3,0.09222351014614105,0.3128197193145752,0.0,0.09222351014614105,0.0001,1e-05,50.333,2.8389,0.6347
5425,stage2,3,0.09866391867399216,0.3077065348625183,0.0,0.09866391867399216,0.0001,1e-05,50.336,3.0203,0.6349
5426,stage2,3,0.09337065368890762,0.33360594511032104,0.0,0.09337065368890762,0.0001,1e-05,50.333,2.4933,0.6362
5427,stage2,3,0.09011911600828171,0.3029264211654663,0.0,0.09011911600828171,0.0001,1e-05,50.334,2.9101,0.6362
5428,stage2,3,0.08222907036542892,0.29317706823349,0.0,0.08222907036542892,0.0001,1e-05,50.336,2.5853,0.6365
5429,stage2,3,0.10438067466020584,0.3165694773197174,0.0,0.10438067466020584,0.0001,1e-05,50.333,2.6801,0.6363
5430,stage2,3,0.08827774226665497,0.3132789134979248,0.0,0.08827774226665497,0.0001,1e-05,50.33,2.6002,0.6383
5431,stage2,3,0.09484486281871796,0.3515070676803589,0.0,0.09484486281871796,0.0001,1e-05,50.334,2.9002,3.5303
5432,stage2,3,0.09438865631818771,0.3065964877605438,0.0,0.09438865631818771,0.0001,1e-05,50.339,2.6708,0.6369
5433,stage2,3,0.09336573630571365,0.2860987186431885,0.0,0.09336573630571365,0.0001,1e-05,50.333,2.4727,0.6368
5434,stage2,3,0.09597329050302505,0.30150336027145386,0.0,0.09597329050302505,0.0001,1e-05,50.335,2.6694,0.6364
5435,stage2,3,0.0947476327419281,0.28433603048324585,0.0,0.0947476327419281,0.0001,1e-05,50.335,2.8964,0.637
5436,stage2,3,0.0915701761841774,0.31899890303611755,0.0,0.0915701761841774,0.0001,1e-05,50.335,2.779,0.6369
5437,stage2,3,0.10414383560419083,0.2737876772880554,0.0,0.10414383560419083,0.0001,1e-05,50.334,2.966,0.6368
5438,stage2,3,0.09791866689920425,0.3277193009853363,0.0,0.09791866689920425,0.0001,1e-05,50.334,2.6545,0.6371
5439,stage2,3,0.09150548279285431,0.30554088950157166,0.0,0.09150548279285431,0.0001,1e-05,50.332,2.9711,3.6008
5440,stage2,3,0.08833124488592148,0.3135305643081665,0.0,0.08833124488592148,0.0001,1e-05,50.337,2.0713,0.6357
5441,stage2,3,0.09095046669244766,0.30905428528785706,0.0,0.09095046669244766,0.0001,1e-05,50.336,2.4253,0.6361
5442,stage2,3,0.10619843751192093,0.3042622208595276,0.0,0.10619843751192093,0.0001,1e-05,50.332,2.591,0.6364
5443,stage2,3,0.08830428123474121,0.2933577299118042,0.0,0.08830428123474121,0.0001,1e-05,50.333,2.1617,0.6371
5444,stage2,3,0.09163212776184082,0.3208555579185486,0.0,0.09163212776184082,0.0001,1e-05,50.333,2.7437,0.6372
5445,stage2,3,0.08527976274490356,0.3032055199146271,0.0,0.08527976274490356,0.0001,1e-05,50.335,2.5185,0.6366
5446,stage2,3,0.09413020312786102,0.33625292778015137,0.0,0.09413020312786102,0.0001,1e-05,50.332,2.4679,0.6372
5447,stage2,3,0.0963519811630249,0.3072758615016937,0.0,0.0963519811630249,0.0001,1e-05,50.332,2.5077,3.5631
5448,stage2,3,0.09166321158409119,0.296642929315567,0.0,0.09166321158409119,0.0001,1e-05,50.332,2.3283,0.6353
5449,stage2,3,0.09229405224323273,0.30854037404060364,0.0,0.09229405224323273,0.0001,1e-05,50.331,2.6412,0.6351
5450,stage2,3,0.090610072016716,0.3186335563659668,0.0,0.090610072016716,0.0001,1e-05,50.332,2.6688,0.6357
5451,stage2,3,0.10104994475841522,0.2808440327644348,0.0,0.10104994475841522,0.0001,1e-05,50.331,2.8124,0.6363
5452,stage2,3,0.09345926344394684,0.3095029890537262,0.0,0.09345926344394684,0.0001,1e-05,50.333,2.6668,0.6363
5453,stage2,3,0.0981203094124794,0.3057905435562134,0.0,0.0981203094124794,0.0001,1e-05,50.333,2.5647,0.6366
5454,stage2,3,0.08925828337669373,0.2946528196334839,0.0,0.08925828337669373,0.0001,1e-05,50.333,2.6348,0.6373
5455,stage2,3,0.09362568706274033,0.2983188331127167,0.0,0.09362568706274033,0.0001,1e-05,50.332,2.5545,3.5561
5456,stage2,3,0.09758488088846207,0.2725105881690979,0.0,0.09758488088846207,0.0001,1e-05,50.329,2.5552,0.6346
5457,stage2,3,0.08425513654947281,0.3020733594894409,0.0,0.08425513654947281,0.0001,1e-05,50.333,2.4088,0.6356
5458,stage2,3,0.09155701845884323,0.3198693096637726,0.0,0.09155701845884323,0.0001,1e-05,50.33,2.3883,0.6365
5459,stage2,3,0.09286946803331375,0.3115532696247101,0.0,0.09286946803331375,0.0001,1e-05,50.333,2.2505,0.6366
5460,stage2,3,0.08209558576345444,0.2662598490715027,0.0,0.08209558576345444,0.0001,1e-05,50.331,2.6149,0.6357
5461,stage2,3,0.09438983350992203,0.2896837890148163,0.0,0.09438983350992203,0.0001,1e-05,50.334,2.9679,0.6362
5462,stage2,3,0.09275583177804947,0.28524473309516907,0.0,0.09275583177804947,0.0001,1e-05,50.332,2.4709,0.6367
5463,stage2,3,0.08382762968540192,0.3078758716583252,0.0,0.08382762968540192,0.0001,1e-05,50.33,2.4484,3.6032
5464,stage2,3,0.08935175091028214,0.2789308428764343,0.0,0.08935175091028214,0.0001,1e-05,50.333,2.4595,0.6347
5465,stage2,3,0.08598824590444565,0.3118949830532074,0.0,0.08598824590444565,0.0001,1e-05,50.334,2.3422,0.6364
5466,stage2,3,0.09022972732782364,0.28675636649131775,0.0,0.09022972732782364,0.0001,1e-05,50.335,2.7456,0.6354
5467,stage2,3,0.09463901817798615,0.31105777621269226,0.0,0.09463901817798615,0.0001,1e-05,50.332,2.9412,0.6367
5468,stage2,3,0.08619310706853867,0.2886086702346802,0.0,0.08619310706853867,0.0001,1e-05,50.331,2.5082,0.6362
5469,stage2,3,0.08516347408294678,0.28997737169265747,0.0,0.08516347408294678,0.0001,1e-05,50.334,2.3694,0.6371
5470,stage2,3,0.09165069460868835,0.2859814465045929,0.0,0.09165069460868835,0.0001,1e-05,50.33,2.5845,0.637
5471,stage2,3,0.09764660149812698,0.29067090153694153,0.0,0.09764660149812698,0.0001,1e-05,50.332,2.7487,3.5056
5472,stage2,3,0.09718585759401321,0.259387344121933,0.0,0.09718585759401321,0.0001,1e-05,50.333,2.728,0.6356
5473,stage2,3,0.09427651017904282,0.2951814830303192,0.0,0.09427651017904282,0.0001,1e-05,50.331,2.6563,0.6356
5474,stage2,3,0.10078216344118118,0.30758148431777954,0.0,0.10078216344118118,0.0001,1e-05,50.332,2.8678,0.6362
5475,stage2,3,0.0797557532787323,0.3279300928115845,0.0,0.0797557532787323,0.0001,1e-05,50.332,2.585,0.6363
5476,stage2,3,0.095157690346241,0.3010796904563904,0.0,0.095157690346241,0.0001,1e-05,50.334,2.6338,0.6363
5477,stage2,3,0.09054335206747055,0.31566423177719116,0.0,0.09054335206747055,0.0001,1e-05,50.332,3.196,0.6365
5478,stage2,3,0.10326845943927765,0.30729055404663086,0.0,0.10326845943927765,0.0001,1e-05,50.332,2.9034,0.6377
5479,stage2,3,0.10269259661436081,0.33253800868988037,0.0,0.10269259661436081,0.0001,1e-05,50.333,2.5266,3.5544
5480,stage2,3,0.10342063754796982,0.2928248345851898,0.0,0.10342063754796982,0.0001,1e-05,50.337,2.7344,0.6355
5481,stage2,3,0.10768517851829529,0.2726421654224396,0.0,0.10768517851829529,0.0001,1e-05,50.334,2.6025,0.6355
5482,stage2,3,0.09447253495454788,0.28302258253097534,0.0,0.09447253495454788,0.0001,1e-05,50.332,2.4949,0.6361
5483,stage2,3,0.09965964406728745,0.31013375520706177,0.0,0.09965964406728745,0.0001,1e-05,50.334,2.5649,0.6367
5484,stage2,3,0.08619416505098343,0.2988688051700592,0.0,0.08619416505098343,0.0001,1e-05,50.331,2.3805,0.6367
5485,stage2,3,0.0953071191906929,0.3278796970844269,0.0,0.0953071191906929,0.0001,1e-05,50.335,2.7391,0.6364
5486,stage2,3,0.09074558317661285,0.2941589057445526,0.0,0.09074558317661285,0.0001,1e-05,50.335,2.3796,0.6374
5487,stage2,3,0.09030395746231079,0.3134172558784485,0.0,0.09030395746231079,0.0001,1e-05,50.33,2.5725,3.5699
5488,stage2,3,0.10170123726129532,0.3075707256793976,0.0,0.10170123726129532,0.0001,1e-05,50.332,3.0478,0.6353
5489,stage2,3,0.09001393616199493,0.2841685712337494,0.0,0.09001393616199493,0.0001,1e-05,50.333,2.9436,0.6348
5490,stage2,3,0.08155962824821472,0.32920041680336,0.0,0.08155962824821472,0.0001,1e-05,50.333,2.1476,0.6359
5491,stage2,3,0.09290775656700134,0.2826493978500366,0.0,0.09290775656700134,0.0001,1e-05,50.334,2.7098,0.6366
5492,stage2,3,0.08845161646604538,0.3103463053703308,0.0,0.08845161646604538,0.0001,1e-05,50.334,2.2031,0.6361
5493,stage2,3,0.1021912544965744,0.29873114824295044,0.0,0.1021912544965744,0.0001,1e-05,50.333,2.8528,0.6365
5494,stage2,3,0.09144222736358643,0.3087749779224396,0.0,0.09144222736358643,0.0001,1e-05,50.336,2.6103,0.6367
5495,stage2,3,0.1040070429444313,0.29649004340171814,0.0,0.1040070429444313,0.0001,1e-05,50.333,3.1444,3.5362
5496,stage2,3,0.09332490712404251,0.2902613580226898,0.0,0.09332490712404251,0.0001,1e-05,50.332,2.4038,0.6358
5497,stage2,3,0.07836512476205826,0.2657446265220642,0.0,0.07836512476205826,0.0001,1e-05,50.332,2.4171,0.635
5498,stage2,3,0.10288556665182114,0.2941747009754181,0.0,0.10288556665182114,0.0001,1e-05,50.334,2.3689,0.636
5499,stage2,3,0.08354394882917404,0.3108364939689636,0.0,0.08354394882917404,0.0001,1e-05,50.332,2.4534,0.6361
5500,stage2,3,0.08316170424222946,0.28624701499938965,0.0,0.08316170424222946,0.0001,1e-05,50.336,2.2624,0.6369
5501,stage2,3,0.08911268413066864,0.2792246341705322,0.0,0.08911268413066864,0.0001,1e-05,50.333,2.2668,0.637
5502,stage2,3,0.09069033712148666,0.3175928592681885,0.0,0.09069033712148666,0.0001,1e-05,50.336,2.2533,0.6368
5503,stage2,3,0.11324156820774078,0.29918208718299866,0.0,0.11324156820774078,0.0001,1e-05,50.334,2.6223,3.5116
5504,stage2,3,0.08296796679496765,0.3231576085090637,0.0,0.08296796679496765,0.0001,1e-05,50.333,2.4485,0.6354
5505,stage2,3,0.10147799551486969,0.2972877621650696,0.0,0.10147799551486969,0.0001,1e-05,50.336,2.4916,0.6357
5506,stage2,3,0.09219322353601456,0.30772703886032104,0.0,0.09219322353601456,0.0001,1e-05,50.335,3.1163,0.6363
5507,stage2,3,0.08355890214443207,0.31350839138031006,0.0,0.08355890214443207,0.0001,1e-05,50.332,2.3845,0.6369
5508,stage2,3,0.10435439646244049,0.29442232847213745,0.0,0.10435439646244049,0.0001,1e-05,50.331,2.4804,0.6372
5509,stage2,3,0.09523645788431168,0.2721080482006073,0.0,0.09523645788431168,0.0001,1e-05,50.332,2.4663,0.6375
5510,stage2,3,0.0950799509882927,0.31582608819007874,0.0,0.0950799509882927,0.0001,1e-05,50.332,2.4361,0.6364
5511,stage2,3,0.1092696562409401,0.28075841069221497,0.0,0.1092696562409401,0.0001,1e-05,50.335,2.9498,3.5483
5512,stage2,3,0.08513786643743515,0.29461362957954407,0.0,0.08513786643743515,0.0001,1e-05,50.336,2.2952,0.6353
5513,stage2,3,0.1071358397603035,0.30551186203956604,0.0,0.1071358397603035,0.0001,1e-05,50.334,3.6421,0.6361
5514,stage2,3,0.0904770940542221,0.32736319303512573,0.0,0.0904770940542221,0.0001,1e-05,50.336,2.4244,0.6368
5515,stage2,3,0.08312196284532547,0.31957584619522095,0.0,0.08312196284532547,0.0001,1e-05,50.332,2.226,0.6376
5516,stage2,3,0.08592494577169418,0.30964168906211853,0.0,0.08592494577169418,0.0001,1e-05,50.339,2.2703,0.6366
5517,stage2,3,0.08411223441362381,0.3328073024749756,0.0,0.08411223441362381,0.0001,1e-05,50.334,2.8323,0.6372
5518,stage2,3,0.08452537655830383,0.29922255873680115,0.0,0.08452537655830383,0.0001,1e-05,50.332,2.1546,0.6372
5519,stage2,3,0.0911080613732338,0.337363600730896,0.0,0.0911080613732338,0.0001,1e-05,50.335,2.2202,3.5765
5520,stage2,3,0.0945606455206871,0.2686243951320648,0.0,0.0945606455206871,0.0001,1e-05,50.337,2.3942,0.635
5521,stage2,3,0.10037562996149063,0.28283777832984924,0.0,0.10037562996149063,0.0001,1e-05,50.332,3.0569,0.6356
5522,stage2,3,0.08724575489759445,0.31549257040023804,0.0,0.08724575489759445,0.0001,1e-05,50.335,2.4705,0.6365
5523,stage2,3,0.09509354084730148,0.2853319048881531,0.0,0.09509354084730148,0.0001,1e-05,50.331,2.5641,0.6376
5524,stage2,3,0.10209519416093826,0.28853121399879456,0.0,0.10209519416093826,0.0001,1e-05,50.331,2.4823,0.6365
5525,stage2,3,0.09148934483528137,0.2553759813308716,0.0,0.09148934483528137,0.0001,1e-05,50.331,2.5004,0.6369
5526,stage2,3,0.09101291745901108,0.28907614946365356,0.0,0.09101291745901108,0.0001,1e-05,50.334,2.7567,0.6371
5527,stage2,3,0.10005377978086472,0.2901463210582733,0.0,0.10005377978086472,0.0001,1e-05,50.335,2.3977,3.5082
5528,stage2,3,0.09690230339765549,0.3196709156036377,0.0,0.09690230339765549,0.0001,1e-05,50.33,2.6616,0.6359
5529,stage2,3,0.09456773847341537,0.2832134962081909,0.0,0.09456773847341537,0.0001,1e-05,50.336,2.5609,0.6368
5530,stage2,3,0.10077375173568726,0.27068355679512024,0.0,0.10077375173568726,0.0001,1e-05,50.332,3.4395,0.636
5531,stage2,3,0.08515874296426773,0.27696162462234497,0.0,0.08515874296426773,0.0001,1e-05,50.337,2.3181,0.6369
5532,stage2,3,0.09896520525217056,0.31362593173980713,0.0,0.09896520525217056,0.0001,1e-05,50.334,3.6006,0.6367
5533,stage2,3,0.08983472734689713,0.28996625542640686,0.0,0.08983472734689713,0.0001,1e-05,50.338,2.7676,0.6372
5534,stage2,3,0.09975892305374146,0.3011292517185211,0.0,0.09975892305374146,0.0001,1e-05,50.331,2.6014,0.6383
5535,stage2,3,0.09329795837402344,0.2794836461544037,0.0,0.09329795837402344,0.0001,1e-05,50.333,2.2637,3.5884
5536,stage2,3,0.09887250512838364,0.31530651450157166,0.0,0.09887250512838364,0.0001,1e-05,50.332,2.7395,0.6376
5537,stage2,3,0.10076334327459335,0.28518033027648926,0.0,0.10076334327459335,0.0001,1e-05,50.337,2.3169,0.6362
5538,stage2,3,0.0937776267528534,0.31909695267677307,0.0,0.0937776267528534,0.0001,1e-05,50.334,3.424,0.6358
5539,stage2,3,0.08345883339643478,0.3227859139442444,0.0,0.08345883339643478,0.0001,1e-05,50.333,2.1411,0.6361
5540,stage2,3,0.0986018106341362,0.3070391118526459,0.0,0.0986018106341362,0.0001,1e-05,50.333,2.997,0.6367
5541,stage2,3,0.08226444572210312,0.30125167965888977,0.0,0.08226444572210312,0.0001,1e-05,50.332,2.1176,0.637
5542,stage2,3,0.09680096060037613,0.2807430028915405,0.0,0.09680096060037613,0.0001,1e-05,50.33,2.5447,0.6371
5543,stage2,3,0.09592974185943604,0.3065078854560852,0.0,0.09592974185943604,0.0001,1e-05,50.335,2.9664,3.5703
5544,stage2,3,0.0826239287853241,0.28572988510131836,0.0,0.0826239287853241,0.0001,1e-05,50.332,2.2817,0.6384
5545,stage2,3,0.08739528805017471,0.28158140182495117,0.0,0.08739528805017471,0.0001,1e-05,50.335,2.2083,0.637
5546,stage2,3,0.1263004094362259,0.31202152371406555,0.0,0.1263004094362259,0.0001,1e-05,50.333,3.9055,0.6361
5547,stage2,3,0.10023070126771927,0.3028753995895386,0.0,0.10023070126771927,0.0001,1e-05,50.336,2.5552,0.6366
5548,stage2,3,0.09988125413656235,0.2735297381877899,0.0,0.09988125413656235,0.0001,1e-05,50.331,2.8515,0.6371
5549,stage2,3,0.09543076157569885,0.3076626658439636,0.0,0.09543076157569885,0.0001,1e-05,50.333,2.5464,0.637
5550,stage2,3,0.10305298864841461,0.30040910840034485,0.0,0.10305298864841461,0.0001,1e-05,50.334,2.5658,0.6375
5551,stage2,3,0.08115815371274948,0.33138951659202576,0.0,0.08115815371274948,0.0001,1e-05,50.334,2.6369,3.5618
5552,stage2,3,0.09498075395822525,0.3333265781402588,0.0,0.09498075395822525,0.0001,1e-05,50.333,2.801,0.6353
5553,stage2,3,0.10583483427762985,0.2683822214603424,0.0,0.10583483427762985,0.0001,1e-05,50.333,3.2303,0.6354
5554,stage2,3,0.09004254639148712,0.2804863154888153,0.0,0.09004254639148712,0.0001,1e-05,50.334,2.3539,0.6351
5555,stage2,3,0.07887356728315353,0.323964923620224,0.0,0.07887356728315353,0.0001,1e-05,50.333,2.1428,0.6357
5556,stage2,3,0.09311001747846603,0.30616506934165955,0.0,0.09311001747846603,0.0001,1e-05,50.335,2.5505,0.6358
5557,stage2,3,0.1097465232014656,0.3032541275024414,0.0,0.1097465232014656,0.0001,1e-05,50.331,2.9101,0.636
5558,stage2,3,0.08586767315864563,0.35157421231269836,0.0,0.08586767315864563,0.0001,1e-05,50.334,2.539,0.6362
5559,stage2,3,0.09388373047113419,0.30322736501693726,0.0,0.09388373047113419,0.0001,1e-05,50.331,2.732,3.598
5560,stage2,3,0.09644985944032669,0.30832210183143616,0.0,0.09644985944032669,0.0001,1e-05,50.334,3.4728,0.6365
5561,stage2,3,0.08722355216741562,0.30606964230537415,0.0,0.08722355216741562,0.0001,1e-05,50.333,3.0237,0.636
5562,stage2,3,0.08550603687763214,0.2765968143939972,0.0,0.08550603687763214,0.0001,1e-05,50.332,2.5192,0.6367
5563,stage2,3,0.08672680705785751,0.32801932096481323,0.0,0.08672680705785751,0.0001,1e-05,50.335,2.1533,0.6364
5564,stage2,3,0.09051426500082016,0.26662760972976685,0.0,0.09051426500082016,0.0001,1e-05,50.333,2.2825,0.6365
5565,stage2,3,0.0924401506781578,0.28021156787872314,0.0,0.0924401506781578,0.0001,1e-05,50.333,2.7322,0.637
5566,stage2,3,0.09209809452295303,0.30426937341690063,0.0,0.09209809452295303,0.0001,1e-05,50.334,2.5548,0.6375
5567,stage2,3,0.10341950505971909,0.29864785075187683,0.0,0.10341950505971909,0.0001,1e-05,50.333,2.4067,3.5267
5568,stage2,3,0.0976877510547638,0.2971399426460266,0.0,0.0976877510547638,0.0001,1e-05,50.336,2.7176,0.6355
5569,stage2,3,0.09356380254030228,0.3008403182029724,0.0,0.09356380254030228,0.0001,1e-05,50.335,2.2718,0.6357
5570,stage2,3,0.08382398635149002,0.2826084792613983,0.0,0.08382398635149002,0.0001,1e-05,50.331,2.7557,0.6365
5571,stage2,3,0.08879522234201431,0.3391965627670288,0.0,0.08879522234201431,0.0001,1e-05,50.332,2.6237,0.6365
5572,stage2,3,0.09431954473257065,0.26397454738616943,0.0,0.09431954473257065,0.0001,1e-05,50.334,2.6529,0.6368
5573,stage2,3,0.09661202132701874,0.280822217464447,0.0,0.09661202132701874,0.0001,1e-05,50.334,3.0673,0.6369
5574,stage2,3,0.08796380460262299,0.30348318815231323,0.0,0.08796380460262299,0.0001,1e-05,50.33,2.6308,0.6375
5575,stage2,3,0.09658224135637283,0.3325273394584656,0.0,0.09658224135637283,0.0001,1e-05,50.333,2.5967,3.5813
5576,stage2,3,0.09903151541948318,0.274749219417572,0.0,0.09903151541948318,0.0001,1e-05,50.332,3.0073,0.6355
5577,stage2,3,0.09689901769161224,0.32152074575424194,0.0,0.09689901769161224,0.0001,1e-05,50.335,3.4452,0.6362
5578,stage2,3,0.0864032581448555,0.30740228295326233,0.0,0.0864032581448555,0.0001,1e-05,50.335,2.1851,0.6361
5579,stage2,3,0.09865125268697739,0.2600208520889282,0.0,0.09865125268697739,0.0001,1e-05,50.335,2.9806,0.6365
5580,stage2,3,0.08830096572637558,0.2769511938095093,0.0,0.08830096572637558,0.0001,1e-05,50.336,2.4147,0.6367
5581,stage2,3,0.11177366971969604,0.29164695739746094,0.0,0.11177366971969604,0.0001,1e-05,50.333,3.2337,0.6374
5582,stage2,3,0.08159662783145905,0.3161733150482178,0.0,0.08159662783145905,0.0001,1e-05,50.335,2.4479,0.6368
5583,stage2,3,0.08862648904323578,0.31354328989982605,0.0,0.08862648904323578,0.0001,1e-05,50.331,3.0198,3.5499
5584,stage2,3,0.09046328812837601,0.30448728799819946,0.0,0.09046328812837601,0.0001,1e-05,50.337,2.1919,0.6354
5585,stage2,3,0.11639268696308136,0.33062511682510376,0.0,0.11639268696308136,0.0001,1e-05,50.332,3.0088,0.6352
5586,stage2,3,0.08900906890630722,0.3037159740924835,0.0,0.08900906890630722,0.0001,1e-05,50.334,2.4407,0.6355
5587,stage2,3,0.09147772192955017,0.2999691665172577,0.0,0.09147772192955017,0.0001,1e-05,50.332,2.2882,0.6369
5588,stage2,3,0.09841906279325485,0.29555851221084595,0.0,0.09841906279325485,0.0001,1e-05,50.331,2.7419,0.6366
5589,stage2,3,0.09103375673294067,0.3069615364074707,0.0,0.09103375673294067,0.0001,1e-05,50.333,2.4466,0.6378
5590,stage2,3,0.08702415972948074,0.30361148715019226,0.0,0.08702415972948074,0.0001,1e-05,50.333,2.716,0.6368
5591,stage2,3,0.09355577826499939,0.28855833411216736,0.0,0.09355577826499939,0.0001,1e-05,50.334,2.5147,3.5317
5592,stage2,3,0.09426096081733704,0.29151925444602966,0.0,0.09426096081733704,0.0001,1e-05,50.331,2.4512,0.6353
5593,stage2,3,0.10877544432878494,0.2730128765106201,0.0,0.10877544432878494,0.0001,1e-05,50.334,3.271,0.6363
5594,stage2,3,0.0881553590297699,0.28560197353363037,0.0,0.0881553590297699,0.0001,1e-05,50.333,2.6339,0.6371
5595,stage2,3,0.0951000228524208,0.3010408580303192,0.0,0.0951000228524208,0.0001,1e-05,50.338,2.2018,0.6371
5596,stage2,3,0.09197403490543365,0.2742769420146942,0.0,0.09197403490543365,0.0001,1e-05,50.33,2.3811,0.6368
5597,stage2,3,0.09903009235858917,0.26626795530319214,0.0,0.09903009235858917,0.0001,1e-05,50.335,2.4629,0.637
5598,stage2,3,0.10029394924640656,0.29262882471084595,0.0,0.10029394924640656,0.0001,1e-05,50.335,2.8296,0.6379
5599,stage2,3,0.10128521174192429,0.2755151391029358,0.0,0.10128521174192429,0.0001,1e-05,50.332,3.0649,3.6845
5600,stage2,3,0.09571991115808487,0.28065794706344604,0.0,0.09571991115808487,0.0001,1e-05,50.333,2.5399,0.6369
5601,stage2,3,0.0973156988620758,0.32108423113822937,0.0,0.0973156988620758,0.0001,1e-05,50.337,3.0548,0.6355
5602,stage2,3,0.08816401660442352,0.28965556621551514,0.0,0.08816401660442352,0.0001,1e-05,50.338,2.4706,0.6359
5603,stage2,3,0.09783472120761871,0.2854257822036743,0.0,0.09783472120761871,0.0001,1e-05,50.332,2.5678,0.6365
5604,stage2,3,0.08836531639099121,0.27356696128845215,0.0,0.08836531639099121,0.0001,1e-05,50.333,2.6886,0.6372
5605,stage2,3,0.07841885089874268,0.2825002074241638,0.0,0.07841885089874268,0.0001,1e-05,50.335,2.3084,0.6372
5606,stage2,3,0.09626404941082001,0.3045080304145813,0.0,0.09626404941082001,0.0001,1e-05,50.331,2.9352,0.6378
5607,stage2,3,0.07898322492837906,0.2996473014354706,0.0,0.07898322492837906,0.0001,1e-05,50.335,2.3418,3.5484
5608,stage2,3,0.09053871780633926,0.28068941831588745,0.0,0.09053871780633926,0.0001,1e-05,50.335,2.6979,0.6358
5609,stage2,3,0.09855486452579498,0.293031245470047,0.0,0.09855486452579498,0.0001,1e-05,50.336,3.0202,0.6359
5610,stage2,3,0.08319453150033951,0.32049617171287537,0.0,0.08319453150033951,0.0001,1e-05,50.332,2.3234,0.6371
5611,stage2,3,0.09226138144731522,0.2666621804237366,0.0,0.09226138144731522,0.0001,1e-05,50.336,2.9452,0.6373
5612,stage2,3,0.09141369163990021,0.30861419439315796,0.0,0.09141369163990021,0.0001,1e-05,50.334,2.4942,0.6368
5613,stage2,3,0.10172565281391144,0.28855109214782715,0.0,0.10172565281391144,0.0001,1e-05,50.333,3.2392,0.637
5614,stage2,3,0.08531632274389267,0.3441452085971832,0.0,0.08531632274389267,0.0001,1e-05,50.335,2.5168,0.6369
5615,stage2,3,0.09248136729001999,0.2654816508293152,0.0,0.09248136729001999,0.0001,1e-05,50.332,2.7301,3.592
5616,stage2,3,0.08579326421022415,0.2916695177555084,0.0,0.08579326421022415,0.0001,1e-05,50.333,3.2232,0.6359
5617,stage2,3,0.09506762772798538,0.3063648045063019,0.0,0.09506762772798538,0.0001,1e-05,50.332,2.5327,0.6367
5618,stage2,3,0.11259908229112625,0.29199153184890747,0.0,0.11259908229112625,0.0001,1e-05,50.335,2.7145,0.6377
5619,stage2,3,0.09160737693309784,0.29985180497169495,0.0,0.09160737693309784,0.0001,1e-05,50.334,2.5998,0.6375
5620,stage2,3,0.08457546681165695,0.2944277822971344,0.0,0.08457546681165695,0.0001,1e-05,50.336,2.4629,0.6366
5621,stage2,3,0.07582585513591766,0.3233374357223511,0.0,0.07582585513591766,0.0001,1e-05,50.334,2.0904,0.6376
5622,stage2,3,0.09921801090240479,0.28746548295021057,0.0,0.09921801090240479,0.0001,1e-05,50.333,2.9339,0.638
5623,stage2,3,0.11009398102760315,0.3079361617565155,0.0,0.11009398102760315,0.0001,1e-05,50.335,3.3723,3.5229
5624,stage2,3,0.09947501868009567,0.29013630747795105,0.0,0.09947501868009567,0.0001,1e-05,50.332,2.7287,0.6365
5625,stage2,3,0.09107638150453568,0.295972615480423,0.0,0.09107638150453568,0.0001,1e-05,50.335,2.6065,0.6359
5626,stage2,3,0.09013660997152328,0.3060714900493622,0.0,0.09013660997152328,0.0001,1e-05,50.334,3.2664,0.6365
5627,stage2,3,0.09935440123081207,0.2790190279483795,0.0,0.09935440123081207,0.0001,1e-05,50.334,2.5076,0.6373
5628,stage2,3,0.10339399427175522,0.2804850935935974,0.0,0.10339399427175522,0.0001,1e-05,50.336,2.9896,0.6358
5629,stage2,3,0.09935968369245529,0.2652879059314728,0.0,0.09935968369245529,0.0001,1e-05,50.334,2.921,0.6367
5630,stage2,3,0.09624648094177246,0.27801159024238586,0.0,0.09624648094177246,0.0001,1e-05,50.336,2.9175,0.637
5631,stage2,3,0.09694433212280273,0.2776654362678528,0.0,0.09694433212280273,0.0001,1e-05,50.331,2.3477,3.483
5632,stage2,3,0.089309461414814,0.2735899090766907,0.0,0.089309461414814,0.0001,1e-05,50.335,2.6029,0.6359
5633,stage2,3,0.0917874202132225,0.2874723970890045,0.0,0.0917874202132225,0.0001,1e-05,50.334,2.6205,0.6374
5634,stage2,3,0.08987810462713242,0.29977938532829285,0.0,0.08987810462713242,0.0001,1e-05,50.333,3.059,0.637
5635,stage2,3,0.09414180368185043,0.26119256019592285,0.0,0.09414180368185043,0.0001,1e-05,50.331,2.3918,0.6364
5636,stage2,3,0.09128115326166153,0.31759363412857056,0.0,0.09128115326166153,0.0001,1e-05,50.333,2.4332,0.637
5637,stage2,3,0.08438610285520554,0.2902999222278595,0.0,0.08438610285520554,0.0001,1e-05,50.332,2.2633,0.637
5638,stage2,3,0.09430072456598282,0.27587926387786865,0.0,0.09430072456598282,0.0001,1e-05,50.334,2.5491,0.6376
5639,stage2,3,0.09351005405187607,0.30437299609184265,0.0,0.09351005405187607,0.0001,1e-05,50.333,2.545,3.5248
5640,stage2,3,0.09036782383918762,0.2962509095668793,0.0,0.09036782383918762,0.0001,1e-05,50.335,2.8843,0.6354
5641,stage2,3,0.09874220192432404,0.30673378705978394,0.0,0.09874220192432404,0.0001,1e-05,50.336,2.8917,0.6361
5642,stage2,3,0.09774643182754517,0.25408947467803955,0.0,0.09774643182754517,0.0001,1e-05,50.339,2.8703,0.6363
5643,stage2,3,0.09017204493284225,0.25759705901145935,0.0,0.09017204493284225,0.0001,1e-05,50.335,2.3706,0.637
5644,stage2,3,0.08123665302991867,0.3165847063064575,0.0,0.08123665302991867,0.0001,1e-05,50.334,2.0411,0.6376
5645,stage2,3,0.08908781409263611,0.28955063223838806,0.0,0.08908781409263611,0.0001,1e-05,50.337,2.4211,0.6378
5646,stage2,3,0.09392896294593811,0.3041912019252777,0.0,0.09392896294593811,0.0001,1e-05,50.333,2.7715,0.6382
5647,stage2,3,0.09332488477230072,0.2895013093948364,0.0,0.09332488477230072,0.0001,1e-05,50.335,3.3709,3.5625
5648,stage2,3,0.09941347688436508,0.3064717650413513,0.0,0.09941347688436508,0.0001,1e-05,50.33,2.9201,0.6357
5649,stage2,3,0.09064361453056335,0.29964402318000793,0.0,0.09064361453056335,0.0001,1e-05,50.337,2.6375,0.637
5650,stage2,3,0.10458417981863022,0.30389130115509033,0.0,0.10458417981863022,0.0001,1e-05,50.335,2.986,0.6362
5651,stage2,3,0.09822974354028702,0.2737151086330414,0.0,0.09822974354028702,0.0001,1e-05,50.333,2.6517,0.6368
5652,stage2,3,0.08324851840734482,0.2853696942329407,0.0,0.08324851840734482,0.0001,1e-05,50.335,2.2285,0.6374
5653,stage2,3,0.08068788051605225,0.31242066621780396,0.0,0.08068788051605225,0.0001,1e-05,50.33,2.5597,0.6375
5654,stage2,3,0.08621565997600555,0.2829965651035309,0.0,0.08621565997600555,0.0001,1e-05,50.336,2.5565,0.6377
5655,stage2,3,0.08971934765577316,0.3584977686405182,0.0,0.08971934765577316,0.0001,1e-05,50.333,2.7849,3.4694
5656,stage2,3,0.08506042510271072,0.32646745443344116,0.0,0.08506042510271072,0.0001,1e-05,50.335,2.2798,0.6362
5657,stage2,3,0.10341133922338486,0.28126123547554016,0.0,0.10341133922338486,0.0001,1e-05,50.336,2.6789,0.6367
5658,stage2,3,0.090469591319561,0.31116941571235657,0.0,0.090469591319561,0.0001,1e-05,50.334,2.3301,0.6367
5659,stage2,3,0.09440924227237701,0.30215299129486084,0.0,0.09440924227237701,0.0001,1e-05,50.335,2.6652,0.6376
5660,stage2,3,0.08957000821828842,0.2650822401046753,0.0,0.08957000821828842,0.0001,1e-05,50.338,2.1876,0.6372
5661,stage2,3,0.0991840735077858,0.320541650056839,0.0,0.0991840735077858,0.0001,1e-05,50.338,2.4152,0.6375
5662,stage2,3,0.0884760394692421,0.2864491045475006,0.0,0.0884760394692421,0.0001,1e-05,50.335,2.7467,0.6379
5663,stage2,3,0.08091792464256287,0.28456592559814453,0.0,0.08091792464256287,0.0001,1e-05,50.337,2.134,3.5516
5664,stage2,3,0.07981099933385849,0.2844509780406952,0.0,0.07981099933385849,0.0001,1e-05,50.338,2.0995,0.636
5665,stage2,3,0.09599192440509796,0.2899587154388428,0.0,0.09599192440509796,0.0001,1e-05,50.335,2.9758,0.6364
5666,stage2,3,0.08344539254903793,0.3088577687740326,0.0,0.08344539254903793,0.0001,1e-05,50.334,2.0649,0.637
5667,stage2,3,0.11051338911056519,0.31180500984191895,0.0,0.11051338911056519,0.0001,1e-05,50.331,3.5992,0.6369
5668,stage2,3,0.09009566158056259,0.2844613194465637,0.0,0.09009566158056259,0.0001,1e-05,50.337,2.453,0.6376
5669,stage2,3,0.11437787115573883,0.26908719539642334,0.0,0.11437787115573883,0.0001,1e-05,50.334,3.3277,0.638
5670,stage2,3,0.09396670013666153,0.28422489762306213,0.0,0.09396670013666153,0.0001,1e-05,50.334,2.6772,0.6379
5671,stage2,3,0.08438832312822342,0.29316452145576477,0.0,0.08438832312822342,0.0001,1e-05,50.334,2.472,3.5113
5672,stage2,3,0.08978583663702011,0.281044602394104,0.0,0.08978583663702011,0.0001,1e-05,50.335,2.2852,0.6358
5673,stage2,3,0.09420159459114075,0.28659218549728394,0.0,0.09420159459114075,0.0001,1e-05,50.334,2.3988,0.6363
5674,stage2,3,0.09946424514055252,0.2703491747379303,0.0,0.09946424514055252,0.0001,1e-05,50.334,2.4537,0.6363
5675,stage2,3,0.10659565776586533,0.30309179425239563,0.0,0.10659565776586533,0.0001,1e-05,50.335,2.9275,0.6363
5676,stage2,3,0.09564004093408585,0.341164767742157,0.0,0.09564004093408585,0.0001,1e-05,50.335,2.5908,0.6368
5677,stage2,3,0.08142586052417755,0.3177606463432312,0.0,0.08142586052417755,0.0001,1e-05,50.336,1.8622,0.6374
5678,stage2,3,0.0944627970457077,0.31848880648612976,0.0,0.0944627970457077,0.0001,1e-05,50.337,2.4399,0.6377
5679,stage2,3,0.09777168929576874,0.33586645126342773,0.0,0.09777168929576874,0.0001,1e-05,50.335,2.4371,3.5301
5680,stage2,3,0.08933791518211365,0.30066144466400146,0.0,0.08933791518211365,0.0001,1e-05,50.336,2.4888,0.6368
5681,stage2,3,0.08974161744117737,0.2770707309246063,0.0,0.08974161744117737,0.0001,1e-05,50.333,2.4285,0.6367
5682,stage2,3,0.08589380234479904,0.2687821388244629,0.0,0.08589380234479904,0.0001,1e-05,50.333,2.0502,0.6367
5683,stage2,3,0.09338200837373734,0.2996300458908081,0.0,0.09338200837373734,0.0001,1e-05,50.338,2.8841,0.6373
5684,stage2,3,0.09386074542999268,0.28775104880332947,0.0,0.09386074542999268,0.0001,1e-05,50.336,2.6348,0.6372
5685,stage2,3,0.09601416438817978,0.29439061880111694,0.0,0.09601416438817978,0.0001,1e-05,50.334,2.5576,0.6376
5686,stage2,3,0.09588242322206497,0.30922454595565796,0.0,0.09588242322206497,0.0001,1e-05,50.335,3.2848,0.6373
5687,stage2,3,0.0990404412150383,0.28035685420036316,0.0,0.0990404412150383,0.0001,1e-05,50.335,2.3382,3.4984
5688,stage2,3,0.08179622143507004,0.2730858325958252,0.0,0.08179622143507004,0.0001,1e-05,50.332,2.5268,0.6356
5689,stage2,3,0.09753198176622391,0.3027549088001251,0.0,0.09753198176622391,0.0001,1e-05,50.332,2.521,0.6401
5690,stage2,3,0.08661153167486191,0.3003944456577301,0.0,0.08661153167486191,0.0001,1e-05,50.333,2.344,0.6371
5691,stage2,3,0.08963818848133087,0.2955540716648102,0.0,0.08963818848133087,0.0001,1e-05,50.335,2.4173,0.6364
5692,stage2,3,0.10313429683446884,0.29172855615615845,0.0,0.10313429683446884,0.0001,1e-05,50.335,2.5319,0.6371
5693,stage2,3,0.08461704850196838,0.2914609909057617,0.0,0.08461704850196838,0.0001,1e-05,50.335,2.3979,0.6378
5694,stage2,3,0.091117724776268,0.2961215674877167,0.0,0.091117724776268,0.0001,1e-05,50.334,2.295,0.6388
5695,stage2,3,0.1080290749669075,0.281002938747406,0.0,0.1080290749669075,0.0001,1e-05,50.339,2.8378,3.4971
5696,stage2,3,0.09685789793729782,0.2691696286201477,0.0,0.09685789793729782,0.0001,1e-05,50.334,3.5041,0.6363
5697,stage2,3,0.1008744016289711,0.3077760934829712,0.0,0.1008744016289711,0.0001,1e-05,50.336,2.5955,0.6362
5698,stage2,3,0.0983535647392273,0.3112051784992218,0.0,0.0983535647392273,0.0001,1e-05,50.334,3.9526,0.6363
5699,stage2,3,0.09030113369226456,0.3067069947719574,0.0,0.09030113369226456,0.0001,1e-05,50.335,2.6008,0.6368
5700,stage2,3,0.08523868769407272,0.3054875135421753,0.0,0.08523868769407272,0.0001,1e-05,50.335,2.488,0.638
5701,stage2,3,0.08907194435596466,0.2910839915275574,0.0,0.08907194435596466,0.0001,1e-05,50.335,2.1588,0.6383
5702,stage2,3,0.08491712063550949,0.2903648912906647,0.0,0.08491712063550949,0.0001,1e-05,50.338,2.142,0.638
5703,stage2,3,0.08824846148490906,0.28979817032814026,0.0,0.08824846148490906,0.0001,1e-05,50.337,2.4105,3.5294
5704,stage2,3,0.08777590841054916,0.30039680004119873,0.0,0.08777590841054916,0.0001,1e-05,50.333,2.3737,0.6354
5705,stage2,3,0.08752652257680893,0.2912176549434662,0.0,0.08752652257680893,0.0001,1e-05,50.334,2.6698,0.6369
5706,stage2,3,0.10161130130290985,0.27077794075012207,0.0,0.10161130130290985,0.0001,1e-05,50.335,2.7508,0.6371
5707,stage2,3,0.0949750617146492,0.33406543731689453,0.0,0.0949750617146492,0.0001,1e-05,50.335,2.6054,0.6372
5708,stage2,3,0.08023548126220703,0.3123939633369446,0.0,0.08023548126220703,0.0001,1e-05,50.337,2.2909,0.6376
5709,stage2,3,0.0859149768948555,0.2852877080440521,0.0,0.0859149768948555,0.0001,1e-05,50.334,2.2425,0.6372
5710,stage2,3,0.08180554956197739,0.3033501207828522,0.0,0.08180554956197739,0.0001,1e-05,50.334,2.6031,0.638
5711,stage2,3,0.09414128959178925,0.2814912497997284,0.0,0.09414128959178925,0.0001,1e-05,50.333,2.302,3.4895
5712,stage2,3,0.08593612909317017,0.3065553903579712,0.0,0.08593612909317017,0.0001,1e-05,50.335,2.2039,0.6368
5713,stage2,3,0.10206867009401321,0.2909943163394928,0.0,0.10206867009401321,0.0001,1e-05,50.335,2.7402,0.6376
5714,stage2,3,0.09485208988189697,0.2914924621582031,0.0,0.09485208988189697,0.0001,1e-05,50.335,2.9532,0.6371
5715,stage2,3,0.09381671249866486,0.2958575189113617,0.0,0.09381671249866486,0.0001,1e-05,50.336,2.3906,0.6371
5716,stage2,3,0.09747456014156342,0.3106459081172943,0.0,0.09747456014156342,0.0001,1e-05,50.335,2.5826,0.6367
5717,stage2,3,0.08747642487287521,0.3231595456600189,0.0,0.08747642487287521,0.0001,1e-05,50.333,2.3498,0.6385
5718,stage2,3,0.09701937437057495,0.26962336897850037,0.0,0.09701937437057495,0.0001,1e-05,50.332,2.5448,0.6375
5719,stage2,3,0.09641532599925995,0.29257556796073914,0.0,0.09641532599925995,0.0001,1e-05,50.335,2.3578,3.5769
5720,stage2,3,0.08347482234239578,0.3007450997829437,0.0,0.08347482234239578,0.0001,1e-05,50.337,2.2426,0.6364
5721,stage2,3,0.09816333651542664,0.2942613959312439,0.0,0.09816333651542664,0.0001,1e-05,50.335,2.4682,0.6371
5722,stage2,3,0.07353328168392181,0.31872621178627014,0.0,0.07353328168392181,0.0001,1e-05,50.335,2.4307,0.6367
5723,stage2,3,0.08659647405147552,0.29949119687080383,0.0,0.08659647405147552,0.0001,1e-05,50.335,2.3069,0.6372
5724,stage2,3,0.09445846825838089,0.2850275933742523,0.0,0.09445846825838089,0.0001,1e-05,50.334,2.4406,0.6374
5725,stage2,3,0.08860213309526443,0.2986985445022583,0.0,0.08860213309526443,0.0001,1e-05,50.334,2.5528,0.6383
5726,stage2,3,0.0863475427031517,0.2759454548358917,0.0,0.0863475427031517,0.0001,1e-05,50.336,2.6073,0.6381
5727,stage2,3,0.08671969175338745,0.272068053483963,0.0,0.08671969175338745,0.0001,1e-05,50.337,2.2453,3.521
5728,stage2,3,0.09663120657205582,0.32900336384773254,0.0,0.09663120657205582,0.0001,1e-05,50.335,2.6131,0.6367
5729,stage2,3,0.09333106875419617,0.29270535707473755,0.0,0.09333106875419617,0.0001,1e-05,50.334,2.5007,0.6375
5730,stage2,3,0.09685149788856506,0.3220212757587433,0.0,0.09685149788856506,0.0001,1e-05,50.334,2.8701,0.638
5731,stage2,3,0.08349710702896118,0.31670257449150085,0.0,0.08349710702896118,0.0001,1e-05,50.335,2.3845,0.6383
5732,stage2,3,0.08685635775327682,0.29640042781829834,0.0,0.08685635775327682,0.0001,1e-05,50.335,2.2155,0.638
5733,stage2,3,0.09288216382265091,0.282103568315506,0.0,0.09288216382265091,0.0001,1e-05,50.335,2.6895,0.6375
5734,stage2,3,0.08553081750869751,0.3074922561645508,0.0,0.08553081750869751,0.0001,1e-05,50.337,2.735,0.6378
5735,stage2,3,0.08672180026769638,0.30107223987579346,0.0,0.08672180026769638,0.0001,1e-05,50.332,2.8129,3.5732
5736,stage2,3,0.08893486857414246,0.2857591211795807,0.0,0.08893486857414246,0.0001,1e-05,50.331,2.1242,0.6358
5737,stage2,3,0.08756004273891449,0.2701624035835266,0.0,0.08756004273891449,0.0001,1e-05,50.333,2.8901,0.6366
5738,stage2,3,0.09545961022377014,0.2819872498512268,0.0,0.09545961022377014,0.0001,1e-05,50.335,2.691,0.6372
5739,stage2,3,0.08901946991682053,0.2882626950740814,0.0,0.08901946991682053,0.0001,1e-05,50.332,2.3045,0.6367
5740,stage2,3,0.08902279287576675,0.29025334119796753,0.0,0.08902279287576675,0.0001,1e-05,50.337,2.978,0.6362
5741,stage2,3,0.0787179246544838,0.29276496171951294,0.0,0.0787179246544838,0.0001,1e-05,50.335,2.1503,0.6369
5742,stage2,3,0.09947468340396881,0.29899394512176514,0.0,0.09947468340396881,0.0001,1e-05,50.33,2.7334,0.6382
5743,stage2,3,0.08728872239589691,0.3200937509536743,0.0,0.08728872239589691,0.0001,1e-05,50.334,2.7402,3.6395
5744,stage2,3,0.09409596025943756,0.3148350715637207,0.0,0.09409596025943756,0.0001,1e-05,50.336,2.6258,0.6359
5745,stage2,3,0.0945666953921318,0.3203273117542267,0.0,0.0945666953921318,0.0001,1e-05,50.336,2.5417,0.6364
5746,stage2,3,0.09556501358747482,0.28951117396354675,0.0,0.09556501358747482,0.0001,1e-05,50.334,2.4217,0.6361
5747,stage2,3,0.09449805319309235,0.29592588543891907,0.0,0.09449805319309235,0.0001,1e-05,50.334,2.2762,0.6366
5748,stage2,3,0.10151319205760956,0.29642489552497864,0.0,0.10151319205760956,0.0001,1e-05,50.335,2.9595,0.6374
5749,stage2,3,0.09371191263198853,0.2914251387119293,0.0,0.09371191263198853,0.0001,1e-05,50.336,2.3355,0.6376
5750,stage2,3,0.08321818709373474,0.2919630706310272,0.0,0.08321818709373474,0.0001,1e-05,50.337,2.3783,0.6376
5751,stage2,3,0.09093614667654037,0.30949869751930237,0.0,0.09093614667654037,0.0001,1e-05,50.333,2.3073,3.6226
5752,stage2,3,0.09658154845237732,0.3059384822845459,0.0,0.09658154845237732,0.0001,1e-05,50.334,2.6832,0.6354
5753,stage2,3,0.08893893659114838,0.3007446825504303,0.0,0.08893893659114838,0.0001,1e-05,50.335,2.5606,0.6365
5754,stage2,3,0.07979784160852432,0.27739807963371277,0.0,0.07979784160852432,0.0001,1e-05,50.333,2.2243,0.6372
5755,stage2,3,0.08842196315526962,0.28843262791633606,0.0,0.08842196315526962,0.0001,1e-05,50.332,2.4498,0.6371
5756,stage2,3,0.09753189980983734,0.31146031618118286,0.0,0.09753189980983734,0.0001,1e-05,50.333,2.9229,0.6375
5757,stage2,3,0.09708254039287567,0.29185810685157776,0.0,0.09708254039287567,0.0001,1e-05,50.332,2.6674,0.6375
5758,stage2,3,0.0931159183382988,0.2964840233325958,0.0,0.0931159183382988,0.0001,1e-05,50.334,2.3236,0.6374
5759,stage2,3,0.09143323451280594,0.26022619009017944,0.0,0.09143323451280594,0.0001,1e-05,50.335,2.6552,3.5778
5760,stage2,3,0.09192755073308945,0.3232663571834564,0.0,0.09192755073308945,0.0001,1e-05,50.334,2.4345,0.6351
5761,stage2,3,0.09135744720697403,0.31382086873054504,0.0,0.09135744720697403,0.0001,1e-05,50.334,2.6687,0.6371
5762,stage2,3,0.08990002423524857,0.3024905323982239,0.0,0.08990002423524857,0.0001,1e-05,50.333,2.3665,0.6368
5763,stage2,3,0.08473318815231323,0.3026260733604431,0.0,0.08473318815231323,0.0001,1e-05,50.333,2.5008,0.6365
5764,stage2,3,0.08925795555114746,0.28841954469680786,0.0,0.08925795555114746,0.0001,1e-05,50.338,2.4769,0.6367
5765,stage2,3,0.10306735336780548,0.2812577486038208,0.0,0.10306735336780548,0.0001,1e-05,50.334,2.7688,0.6367
5766,stage2,3,0.09304175525903702,0.28958919644355774,0.0,0.09304175525903702,0.0001,1e-05,50.335,2.2125,0.6374
5767,stage2,3,0.08865853399038315,0.3172149956226349,0.0,0.08865853399038315,0.0001,1e-05,50.333,2.7004,3.65
5768,stage2,3,0.08848920464515686,0.283062219619751,0.0,0.08848920464515686,0.0001,1e-05,50.332,2.3287,0.6366
5769,stage2,3,0.09606349468231201,0.3025236427783966,0.0,0.09606349468231201,0.0001,1e-05,50.339,2.9238,0.6362
5770,stage2,3,0.0886983796954155,0.29673531651496887,0.0,0.0886983796954155,0.0001,1e-05,50.335,3.2945,0.6366
5771,stage2,3,0.08352643251419067,0.32207152247428894,0.0,0.08352643251419067,0.0001,1e-05,50.335,2.3571,0.6373
5772,stage2,3,0.09811131656169891,0.32590869069099426,0.0,0.09811131656169891,0.0001,1e-05,50.336,2.6487,0.6372
5773,stage2,3,0.08515402674674988,0.2849379777908325,0.0,0.08515402674674988,0.0001,1e-05,50.331,2.6785,0.6369
5774,stage2,3,0.10217161476612091,0.29887881875038147,0.0,0.10217161476612091,0.0001,1e-05,50.335,2.9675,0.6366
5775,stage2,3,0.08903254568576813,0.26623663306236267,0.0,0.08903254568576813,0.0001,1e-05,50.336,2.6654,3.5789
5776,stage2,3,0.08391629904508591,0.30074647068977356,0.0,0.08391629904508591,0.0001,1e-05,50.334,2.2016,0.6361
5777,stage2,3,0.0950344130396843,0.2818126678466797,0.0,0.0950344130396843,0.0001,1e-05,50.334,2.5508,0.6365
5778,stage2,3,0.08484019339084625,0.298774778842926,0.0,0.08484019339084625,0.0001,1e-05,50.335,2.4851,0.6364
5779,stage2,3,0.09639128297567368,0.3008337616920471,0.0,0.09639128297567368,0.0001,1e-05,50.333,3.026,0.6369
5780,stage2,3,0.08517509698867798,0.30160990357398987,0.0,0.08517509698867798,0.0001,1e-05,50.332,2.4987,0.6369
5781,stage2,3,0.09347710013389587,0.3193267583847046,0.0,0.09347710013389587,0.0001,1e-05,50.337,2.6408,0.6373
5782,stage2,3,0.09588179737329483,0.29055604338645935,0.0,0.09588179737329483,0.0001,1e-05,50.334,2.7254,0.6374
5783,stage2,3,0.08432552963495255,0.2871769070625305,0.0,0.08432552963495255,0.0001,1e-05,50.331,2.1512,3.5249
5784,stage2,3,0.09598337858915329,0.3119073212146759,0.0,0.09598337858915329,0.0001,1e-05,50.334,2.3719,0.6363
5785,stage2,3,0.09505816549062729,0.297118604183197,0.0,0.09505816549062729,0.0001,1e-05,50.33,2.7736,0.6364
5786,stage2,3,0.08810119330883026,0.2895442545413971,0.0,0.08810119330883026,0.0001,1e-05,50.332,2.3288,0.636
5787,stage2,3,0.08299531042575836,0.29443758726119995,0.0,0.08299531042575836,0.0001,1e-05,50.334,2.9995,0.637
5788,stage2,3,0.08040285855531693,0.31326502561569214,0.0,0.08040285855531693,0.0001,1e-05,50.333,2.1256,0.6381
5789,stage2,3,0.09590660035610199,0.29325443506240845,0.0,0.09590660035610199,0.0001,1e-05,50.332,2.9111,0.6382
5790,stage2,3,0.10942056030035019,0.29965588450431824,0.0,0.10942056030035019,0.0001,1e-05,50.333,3.1734,0.6374
5791,stage2,3,0.08591730892658234,0.287128210067749,0.0,0.08591730892658234,0.0001,1e-05,50.333,2.2716,3.5601
5792,stage2,3,0.08428037911653519,0.31154003739356995,0.0,0.08428037911653519,0.0001,1e-05,50.333,2.6033,0.6359
5793,stage2,3,0.08923684805631638,0.2693285644054413,0.0,0.08923684805631638,0.0001,1e-05,50.337,2.4949,0.6387
5794,stage2,3,0.08006796985864639,0.294822633266449,0.0,0.08006796985864639,0.0001,1e-05,50.336,2.2718,0.633
5795,stage2,3,0.08084111660718918,0.32477161288261414,0.0,0.08084111660718918,0.0001,1e-05,50.336,2.4043,0.6365
5796,stage2,3,0.09259829670190811,0.29945164918899536,0.0,0.09259829670190811,0.0001,1e-05,50.335,2.6636,0.6365
5797,stage2,3,0.09121126681566238,0.2671107351779938,0.0,0.09121126681566238,0.0001,1e-05,50.335,2.638,0.6375
5798,stage2,3,0.08761797100305557,0.30337709188461304,0.0,0.08761797100305557,0.0001,1e-05,50.333,2.3237,0.6374
5799,stage2,3,0.08840673416852951,0.30028975009918213,0.0,0.08840673416852951,0.0001,1e-05,50.331,2.491,3.52
5800,stage2,3,0.10587906837463379,0.27470389008522034,0.0,0.10587906837463379,0.0001,1e-05,50.336,3.4281,0.6356
5801,stage2,3,0.09016438573598862,0.28347235918045044,0.0,0.09016438573598862,0.0001,1e-05,50.333,2.4087,0.6363
5802,stage2,3,0.1006724089384079,0.2768716812133789,0.0,0.1006724089384079,0.0001,1e-05,50.333,3.1022,0.6378
5803,stage2,3,0.09205831587314606,0.31936272978782654,0.0,0.09205831587314606,0.0001,1e-05,50.335,2.8274,0.6365
5804,stage2,3,0.09273898601531982,0.2779444754123688,0.0,0.09273898601531982,0.0001,1e-05,50.332,2.3347,0.6364
5805,stage2,3,0.09294532239437103,0.29707422852516174,0.0,0.09294532239437103,0.0001,1e-05,50.334,2.5152,0.6378
5806,stage2,3,0.09271783381700516,0.30728182196617126,0.0,0.09271783381700516,0.0001,1e-05,50.332,2.7651,0.638
5807,stage2,3,0.0988835021853447,0.2717823386192322,0.0,0.0988835021853447,0.0001,1e-05,50.334,3.2114,3.5916
5808,stage2,3,0.08363451808691025,0.28455671668052673,0.0,0.08363451808691025,0.0001,1e-05,50.333,2.4431,0.6361
5809,stage2,3,0.08711723238229752,0.28643181920051575,0.0,0.08711723238229752,0.0001,1e-05,50.333,2.4869,0.6358
5810,stage2,3,0.1031307801604271,0.28948232531547546,0.0,0.1031307801604271,0.0001,1e-05,50.329,2.6609,0.6367
5811,stage2,3,0.09981609880924225,0.29248782992362976,0.0,0.09981609880924225,0.0001,1e-05,50.332,2.9689,0.6371
5812,stage2,3,0.0841391533613205,0.3170107901096344,0.0,0.0841391533613205,0.0001,1e-05,50.334,2.5881,0.6374
5813,stage2,3,0.09000252932310104,0.2837635278701782,0.0,0.09000252932310104,0.0001,1e-05,50.333,2.6164,0.638
5814,stage2,3,0.10971209406852722,0.3143015503883362,0.0,0.10971209406852722,0.0001,1e-05,50.332,3.3307,0.637
5815,stage2,3,0.09253489226102829,0.31443798542022705,0.0,0.09253489226102829,0.0001,1e-05,50.337,2.9615,3.525
5816,stage2,3,0.08201353996992111,0.30397576093673706,0.0,0.08201353996992111,0.0001,1e-05,50.333,2.5599,0.636
5817,stage2,3,0.10685954242944717,0.27556827664375305,0.0,0.10685954242944717,0.0001,1e-05,50.336,3.0424,0.6366
5818,stage2,3,0.09540320932865143,0.3166487514972687,0.0,0.09540320932865143,0.0001,1e-05,50.336,2.7828,0.6369
5819,stage2,3,0.0981455147266388,0.3001827299594879,0.0,0.0981455147266388,0.0001,1e-05,50.333,2.7163,0.6375
5820,stage2,3,0.09258219599723816,0.3009721636772156,0.0,0.09258219599723816,0.0001,1e-05,50.334,2.8003,0.6369
5821,stage2,3,0.08307520300149918,0.26856985688209534,0.0,0.08307520300149918,0.0001,1e-05,50.333,2.3145,0.6374
5822,stage2,3,0.0791938379406929,0.3066633343696594,0.0,0.0791938379406929,0.0001,1e-05,50.333,2.2054,0.6378
5823,stage2,3,0.08203770220279694,0.3154655992984772,0.0,0.08203770220279694,0.0001,1e-05,50.333,2.434,3.5573
5824,stage2,3,0.08674632757902145,0.29711389541625977,0.0,0.08674632757902145,0.0001,1e-05,50.331,2.3795,0.6351
5825,stage2,3,0.08692150563001633,0.3321244716644287,0.0,0.08692150563001633,0.0001,1e-05,50.331,2.5741,0.6362
5826,stage2,3,0.09297967702150345,0.3037330210208893,0.0,0.09297967702150345,0.0001,1e-05,50.336,2.3696,0.6358
5827,stage2,3,0.10469434410333633,0.28381967544555664,0.0,0.10469434410333633,0.0001,1e-05,50.336,2.6083,0.6359
5828,stage2,3,0.08978598564863205,0.3206876218318939,0.0,0.08978598564863205,0.0001,1e-05,50.331,2.2163,0.6364
5829,stage2,3,0.10835538059473038,0.2818458080291748,0.0,0.10835538059473038,0.0001,1e-05,50.333,2.6662,0.6371
5830,stage2,3,0.08609870821237564,0.2755165994167328,0.0,0.08609870821237564,0.0001,1e-05,50.331,2.5186,0.6369
5831,stage2,3,0.08686459064483643,0.2940382659435272,0.0,0.08686459064483643,0.0001,1e-05,50.332,2.5515,3.4966
5832,stage2,3,0.09444443136453629,0.28685057163238525,0.0,0.09444443136453629,0.0001,1e-05,50.332,2.8194,0.6329
5833,stage2,3,0.10024183988571167,0.3091113567352295,0.0,0.10024183988571167,0.0001,1e-05,50.335,2.8232,0.6352
5834,stage2,3,0.0798867791891098,0.3144465982913971,0.0,0.0798867791891098,0.0001,1e-05,50.333,2.689,0.6358
5835,stage2,3,0.09506133198738098,0.28917086124420166,0.0,0.09506133198738098,0.0001,1e-05,50.333,2.845,0.6362
5836,stage2,3,0.09694882482290268,0.28532156348228455,0.0,0.09694882482290268,0.0001,1e-05,50.333,2.8317,0.6374
5837,stage2,3,0.08655981719493866,0.2946818172931671,0.0,0.08655981719493866,0.0001,1e-05,50.33,2.6404,0.6372
5838,stage2,3,0.0739322230219841,0.33728665113449097,0.0,0.0739322230219841,0.0001,1e-05,50.331,2.1178,0.637
5839,stage2,3,0.08030535280704498,0.29442113637924194,0.0,0.08030535280704498,0.0001,1e-05,50.331,2.1204,3.4684
5840,stage2,3,0.0908784568309784,0.29962554574012756,0.0,0.0908784568309784,0.0001,1e-05,50.334,2.6583,0.6358
5841,stage2,3,0.07650776952505112,0.30614885687828064,0.0,0.07650776952505112,0.0001,1e-05,50.334,2.0369,0.6353
5842,stage2,3,0.09241566807031631,0.28548991680145264,0.0,0.09241566807031631,0.0001,1e-05,50.331,2.4739,0.6364
5843,stage2,3,0.0874410942196846,0.28100648522377014,0.0,0.0874410942196846,0.0001,1e-05,50.332,2.421,0.6361
5844,stage2,3,0.07435102760791779,0.2959800064563751,0.0,0.07435102760791779,0.0001,1e-05,50.332,1.9626,0.6356
5845,stage2,3,0.08424324542284012,0.2679310142993927,0.0,0.08424324542284012,0.0001,1e-05,50.332,2.2856,0.6368
5846,stage2,3,0.09385492652654648,0.27645233273506165,0.0,0.09385492652654648,0.0001,1e-05,50.332,2.547,0.6371
5847,stage2,3,0.08471400290727615,0.3036578893661499,0.0,0.08471400290727615,0.0001,1e-05,50.334,2.6928,3.5995
5848,stage2,3,0.08876530826091766,0.3001802861690521,0.0,0.08876530826091766,0.0001,1e-05,50.332,2.7244,0.6354
5849,stage2,3,0.08901454508304596,0.2807133197784424,0.0,0.08901454508304596,0.0001,1e-05,50.335,2.734,0.6357
5850,stage2,3,0.09603938460350037,0.2972581088542938,0.0,0.09603938460350037,0.0001,1e-05,50.332,2.333,0.6371
5851,stage2,3,0.08441697061061859,0.25743111968040466,0.0,0.08441697061061859,0.0001,1e-05,50.335,2.6431,0.6369
5852,stage2,3,0.09663132578134537,0.29922154545783997,0.0,0.09663132578134537,0.0001,1e-05,50.333,2.8226,0.6364
5853,stage2,3,0.09166603535413742,0.3147902190685272,0.0,0.09166603535413742,0.0001,1e-05,50.33,2.313,0.6365
5854,stage2,3,0.09412536770105362,0.28587040305137634,0.0,0.09412536770105362,0.0001,1e-05,50.334,2.8219,0.6378
5855,stage2,3,0.08476337790489197,0.28384336829185486,0.0,0.08476337790489197,0.0001,1e-05,50.332,2.6179,3.5515
5856,stage2,3,0.08400579541921616,0.2948325574398041,0.0,0.08400579541921616,0.0001,1e-05,50.333,1.9083,0.636
5857,stage2,3,0.07810570299625397,0.2987369894981384,0.0,0.07810570299625397,0.0001,1e-05,50.332,2.1842,0.6357
5858,stage2,3,0.08841870725154877,0.2780722677707672,0.0,0.08841870725154877,0.0001,1e-05,50.33,2.5042,0.637
5859,stage2,3,0.09312164038419724,0.27852097153663635,0.0,0.09312164038419724,0.0001,1e-05,50.332,2.7312,0.6357
5860,stage2,3,0.0850948840379715,0.2932015657424927,0.0,0.0850948840379715,0.0001,1e-05,50.333,2.4208,0.6373
5861,stage2,3,0.08773022145032883,0.27094051241874695,0.0,0.08773022145032883,0.0001,1e-05,50.332,2.5136,0.6366
5862,stage2,3,0.08727594465017319,0.27728667855262756,0.0,0.08727594465017319,0.0001,1e-05,50.331,2.301,0.6368
5863,stage2,3,0.08211793750524521,0.2904208302497864,0.0,0.08211793750524521,0.0001,1e-05,50.334,2.5702,3.5559
5864,stage2,3,0.08250164240598679,0.31421905755996704,0.0,0.08250164240598679,0.0001,1e-05,50.328,2.0563,0.635
5865,stage2,3,0.09048810601234436,0.30101248621940613,0.0,0.09048810601234436,0.0001,1e-05,50.333,2.4284,0.6361
5866,stage2,3,0.0772084891796112,0.30359017848968506,0.0,0.0772084891796112,0.0001,1e-05,50.331,2.3306,0.6368
5867,stage2,3,0.09235891699790955,0.2878659665584564,0.0,0.09235891699790955,0.0001,1e-05,50.33,2.5855,0.6365
5868,stage2,3,0.09197912365198135,0.3255508542060852,0.0,0.09197912365198135,0.0001,1e-05,50.332,2.6608,0.6362
5869,stage2,3,0.0902620404958725,0.29292428493499756,0.0,0.0902620404958725,0.0001,1e-05,50.332,2.5469,0.6365
5870,stage2,3,0.10784298181533813,0.3038719594478607,0.0,0.10784298181533813,0.0001,1e-05,50.332,3.4475,0.6363
5871,stage2,3,0.10053282231092453,0.29146483540534973,0.0,0.10053282231092453,0.0001,1e-05,50.328,2.7662,3.5229
5872,stage2,3,0.09039447456598282,0.27893495559692383,0.0,0.09039447456598282,0.0001,1e-05,50.333,2.3732,0.6353
5873,stage2,3,0.09782246500253677,0.2780439555644989,0.0,0.09782246500253677,0.0001,1e-05,50.334,2.4984,0.6354
5874,stage2,3,0.09607803821563721,0.2828846871852875,0.0,0.09607803821563721,0.0001,1e-05,50.332,2.338,0.6364
5875,stage2,3,0.08743296563625336,0.29392457008361816,0.0,0.08743296563625336,0.0001,1e-05,50.332,2.293,0.6366
5876,stage2,3,0.09510191529989243,0.2927182912826538,0.0,0.09510191529989243,0.0001,1e-05,50.331,2.7427,0.6365
5877,stage2,3,0.09959422051906586,0.30196666717529297,0.0,0.09959422051906586,0.0001,1e-05,50.331,2.7152,0.6368
5878,stage2,3,0.08843065798282623,0.31607967615127563,0.0,0.08843065798282623,0.0001,1e-05,50.329,2.3371,0.6376
5879,stage2,3,0.08675754815340042,0.3015981614589691,0.0,0.08675754815340042,0.0001,1e-05,50.331,2.5928,3.5517
5880,stage2,3,0.0876099094748497,0.28321823477745056,0.0,0.0876099094748497,0.0001,1e-05,50.33,2.4762,0.6352
5881,stage2,3,0.08432794362306595,0.2723675072193146,0.0,0.08432794362306595,0.0001,1e-05,50.332,2.4883,0.635
5882,stage2,3,0.09526913613080978,0.28493058681488037,0.0,0.09526913613080978,0.0001,1e-05,50.328,2.8163,0.6357
5883,stage2,3,0.08581095188856125,0.29850685596466064,0.0,0.08581095188856125,0.0001,1e-05,50.333,2.3264,0.6357
5884,stage2,3,0.08863149583339691,0.29209670424461365,0.0,0.08863149583339691,0.0001,1e-05,50.328,2.2923,0.6356
5885,stage2,3,0.08983225375413895,0.264393150806427,0.0,0.08983225375413895,0.0001,1e-05,50.332,2.501,0.6365
5886,stage2,3,0.0891377180814743,0.281597763299942,0.0,0.0891377180814743,0.0001,1e-05,50.333,2.6951,0.6369
5887,stage2,3,0.08104179799556732,0.3175979554653168,0.0,0.08104179799556732,0.0001,1e-05,50.335,3.4329,3.59
5888,stage2,3,0.07957205921411514,0.27249693870544434,0.0,0.07957205921411514,0.0001,1e-05,50.331,2.5028,0.6349
5889,stage2,3,0.09043760597705841,0.31155553460121155,0.0,0.09043760597705841,0.0001,1e-05,50.33,2.4495,0.6354
5890,stage2,3,0.08199866116046906,0.3067845404148102,0.0,0.08199866116046906,0.0001,1e-05,50.329,2.4374,0.636
5891,stage2,3,0.09519052505493164,0.2889658808708191,0.0,0.09519052505493164,0.0001,1e-05,50.331,2.5565,0.6363
5892,stage2,3,0.08241447806358337,0.28154951333999634,0.0,0.08241447806358337,0.0001,1e-05,50.331,2.4127,0.6362
5893,stage2,3,0.0867445319890976,0.3130194842815399,0.0,0.0867445319890976,0.0001,1e-05,50.332,2.5087,0.6375
5894,stage2,3,0.08261941373348236,0.2974393963813782,0.0,0.08261941373348236,0.0001,1e-05,50.331,2.3372,0.6362
5895,stage2,3,0.10424522310495377,0.27937427163124084,0.0,0.10424522310495377,0.0001,1e-05,50.332,2.8636,3.4174
5896,stage2,3,0.08624020218849182,0.27147623896598816,0.0,0.08624020218849182,0.0001,1e-05,50.332,2.4519,0.6347
5897,stage2,3,0.08387686312198639,0.27154743671417236,0.0,0.08387686312198639,0.0001,1e-05,50.334,2.4453,0.6358
5898,stage2,3,0.09398452192544937,0.2846549451351166,0.0,0.09398452192544937,0.0001,1e-05,50.328,2.63,0.6359
5899,stage2,3,0.07812352478504181,0.2981795072555542,0.0,0.07812352478504181,0.0001,1e-05,50.329,2.028,0.6366
5900,stage2,3,0.08398562669754028,0.2791583836078644,0.0,0.08398562669754028,0.0001,1e-05,50.334,2.3494,0.6369
5901,stage2,3,0.09286753088235855,0.29126325249671936,0.0,0.09286753088235855,0.0001,1e-05,50.33,2.5481,0.6365
5902,stage2,3,0.09603895992040634,0.26273828744888306,0.0,0.09603895992040634,0.0001,1e-05,50.334,2.4068,0.637
5903,stage2,3,0.08384862542152405,0.2899840176105499,0.0,0.08384862542152405,0.0001,1e-05,50.331,2.3708,3.5249
5904,stage2,3,0.09340830147266388,0.26886501908302307,0.0,0.09340830147266388,0.0001,1e-05,50.334,2.465,0.6344
5905,stage2,3,0.08881404250860214,0.2965068221092224,0.0,0.08881404250860214,0.0001,1e-05,50.329,2.6988,0.6354
5906,stage2,3,0.09516516327857971,0.297015905380249,0.0,0.09516516327857971,0.0001,1e-05,50.332,2.2863,0.6354
5907,stage2,3,0.08755111694335938,0.30017364025115967,0.0,0.08755111694335938,0.0001,1e-05,50.328,2.9843,0.6354
5908,stage2,3,0.08326129615306854,0.30762872099876404,0.0,0.08326129615306854,0.0001,1e-05,50.334,2.4929,0.6367
5909,stage2,3,0.08972056210041046,0.2931500971317291,0.0,0.08972056210041046,0.0001,1e-05,50.331,2.791,0.6367
5910,stage2,3,0.07896926254034042,0.31315866112709045,0.0,0.07896926254034042,0.0001,1e-05,50.331,1.8583,0.6364
5911,stage2,3,0.09635438024997711,0.2898848354816437,0.0,0.09635438024997711,0.0001,1e-05,50.333,2.8577,3.5971
5912,stage2,3,0.09117211401462555,0.29002898931503296,0.0,0.09117211401462555,0.0001,1e-05,50.332,2.4926,0.6347
5913,stage2,3,0.09418929368257523,0.30902740359306335,0.0,0.09418929368257523,0.0001,1e-05,50.33,2.6069,0.6355
5914,stage2,3,0.09382802248001099,0.3380671441555023,0.0,0.09382802248001099,0.0001,1e-05,50.333,2.8748,0.6359
5915,stage2,3,0.08072128146886826,0.29014652967453003,0.0,0.08072128146886826,0.0001,1e-05,50.332,2.1802,0.6355
5916,stage2,3,0.0956653282046318,0.2973773777484894,0.0,0.0956653282046318,0.0001,1e-05,50.332,2.8034,0.6352
5917,stage2,3,0.09409810602664948,0.2581896185874939,0.0,0.09409810602664948,0.0001,1e-05,50.332,3.232,0.6404
5918,stage2,3,0.08145080506801605,0.3025977611541748,0.0,0.08145080506801605,0.0001,1e-05,50.33,2.2717,0.6371
5919,stage2,3,0.08615711331367493,0.3303750157356262,0.0,0.08615711331367493,0.0001,1e-05,50.329,2.7495,3.5675
5920,stage2,3,0.1046147346496582,0.2666832208633423,0.0,0.1046147346496582,0.0001,1e-05,50.336,2.775,0.6352
5921,stage2,3,0.10477109253406525,0.29924890398979187,0.0,0.10477109253406525,0.0001,1e-05,50.33,3.1914,0.6354
5922,stage2,3,0.10138773173093796,0.29320409893989563,0.0,0.10138773173093796,0.0001,1e-05,50.328,3.2804,0.6358
5923,stage2,3,0.08048225194215775,0.29942387342453003,0.0,0.08048225194215775,0.0001,1e-05,50.333,1.9464,0.6355
5924,stage2,3,0.0936894342303276,0.2842424511909485,0.0,0.0936894342303276,0.0001,1e-05,50.33,2.5918,0.636
5925,stage2,3,0.09228716045618057,0.29585570096969604,0.0,0.09228716045618057,0.0001,1e-05,50.33,2.5632,0.6362
5926,stage2,3,0.09106878936290741,0.2883889377117157,0.0,0.09106878936290741,0.0001,1e-05,50.33,2.9082,0.6364
5927,stage2,3,0.0927324965596199,0.2624914050102234,0.0,0.0927324965596199,0.0001,1e-05,50.331,2.474,3.5988
5928,stage2,3,0.08925139158964157,0.2831364870071411,0.0,0.08925139158964157,0.0001,1e-05,50.333,2.5942,0.6341
5929,stage2,3,0.08558012545108795,0.26781269907951355,0.0,0.08558012545108795,0.0001,1e-05,50.332,2.3606,0.635
5930,stage2,3,0.09785661846399307,0.24579261243343353,0.0,0.09785661846399307,0.0001,1e-05,50.33,2.8796,0.6358
5931,stage2,3,0.09427203983068466,0.26722878217697144,0.0,0.09427203983068466,0.0001,1e-05,50.334,2.523,0.6354
5932,stage2,3,0.08236385881900787,0.30407169461250305,0.0,0.08236385881900787,0.0001,1e-05,50.332,2.4943,0.6356
5933,stage2,3,0.0948530063033104,0.2903531491756439,0.0,0.0948530063033104,0.0001,1e-05,50.336,2.4744,0.6359
5934,stage2,3,0.0861186608672142,0.3252326548099518,0.0,0.0861186608672142,0.0001,1e-05,50.331,2.1309,0.6367
5935,stage2,3,0.09216956794261932,0.2829185426235199,0.0,0.09216956794261932,0.0001,1e-05,50.333,2.6936,3.5637
5936,stage2,3,0.08779267966747284,0.28863102197647095,0.0,0.08779267966747284,0.0001,1e-05,50.332,1.9498,0.6344
5937,stage2,3,0.08370795100927353,0.3016587495803833,0.0,0.08370795100927353,0.0001,1e-05,50.335,2.2189,0.6346
5938,stage2,3,0.08224445581436157,0.2870015799999237,0.0,0.08224445581436157,0.0001,1e-05,50.33,2.2115,0.6354
5939,stage2,3,0.08855609595775604,0.2777766287326813,0.0,0.08855609595775604,0.0001,1e-05,50.329,2.7581,0.6353
5940,stage2,3,0.09015392512083054,0.2701360285282135,0.0,0.09015392512083054,0.0001,1e-05,50.328,2.4655,0.6361
5941,stage2,3,0.07571817934513092,0.27405819296836853,0.0,0.07571817934513092,0.0001,1e-05,50.334,2.2889,0.636
5942,stage2,3,0.09321267902851105,0.24932867288589478,0.0,0.09321267902851105,0.0001,1e-05,50.331,2.1566,0.6364
5943,stage2,3,0.07065599411725998,0.3104550242424011,0.0,0.07065599411725998,0.0001,1e-05,50.335,1.7755,3.6789
5944,stage2,3,0.08737708628177643,0.28944894671440125,0.0,0.08737708628177643,0.0001,1e-05,50.333,2.7165,0.6346
5945,stage2,3,0.09063930064439774,0.2984805703163147,0.0,0.09063930064439774,0.0001,1e-05,50.33,2.6942,0.6353
5946,stage2,3,0.09220976382493973,0.2778095304965973,0.0,0.09220976382493973,0.0001,1e-05,50.333,2.2555,0.6351
5947,stage2,3,0.09460185468196869,0.3107103109359741,0.0,0.09460185468196869,0.0001,1e-05,50.331,2.4656,0.6345
5948,stage2,3,0.07758194208145142,0.28105273842811584,0.0,0.07758194208145142,0.0001,1e-05,50.332,2.1183,0.637
5949,stage2,3,0.09134403616189957,0.2828608453273773,0.0,0.09134403616189957,0.0001,1e-05,50.331,2.1391,0.6361
5950,stage2,3,0.083371601998806,0.30405691266059875,0.0,0.083371601998806,0.0001,1e-05,50.334,2.7724,0.6362
5951,stage2,3,0.08721300214529037,0.30130767822265625,0.0,0.08721300214529037,0.0001,1e-05,50.329,2.3064,3.6711
5952,stage2,3,0.08201093226671219,0.3006819784641266,0.0,0.08201093226671219,0.0001,1e-05,50.331,2.3901,0.634
5953,stage2,3,0.08180932700634003,0.261250376701355,0.0,0.08180932700634003,0.0001,1e-05,50.333,2.081,0.6342
5954,stage2,3,0.08970511704683304,0.2798253297805786,0.0,0.08970511704683304,0.0001,1e-05,50.329,2.2554,0.6353
5955,stage2,3,0.10317046195268631,0.2771436274051666,0.0,0.10317046195268631,0.0001,1e-05,50.332,2.4475,0.6353
5956,stage2,3,0.09179700165987015,0.28646954894065857,0.0,0.09179700165987015,0.0001,1e-05,50.33,2.4507,0.6359
5957,stage2,3,0.08153906464576721,0.3046860694885254,0.0,0.08153906464576721,0.0001,1e-05,50.331,2.334,0.6357
5958,stage2,3,0.08350855857133865,0.2939128875732422,0.0,0.08350855857133865,0.0001,1e-05,50.331,2.1691,0.6361
5959,stage2,3,0.08934695273637772,0.3106670677661896,0.0,0.08934695273637772,0.0001,1e-05,50.333,2.696,3.5296
5960,stage2,3,0.1020502969622612,0.2922157347202301,0.0,0.1020502969622612,0.0001,1e-05,50.332,2.5856,0.6346
5961,stage2,3,0.07343742996454239,0.2674991488456726,0.0,0.07343742996454239,0.0001,1e-05,50.331,1.876,0.6356
5962,stage2,3,0.09646277129650116,0.28064295649528503,0.0,0.09646277129650116,0.0001,1e-05,50.333,3.1479,0.6348
5963,stage2,3,0.08793488144874573,0.3050219714641571,0.0,0.08793488144874573,0.0001,1e-05,50.331,2.9313,0.6356
5964,stage2,3,0.07705774158239365,0.28314417600631714,0.0,0.07705774158239365,0.0001,1e-05,50.333,2.111,0.6353
5965,stage2,3,0.08220717310905457,0.3100043535232544,0.0,0.08220717310905457,0.0001,1e-05,50.336,2.4735,0.6357
5966,stage2,3,0.08923342823982239,0.288003534078598,0.0,0.08923342823982239,0.0001,1e-05,50.332,2.2589,0.6358
5967,stage2,3,0.08682528138160706,0.31026890873908997,0.0,0.08682528138160706,0.0001,1e-05,50.33,2.4105,3.5573
5968,stage2,3,0.07577244192361832,0.30827873945236206,0.0,0.07577244192361832,0.0001,1e-05,50.332,2.7499,0.6344
5969,stage2,3,0.09578762948513031,0.2866353988647461,0.0,0.09578762948513031,0.0001,1e-05,50.331,2.708,0.6352
5970,stage2,3,0.09561675041913986,0.28002646565437317,0.0,0.09561675041913986,0.0001,1e-05,50.334,2.5498,0.6352
5971,stage2,3,0.094728022813797,0.30250513553619385,0.0,0.094728022813797,0.0001,1e-05,50.331,2.3027,0.6356
5972,stage2,3,0.09041927009820938,0.2935851812362671,0.0,0.09041927009820938,0.0001,1e-05,50.332,2.8874,0.6352
5973,stage2,3,0.08817165344953537,0.330200731754303,0.0,0.08817165344953537,0.0001,1e-05,50.332,2.3957,0.6356
5974,stage2,3,0.0828133150935173,0.2993434965610504,0.0,0.0828133150935173,0.0001,1e-05,50.331,2.1863,0.6366
5975,stage2,3,0.09096776694059372,0.3248600363731384,0.0,0.09096776694059372,0.0001,1e-05,50.33,2.3008,3.6831
5976,stage2,3,0.09237726032733917,0.288616418838501,0.0,0.09237726032733917,0.0001,1e-05,50.332,2.4364,0.6344
5977,stage2,3,0.08703073859214783,0.3039011061191559,0.0,0.08703073859214783,0.0001,1e-05,50.33,2.1413,0.6351
5978,stage2,3,0.08067359030246735,0.2817944884300232,0.0,0.08067359030246735,0.0001,1e-05,50.331,2.1425,0.6348
5979,stage2,3,0.0836278423666954,0.30275729298591614,0.0,0.0836278423666954,0.0001,1e-05,50.334,2.4564,0.6353
5980,stage2,3,0.08693565428256989,0.2766024172306061,0.0,0.08693565428256989,0.0001,1e-05,50.332,2.3196,0.6355
5981,stage2,3,0.09606991708278656,0.268932044506073,0.0,0.09606991708278656,0.0001,1e-05,50.332,2.8179,0.6358
5982,stage2,3,0.08956006914377213,0.27775952219963074,0.0,0.08956006914377213,0.0001,1e-05,50.332,2.5363,0.6362
5983,stage2,3,0.08987630158662796,0.29658201336860657,0.0,0.08987630158662796,0.0001,1e-05,50.334,2.8315,3.5678
5984,stage2,3,0.08817056566476822,0.28705957531929016,0.0,0.08817056566476822,0.0001,1e-05,50.33,2.317,0.6337
5985,stage2,3,0.09724412858486176,0.3005303740501404,0.0,0.09724412858486176,0.0001,1e-05,50.331,2.403,0.6334
5986,stage2,3,0.08569259941577911,0.3051683008670807,0.0,0.08569259941577911,0.0001,1e-05,50.335,2.4298,0.6344
5987,stage2,3,0.09607549756765366,0.2735152542591095,0.0,0.09607549756765366,0.0001,1e-05,50.33,2.5835,0.635
5988,stage2,3,0.07878530025482178,0.2809887230396271,0.0,0.07878530025482178,0.0001,1e-05,50.332,2.2866,0.635
5989,stage2,3,0.09324034303426743,0.2936691641807556,0.0,0.09324034303426743,0.0001,1e-05,50.331,2.6947,0.636
5990,stage2,3,0.09280110895633698,0.29387369751930237,0.0,0.09280110895633698,0.0001,1e-05,50.332,2.7868,0.6359
5991,stage2,3,0.09438977390527725,0.2903943955898285,0.0,0.09438977390527725,0.0001,1e-05,50.331,2.8089,3.5492
5992,stage2,3,0.0922829732298851,0.3008129298686981,0.0,0.0922829732298851,0.0001,1e-05,50.329,2.7203,0.6339
5993,stage2,3,0.09316225349903107,0.3191520869731903,0.0,0.09316225349903107,0.0001,1e-05,50.331,2.8256,0.6349
5994,stage2,3,0.07936365157365799,0.3280057907104492,0.0,0.07936365157365799,0.0001,1e-05,50.332,2.1361,0.6346
5995,stage2,3,0.0810975730419159,0.2646118104457855,0.0,0.0810975730419159,0.0001,1e-05,50.334,2.1232,0.6354
5996,stage2,3,0.08394365757703781,0.3117486238479614,0.0,0.08394365757703781,0.0001,1e-05,50.338,2.4885,0.6356
5997,stage2,3,0.1017693355679512,0.2916643023490906,0.0,0.1017693355679512,0.0001,1e-05,50.333,2.6698,0.6358
5998,stage2,3,0.08258724957704544,0.29892677068710327,0.0,0.08258724957704544,0.0001,1e-05,50.338,2.7405,0.6361
5999,stage2,3,0.09547596424818039,0.28689631819725037,0.0,0.09547596424818039,0.0001,1e-05,50.335,3.1958,3.5384
6000,stage2,3,0.09114105254411697,0.27588948607444763,0.0,0.09114105254411697,0.0001,1e-05,50.336,2.5742,0.6339
6001,stage2,3,0.1012345477938652,0.280413419008255,0.0,0.1012345477938652,0.0001,1e-05,50.335,2.8792,0.6345
6002,stage2,3,0.07515950500965118,0.30936509370803833,0.0,0.07515950500965118,0.0001,1e-05,50.331,1.8457,0.6358
6003,stage2,3,0.08043044060468674,0.31783658266067505,0.0,0.08043044060468674,0.0001,1e-05,50.333,2.5365,0.6353
6004,stage2,3,0.080223947763443,0.3381023705005646,0.0,0.080223947763443,0.0001,1e-05,50.334,2.4075,0.6359
6005,stage2,3,0.07571971416473389,0.29136136174201965,0.0,0.07571971416473389,0.0001,1e-05,50.331,2.1953,0.6367
6006,stage2,3,0.07298094779253006,0.3107810616493225,0.0,0.07298094779253006,0.0001,1e-05,50.333,1.8529,0.6366
6007,stage2,3,0.08046784996986389,0.2757261395454407,0.0,0.08046784996986389,0.0001,1e-05,50.334,1.9299,3.5439
6008,stage2,3,0.08066664636135101,0.30605968832969666,0.0,0.08066664636135101,0.0001,1e-05,50.331,2.5498,0.6342
6009,stage2,3,0.08451994508504868,0.2595098316669464,0.0,0.08451994508504868,0.0001,1e-05,50.334,2.2543,0.635
6010,stage2,3,0.07495561987161636,0.3230645954608917,0.0,0.07495561987161636,0.0001,1e-05,50.333,1.9195,0.6349
6011,stage2,3,0.07491245865821838,0.2959343194961548,0.0,0.07491245865821838,0.0001,1e-05,50.334,1.9373,0.6358
6012,stage2,3,0.09547155350446701,0.30402058362960815,0.0,0.09547155350446701,0.0001,1e-05,50.334,3.4792,0.6359
6013,stage2,3,0.09199938923120499,0.301018625497818,0.0,0.09199938923120499,0.0001,1e-05,50.332,2.4388,0.636
6014,stage2,3,0.08684961497783661,0.2828086018562317,0.0,0.08684961497783661,0.0001,1e-05,50.335,2.5667,0.6354
6015,stage2,3,0.08491332083940506,0.28316015005111694,0.0,0.08491332083940506,0.0001,1e-05,50.335,2.3204,3.5499
6016,stage2,3,0.08501584827899933,0.2990114688873291,0.0,0.08501584827899933,0.0001,1e-05,50.331,2.7127,0.634
6017,stage2,3,0.08877468854188919,0.29640650749206543,0.0,0.08877468854188919,0.0001,1e-05,50.329,2.2597,0.6337
6018,stage2,3,0.09648972004652023,0.30641451478004456,0.0,0.09648972004652023,0.0001,1e-05,50.335,2.6513,0.6345
6019,stage2,3,0.09068595618009567,0.30512022972106934,0.0,0.09068595618009567,0.0001,1e-05,50.33,2.7315,0.6353
6020,stage2,3,0.08435998857021332,0.2930707037448883,0.0,0.08435998857021332,0.0001,1e-05,50.334,2.6961,0.6358
6021,stage2,3,0.07940258830785751,0.28346747159957886,0.0,0.07940258830785751,0.0001,1e-05,50.33,2.3513,0.6357
6022,stage2,3,0.0850895494222641,0.2757731080055237,0.0,0.0850895494222641,0.0001,1e-05,50.334,2.4827,0.6361
6023,stage2,3,0.08963862806558609,0.32340675592422485,0.0,0.08963862806558609,0.0001,1e-05,50.328,3.8535,3.6006
6024,stage2,3,0.08748352527618408,0.29513874650001526,0.0,0.08748352527618408,0.0001,1e-05,50.333,2.3288,0.6348
6025,stage2,3,0.09076180309057236,0.3380831778049469,0.0,0.09076180309057236,0.0001,1e-05,50.333,3.1366,0.6357
6026,stage2,3,0.07514088600873947,0.296831339597702,0.0,0.07514088600873947,0.0001,1e-05,50.335,2.228,0.6358
6027,stage2,3,0.09036435186862946,0.3166676163673401,0.0,0.09036435186862946,0.0001,1e-05,50.334,2.5444,0.6369
6028,stage2,3,0.0857437402009964,0.2783496677875519,0.0,0.0857437402009964,0.0001,1e-05,50.334,2.7123,0.6365
6029,stage2,3,0.08877471089363098,0.31618383526802063,0.0,0.08877471089363098,0.0001,1e-05,50.332,2.6401,0.6363
6030,stage2,3,0.08837888389825821,0.2941070795059204,0.0,0.08837888389825821,0.0001,1e-05,50.334,2.4941,0.6362
6031,stage2,3,0.08543088287115097,0.2982015311717987,0.0,0.08543088287115097,0.0001,1e-05,50.334,2.2932,3.6165
6032,stage2,3,0.09017746150493622,0.30411669611930847,0.0,0.09017746150493622,0.0001,1e-05,50.332,3.2956,0.6339
6033,stage2,3,0.09417016804218292,0.29889288544654846,0.0,0.09417016804218292,0.0001,1e-05,50.332,3.5391,0.6352
6034,stage2,3,0.08512412011623383,0.30978313088417053,0.0,0.08512412011623383,0.0001,1e-05,50.332,2.7799,0.6349
6035,stage2,3,0.09347821027040482,0.2798270583152771,0.0,0.09347821027040482,0.0001,1e-05,50.333,3.2915,0.6356
6036,stage2,3,0.0739438608288765,0.28613215684890747,0.0,0.0739438608288765,0.0001,1e-05,50.333,2.1107,0.6357
6037,stage2,3,0.09510425478219986,0.30723798274993896,0.0,0.09510425478219986,0.0001,1e-05,50.332,2.864,0.6358
6038,stage2,3,0.09602287411689758,0.2947362959384918,0.0,0.09602287411689758,0.0001,1e-05,50.332,2.8893,0.6364
6039,stage2,3,0.08571912348270416,0.2896968424320221,0.0,0.08571912348270416,0.0001,1e-05,50.33,2.3155,3.6581
6040,stage2,3,0.07896152883768082,0.2746928930282593,0.0,0.07896152883768082,0.0001,1e-05,50.336,2.3288,0.6341
6041,stage2,3,0.08643712848424911,0.3259536623954773,0.0,0.08643712848424911,0.0001,1e-05,50.331,2.6365,0.6344
6042,stage2,3,0.0875379741191864,0.303312748670578,0.0,0.0875379741191864,0.0001,1e-05,50.336,2.3056,0.6343
6043,stage2,3,0.09430468082427979,0.28726503252983093,0.0,0.09430468082427979,0.0001,1e-05,50.336,3.0768,0.6347
6044,stage2,3,0.09590239822864532,0.2928677201271057,0.0,0.09590239822864532,0.0001,1e-05,50.337,2.5714,0.6364
6045,stage2,3,0.09136133641004562,0.30881908535957336,0.0,0.09136133641004562,0.0001,1e-05,50.332,2.529,0.6359
6046,stage2,3,0.08646424114704132,0.27928799390792847,0.0,0.08646424114704132,0.0001,1e-05,50.332,2.2699,0.6365
6047,stage2,3,0.0793340653181076,0.3103814423084259,0.0,0.0793340653181076,0.0001,1e-05,50.332,2.3779,3.6095
6048,stage2,3,0.09893374145030975,0.31631767749786377,0.0,0.09893374145030975,0.0001,1e-05,50.335,3.1456,0.6337
6049,stage2,3,0.08634862303733826,0.2786898910999298,0.0,0.08634862303733826,0.0001,1e-05,50.329,2.8175,0.6344
6050,stage2,3,0.0840277224779129,0.27824345231056213,0.0,0.0840277224779129,0.0001,1e-05,50.33,1.9822,0.6347
6051,stage2,3,0.08579396456480026,0.31688401103019714,0.0,0.08579396456480026,0.0001,1e-05,50.333,2.8148,0.6357
6052,stage2,3,0.08822169899940491,0.273041695356369,0.0,0.08822169899940491,0.0001,1e-05,50.334,2.5693,0.6356
6053,stage2,3,0.08534454554319382,0.30520200729370117,0.0,0.08534454554319382,0.0001,1e-05,50.33,2.7118,0.6365
6054,stage2,3,0.10492146015167236,0.285752534866333,0.0,0.10492146015167236,0.0001,1e-05,50.333,2.8271,0.6359
6055,stage2,3,0.09778566658496857,0.30083024501800537,0.0,0.09778566658496857,0.0001,1e-05,50.329,3.0864,3.4745
6056,stage2,3,0.08296684175729752,0.3031056821346283,0.0,0.08296684175729752,0.0001,1e-05,50.334,2.7522,0.6328
6057,stage2,3,0.09199986606836319,0.31246572732925415,0.0,0.09199986606836319,0.0001,1e-05,50.331,2.6729,0.6337
6058,stage2,3,0.0811351090669632,0.29824844002723694,0.0,0.0811351090669632,0.0001,1e-05,50.331,2.1514,0.6336
6059,stage2,3,0.0886973962187767,0.30670061707496643,0.0,0.0886973962187767,0.0001,1e-05,50.335,2.6016,0.6349
6060,stage2,3,0.08417844027280807,0.28196898102760315,0.0,0.08417844027280807,0.0001,1e-05,50.335,2.4939,0.6345
6061,stage2,3,0.08701751381158829,0.2647426426410675,0.0,0.08701751381158829,0.0001,1e-05,50.331,2.24,0.633
6062,stage2,4,0.08964989334344864,0.27898120880126953,0.0,0.08964989334344864,0.0001,1e-05,50.338,2.4233,9.0526
6063,stage2,4,0.07718981057405472,0.2803167998790741,0.0,0.07718981057405472,0.0001,1e-05,50.33,2.4446,0.6312
6064,stage2,4,0.07423876225948334,0.2689759135246277,0.0,0.07423876225948334,0.0001,1e-05,50.334,1.9273,0.6324
6065,stage2,4,0.09340518712997437,0.25842931866645813,0.0,0.09340518712997437,0.0001,1e-05,50.336,3.0422,0.6324
6066,stage2,4,0.07038643956184387,0.29143020510673523,0.0,0.07038643956184387,0.0001,1e-05,50.332,2.0108,0.6319
6067,stage2,4,0.08634376525878906,0.2640253007411957,0.0,0.08634376525878906,0.0001,1e-05,50.333,2.2909,0.632
6068,stage2,4,0.09456490725278854,0.27885404229164124,0.0,0.09456490725278854,0.0001,1e-05,50.331,3.0934,0.6336
6069,stage2,4,0.08411777019500732,0.2924277186393738,0.0,0.08411777019500732,0.0001,1e-05,50.334,2.2405,0.6334
6070,stage2,4,0.09266211837530136,0.2824958264827728,0.0,0.09266211837530136,0.0001,1e-05,50.333,3.1296,3.611
6071,stage2,4,0.07935409247875214,0.2565004825592041,0.0,0.07935409247875214,0.0001,1e-05,50.337,2.0363,0.6315
6072,stage2,4,0.08899498730897903,0.26381754875183105,0.0,0.08899498730897903,0.0001,1e-05,50.333,2.1907,0.6325
6073,stage2,4,0.08737386763095856,0.27657946944236755,0.0,0.08737386763095856,0.0001,1e-05,50.335,2.6527,0.6321
6074,stage2,4,0.08027442544698715,0.29578083753585815,0.0,0.08027442544698715,0.0001,1e-05,50.335,2.5465,0.6335
6075,stage2,4,0.0747709795832634,0.2714693546295166,0.0,0.0747709795832634,0.0001,1e-05,50.332,2.4358,0.6337
6076,stage2,4,0.07546388357877731,0.2869226038455963,0.0,0.07546388357877731,0.0001,1e-05,50.333,2.1245,0.6337
6077,stage2,4,0.07631930708885193,0.31019097566604614,0.0,0.07631930708885193,0.0001,1e-05,50.337,2.0812,0.6337
6078,stage2,4,0.07625304907560349,0.2878493070602417,0.0,0.07625304907560349,0.0001,1e-05,50.334,2.2679,3.5759
6079,stage2,4,0.0831901878118515,0.2848533093929291,0.0,0.0831901878118515,0.0001,1e-05,50.332,2.2411,0.6316
6080,stage2,4,0.0799483209848404,0.28009486198425293,0.0,0.0799483209848404,0.0001,1e-05,50.333,2.6057,0.6327
6081,stage2,4,0.07620638608932495,0.2852533161640167,0.0,0.07620638608932495,0.0001,1e-05,50.334,2.1,0.6332
6082,stage2,4,0.07819913327693939,0.29536330699920654,0.0,0.07819913327693939,0.0001,1e-05,50.332,2.6557,0.6334
6083,stage2,4,0.09636174887418747,0.271096408367157,0.0,0.09636174887418747,0.0001,1e-05,50.334,2.6528,0.6337
6084,stage2,4,0.08440862596035004,0.2714366018772125,0.0,0.08440862596035004,0.0001,1e-05,50.333,2.2742,0.6341
6085,stage2,4,0.08187522739171982,0.2390308976173401,0.0,0.08187522739171982,0.0001,1e-05,50.331,2.1964,0.6344
6086,stage2,4,0.08895566314458847,0.31526702642440796,0.0,0.08895566314458847,0.0001,1e-05,50.334,2.4709,3.5593
6087,stage2,4,0.08277053385972977,0.2868155837059021,0.0,0.08277053385972977,0.0001,1e-05,50.332,2.2598,0.6321
6088,stage2,4,0.07910031080245972,0.29422032833099365,0.0,0.07910031080245972,0.0001,1e-05,50.334,2.143,0.6328
6089,stage2,4,0.07775092869997025,0.28497737646102905,0.0,0.07775092869997025,0.0001,1e-05,50.332,2.0878,0.6339
6090,stage2,4,0.0854671522974968,0.2871110141277313,0.0,0.0854671522974968,0.0001,1e-05,50.334,2.0295,0.6336
6091,stage2,4,0.08088171482086182,0.24252133071422577,0.0,0.08088171482086182,0.0001,1e-05,50.334,2.5599,0.6341
6092,stage2,4,0.08735612779855728,0.28017619252204895,0.0,0.08735612779855728,0.0001,1e-05,50.33,2.518,0.6344
6093,stage2,4,0.07127750664949417,0.26557672023773193,0.0,0.07127750664949417,0.0001,1e-05,50.336,1.9756,0.6339
6094,stage2,4,0.07754574716091156,0.2899264693260193,0.0,0.07754574716091156,0.0001,1e-05,50.332,2.1743,3.5063
6095,stage2,4,0.09153668582439423,0.29106172919273376,0.0,0.09153668582439423,0.0001,1e-05,50.333,3.1765,0.6325
6096,stage2,4,0.08258522301912308,0.3078441619873047,0.0,0.08258522301912308,0.0001,1e-05,50.332,2.5242,0.6341
6097,stage2,4,0.07569272071123123,0.31017571687698364,0.0,0.07569272071123123,0.0001,1e-05,50.333,2.2231,0.6339
6098,stage2,4,0.07795024663209915,0.2908620536327362,0.0,0.07795024663209915,0.0001,1e-05,50.337,2.2235,0.633
6099,stage2,4,0.07805997878313065,0.3174634873867035,0.0,0.07805997878313065,0.0001,1e-05,50.331,2.3918,0.6343
6100,stage2,4,0.08599445223808289,0.296922504901886,0.0,0.08599445223808289,0.0001,1e-05,50.333,2.4364,0.6344
6101,stage2,4,0.08370326459407806,0.2839719355106354,0.0,0.08370326459407806,0.0001,1e-05,50.335,2.5984,0.6353
6102,stage2,4,0.08181851357221603,0.27188700437545776,0.0,0.08181851357221603,0.0001,1e-05,50.332,2.3308,3.5543
6103,stage2,4,0.09718899428844452,0.3034723699092865,0.0,0.09718899428844452,0.0001,1e-05,50.333,2.7527,0.6321
6104,stage2,4,0.08705954998731613,0.2907455265522003,0.0,0.08705954998731613,0.0001,1e-05,50.331,2.3481,0.6328
6105,stage2,4,0.08123118430376053,0.2547164559364319,0.0,0.08123118430376053,0.0001,1e-05,50.335,2.6089,0.6335
6106,stage2,4,0.0931098684668541,0.28708887100219727,0.0,0.0931098684668541,0.0001,1e-05,50.333,2.5327,0.6333
6107,stage2,4,0.07581975311040878,0.27189862728118896,0.0,0.07581975311040878,0.0001,1e-05,50.334,2.5364,0.6344
6108,stage2,4,0.07855624705553055,0.2764894962310791,0.0,0.07855624705553055,0.0001,1e-05,50.334,2.2029,0.6344
6109,stage2,4,0.08305290341377258,0.3131137788295746,0.0,0.08305290341377258,0.0001,1e-05,50.334,2.5246,0.6351
6110,stage2,4,0.07656869292259216,0.27553221583366394,0.0,0.07656869292259216,0.0001,1e-05,50.335,2.209,3.6043
6111,stage2,4,0.07157815247774124,0.30331188440322876,0.0,0.07157815247774124,0.0001,1e-05,50.334,1.8142,0.632
6112,stage2,4,0.0900845006108284,0.2776486277580261,0.0,0.0900845006108284,0.0001,1e-05,50.333,2.3794,0.6332
6113,stage2,4,0.08002112805843353,0.27658456563949585,0.0,0.08002112805843353,0.0001,1e-05,50.332,2.4315,0.6333
6114,stage2,4,0.08416919410228729,0.28051111102104187,0.0,0.08416919410228729,0.0001,1e-05,50.338,2.3877,0.6334
6115,stage2,4,0.08839540183544159,0.2829030156135559,0.0,0.08839540183544159,0.0001,1e-05,50.336,2.8527,0.634
6116,stage2,4,0.08045171946287155,0.2788136303424835,0.0,0.08045171946287155,0.0001,1e-05,50.33,2.4016,0.6348
6117,stage2,4,0.07922415435314178,0.29407280683517456,0.0,0.07922415435314178,0.0001,1e-05,50.331,2.1055,0.6354
6118,stage2,4,0.07225674390792847,0.2815784811973572,0.0,0.07225674390792847,0.0001,1e-05,50.332,2.3758,3.5367
6119,stage2,4,0.08328152447938919,0.27964821457862854,0.0,0.08328152447938919,0.0001,1e-05,50.333,2.3113,0.6329
6120,stage2,4,0.08683495968580246,0.2968326807022095,0.0,0.08683495968580246,0.0001,1e-05,50.332,3.4484,0.6329
6121,stage2,4,0.08731057494878769,0.3141289949417114,0.0,0.08731057494878769,0.0001,1e-05,50.333,2.6013,0.6344
6122,stage2,4,0.07973252236843109,0.282900869846344,0.0,0.07973252236843109,0.0001,1e-05,50.336,2.9172,0.6338
6123,stage2,4,0.09117713570594788,0.2913948595523834,0.0,0.09117713570594788,0.0001,1e-05,50.334,3.0963,0.6348
6124,stage2,4,0.0739380270242691,0.29388922452926636,0.0,0.0739380270242691,0.0001,1e-05,50.333,2.1413,0.636
6125,stage2,4,0.08253271132707596,0.3004934787750244,0.0,0.08253271132707596,0.0001,1e-05,50.334,2.5747,0.6357
6126,stage2,4,0.0758633241057396,0.28146427869796753,0.0,0.0758633241057396,0.0001,1e-05,50.335,2.4122,3.5667
6127,stage2,4,0.08163777738809586,0.28435656428337097,0.0,0.08163777738809586,0.0001,1e-05,50.334,2.3182,0.6319
6128,stage2,4,0.07623734325170517,0.2708052396774292,0.0,0.07623734325170517,0.0001,1e-05,50.332,2.5392,0.6344
6129,stage2,4,0.09249092638492584,0.25873151421546936,0.0,0.09249092638492584,0.0001,1e-05,50.335,3.2459,0.6352
6130,stage2,4,0.07919671386480331,0.27368372678756714,0.0,0.07919671386480331,0.0001,1e-05,50.34,2.4325,0.6345
6131,stage2,4,0.0887160524725914,0.2854480743408203,0.0,0.0887160524725914,0.0001,1e-05,50.331,2.3979,0.6346
6132,stage2,4,0.07540848106145859,0.28835174441337585,0.0,0.07540848106145859,0.0001,1e-05,50.333,2.4724,0.6357
6133,stage2,4,0.08534109592437744,0.2927597165107727,0.0,0.08534109592437744,0.0001,1e-05,50.334,2.6343,0.6361
6134,stage2,4,0.08561717718839645,0.2691177427768707,0.0,0.08561717718839645,0.0001,1e-05,50.331,2.5476,3.5549
6135,stage2,4,0.07723067700862885,0.3098101019859314,0.0,0.07723067700862885,0.0001,1e-05,50.333,2.1512,0.6334
6136,stage2,4,0.07303260266780853,0.2788552939891815,0.0,0.07303260266780853,0.0001,1e-05,50.335,2.1668,0.6345
6137,stage2,4,0.08179064095020294,0.2730816900730133,0.0,0.08179064095020294,0.0001,1e-05,50.333,2.4118,0.6341
6138,stage2,4,0.08864891529083252,0.27040693163871765,0.0,0.08864891529083252,0.0001,1e-05,50.335,3.3155,0.6342
6139,stage2,4,0.0707627534866333,0.307675302028656,0.0,0.0707627534866333,0.0001,1e-05,50.333,2.1683,0.6342
6140,stage2,4,0.08837387710809708,0.28589192032814026,0.0,0.08837387710809708,0.0001,1e-05,50.335,2.6331,0.6349
6141,stage2,4,0.07566817104816437,0.3461000323295593,0.0,0.07566817104816437,0.0001,1e-05,50.333,2.116,0.6357
6142,stage2,4,0.0886821374297142,0.27623769640922546,0.0,0.0886821374297142,0.0001,1e-05,50.335,2.7943,3.5938
6143,stage2,4,0.08755508810281754,0.30276525020599365,0.0,0.08755508810281754,0.0001,1e-05,50.333,2.3514,0.6336
6144,stage2,4,0.07656972110271454,0.2924908697605133,0.0,0.07656972110271454,0.0001,1e-05,50.332,2.6354,0.634
6145,stage2,4,0.07786110788583755,0.2687731981277466,0.0,0.07786110788583755,0.0001,1e-05,50.332,1.9308,0.6346
6146,stage2,4,0.08806581050157547,0.2896469235420227,0.0,0.08806581050157547,0.0001,1e-05,50.334,2.7665,0.634
6147,stage2,4,0.0771356076002121,0.301334410905838,0.0,0.0771356076002121,0.0001,1e-05,50.336,2.4274,0.6351
6148,stage2,4,0.07480517774820328,0.28735363483428955,0.0,0.07480517774820328,0.0001,1e-05,50.332,2.2707,0.635
6149,stage2,4,0.09046214818954468,0.2812233567237854,0.0,0.09046214818954468,0.0001,1e-05,50.334,2.8276,0.6353
6150,stage2,4,0.09170711040496826,0.2852343022823334,0.0,0.09170711040496826,0.0001,1e-05,50.336,2.9608,3.5303
6151,stage2,4,0.09186781942844391,0.30737245082855225,0.0,0.09186781942844391,0.0001,1e-05,50.332,2.8095,0.6342
6152,stage2,4,0.07868292182683945,0.27651116251945496,0.0,0.07868292182683945,0.0001,1e-05,50.332,2.2028,0.6348
6153,stage2,4,0.07726134359836578,0.28740209341049194,0.0,0.07726134359836578,0.0001,1e-05,50.332,2.2178,0.6345
6154,stage2,4,0.08767087757587433,0.2960883378982544,0.0,0.08767087757587433,0.0001,1e-05,50.333,2.5867,0.6347
6155,stage2,4,0.07288014888763428,0.2908894717693329,0.0,0.07288014888763428,0.0001,1e-05,50.333,1.8053,0.6353
6156,stage2,4,0.08775519579648972,0.28613078594207764,0.0,0.08775519579648972,0.0001,1e-05,50.335,2.491,0.6352
6157,stage2,4,0.08299209922552109,0.26931193470954895,0.0,0.08299209922552109,0.0001,1e-05,50.331,2.445,0.6354
6158,stage2,4,0.07741474360227585,0.28034502267837524,0.0,0.07741474360227585,0.0001,1e-05,50.331,2.2766,3.6037
6159,stage2,4,0.07795819640159607,0.31838181614875793,0.0,0.07795819640159607,0.0001,1e-05,50.331,2.2975,0.6338
6160,stage2,4,0.07917913794517517,0.3380257189273834,0.0,0.07917913794517517,0.0001,1e-05,50.329,2.2452,0.6347
6161,stage2,4,0.08863416314125061,0.29407045245170593,0.0,0.08863416314125061,0.0001,1e-05,50.33,3.0137,0.6351
6162,stage2,4,0.08278339356184006,0.3087824285030365,0.0,0.08278339356184006,0.0001,1e-05,50.332,2.7197,0.6359
6163,stage2,4,0.07550819218158722,0.2795718014240265,0.0,0.07550819218158722,0.0001,1e-05,50.33,2.2506,0.6358
6164,stage2,4,0.07158439606428146,0.29514044523239136,0.0,0.07158439606428146,0.0001,1e-05,50.332,2.1076,0.6359
6165,stage2,4,0.07333297282457352,0.28783655166625977,0.0,0.07333297282457352,0.0001,1e-05,50.334,2.2415,0.636
6166,stage2,4,0.09008345752954483,0.3332994282245636,0.0,0.09008345752954483,0.0001,1e-05,50.333,3.0331,3.5222
6167,stage2,4,0.09067440778017044,0.2737000584602356,0.0,0.09067440778017044,0.0001,1e-05,50.331,2.3962,0.6332
6168,stage2,4,0.08374479413032532,0.2960596978664398,0.0,0.08374479413032532,0.0001,1e-05,50.332,2.339,0.6343
6169,stage2,4,0.08644001930952072,0.2760789692401886,0.0,0.08644001930952072,0.0001,1e-05,50.335,2.3796,0.6349
6170,stage2,4,0.08805117756128311,0.2721083462238312,0.0,0.08805117756128311,0.0001,1e-05,50.334,2.1878,0.6361
6171,stage2,4,0.08191924542188644,0.3004573881626129,0.0,0.08191924542188644,0.0001,1e-05,50.338,2.8264,0.635
6172,stage2,4,0.06551237404346466,0.295112669467926,0.0,0.06551237404346466,0.0001,1e-05,50.336,1.8234,0.6351
6173,stage2,4,0.08523198217153549,0.2870466411113739,0.0,0.08523198217153549,0.0001,1e-05,50.335,2.4259,0.6355
6174,stage2,4,0.08379432559013367,0.2806502878665924,0.0,0.08379432559013367,0.0001,1e-05,50.333,2.2861,3.6373
6175,stage2,4,0.08840877562761307,0.2831672430038452,0.0,0.08840877562761307,0.0001,1e-05,50.333,2.502,0.6345
6176,stage2,4,0.08606138080358505,0.27680519223213196,0.0,0.08606138080358505,0.0001,1e-05,50.333,2.3998,0.635
6177,stage2,4,0.08034719526767731,0.30071568489074707,0.0,0.08034719526767731,0.0001,1e-05,50.336,2.2697,0.6351
6178,stage2,4,0.0757097378373146,0.27532151341438293,0.0,0.0757097378373146,0.0001,1e-05,50.337,2.2307,0.6353
6179,stage2,4,0.08029322326183319,0.25074928998947144,0.0,0.08029322326183319,0.0001,1e-05,50.336,2.233,0.6359
6180,stage2,4,0.07786356657743454,0.27255722880363464,0.0,0.07786356657743454,0.0001,1e-05,50.335,2.2254,0.6357
6181,stage2,4,0.08156024664640427,0.3034467101097107,0.0,0.08156024664640427,0.0001,1e-05,50.336,2.6386,0.6369
6182,stage2,4,0.08511340618133545,0.3245979845523834,0.0,0.08511340618133545,0.0001,1e-05,50.336,2.394,3.6056
6183,stage2,4,0.07938672602176666,0.292399138212204,0.0,0.07938672602176666,0.0001,1e-05,50.332,2.3597,0.6355
6184,stage2,4,0.07343853265047073,0.2744109630584717,0.0,0.07343853265047073,0.0001,1e-05,50.334,1.9845,0.6357
6185,stage2,4,0.0840410515666008,0.27792516350746155,0.0,0.0840410515666008,0.0001,1e-05,50.332,2.3469,0.6358
6186,stage2,4,0.08550573140382767,0.2711566388607025,0.0,0.08550573140382767,0.0001,1e-05,50.333,2.7942,0.6363
6187,stage2,4,0.07193880528211594,0.2779172658920288,0.0,0.07193880528211594,0.0001,1e-05,50.335,2.1552,0.6356
6188,stage2,4,0.08943407237529755,0.3103696405887604,0.0,0.08943407237529755,0.0001,1e-05,50.335,2.5154,0.6369
6189,stage2,4,0.09500329941511154,0.30515822768211365,0.0,0.09500329941511154,0.0001,1e-05,50.335,3.1354,0.6368
6190,stage2,4,0.07922880351543427,0.32006707787513733,0.0,0.07922880351543427,0.0001,1e-05,50.334,2.02,3.5917
6191,stage2,4,0.07061532139778137,0.2907469570636749,0.0,0.07061532139778137,0.0001,1e-05,50.335,1.9462,0.6341
6192,stage2,4,0.08795026689767838,0.327630877494812,0.0,0.08795026689767838,0.0001,1e-05,50.333,2.4292,0.6351
6193,stage2,4,0.09176953136920929,0.28302833437919617,0.0,0.09176953136920929,0.0001,1e-05,50.335,2.8116,0.6356
6194,stage2,4,0.08531920611858368,0.2972075045108795,0.0,0.08531920611858368,0.0001,1e-05,50.334,2.4255,0.6355
6195,stage2,4,0.07533528655767441,0.2793421447277069,0.0,0.07533528655767441,0.0001,1e-05,50.335,2.117,0.6356
6196,stage2,4,0.08258805423974991,0.2753026783466339,0.0,0.08258805423974991,0.0001,1e-05,50.335,2.4943,0.636
6197,stage2,4,0.08181209117174149,0.2814096212387085,0.0,0.08181209117174149,0.0001,1e-05,50.332,2.5881,0.6366
6198,stage2,4,0.09064643830060959,0.28186333179473877,0.0,0.09064643830060959,0.0001,1e-05,50.332,2.8429,3.5239
6199,stage2,4,0.08409205824136734,0.273358553647995,0.0,0.08409205824136734,0.0001,1e-05,50.335,2.3422,0.634
6200,stage2,4,0.08807392418384552,0.27992525696754456,0.0,0.08807392418384552,0.0001,1e-05,50.333,2.2903,0.6344
6201,stage2,4,0.0702391266822815,0.26789191365242004,0.0,0.0702391266822815,0.0001,1e-05,50.331,2.0064,0.6352
6202,stage2,4,0.0813208818435669,0.3129883110523224,0.0,0.0813208818435669,0.0001,1e-05,50.332,2.3695,0.6352
6203,stage2,4,0.08049239218235016,0.2924199104309082,0.0,0.08049239218235016,0.0001,1e-05,50.334,2.3187,0.6353
6204,stage2,4,0.08429004997015,0.279373437166214,0.0,0.08429004997015,0.0001,1e-05,50.333,2.026,0.636
6205,stage2,4,0.08028153330087662,0.3081480860710144,0.0,0.08028153330087662,0.0001,1e-05,50.333,2.2243,0.6365
6206,stage2,4,0.08376216143369675,0.27409058809280396,0.0,0.08376216143369675,0.0001,1e-05,50.333,2.6894,3.5426
6207,stage2,4,0.0814153403043747,0.2939209043979645,0.0,0.0814153403043747,0.0001,1e-05,50.332,2.1905,0.6342
6208,stage2,4,0.09452266246080399,0.2848173975944519,0.0,0.09452266246080399,0.0001,1e-05,50.332,2.5766,0.6353
6209,stage2,4,0.0735999122262001,0.2645023465156555,0.0,0.0735999122262001,0.0001,1e-05,50.333,1.8097,0.6354
6210,stage2,4,0.07728411257266998,0.3107900023460388,0.0,0.07728411257266998,0.0001,1e-05,50.334,2.4004,0.6354
6211,stage2,4,0.08002948760986328,0.3107506036758423,0.0,0.08002948760986328,0.0001,1e-05,50.331,2.0117,0.6363
6212,stage2,4,0.08194401115179062,0.28072845935821533,0.0,0.08194401115179062,0.0001,1e-05,50.329,2.4144,0.6364
6213,stage2,4,0.07167402654886246,0.3048838675022125,0.0,0.07167402654886246,0.0001,1e-05,50.335,2.2174,0.6372
6214,stage2,4,0.08347278088331223,0.3111560046672821,0.0,0.08347278088331223,0.0001,1e-05,50.333,2.4427,3.5572
6215,stage2,4,0.08572614192962646,0.28173699975013733,0.0,0.08572614192962646,0.0001,1e-05,50.332,2.2987,0.6347
6216,stage2,4,0.08021654933691025,0.28373053669929504,0.0,0.08021654933691025,0.0001,1e-05,50.335,2.6335,0.6354
6217,stage2,4,0.08621241897344589,0.28975120186805725,0.0,0.08621241897344589,0.0001,1e-05,50.335,2.0284,0.6343
6218,stage2,4,0.07644443958997726,0.28733742237091064,0.0,0.07644443958997726,0.0001,1e-05,50.333,2.2814,0.6356
6219,stage2,4,0.08074019849300385,0.29903262853622437,0.0,0.08074019849300385,0.0001,1e-05,50.334,2.4329,0.6361
6220,stage2,4,0.08204042166471481,0.28913041949272156,0.0,0.08204042166471481,0.0001,1e-05,50.332,2.4188,0.6355
6221,stage2,4,0.080419160425663,0.2736268937587738,0.0,0.080419160425663,0.0001,1e-05,50.33,2.2457,0.6367
6222,stage2,4,0.07910927385091782,0.2974819242954254,0.0,0.07910927385091782,0.0001,1e-05,50.332,2.6175,3.5271
6223,stage2,4,0.08335145562887192,0.3131572902202606,0.0,0.08335145562887192,0.0001,1e-05,50.336,2.3494,0.6345
6224,stage2,4,0.0794009417295456,0.2823580503463745,0.0,0.0794009417295456,0.0001,1e-05,50.333,2.443,0.6349
6225,stage2,4,0.09119772911071777,0.2906143069267273,0.0,0.09119772911071777,0.0001,1e-05,50.333,2.5168,0.636
6226,stage2,4,0.08536947518587112,0.25219976902008057,0.0,0.08536947518587112,0.0001,1e-05,50.331,2.0709,0.636
6227,stage2,4,0.08212265372276306,0.2806037366390228,0.0,0.08212265372276306,0.0001,1e-05,50.333,2.235,0.6372
6228,stage2,4,0.08508225530385971,0.26448869705200195,0.0,0.08508225530385971,0.0001,1e-05,50.336,2.3934,0.6367
6229,stage2,4,0.08038292080163956,0.2661987841129303,0.0,0.08038292080163956,0.0001,1e-05,50.335,2.0111,0.6365
6230,stage2,4,0.07290377467870712,0.2940334677696228,0.0,0.07290377467870712,0.0001,1e-05,50.332,2.1336,3.5444
6231,stage2,4,0.07895811647176743,0.28791624307632446,0.0,0.07895811647176743,0.0001,1e-05,50.332,2.0574,0.635
6232,stage2,4,0.08756300806999207,0.28263893723487854,0.0,0.08756300806999207,0.0001,1e-05,50.333,2.7458,0.636
6233,stage2,4,0.06979358196258545,0.3008025884628296,0.0,0.06979358196258545,0.0001,1e-05,50.335,2.0106,0.6359
6234,stage2,4,0.08554181456565857,0.29617252945899963,0.0,0.08554181456565857,0.0001,1e-05,50.334,2.5035,0.6366
6235,stage2,4,0.08238814771175385,0.2895417809486389,0.0,0.08238814771175385,0.0001,1e-05,50.33,2.4839,0.6366
6236,stage2,4,0.08659639954566956,0.2890448272228241,0.0,0.08659639954566956,0.0001,1e-05,50.332,2.387,0.637
6237,stage2,4,0.09627671539783478,0.2853356897830963,0.0,0.09627671539783478,0.0001,1e-05,50.333,2.5792,0.6373
6238,stage2,4,0.08908001333475113,0.25166764855384827,0.0,0.08908001333475113,0.0001,1e-05,50.331,2.3057,3.4712
6239,stage2,4,0.08420805633068085,0.2806016802787781,0.0,0.08420805633068085,0.0001,1e-05,50.335,2.1683,0.636
6240,stage2,4,0.08757147192955017,0.2906447649002075,0.0,0.08757147192955017,0.0001,1e-05,50.328,2.4924,0.6358
6241,stage2,4,0.08585252612829208,0.29773300886154175,0.0,0.08585252612829208,0.0001,1e-05,50.333,2.3024,0.6358
6242,stage2,4,0.09880131483078003,0.2712756395339966,0.0,0.09880131483078003,0.0001,1e-05,50.335,3.1161,0.636
6243,stage2,4,0.08239591866731644,0.2622484862804413,0.0,0.08239591866731644,0.0001,1e-05,50.33,2.3779,0.6363
6244,stage2,4,0.10280065983533859,0.30382364988327026,0.0,0.10280065983533859,0.0001,1e-05,50.333,3.0948,0.6365
6245,stage2,4,0.08046521991491318,0.2645588517189026,0.0,0.08046521991491318,0.0001,1e-05,50.332,2.2813,0.6387
6246,stage2,4,0.07228498160839081,0.29531145095825195,0.0,0.07228498160839081,0.0001,1e-05,50.332,1.8846,3.5059
6247,stage2,4,0.07890098541975021,0.26180410385131836,0.0,0.07890098541975021,0.0001,1e-05,50.334,2.3226,0.6355
6248,stage2,4,0.07868333905935287,0.2898382842540741,0.0,0.07868333905935287,0.0001,1e-05,50.333,2.6305,0.6353
6249,stage2,4,0.07815837860107422,0.2582368552684784,0.0,0.07815837860107422,0.0001,1e-05,50.334,2.1637,0.6356
6250,stage2,4,0.07697734981775284,0.2843831181526184,0.0,0.07697734981775284,0.0001,1e-05,50.332,2.077,0.6369
6251,stage2,4,0.07458174973726273,0.28127649426460266,0.0,0.07458174973726273,0.0001,1e-05,50.331,2.1881,0.6364
6252,stage2,4,0.08182207494974136,0.2972813844680786,0.0,0.08182207494974136,0.0001,1e-05,50.335,2.5125,0.6377
6253,stage2,4,0.0839005634188652,0.31357720494270325,0.0,0.0839005634188652,0.0001,1e-05,50.335,2.5645,0.6366
6254,stage2,4,0.09263036400079727,0.26021191477775574,0.0,0.09263036400079727,0.0001,1e-05,50.33,2.4148,3.4813
6255,stage2,4,0.08381433039903641,0.30719539523124695,0.0,0.08381433039903641,0.0001,1e-05,50.331,2.2787,0.6353
6256,stage2,4,0.07560741156339645,0.2955244779586792,0.0,0.07560741156339645,0.0001,1e-05,50.333,1.8915,0.6361
6257,stage2,4,0.07273562252521515,0.286573201417923,0.0,0.07273562252521515,0.0001,1e-05,50.331,2.0891,0.6362
6258,stage2,4,0.09342291206121445,0.284408301115036,0.0,0.09342291206121445,0.0001,1e-05,50.332,2.4537,0.636
6259,stage2,4,0.08004999160766602,0.29358991980552673,0.0,0.08004999160766602,0.0001,1e-05,50.333,1.9977,0.637
6260,stage2,4,0.08274537324905396,0.27002790570259094,0.0,0.08274537324905396,0.0001,1e-05,50.335,2.794,0.6366
6261,stage2,4,0.09863774478435516,0.27513426542282104,0.0,0.09863774478435516,0.0001,1e-05,50.331,2.7583,0.6369
6262,stage2,4,0.08776336908340454,0.30036813020706177,0.0,0.08776336908340454,0.0001,1e-05,50.336,2.8764,3.4884
6263,stage2,4,0.07276846468448639,0.3184118866920471,0.0,0.07276846468448639,0.0001,1e-05,50.335,2.0809,0.6353
6264,stage2,4,0.0827631801366806,0.27124452590942383,0.0,0.0827631801366806,0.0001,1e-05,50.333,2.6137,0.6353
6265,stage2,4,0.08150581270456314,0.30017974972724915,0.0,0.08150581270456314,0.0001,1e-05,50.336,2.5266,0.6363
6266,stage2,4,0.09091708064079285,0.2696535885334015,0.0,0.09091708064079285,0.0001,1e-05,50.334,2.7454,0.6366
6267,stage2,4,0.08302903175354004,0.29824432730674744,0.0,0.08302903175354004,0.0001,1e-05,50.331,2.4775,0.6368
6268,stage2,4,0.07657033205032349,0.28102999925613403,0.0,0.07657033205032349,0.0001,1e-05,50.336,2.171,0.6372
6269,stage2,4,0.08721847087144852,0.2672300338745117,0.0,0.08721847087144852,0.0001,1e-05,50.328,2.4935,0.637
6270,stage2,4,0.09251981973648071,0.3214534521102905,0.0,0.09251981973648071,0.0001,1e-05,50.334,2.6862,3.5289
6271,stage2,4,0.08300913125276566,0.26556122303009033,0.0,0.08300913125276566,0.0001,1e-05,50.331,2.3646,0.6354
6272,stage2,4,0.08504076302051544,0.25672170519828796,0.0,0.08504076302051544,0.0001,1e-05,50.331,2.4403,0.6364
6273,stage2,4,0.08040667325258255,0.3100982904434204,0.0,0.08040667325258255,0.0001,1e-05,50.328,2.1613,0.6365
6274,stage2,4,0.06836116313934326,0.2805609405040741,0.0,0.06836116313934326,0.0001,1e-05,50.331,2.0784,0.6366
6275,stage2,4,0.07129497081041336,0.2932741641998291,0.0,0.07129497081041336,0.0001,1e-05,50.33,2.2518,0.6363
6276,stage2,4,0.07543737441301346,0.28699833154678345,0.0,0.07543737441301346,0.0001,1e-05,50.336,1.8935,0.6377
6277,stage2,4,0.08196249604225159,0.26713576912879944,0.0,0.08196249604225159,0.0001,1e-05,50.334,2.3226,0.6375
6278,stage2,4,0.09708791971206665,0.2918957471847534,0.0,0.09708791971206665,0.0001,1e-05,50.332,3.3264,3.5191
6279,stage2,4,0.08269884437322617,0.2733611762523651,0.0,0.08269884437322617,0.0001,1e-05,50.331,2.3458,0.6353
6280,stage2,4,0.08371799439191818,0.2612379193305969,0.0,0.08371799439191818,0.0001,1e-05,50.33,2.837,0.6354
6281,stage2,4,0.07795140892267227,0.2921157479286194,0.0,0.07795140892267227,0.0001,1e-05,50.33,2.1895,0.6367
6282,stage2,4,0.08441613614559174,0.29755812883377075,0.0,0.08441613614559174,0.0001,1e-05,50.335,2.8068,0.6357
6283,stage2,4,0.08100418001413345,0.2609262764453888,0.0,0.08100418001413345,0.0001,1e-05,50.329,2.3753,0.6364
6284,stage2,4,0.07722140103578568,0.2883058786392212,0.0,0.07722140103578568,0.0001,1e-05,50.329,2.2522,0.6367
6285,stage2,4,0.07476646453142166,0.29418277740478516,0.0,0.07476646453142166,0.0001,1e-05,50.332,2.1763,0.6371
6286,stage2,4,0.08201704919338226,0.28317099809646606,0.0,0.08201704919338226,0.0001,1e-05,50.336,2.4104,3.472
6287,stage2,4,0.07573893666267395,0.2838084101676941,0.0,0.07573893666267395,0.0001,1e-05,50.33,2.0455,0.6345
6288,stage2,4,0.08280796557664871,0.24941347539424896,0.0,0.08280796557664871,0.0001,1e-05,50.334,2.4915,0.6352
6289,stage2,4,0.08014950901269913,0.2706162929534912,0.0,0.08014950901269913,0.0001,1e-05,50.33,2.6176,0.6354
6290,stage2,4,0.10118028521537781,0.3295835256576538,0.0,0.10118028521537781,0.0001,1e-05,50.331,2.6658,0.6356
6291,stage2,4,0.07571297138929367,0.31872573494911194,0.0,0.07571297138929367,0.0001,1e-05,50.331,2.4857,0.6363
6292,stage2,4,0.0887780636548996,0.2895021140575409,0.0,0.0887780636548996,0.0001,1e-05,50.331,2.6867,0.6366
6293,stage2,4,0.07438059896230698,0.3153034746646881,0.0,0.07438059896230698,0.0001,1e-05,50.327,2.3275,0.6368
6294,stage2,4,0.07372459769248962,0.2746167480945587,0.0,0.07372459769248962,0.0001,1e-05,50.331,2.3297,3.5423
6295,stage2,4,0.07221993803977966,0.2866417169570923,0.0,0.07221993803977966,0.0001,1e-05,50.33,2.3943,0.6356
6296,stage2,4,0.08754846453666687,0.2724842429161072,0.0,0.08754846453666687,0.0001,1e-05,50.334,2.1746,0.6359
6297,stage2,4,0.07718907296657562,0.3086806535720825,0.0,0.07718907296657562,0.0001,1e-05,50.335,2.0418,0.6372
6298,stage2,4,0.08978687226772308,0.28185996413230896,0.0,0.08978687226772308,0.0001,1e-05,50.331,2.6446,0.6373
6299,stage2,4,0.07621309161186218,0.28854596614837646,0.0,0.07621309161186218,0.0001,1e-05,50.332,2.1532,0.6364
6300,stage2,4,0.07788937538862228,0.2639371156692505,0.0,0.07788937538862228,0.0001,1e-05,50.332,2.1514,0.6365
6301,stage2,4,0.08031570911407471,0.26666417717933655,0.0,0.08031570911407471,0.0001,1e-05,50.329,2.1818,0.6372
6302,stage2,4,0.08807520568370819,0.2728475034236908,0.0,0.08807520568370819,0.0001,1e-05,50.33,2.3527,3.5478
6303,stage2,4,0.08174486458301544,0.28607961535453796,0.0,0.08174486458301544,0.0001,1e-05,50.334,2.1179,0.6357
6304,stage2,4,0.08708308637142181,0.2901834547519684,0.0,0.08708308637142181,0.0001,1e-05,50.33,2.4923,0.6362
6305,stage2,4,0.08920783549547195,0.29197055101394653,0.0,0.08920783549547195,0.0001,1e-05,50.331,2.4626,0.6363
6306,stage2,4,0.08636926114559174,0.28087541460990906,0.0,0.08636926114559174,0.0001,1e-05,50.335,2.9223,0.6361
6307,stage2,4,0.0784582644701004,0.2727760076522827,0.0,0.0784582644701004,0.0001,1e-05,50.332,2.1005,0.637
6308,stage2,4,0.07960440218448639,0.3255223333835602,0.0,0.07960440218448639,0.0001,1e-05,50.33,2.6936,0.6368
6309,stage2,4,0.07370847463607788,0.29545679688453674,0.0,0.07370847463607788,0.0001,1e-05,50.329,1.8994,0.6369
6310,stage2,4,0.07938351482152939,0.2594382166862488,0.0,0.07938351482152939,0.0001,1e-05,50.333,2.2217,3.4874
6311,stage2,4,0.07835418730974197,0.26994073390960693,0.0,0.07835418730974197,0.0001,1e-05,50.331,2.5914,0.636
6312,stage2,4,0.09714330732822418,0.28342777490615845,0.0,0.09714330732822418,0.0001,1e-05,50.331,2.8293,0.6356
6313,stage2,4,0.07805342972278595,0.2895594835281372,0.0,0.07805342972278595,0.0001,1e-05,50.331,2.1952,0.6368
6314,stage2,4,0.08789461851119995,0.28645622730255127,0.0,0.08789461851119995,0.0001,1e-05,50.33,2.4878,0.6362
6315,stage2,4,0.09751097112894058,0.3013893663883209,0.0,0.09751097112894058,0.0001,1e-05,50.329,2.9206,0.6363
6316,stage2,4,0.08079676330089569,0.2839571535587311,0.0,0.08079676330089569,0.0001,1e-05,50.333,2.1353,0.638
6317,stage2,4,0.08587229251861572,0.249605193734169,0.0,0.08587229251861572,0.0001,1e-05,50.329,2.3071,0.6364
6318,stage2,4,0.07259170711040497,0.28007084131240845,0.0,0.07259170711040497,0.0001,1e-05,50.331,1.7029,3.5416
6319,stage2,4,0.06793628633022308,0.3128727078437805,0.0,0.06793628633022308,0.0001,1e-05,50.334,2.0513,0.6352
6320,stage2,4,0.07889772206544876,0.272129625082016,0.0,0.07889772206544876,0.0001,1e-05,50.331,2.0442,0.6354
6321,stage2,4,0.08194708824157715,0.293536901473999,0.0,0.08194708824157715,0.0001,1e-05,50.33,2.2649,0.6361
6322,stage2,4,0.07710133492946625,0.2702985405921936,0.0,0.07710133492946625,0.0001,1e-05,50.331,2.2357,0.6362
6323,stage2,4,0.08306718617677689,0.2868547737598419,0.0,0.08306718617677689,0.0001,1e-05,50.328,2.4307,0.6369
6324,stage2,4,0.08107506483793259,0.26321539282798767,0.0,0.08107506483793259,0.0001,1e-05,50.33,2.5413,0.6372
6325,stage2,4,0.0881197452545166,0.2636060118675232,0.0,0.0881197452545166,0.0001,1e-05,50.33,3.1638,0.6378
6326,stage2,4,0.07670535147190094,0.2754167318344116,0.0,0.07670535147190094,0.0001,1e-05,50.331,1.6433,3.5298
6327,stage2,4,0.07338067144155502,0.2667221128940582,0.0,0.07338067144155502,0.0001,1e-05,50.329,1.9063,0.6352
6328,stage2,4,0.08430345356464386,0.2782461941242218,0.0,0.08430345356464386,0.0001,1e-05,50.331,2.7145,0.6361
6329,stage2,4,0.08937770873308182,0.2822014391422272,0.0,0.08937770873308182,0.0001,1e-05,50.332,3.2391,0.6362
6330,stage2,4,0.079897940158844,0.2864690124988556,0.0,0.079897940158844,0.0001,1e-05,50.33,2.0071,0.6367
6331,stage2,4,0.09066040813922882,0.2724301815032959,0.0,0.09066040813922882,0.0001,1e-05,50.335,2.5406,0.6366
6332,stage2,4,0.07894521206617355,0.296694278717041,0.0,0.07894521206617355,0.0001,1e-05,50.331,2.1256,0.6366
6333,stage2,4,0.07676227390766144,0.2938164472579956,0.0,0.07676227390766144,0.0001,1e-05,50.33,1.943,0.6375
6334,stage2,4,0.08076456934213638,0.24750365316867828,0.0,0.08076456934213638,0.0001,1e-05,50.332,2.0923,3.5609
6335,stage2,4,0.08686963468790054,0.2681427597999573,0.0,0.08686963468790054,0.0001,1e-05,50.329,1.9997,0.6362
6336,stage2,4,0.0800224244594574,0.27571892738342285,0.0,0.0800224244594574,0.0001,1e-05,50.33,2.0905,0.6368
6337,stage2,4,0.07680447399616241,0.32691627740859985,0.0,0.07680447399616241,0.0001,1e-05,50.33,1.9503,0.6364
6338,stage2,4,0.08854353427886963,0.28512850403785706,0.0,0.08854353427886963,0.0001,1e-05,50.331,2.3149,0.6367
6339,stage2,4,0.072896309196949,0.3374701142311096,0.0,0.072896309196949,0.0001,1e-05,50.332,2.5032,0.6375
6340,stage2,4,0.07906152307987213,0.2977014183998108,0.0,0.07906152307987213,0.0001,1e-05,50.33,2.4259,0.6378
6341,stage2,4,0.08515279740095139,0.27736061811447144,0.0,0.08515279740095139,0.0001,1e-05,50.33,1.9701,0.6375
6342,stage2,4,0.08586413413286209,0.2765970230102539,0.0,0.08586413413286209,0.0001,1e-05,50.331,2.1952,3.5223
6343,stage2,4,0.07981199771165848,0.27229607105255127,0.0,0.07981199771165848,0.0001,1e-05,50.329,2.3555,0.6347
6344,stage2,4,0.08687499910593033,0.2862805128097534,0.0,0.08687499910593033,0.0001,1e-05,50.329,2.8609,0.6362
6345,stage2,4,0.08829373121261597,0.273732990026474,0.0,0.08829373121261597,0.0001,1e-05,50.332,2.1953,0.6354
6346,stage2,4,0.09069056063890457,0.2846905291080475,0.0,0.09069056063890457,0.0001,1e-05,50.328,2.7613,0.6358
6347,stage2,4,0.07709541916847229,0.2886532247066498,0.0,0.07709541916847229,0.0001,1e-05,50.331,2.03,0.636
6348,stage2,4,0.07644516974687576,0.2906882166862488,0.0,0.07644516974687576,0.0001,1e-05,50.332,2.2457,0.6365
6349,stage2,4,0.08874906599521637,0.27731838822364807,0.0,0.08874906599521637,0.0001,1e-05,50.329,2.6267,0.6382
6350,stage2,4,0.08164103329181671,0.2962489128112793,0.0,0.08164103329181671,0.0001,1e-05,50.335,2.2385,3.5707
6351,stage2,4,0.08209723979234695,0.2860212028026581,0.0,0.08209723979234695,0.0001,1e-05,50.331,2.1242,0.6357
6352,stage2,4,0.07887270301580429,0.2631649672985077,0.0,0.07887270301580429,0.0001,1e-05,50.334,2.2609,0.6352
6353,stage2,4,0.0773598849773407,0.2908684015274048,0.0,0.0773598849773407,0.0001,1e-05,50.331,2.1086,0.6361
6354,stage2,4,0.07609383761882782,0.27735066413879395,0.0,0.07609383761882782,0.0001,1e-05,50.332,2.3859,0.636
6355,stage2,4,0.07007020711898804,0.29777559638023376,0.0,0.07007020711898804,0.0001,1e-05,50.333,2.3594,0.6359
6356,stage2,4,0.0751953125,0.26967376470565796,0.0,0.0751953125,0.0001,1e-05,50.331,2.105,0.6364
6357,stage2,4,0.06818655133247375,0.26338350772857666,0.0,0.06818655133247375,0.0001,1e-05,50.331,1.8468,0.6373
6358,stage2,4,0.08508690446615219,0.29463517665863037,0.0,0.08508690446615219,0.0001,1e-05,50.333,2.5626,3.4881
6359,stage2,4,0.08370181173086166,0.2637605667114258,0.0,0.08370181173086166,0.0001,1e-05,50.329,2.1613,0.6358
6360,stage2,4,0.07497204095125198,0.2886490821838379,0.0,0.07497204095125198,0.0001,1e-05,50.33,2.1156,0.6354
6361,stage2,4,0.08949356526136398,0.29695725440979004,0.0,0.08949356526136398,0.0001,1e-05,50.332,2.4457,0.6358
6362,stage2,4,0.08382333070039749,0.2699761688709259,0.0,0.08382333070039749,0.0001,1e-05,50.332,2.2338,0.6355
6363,stage2,4,0.08493486791849136,0.3073219656944275,0.0,0.08493486791849136,0.0001,1e-05,50.329,2.8335,0.637
6364,stage2,4,0.0743429884314537,0.28993046283721924,0.0,0.0743429884314537,0.0001,1e-05,50.33,2.193,0.6369
6365,stage2,4,0.07974909991025925,0.31667524576187134,0.0,0.07974909991025925,0.0001,1e-05,50.332,2.454,0.6372
6366,stage2,4,0.07489978522062302,0.28578224778175354,0.0,0.07489978522062302,0.0001,1e-05,50.335,2.1985,3.7095
6367,stage2,4,0.06970421224832535,0.31377044320106506,0.0,0.06970421224832535,0.0001,1e-05,50.331,2.1246,0.6376
6368,stage2,4,0.07544514536857605,0.2896875739097595,0.0,0.07544514536857605,0.0001,1e-05,50.33,2.5874,0.6356
6369,stage2,4,0.09289401769638062,0.28438711166381836,0.0,0.09289401769638062,0.0001,1e-05,50.33,2.722,0.6368
6370,stage2,4,0.07561555504798889,0.2845706045627594,0.0,0.07561555504798889,0.0001,1e-05,50.331,1.7719,0.6358
6371,stage2,4,0.08613241463899612,0.2834864854812622,0.0,0.08613241463899612,0.0001,1e-05,50.335,2.5037,0.6365
6372,stage2,4,0.07622399181127548,0.2685820758342743,0.0,0.07622399181127548,0.0001,1e-05,50.328,2.2887,0.6364
6373,stage2,4,0.07502231001853943,0.29708239436149597,0.0,0.07502231001853943,0.0001,1e-05,50.333,2.1379,0.6363
6374,stage2,4,0.08566862344741821,0.3085463047027588,0.0,0.08566862344741821,0.0001,1e-05,50.334,2.9428,3.5291
6375,stage2,4,0.0849778950214386,0.2738521993160248,0.0,0.0849778950214386,0.0001,1e-05,50.329,2.2147,0.635
6376,stage2,4,0.08300351351499557,0.2714046239852905,0.0,0.08300351351499557,0.0001,1e-05,50.33,2.3063,0.6361
6377,stage2,4,0.08620250970125198,0.26907870173454285,0.0,0.08620250970125198,0.0001,1e-05,50.328,2.4678,0.6355
6378,stage2,4,0.08850077539682388,0.28187552094459534,0.0,0.08850077539682388,0.0001,1e-05,50.331,2.8472,0.6363
6379,stage2,4,0.0736100971698761,0.25471943616867065,0.0,0.0736100971698761,0.0001,1e-05,50.334,2.0282,0.6367
6380,stage2,4,0.08427209407091141,0.2780872583389282,0.0,0.08427209407091141,0.0001,1e-05,50.331,2.7759,0.6368
6381,stage2,4,0.07083388417959213,0.29277628660202026,0.0,0.07083388417959213,0.0001,1e-05,50.33,1.851,0.6373
6382,stage2,4,0.08666479587554932,0.2916342616081238,0.0,0.08666479587554932,0.0001,1e-05,50.33,2.3924,3.5476
6383,stage2,4,0.08241715282201767,0.27150759100914,0.0,0.08241715282201767,0.0001,1e-05,50.331,2.2633,0.6352
6384,stage2,4,0.08623673021793365,0.28909289836883545,0.0,0.08623673021793365,0.0001,1e-05,50.332,2.094,0.636
6385,stage2,4,0.06621836125850677,0.31181636452674866,0.0,0.06621836125850677,0.0001,1e-05,50.333,2.0995,0.6366
6386,stage2,4,0.08319428563117981,0.2580128014087677,0.0,0.08319428563117981,0.0001,1e-05,50.328,2.2782,0.6362
6387,stage2,4,0.08358197659254074,0.2836747169494629,0.0,0.08358197659254074,0.0001,1e-05,50.332,2.3588,0.6359
6388,stage2,4,0.07913831621408463,0.29307636618614197,0.0,0.07913831621408463,0.0001,1e-05,50.329,2.196,0.637
6389,stage2,4,0.08122914284467697,0.24854469299316406,0.0,0.08122914284467697,0.0001,1e-05,50.332,2.3613,0.6378
6390,stage2,4,0.0680684819817543,0.2799411118030548,0.0,0.0680684819817543,0.0001,1e-05,50.332,2.2231,3.483
6391,stage2,4,0.0826033353805542,0.297707200050354,0.0,0.0826033353805542,0.0001,1e-05,50.329,2.8972,0.6355
6392,stage2,4,0.08569551259279251,0.2794322669506073,0.0,0.08569551259279251,0.0001,1e-05,50.329,2.4458,0.6349
6393,stage2,4,0.07677225768566132,0.2793280780315399,0.0,0.07677225768566132,0.0001,1e-05,50.332,2.4199,0.6359
6394,stage2,4,0.07475736737251282,0.3208165168762207,0.0,0.07475736737251282,0.0001,1e-05,50.327,2.3523,0.6363
6395,stage2,4,0.09052345156669617,0.2907159924507141,0.0,0.09052345156669617,0.0001,1e-05,50.331,2.9292,0.6365
6396,stage2,4,0.08137796819210052,0.2603720724582672,0.0,0.08137796819210052,0.0001,1e-05,50.333,2.4556,0.6371
6397,stage2,4,0.07898527383804321,0.27106907963752747,0.0,0.07898527383804321,0.0001,1e-05,50.334,2.2126,0.637
6398,stage2,4,0.0797913521528244,0.27333101630210876,0.0,0.0797913521528244,0.0001,1e-05,50.327,2.2988,3.4801
6399,stage2,4,0.08429817855358124,0.28676775097846985,0.0,0.08429817855358124,0.0001,1e-05,50.332,2.799,0.6349
6400,stage2,4,0.08592920005321503,0.3206639587879181,0.0,0.08592920005321503,0.0001,1e-05,50.333,2.5851,0.6355
6401,stage2,4,0.08249834179878235,0.2641826272010803,0.0,0.08249834179878235,0.0001,1e-05,50.331,2.1681,0.6364
6402,stage2,4,0.09560507535934448,0.27591264247894287,0.0,0.09560507535934448,0.0001,1e-05,50.33,2.4844,0.6368
6403,stage2,4,0.07666049152612686,0.2894505560398102,0.0,0.07666049152612686,0.0001,1e-05,50.328,2.2594,0.6374
6404,stage2,4,0.0846346765756607,0.2701703906059265,0.0,0.0846346765756607,0.0001,1e-05,50.329,2.5189,0.6372
6405,stage2,4,0.08247444033622742,0.2936937212944031,0.0,0.08247444033622742,0.0001,1e-05,50.331,2.8297,0.6369
6406,stage2,4,0.10374914109706879,0.27082371711730957,0.0,0.10374914109706879,0.0001,1e-05,50.332,2.5557,3.4802
6407,stage2,4,0.08160542696714401,0.2742651700973511,0.0,0.08160542696714401,0.0001,1e-05,50.332,2.2642,0.6387
6408,stage2,4,0.07718207687139511,0.3133684992790222,0.0,0.07718207687139511,0.0001,1e-05,50.331,2.0756,0.6366
6409,stage2,4,0.08635101467370987,0.30010083317756653,0.0,0.08635101467370987,0.0001,1e-05,50.332,2.4938,0.637
6410,stage2,4,0.07345160096883774,0.30064067244529724,0.0,0.07345160096883774,0.0001,1e-05,50.331,2.4137,0.6371
6411,stage2,4,0.08558417856693268,0.2727549076080322,0.0,0.08558417856693268,0.0001,1e-05,50.33,2.6033,0.6372
6412,stage2,4,0.07286693900823593,0.3313615322113037,0.0,0.07286693900823593,0.0001,1e-05,50.332,1.9252,0.6365
6413,stage2,4,0.08449230343103409,0.2737106382846832,0.0,0.08449230343103409,0.0001,1e-05,50.33,2.7927,0.6367
6414,stage2,4,0.08104927837848663,0.3010164201259613,0.0,0.08104927837848663,0.0001,1e-05,50.334,2.4316,3.5672
6415,stage2,4,0.07821251451969147,0.2944488227367401,0.0,0.07821251451969147,0.0001,1e-05,50.331,1.9114,0.6387
6416,stage2,4,0.08857447654008865,0.29560837149620056,0.0,0.08857447654008865,0.0001,1e-05,50.33,2.4566,0.6353
6417,stage2,4,0.07391034066677094,0.31244030594825745,0.0,0.07391034066677094,0.0001,1e-05,50.329,1.9652,0.6366
6418,stage2,4,0.08234776556491852,0.30404132604599,0.0,0.08234776556491852,0.0001,1e-05,50.334,2.4769,0.636
6419,stage2,4,0.08028225600719452,0.2571762800216675,0.0,0.08028225600719452,0.0001,1e-05,50.33,2.363,0.6369
6420,stage2,4,0.07908511906862259,0.28133848309516907,0.0,0.07908511906862259,0.0001,1e-05,50.333,2.0739,0.637
6421,stage2,4,0.08204615116119385,0.2760559320449829,0.0,0.08204615116119385,0.0001,1e-05,50.328,2.0731,0.6372
6422,stage2,4,0.07532357424497604,0.2825438976287842,0.0,0.07532357424497604,0.0001,1e-05,50.328,1.9458,3.5348
6423,stage2,4,0.08367800712585449,0.2678978741168976,0.0,0.08367800712585449,0.0001,1e-05,50.328,2.4531,0.6433
6424,stage2,4,0.08398031443357468,0.2808326780796051,0.0,0.08398031443357468,0.0001,1e-05,50.331,2.3587,0.6369
6425,stage2,4,0.06723490357398987,0.2742531895637512,0.0,0.06723490357398987,0.0001,1e-05,50.333,2.287,0.6366
6426,stage2,4,0.07887512445449829,0.2593463361263275,0.0,0.07887512445449829,0.0001,1e-05,50.329,2.377,0.6374
6427,stage2,4,0.08788231760263443,0.30224499106407166,0.0,0.08788231760263443,0.0001,1e-05,50.331,2.3548,0.6377
6428,stage2,4,0.079044871032238,0.253739595413208,0.0,0.079044871032238,0.0001,1e-05,50.331,2.8105,0.638
6429,stage2,4,0.06940065324306488,0.31211140751838684,0.0,0.06940065324306488,0.0001,1e-05,50.332,1.7175,0.6373
6430,stage2,4,0.07829408347606659,0.2844841480255127,0.0,0.07829408347606659,0.0001,1e-05,50.33,2.2515,3.5431
6431,stage2,4,0.07915224879980087,0.2711874842643738,0.0,0.07915224879980087,0.0001,1e-05,50.331,2.1752,0.638
6432,stage2,4,0.08264715224504471,0.3067777156829834,0.0,0.08264715224504471,0.0001,1e-05,50.333,2.2785,0.6387
6433,stage2,4,0.08313776552677155,0.2677340805530548,0.0,0.08313776552677155,0.0001,1e-05,50.332,2.0934,0.6366
6434,stage2,4,0.07387882471084595,0.2870946526527405,0.0,0.07387882471084595,0.0001,1e-05,50.331,2.1271,0.6366
6435,stage2,4,0.07288342714309692,0.3139464855194092,0.0,0.07288342714309692,0.0001,1e-05,50.332,2.1675,0.6367
6436,stage2,4,0.08120215684175491,0.27902165055274963,0.0,0.08120215684175491,0.0001,1e-05,50.329,2.2091,0.6375
6437,stage2,4,0.07598131895065308,0.292999804019928,0.0,0.07598131895065308,0.0001,1e-05,50.33,2.0678,0.6371
6438,stage2,4,0.07706894725561142,0.28612130880355835,0.0,0.07706894725561142,0.0001,1e-05,50.332,2.0492,3.5447
6439,stage2,4,0.06884028017520905,0.2894344627857208,0.0,0.06884028017520905,0.0001,1e-05,50.332,1.7607,0.6364
6440,stage2,4,0.0773601233959198,0.28808972239494324,0.0,0.0773601233959198,0.0001,1e-05,50.335,2.156,0.6359
6441,stage2,4,0.08058401942253113,0.2650890052318573,0.0,0.08058401942253113,0.0001,1e-05,50.335,2.2179,0.6364
6442,stage2,4,0.07763919979333878,0.2862505316734314,0.0,0.07763919979333878,0.0001,1e-05,50.33,2.1359,0.6359
6443,stage2,4,0.07477916777133942,0.276947021484375,0.0,0.07477916777133942,0.0001,1e-05,50.332,2.0905,0.6369
6444,stage2,4,0.07701946049928665,0.2673254609107971,0.0,0.07701946049928665,0.0001,1e-05,50.329,2.2611,0.6372
6445,stage2,4,0.07289712131023407,0.26480594277381897,0.0,0.07289712131023407,0.0001,1e-05,50.336,2.2535,0.6374
6446,stage2,4,0.07984286546707153,0.274241179227829,0.0,0.07984286546707153,0.0001,1e-05,50.332,1.9878,3.5339
6447,stage2,4,0.07538919895887375,0.2794967293739319,0.0,0.07538919895887375,0.0001,1e-05,50.333,2.0825,0.6358
6448,stage2,4,0.08164224773645401,0.2834911346435547,0.0,0.08164224773645401,0.0001,1e-05,50.331,2.2436,0.6377
6449,stage2,4,0.07895328849554062,0.29781344532966614,0.0,0.07895328849554062,0.0001,1e-05,50.333,2.2942,0.6368
6450,stage2,4,0.07653317600488663,0.2961711287498474,0.0,0.07653317600488663,0.0001,1e-05,50.331,2.2571,0.6368
6451,stage2,4,0.08288637548685074,0.28121545910835266,0.0,0.08288637548685074,0.0001,1e-05,50.331,2.3118,0.6373
6452,stage2,4,0.08855777978897095,0.26301321387290955,0.0,0.08855777978897095,0.0001,1e-05,50.33,2.5542,0.6373
6453,stage2,4,0.08032089471817017,0.26992809772491455,0.0,0.08032089471817017,0.0001,1e-05,50.33,1.9035,0.6369
6454,stage2,4,0.08147541433572769,0.3030577600002289,0.0,0.08147541433572769,0.0001,1e-05,50.33,2.4842,3.559
6455,stage2,4,0.07239224761724472,0.28168800473213196,0.0,0.07239224761724472,0.0001,1e-05,50.329,2.169,0.6376
6456,stage2,4,0.08396170288324356,0.26019179821014404,0.0,0.08396170288324356,0.0001,1e-05,50.327,2.2342,0.6362
6457,stage2,4,0.08230840414762497,0.2850484251976013,0.0,0.08230840414762497,0.0001,1e-05,50.331,2.4701,0.6376
6458,stage2,4,0.07557515054941177,0.2606573700904846,0.0,0.07557515054941177,0.0001,1e-05,50.333,1.8843,0.6374
6459,stage2,4,0.07594387978315353,0.29915204644203186,0.0,0.07594387978315353,0.0001,1e-05,50.33,1.9651,0.6376
6460,stage2,4,0.07846447080373764,0.27650687098503113,0.0,0.07846447080373764,0.0001,1e-05,50.334,2.1185,0.6373
6461,stage2,4,0.0737554058432579,0.28058937191963196,0.0,0.0737554058432579,0.0001,1e-05,50.333,1.9462,0.6377
6462,stage2,4,0.08237264305353165,0.3048820197582245,0.0,0.08237264305353165,0.0001,1e-05,50.33,2.5673,3.5667
6463,stage2,4,0.08710944652557373,0.2613862454891205,0.0,0.08710944652557373,0.0001,1e-05,50.335,2.3997,0.636
6464,stage2,4,0.08544444292783737,0.28818514943122864,0.0,0.08544444292783737,0.0001,1e-05,50.329,2.4337,0.6359
6465,stage2,4,0.08607038110494614,0.26704901456832886,0.0,0.08607038110494614,0.0001,1e-05,50.331,2.2216,0.6367
6466,stage2,4,0.08653316646814346,0.2928045988082886,0.0,0.08653316646814346,0.0001,1e-05,50.328,2.8641,0.6375
6467,stage2,4,0.08017884939908981,0.3016548752784729,0.0,0.08017884939908981,0.0001,1e-05,50.332,2.2247,0.6371
6468,stage2,4,0.07058905065059662,0.29211604595184326,0.0,0.07058905065059662,0.0001,1e-05,50.33,2.1426,0.6372
6469,stage2,4,0.07682599872350693,0.3021610379219055,0.0,0.07682599872350693,0.0001,1e-05,50.328,2.3722,0.6371
6470,stage2,4,0.07012557983398438,0.2866136431694031,0.0,0.07012557983398438,0.0001,1e-05,50.332,2.0219,3.5063
6471,stage2,4,0.07253404706716537,0.26638561487197876,0.0,0.07253404706716537,0.0001,1e-05,50.332,2.0013,0.6356
6472,stage2,4,0.07705872505903244,0.2923988103866577,0.0,0.07705872505903244,0.0001,1e-05,50.331,2.4316,0.6396
6473,stage2,4,0.0744163990020752,0.27263143658638,0.0,0.0744163990020752,0.0001,1e-05,50.334,1.8617,0.6373
6474,stage2,4,0.0736902505159378,0.25735846161842346,0.0,0.0736902505159378,0.0001,1e-05,50.33,2.201,0.6371
6475,stage2,4,0.06739261001348495,0.2870062589645386,0.0,0.06739261001348495,0.0001,1e-05,50.331,1.6313,0.6363
6476,stage2,4,0.07225626707077026,0.32786428928375244,0.0,0.07225626707077026,0.0001,1e-05,50.328,2.1861,0.6372
6477,stage2,4,0.08097819238901138,0.30699944496154785,0.0,0.08097819238901138,0.0001,1e-05,50.334,2.3141,0.637
6478,stage2,4,0.08039575070142746,0.302927702665329,0.0,0.08039575070142746,0.0001,1e-05,50.331,2.4404,3.5435
6479,stage2,4,0.0695209726691246,0.2770000994205475,0.0,0.0695209726691246,0.0001,1e-05,50.329,1.8268,0.6499
6480,stage2,4,0.07346770167350769,0.2847513258457184,0.0,0.07346770167350769,0.0001,1e-05,50.333,2.4375,0.6363
6481,stage2,4,0.08561953157186508,0.28755897283554077,0.0,0.08561953157186508,0.0001,1e-05,50.33,2.0231,0.6362
6482,stage2,4,0.07909237593412399,0.28411975502967834,0.0,0.07909237593412399,0.0001,1e-05,50.331,2.1027,0.6363
6483,stage2,4,0.08683038502931595,0.30168119072914124,0.0,0.08683038502931595,0.0001,1e-05,50.329,2.7884,0.6371
6484,stage2,4,0.08424992859363556,0.29534775018692017,0.0,0.08424992859363556,0.0001,1e-05,50.33,3.3539,0.6379
6485,stage2,4,0.0737076848745346,0.28168854117393494,0.0,0.0737076848745346,0.0001,1e-05,50.331,2.1965,0.6381
6486,stage2,4,0.08949410170316696,0.30040445923805237,0.0,0.08949410170316696,0.0001,1e-05,50.334,2.2971,3.5167
6487,stage2,4,0.07485908269882202,0.3116726875305176,0.0,0.07485908269882202,0.0001,1e-05,50.33,2.3304,0.6658
6488,stage2,4,0.0833892822265625,0.27412840723991394,0.0,0.0833892822265625,0.0001,1e-05,50.332,2.6298,0.6373
6489,stage2,4,0.08554475009441376,0.2562630772590637,0.0,0.08554475009441376,0.0001,1e-05,50.327,2.5025,0.6371
6490,stage2,4,0.08134125173091888,0.29456081986427307,0.0,0.08134125173091888,0.0001,1e-05,50.33,2.3706,0.6384
6491,stage2,4,0.073984295129776,0.28048282861709595,0.0,0.073984295129776,0.0001,1e-05,50.328,1.9363,0.6374
6492,stage2,4,0.08416353166103363,0.27478688955307007,0.0,0.08416353166103363,0.0001,1e-05,50.333,2.7357,0.6383
6493,stage2,4,0.08866651356220245,0.2637425363063812,0.0,0.08866651356220245,0.0001,1e-05,50.327,2.5118,0.6383
6494,stage2,4,0.07818879187107086,0.2888084948062897,0.0,0.07818879187107086,0.0001,1e-05,50.331,2.1363,3.4914
6495,stage2,4,0.08232271671295166,0.2896387279033661,0.0,0.08232271671295166,0.0001,1e-05,50.333,2.3435,0.6844
6496,stage2,4,0.08438537269830704,0.25651615858078003,0.0,0.08438537269830704,0.0001,1e-05,50.33,2.2688,0.637
6497,stage2,4,0.08273105323314667,0.26639172434806824,0.0,0.08273105323314667,0.0001,1e-05,50.331,2.4145,0.6371
6498,stage2,4,0.08619286864995956,0.2756474018096924,0.0,0.08619286864995956,0.0001,1e-05,50.328,2.4746,0.6364
6499,stage2,4,0.07797233760356903,0.2944818437099457,0.0,0.07797233760356903,0.0001,1e-05,50.329,2.204,0.6373
6500,stage2,4,0.07905032485723495,0.24677397310733795,0.0,0.07905032485723495,0.0001,1e-05,50.33,2.4703,0.6368
6501,stage2,4,0.07466737180948257,0.28712019324302673,0.0,0.07466737180948257,0.0001,1e-05,50.331,2.192,0.6378
6502,stage2,4,0.07646941393613815,0.2906724810600281,0.0,0.07646941393613815,0.0001,1e-05,50.329,2.5434,3.4853
6503,stage2,4,0.08153850585222244,0.2657962441444397,0.0,0.08153850585222244,0.0001,1e-05,50.331,2.5438,0.7075
6504,stage2,4,0.08282536268234253,0.29379376769065857,0.0,0.08282536268234253,0.0001,1e-05,50.33,2.3358,0.6363
6505,stage2,4,0.09196737408638,0.2815505862236023,0.0,0.09196737408638,0.0001,1e-05,50.327,2.7518,0.6366
6506,stage2,4,0.09430116415023804,0.2589700520038605,0.0,0.09430116415023804,0.0001,1e-05,50.332,2.4901,0.6367
6507,stage2,4,0.08114896714687347,0.2520684599876404,0.0,0.08114896714687347,0.0001,1e-05,50.329,2.0725,0.6375
6508,stage2,4,0.08729487657546997,0.2611500024795532,0.0,0.08729487657546997,0.0001,1e-05,50.336,2.6687,0.6379
6509,stage2,4,0.06726229935884476,0.3004893362522125,0.0,0.06726229935884476,0.0001,1e-05,50.333,2.074,0.6375
6510,stage2,4,0.0765562504529953,0.3059230148792267,0.0,0.0765562504529953,0.0001,1e-05,50.33,2.2254,3.5096
6511,stage2,4,0.08044043928384781,0.26812437176704407,0.0,0.08044043928384781,0.0001,1e-05,50.329,2.153,0.6738
6512,stage2,4,0.07451920211315155,0.30667629837989807,0.0,0.07451920211315155,0.0001,1e-05,50.33,2.1068,0.637
6513,stage2,4,0.08581627905368805,0.28800901770591736,0.0,0.08581627905368805,0.0001,1e-05,50.332,3.1007,0.6374
6514,stage2,4,0.08407650142908096,0.3112024962902069,0.0,0.08407650142908096,0.0001,1e-05,50.332,2.3676,0.637
6515,stage2,4,0.07455535978078842,0.27791720628738403,0.0,0.07455535978078842,0.0001,1e-05,50.329,2.0524,0.6372
6516,stage2,4,0.07661304622888565,0.28877395391464233,0.0,0.07661304622888565,0.0001,1e-05,50.33,2.1016,0.6371
6517,stage2,4,0.07155369222164154,0.3161846697330475,0.0,0.07155369222164154,0.0001,1e-05,50.33,2.0042,0.6376
6518,stage2,4,0.07698121666908264,0.30443283915519714,0.0,0.07698121666908264,0.0001,1e-05,50.33,2.3026,3.5249
6519,stage2,4,0.08125142753124237,0.2508215606212616,0.0,0.08125142753124237,0.0001,1e-05,50.331,2.1297,0.6737
6520,stage2,4,0.08053673058748245,0.2903446853160858,0.0,0.08053673058748245,0.0001,1e-05,50.332,2.0043,0.6366
6521,stage2,4,0.09072104841470718,0.280604749917984,0.0,0.09072104841470718,0.0001,1e-05,50.331,2.4929,0.6373
6522,stage2,4,0.07778316736221313,0.3014211356639862,0.0,0.07778316736221313,0.0001,1e-05,50.331,2.2509,0.6375
6523,stage2,4,0.07462714612483978,0.2690490484237671,0.0,0.07462714612483978,0.0001,1e-05,50.332,1.8575,0.6367
6524,stage2,4,0.08283676952123642,0.26736193895339966,0.0,0.08283676952123642,0.0001,1e-05,50.332,2.5163,0.6377
6525,stage2,4,0.08807730674743652,0.2771988809108734,0.0,0.08807730674743652,0.0001,1e-05,50.334,2.498,0.6377
6526,stage2,4,0.06968861818313599,0.2814481854438782,0.0,0.06968861818313599,0.0001,1e-05,50.329,2.0268,3.4978
6527,stage2,4,0.07925981283187866,0.3033841848373413,0.0,0.07925981283187866,0.0001,1e-05,50.329,2.3513,0.7167
6528,stage2,4,0.07637614011764526,0.25422021746635437,0.0,0.07637614011764526,0.0001,1e-05,50.328,1.9116,0.6363
6529,stage2,4,0.0777987390756607,0.25847217440605164,0.0,0.0777987390756607,0.0001,1e-05,50.33,2.2255,0.6365
6530,stage2,4,0.0770353451371193,0.2832971215248108,0.0,0.0770353451371193,0.0001,1e-05,50.331,2.3802,0.6368
6531,stage2,4,0.08324629813432693,0.2947094440460205,0.0,0.08324629813432693,0.0001,1e-05,50.334,2.1897,0.637
6532,stage2,4,0.07827037572860718,0.27434292435646057,0.0,0.07827037572860718,0.0001,1e-05,50.33,2.286,0.6369
6533,stage2,4,0.08582949638366699,0.25723937153816223,0.0,0.08582949638366699,0.0001,1e-05,50.328,2.0553,0.637
6534,stage2,4,0.0809410884976387,0.2614264488220215,0.0,0.0809410884976387,0.0001,1e-05,50.332,2.1868,3.4374
6535,stage2,4,0.0914526879787445,0.27291280031204224,0.0,0.0914526879787445,0.0001,1e-05,50.33,2.4031,0.7555
6536,stage2,4,0.08711396902799606,0.2848680317401886,0.0,0.08711396902799606,0.0001,1e-05,50.331,2.3311,0.6357
6537,stage2,4,0.07939989864826202,0.29539698362350464,0.0,0.07939989864826202,0.0001,1e-05,50.333,2.4702,0.6365
6538,stage2,4,0.08252468705177307,0.27440738677978516,0.0,0.08252468705177307,0.0001,1e-05,50.327,2.0481,0.6375
6539,stage2,4,0.08179503679275513,0.30285000801086426,0.0,0.08179503679275513,0.0001,1e-05,50.329,2.2892,0.637
6540,stage2,4,0.07120583951473236,0.25618231296539307,0.0,0.07120583951473236,0.0001,1e-05,50.329,2.0011,0.6373
6541,stage2,4,0.09174603223800659,0.2647196650505066,0.0,0.09174603223800659,0.0001,1e-05,50.33,2.4917,0.6371
6542,stage2,4,0.07020179182291031,0.29362624883651733,0.0,0.07020179182291031,0.0001,1e-05,50.335,2.2171,3.4717
6543,stage2,4,0.0851033627986908,0.2877674400806427,0.0,0.0851033627986908,0.0001,1e-05,50.333,2.5444,0.669
6544,stage2,4,0.0787542462348938,0.2758156657218933,0.0,0.0787542462348938,0.0001,1e-05,50.331,2.635,0.6359
6545,stage2,4,0.07526353746652603,0.2702404260635376,0.0,0.07526353746652603,0.0001,1e-05,50.331,2.0751,0.6364
6546,stage2,4,0.07867564260959625,0.301739901304245,0.0,0.07867564260959625,0.0001,1e-05,50.334,2.0541,0.6366
6547,stage2,4,0.07672622799873352,0.27473685145378113,0.0,0.07672622799873352,0.0001,1e-05,50.33,2.0668,0.6366
6548,stage2,4,0.08550792187452316,0.28721731901168823,0.0,0.08550792187452316,0.0001,1e-05,50.331,2.3523,0.6371
6549,stage2,4,0.07256323099136353,0.2709405720233917,0.0,0.07256323099136353,0.0001,1e-05,50.331,1.8088,0.6382
6550,stage2,4,0.08321766555309296,0.329554945230484,0.0,0.08321766555309296,0.0001,1e-05,50.33,2.336,3.5521
6551,stage2,4,0.07441922277212143,0.27560698986053467,0.0,0.07441922277212143,0.0001,1e-05,50.334,2.1488,0.6399
6552,stage2,4,0.08536344766616821,0.28673380613327026,0.0,0.08536344766616821,0.0001,1e-05,50.333,1.9196,0.6364
6553,stage2,4,0.0738525465130806,0.2831992506980896,0.0,0.0738525465130806,0.0001,1e-05,50.33,2.2028,0.6369
6554,stage2,4,0.06835462898015976,0.28318697214126587,0.0,0.06835462898015976,0.0001,1e-05,50.334,2.1041,0.637
6555,stage2,4,0.07485381513834,0.27452582120895386,0.0,0.07485381513834,0.0001,1e-05,50.332,2.0402,0.6369
6556,stage2,4,0.06912532448768616,0.2922188937664032,0.0,0.06912532448768616,0.0001,1e-05,50.333,1.9838,0.6371
6557,stage2,4,0.08509944379329681,0.27223166823387146,0.0,0.08509944379329681,0.0001,1e-05,50.33,2.2294,0.638
6558,stage2,4,0.07304050028324127,0.27267351746559143,0.0,0.07304050028324127,0.0001,1e-05,50.335,2.3167,3.573
6559,stage2,4,0.07719618827104568,0.2997267246246338,0.0,0.07719618827104568,0.0001,1e-05,50.335,2.0524,0.6364
6560,stage2,4,0.09316877275705338,0.2613394558429718,0.0,0.09316877275705338,0.0001,1e-05,50.332,2.8205,0.6368
6561,stage2,4,0.08100725710391998,0.2737813889980316,0.0,0.08100725710391998,0.0001,1e-05,50.332,2.4586,0.6368
6562,stage2,4,0.08632971346378326,0.2673763632774353,0.0,0.08632971346378326,0.0001,1e-05,50.333,2.5184,0.6368
6563,stage2,4,0.07146745920181274,0.28633761405944824,0.0,0.07146745920181274,0.0001,1e-05,50.336,2.0412,0.6369
6564,stage2,4,0.08608651161193848,0.2836417257785797,0.0,0.08608651161193848,0.0001,1e-05,50.336,2.2332,0.6377
6565,stage2,4,0.07255902886390686,0.26438888907432556,0.0,0.07255902886390686,0.0001,1e-05,50.329,2.0547,0.6371
6566,stage2,4,0.07627128809690475,0.27053481340408325,0.0,0.07627128809690475,0.0001,1e-05,50.332,2.1234,3.547
6567,stage2,4,0.0747821256518364,0.2707690894603729,0.0,0.0747821256518364,0.0001,1e-05,50.335,2.2208,0.638
6568,stage2,4,0.07726214826107025,0.2710268795490265,0.0,0.07726214826107025,0.0001,1e-05,50.336,2.3794,0.6365
6569,stage2,4,0.07099714130163193,0.28913211822509766,0.0,0.07099714130163193,0.0001,1e-05,50.329,1.8501,0.6368
6570,stage2,4,0.0788578987121582,0.3227604031562805,0.0,0.0788578987121582,0.0001,1e-05,50.334,2.4571,0.6377
6571,stage2,4,0.08705076575279236,0.26685187220573425,0.0,0.08705076575279236,0.0001,1e-05,50.333,2.5778,0.6364
6572,stage2,4,0.08148761093616486,0.27863821387290955,0.0,0.08148761093616486,0.0001,1e-05,50.331,2.5464,0.638
6573,stage2,4,0.07077203691005707,0.2794284224510193,0.0,0.07077203691005707,0.0001,1e-05,50.332,2.0226,0.6379
6574,stage2,4,0.09016777575016022,0.26312077045440674,0.0,0.09016777575016022,0.0001,1e-05,50.333,2.5126,3.5317
6575,stage2,4,0.07504397630691528,0.3042583763599396,0.0,0.07504397630691528,0.0001,1e-05,50.329,2.561,0.637
6576,stage2,4,0.08221593499183655,0.2911106050014496,0.0,0.08221593499183655,0.0001,1e-05,50.328,2.4707,0.6361
6577,stage2,4,0.07065626233816147,0.34915322065353394,0.0,0.07065626233816147,0.0001,1e-05,50.334,2.0638,0.6369
6578,stage2,4,0.08396874368190765,0.2674700617790222,0.0,0.08396874368190765,0.0001,1e-05,50.335,2.144,0.6367
6579,stage2,4,0.07303623855113983,0.30685558915138245,0.0,0.07303623855113983,0.0001,1e-05,50.331,2.0966,0.6362
6580,stage2,4,0.08021040260791779,0.28224876523017883,0.0,0.08021040260791779,0.0001,1e-05,50.331,1.9237,0.6361
6581,stage2,4,0.07625753432512283,0.25720715522766113,0.0,0.07625753432512283,0.0001,1e-05,50.33,2.2196,0.6373
6582,stage2,4,0.07771056890487671,0.28010550141334534,0.0,0.07771056890487671,0.0001,1e-05,50.332,2.3413,3.5776
6583,stage2,4,0.06638490408658981,0.3012891113758087,0.0,0.06638490408658981,0.0001,1e-05,50.331,1.9749,0.6369
6584,stage2,4,0.07273177057504654,0.29041588306427,0.0,0.07273177057504654,0.0001,1e-05,50.337,2.0994,0.6362
6585,stage2,4,0.08555373549461365,0.29540660977363586,0.0,0.08555373549461365,0.0001,1e-05,50.332,2.7965,0.6368
6586,stage2,4,0.07202572375535965,0.2842629849910736,0.0,0.07202572375535965,0.0001,1e-05,50.332,2.0784,0.6367
6587,stage2,4,0.07841138541698456,0.2753641903400421,0.0,0.07841138541698456,0.0001,1e-05,50.332,2.2178,0.6364
6588,stage2,4,0.07551795244216919,0.2809887230396271,0.0,0.07551795244216919,0.0001,1e-05,50.33,2.3065,0.6369
6589,stage2,4,0.07013462483882904,0.27900588512420654,0.0,0.07013462483882904,0.0001,1e-05,50.331,2.0457,0.6368
6590,stage2,4,0.0688987523317337,0.264748752117157,0.0,0.0688987523317337,0.0001,1e-05,50.332,2.049,3.4944
6591,stage2,4,0.07770555466413498,0.25852730870246887,0.0,0.07770555466413498,0.0001,1e-05,50.334,2.2968,0.6353
6592,stage2,4,0.09009236097335815,0.2795362174510956,0.0,0.09009236097335815,0.0001,1e-05,50.329,2.2271,0.6362
6593,stage2,4,0.08888079226016998,0.2964532673358917,0.0,0.08888079226016998,0.0001,1e-05,50.329,2.7529,0.6365
6594,stage2,4,0.09018649905920029,0.2652665078639984,0.0,0.09018649905920029,0.0001,1e-05,50.336,2.5265,0.6378
6595,stage2,4,0.06412778049707413,0.3252115845680237,0.0,0.06412778049707413,0.0001,1e-05,50.334,2.1651,0.6379
6596,stage2,4,0.08089462667703629,0.31887176632881165,0.0,0.08089462667703629,0.0001,1e-05,50.331,2.4347,0.637
6597,stage2,4,0.07651695609092712,0.2791789174079895,0.0,0.07651695609092712,0.0001,1e-05,50.33,2.1457,0.6376
6598,stage2,4,0.08818507939577103,0.2852098345756531,0.0,0.08818507939577103,0.0001,1e-05,50.33,2.7386,3.5433
6599,stage2,4,0.08627977967262268,0.2718963027000427,0.0,0.08627977967262268,0.0001,1e-05,50.334,2.3954,0.6453
6600,stage2,4,0.07664687186479568,0.30956771969795227,0.0,0.07664687186479568,0.0001,1e-05,50.331,2.4532,0.6362
6601,stage2,4,0.08371926844120026,0.2531272768974304,0.0,0.08371926844120026,0.0001,1e-05,50.332,2.4729,0.6366
6602,stage2,4,0.07663444429636002,0.27735745906829834,0.0,0.07663444429636002,0.0001,1e-05,50.334,2.1109,0.6363
6603,stage2,4,0.07717432081699371,0.28195077180862427,0.0,0.07717432081699371,0.0001,1e-05,50.331,2.4302,0.6358
6604,stage2,4,0.08277618885040283,0.3198443353176117,0.0,0.08277618885040283,0.0001,1e-05,50.331,2.5948,0.6367
6605,stage2,4,0.07626636326313019,0.29765939712524414,0.0,0.07626636326313019,0.0001,1e-05,50.331,2.2591,0.6377
6606,stage2,4,0.08355239778757095,0.3072257936000824,0.0,0.08355239778757095,0.0001,1e-05,50.33,3.0159,3.5511
6607,stage2,4,0.08105608820915222,0.28002217411994934,0.0,0.08105608820915222,0.0001,1e-05,50.33,2.7735,0.7154
6608,stage2,4,0.08552780747413635,0.31395334005355835,0.0,0.08552780747413635,0.0001,1e-05,50.331,2.4087,0.6363
6609,stage2,4,0.08035508543252945,0.28026920557022095,0.0,0.08035508543252945,0.0001,1e-05,50.332,2.4625,0.6368
6610,stage2,4,0.07789270579814911,0.27165740728378296,0.0,0.07789270579814911,0.0001,1e-05,50.335,2.2784,0.6369
6611,stage2,4,0.07832729071378708,0.2757154405117035,0.0,0.07832729071378708,0.0001,1e-05,50.329,2.2488,0.6373
6612,stage2,4,0.07636070251464844,0.26616737246513367,0.0,0.07636070251464844,0.0001,1e-05,50.338,2.314,0.6368
6613,stage2,4,0.0779297947883606,0.26823216676712036,0.0,0.0779297947883606,0.0001,1e-05,50.334,2.6184,0.6374
6614,stage2,4,0.07713862508535385,0.32586464285850525,0.0,0.07713862508535385,0.0001,1e-05,50.331,2.4112,3.4642
6615,stage2,4,0.08759202063083649,0.26026707887649536,0.0,0.08759202063083649,0.0001,1e-05,50.336,3.0522,0.7166
6616,stage2,4,0.08529365062713623,0.30169403553009033,0.0,0.08529365062713623,0.0001,1e-05,50.332,2.5034,0.638
6617,stage2,4,0.0810827910900116,0.2897271513938904,0.0,0.0810827910900116,0.0001,1e-05,50.329,2.5553,0.6359
6618,stage2,4,0.08025532960891724,0.2628026008605957,0.0,0.08025532960891724,0.0001,1e-05,50.329,2.6759,0.6373
6619,stage2,4,0.08453468978404999,0.28110358119010925,0.0,0.08453468978404999,0.0001,1e-05,50.333,2.493,0.6381
6620,stage2,4,0.10284130275249481,0.2616824209690094,0.0,0.10284130275249481,0.0001,1e-05,50.332,2.8096,0.6374
6621,stage2,4,0.09014943242073059,0.27808719873428345,0.0,0.09014943242073059,0.0001,1e-05,50.331,3.8356,0.6378
6622,stage2,4,0.08101306855678558,0.2801147699356079,0.0,0.08101306855678558,0.0001,1e-05,50.328,2.1128,3.4253
6623,stage2,4,0.07007172703742981,0.29420772194862366,0.0,0.07007172703742981,0.0001,1e-05,50.336,2.1955,0.7698
6624,stage2,4,0.0821828618645668,0.28627529740333557,0.0,0.0821828618645668,0.0001,1e-05,50.332,1.9985,0.6365
6625,stage2,4,0.08452610671520233,0.24354954063892365,0.0,0.08452610671520233,0.0001,1e-05,50.332,2.3187,0.6386
6626,stage2,4,0.07713764160871506,0.3076893091201782,0.0,0.07713764160871506,0.0001,1e-05,50.335,2.1527,0.6371
6627,stage2,4,0.08691287040710449,0.28404152393341064,0.0,0.08691287040710449,0.0001,1e-05,50.33,2.3282,0.6374
6628,stage2,4,0.0858246237039566,0.2547455430030823,0.0,0.0858246237039566,0.0001,1e-05,50.334,2.4756,0.6375
6629,stage2,4,0.07772321254014969,0.2838771343231201,0.0,0.07772321254014969,0.0001,1e-05,50.335,2.1775,0.6371
6630,stage2,4,0.08709676563739777,0.285096138715744,0.0,0.08709676563739777,0.0001,1e-05,50.334,3.2911,3.3947
6631,stage2,4,0.07778063416481018,0.27256473898887634,0.0,0.07778063416481018,0.0001,1e-05,50.331,2.0284,0.7542
6632,stage2,4,0.07268016785383224,0.2622723877429962,0.0,0.07268016785383224,0.0001,1e-05,50.334,2.1357,0.6368
6633,stage2,4,0.07924816012382507,0.2502298355102539,0.0,0.07924816012382507,0.0001,1e-05,50.331,2.2459,0.6354
6634,stage2,4,0.06458462029695511,0.2919245660305023,0.0,0.06458462029695511,0.0001,1e-05,50.337,1.8208,0.6364
6635,stage2,4,0.07047709822654724,0.27265480160713196,0.0,0.07047709822654724,0.0001,1e-05,50.331,2.3668,0.6364
6636,stage2,4,0.07513158768415451,0.26505905389785767,0.0,0.07513158768415451,0.0001,1e-05,50.333,2.1812,0.637
6637,stage2,4,0.06896854937076569,0.2758813798427582,0.0,0.06896854937076569,0.0001,1e-05,50.333,1.792,0.6378
6638,stage2,4,0.08410263806581497,0.282573938369751,0.0,0.08410263806581497,0.0001,1e-05,50.337,3.2183,3.3946
6639,stage2,4,0.07747278362512589,0.27259916067123413,0.0,0.07747278362512589,0.0001,1e-05,50.334,2.4488,0.8396
6640,stage2,4,0.07790689170360565,0.2995975613594055,0.0,0.07790689170360565,0.0001,1e-05,50.33,2.1264,0.6401
6641,stage2,4,0.07914527505636215,0.3211635649204254,0.0,0.07914527505636215,0.0001,1e-05,50.33,2.9531,0.6333
6642,stage2,4,0.0768410786986351,0.29430973529815674,0.0,0.0768410786986351,0.0001,1e-05,50.331,2.4804,0.6373
6643,stage2,4,0.07832042872905731,0.26477837562561035,0.0,0.07832042872905731,0.0001,1e-05,50.334,2.5624,0.6376
6644,stage2,4,0.0728851780295372,0.26596197485923767,0.0,0.0728851780295372,0.0001,1e-05,50.327,2.0136,0.6377
6645,stage2,4,0.07687327265739441,0.2749100923538208,0.0,0.07687327265739441,0.0001,1e-05,50.332,2.7792,0.6379
6646,stage2,4,0.08090733736753464,0.29252851009368896,0.0,0.08090733736753464,0.0001,1e-05,50.333,2.2025,3.3302
6647,stage2,4,0.09388244152069092,0.25991466641426086,0.0,0.09388244152069092,0.0001,1e-05,50.333,2.7037,0.8052
6648,stage2,4,0.07931257039308548,0.2716570496559143,0.0,0.07931257039308548,0.0001,1e-05,50.333,2.3606,0.6377
6649,stage2,4,0.07783327251672745,0.29908010363578796,0.0,0.07783327251672745,0.0001,1e-05,50.333,2.4749,0.6375
6650,stage2,4,0.08461596816778183,0.2682836949825287,0.0,0.08461596816778183,0.0001,1e-05,50.333,2.2101,0.6374
6651,stage2,4,0.08203136175870895,0.3142545819282532,0.0,0.08203136175870895,0.0001,1e-05,50.332,2.4279,0.6371
6652,stage2,4,0.07862386107444763,0.3007497489452362,0.0,0.07862386107444763,0.0001,1e-05,50.335,2.4496,0.637
6653,stage2,4,0.0757005512714386,0.3073228895664215,0.0,0.0757005512714386,0.0001,1e-05,50.334,2.1021,0.6372
6654,stage2,4,0.07722063362598419,0.29734042286872864,0.0,0.07722063362598419,0.0001,1e-05,50.332,2.6303,3.395
6655,stage2,4,0.07611969858407974,0.27881547808647156,0.0,0.07611969858407974,0.0001,1e-05,50.336,2.1815,0.8598
6656,stage2,4,0.07878192514181137,0.2797924280166626,0.0,0.07878192514181137,0.0001,1e-05,50.332,2.6623,0.637
6657,stage2,4,0.0925259068608284,0.29028210043907166,0.0,0.0925259068608284,0.0001,1e-05,50.335,2.5717,0.6375
6658,stage2,4,0.07790034264326096,0.31640589237213135,0.0,0.07790034264326096,0.0001,1e-05,50.332,2.4192,0.6376
6659,stage2,4,0.08550334721803665,0.25238826870918274,0.0,0.08550334721803665,0.0001,1e-05,50.333,2.7136,0.6375
6660,stage2,4,0.08135821670293808,0.2807718813419342,0.0,0.08135821670293808,0.0001,1e-05,50.332,2.4625,0.6376
6661,stage2,4,0.08124955743551254,0.26434507966041565,0.0,0.08124955743551254,0.0001,1e-05,50.332,2.0752,0.6375
6662,stage2,4,0.10048592835664749,0.2801426649093628,0.0,0.10048592835664749,0.0001,1e-05,50.331,2.9974,3.2759
6663,stage2,4,0.09240688383579254,0.2684383988380432,0.0,0.09240688383579254,0.0001,1e-05,50.333,2.4499,0.9081
6664,stage2,4,0.07529077678918839,0.2631462514400482,0.0,0.07529077678918839,0.0001,1e-05,50.333,2.2454,0.6375
6665,stage2,4,0.08023311197757721,0.2829380929470062,0.0,0.08023311197757721,0.0001,1e-05,50.332,2.3651,0.6374
6666,stage2,4,0.07860105484724045,0.2715035080909729,0.0,0.07860105484724045,0.0001,1e-05,50.337,1.9661,0.6373
6667,stage2,4,0.08725212514400482,0.3003964424133301,0.0,0.08725212514400482,0.0001,1e-05,50.333,2.366,0.6374
6668,stage2,4,0.08720319718122482,0.26070812344551086,0.0,0.08720319718122482,0.0001,1e-05,50.332,2.5732,0.638
6669,stage2,4,0.07610515505075455,0.2802465558052063,0.0,0.07610515505075455,0.0001,1e-05,50.334,2.0855,0.6383
6670,stage2,4,0.08198514580726624,0.25719282031059265,0.0,0.08198514580726624,0.0001,1e-05,50.33,2.1739,3.2396
6671,stage2,4,0.05903681367635727,0.3339454233646393,0.0,0.05903681367635727,0.0001,1e-05,50.333,1.7509,0.9724
6672,stage2,4,0.07643895596265793,0.2755422592163086,0.0,0.07643895596265793,0.0001,1e-05,50.333,2.3488,0.6366
6673,stage2,4,0.08679410070180893,0.3117189407348633,0.0,0.08679410070180893,0.0001,1e-05,50.33,2.1941,0.6369
6674,stage2,4,0.08364247530698776,0.259585440158844,0.0,0.08364247530698776,0.0001,1e-05,50.33,2.2445,0.6371
6675,stage2,4,0.07067277282476425,0.2798926532268524,0.0,0.07067277282476425,0.0001,1e-05,50.331,2.1617,0.6373
6676,stage2,4,0.07135346531867981,0.27945420145988464,0.0,0.07135346531867981,0.0001,1e-05,50.329,1.8612,0.6375
6677,stage2,4,0.07838185876607895,0.26085543632507324,0.0,0.07838185876607895,0.0001,1e-05,50.333,2.2792,0.6376
6678,stage2,4,0.09025349467992783,0.28744757175445557,0.0,0.09025349467992783,0.0001,1e-05,50.336,3.1191,3.1958
6679,stage2,4,0.08498833328485489,0.3293110430240631,0.0,0.08498833328485489,0.0001,1e-05,50.329,2.5005,0.9568
6680,stage2,4,0.08108087629079819,0.2981652319431305,0.0,0.08108087629079819,0.0001,1e-05,50.336,2.5053,0.6411
6681,stage2,4,0.07595939934253693,0.2627474367618561,0.0,0.07595939934253693,0.0001,1e-05,50.333,2.1694,0.6332
6682,stage2,4,0.08670246601104736,0.29174286127090454,0.0,0.08670246601104736,0.0001,1e-05,50.334,2.66,0.6369
6683,stage2,4,0.07963189482688904,0.23551493883132935,0.0,0.07963189482688904,0.0001,1e-05,50.334,2.1188,0.6375
6684,stage2,4,0.0763191282749176,0.2905062437057495,0.0,0.0763191282749176,0.0001,1e-05,50.334,2.446,0.6382
6685,stage2,4,0.08320508897304535,0.25250640511512756,0.0,0.08320508897304535,0.0001,1e-05,50.329,2.24,0.6379
6686,stage2,4,0.06705547869205475,0.2880910336971283,0.0,0.06705547869205475,0.0001,1e-05,50.333,2.0066,3.2367
6687,stage2,4,0.08698699623346329,0.2875296473503113,0.0,0.08698699623346329,0.0001,1e-05,50.335,2.5956,0.9701
6688,stage2,4,0.06799852848052979,0.3273698687553406,0.0,0.06799852848052979,0.0001,1e-05,50.334,2.3741,0.6373
6689,stage2,4,0.08337639272212982,0.2841728627681732,0.0,0.08337639272212982,0.0001,1e-05,50.33,3.0575,0.6379
6690,stage2,4,0.07327909022569656,0.29139965772628784,0.0,0.07327909022569656,0.0001,1e-05,50.33,1.8838,0.6367
6691,stage2,4,0.0898282453417778,0.28573745489120483,0.0,0.0898282453417778,0.0001,1e-05,50.333,2.6681,0.6369
6692,stage2,4,0.08186850696802139,0.2743053138256073,0.0,0.08186850696802139,0.0001,1e-05,50.335,2.3061,0.6369
6693,stage2,4,0.0887826532125473,0.26056796312332153,0.0,0.0887826532125473,0.0001,1e-05,50.334,2.6737,0.6385
6694,stage2,4,0.08167989552021027,0.24292072653770447,0.0,0.08167989552021027,0.0001,1e-05,50.333,2.3866,3.1574
6695,stage2,4,0.09041596204042435,0.2717970907688141,0.0,0.09041596204042435,0.0001,1e-05,50.33,2.5851,1.0297
6696,stage2,4,0.09292615205049515,0.2754040062427521,0.0,0.09292615205049515,0.0001,1e-05,50.331,2.5504,0.6368
6697,stage2,4,0.08065179735422134,0.3136701285839081,0.0,0.08065179735422134,0.0001,1e-05,50.33,2.2819,0.6378
6698,stage2,4,0.0803707093000412,0.2830616235733032,0.0,0.0803707093000412,0.0001,1e-05,50.332,2.3845,0.6363
6699,stage2,4,0.07779618352651596,0.2600817382335663,0.0,0.07779618352651596,0.0001,1e-05,50.334,2.352,0.6373
6700,stage2,4,0.07766689360141754,0.3008669316768646,0.0,0.07766689360141754,0.0001,1e-05,50.336,2.1022,0.6375
6701,stage2,4,0.08111850172281265,0.29610463976860046,0.0,0.08111850172281265,0.0001,1e-05,50.334,2.1508,0.6378
6702,stage2,4,0.08334074169397354,0.28896838426589966,0.0,0.08334074169397354,0.0001,1e-05,50.333,3.0056,3.1011
6703,stage2,4,0.06617110222578049,0.256002277135849,0.0,0.06617110222578049,0.0001,1e-05,50.332,1.826,1.079
6704,stage2,4,0.06865806877613068,0.2972809076309204,0.0,0.06865806877613068,0.0001,1e-05,50.332,1.8554,0.6354
6705,stage2,4,0.07274307310581207,0.2672676742076874,0.0,0.07274307310581207,0.0001,1e-05,50.33,2.0452,0.6363
6706,stage2,4,0.09237034618854523,0.2653258740901947,0.0,0.09237034618854523,0.0001,1e-05,50.332,2.4226,0.6363
6707,stage2,4,0.07371749728918076,0.26711705327033997,0.0,0.07371749728918076,0.0001,1e-05,50.329,1.9274,0.637
6708,stage2,4,0.08508956432342529,0.296132355928421,0.0,0.08508956432342529,0.0001,1e-05,50.334,2.0969,0.6371
6709,stage2,4,0.07664190232753754,0.27631136775016785,0.0,0.07664190232753754,0.0001,1e-05,50.333,2.1723,0.6381
6710,stage2,4,0.08139706403017044,0.27635112404823303,0.0,0.08139706403017044,0.0001,1e-05,50.332,2.3995,3.09
6711,stage2,4,0.08457048237323761,0.2742282450199127,0.0,0.08457048237323761,0.0001,1e-05,50.332,2.6521,1.0825
6712,stage2,4,0.07284218817949295,0.28227171301841736,0.0,0.07284218817949295,0.0001,1e-05,50.334,2.3786,0.6361
6713,stage2,4,0.07833711057901382,0.3172830045223236,0.0,0.07833711057901382,0.0001,1e-05,50.329,2.9854,0.6364
6714,stage2,4,0.07631880789995193,0.27392902970314026,0.0,0.07631880789995193,0.0001,1e-05,50.331,2.2506,0.6366
6715,stage2,4,0.08482389897108078,0.2777354419231415,0.0,0.08482389897108078,0.0001,1e-05,50.333,2.5845,0.6376
6716,stage2,4,0.08200827986001968,0.26452121138572693,0.0,0.08200827986001968,0.0001,1e-05,50.333,2.1192,0.6381
6717,stage2,4,0.07347996532917023,0.31881067156791687,0.0,0.07347996532917023,0.0001,1e-05,50.33,2.5572,0.6378
6718,stage2,4,0.07252757996320724,0.2712775468826294,0.0,0.07252757996320724,0.0001,1e-05,50.331,2.1753,3.0903
6719,stage2,4,0.07915852963924408,0.2757064402103424,0.0,0.07915852963924408,0.0001,1e-05,50.335,2.1331,1.1574
6720,stage2,4,0.08042291551828384,0.2868416905403137,0.0,0.08042291551828384,0.0001,1e-05,50.332,2.6759,0.6366
6721,stage2,4,0.08043880015611649,0.29765892028808594,0.0,0.08043880015611649,0.0001,1e-05,50.331,2.426,0.6365
6722,stage2,4,0.07828451693058014,0.29060232639312744,0.0,0.07828451693058014,0.0001,1e-05,50.329,2.3653,0.6376
6723,stage2,4,0.07395346462726593,0.2967838644981384,0.0,0.07395346462726593,0.0001,1e-05,50.333,2.0413,0.6375
6724,stage2,4,0.07385867089033127,0.30096742510795593,0.0,0.07385867089033127,0.0001,1e-05,50.328,2.0996,0.6382
6725,stage2,4,0.08760444819927216,0.2976236045360565,0.0,0.08760444819927216,0.0001,1e-05,50.334,2.4103,0.6381
6726,stage2,4,0.08530101925134659,0.2657100260257721,0.0,0.08530101925134659,0.0001,1e-05,50.328,2.5854,2.9962
6727,stage2,4,0.082057423889637,0.29378196597099304,0.0,0.082057423889637,0.0001,1e-05,50.333,2.4021,1.192
6728,stage2,4,0.0917045846581459,0.296448677778244,0.0,0.0917045846581459,0.0001,1e-05,50.33,2.6837,0.637
6729,stage2,4,0.07587650418281555,0.26134592294692993,0.0,0.07587650418281555,0.0001,1e-05,50.331,2.193,0.637
6730,stage2,4,0.08180076628923416,0.2660239040851593,0.0,0.08180076628923416,0.0001,1e-05,50.333,2.5856,0.6368
6731,stage2,4,0.07890235632658005,0.26941725611686707,0.0,0.07890235632658005,0.0001,1e-05,50.331,2.1206,0.6371
6732,stage2,4,0.0794554203748703,0.2833664119243622,0.0,0.0794554203748703,0.0001,1e-05,50.33,2.5865,0.6373
6733,stage2,4,0.07162059098482132,0.27902328968048096,0.0,0.07162059098482132,0.0001,1e-05,50.33,2.0456,0.6381
6734,stage2,4,0.08621188998222351,0.28364479541778564,0.0,0.08621188998222351,0.0001,1e-05,50.334,2.7937,2.8905
6735,stage2,4,0.07533574104309082,0.27372440695762634,0.0,0.07533574104309082,0.0001,1e-05,50.332,1.9515,1.3627
6736,stage2,4,0.07053152471780777,0.2646429240703583,0.0,0.07053152471780777,0.0001,1e-05,50.331,1.8977,0.6359
6737,stage2,4,0.08116212487220764,0.28175559639930725,0.0,0.08116212487220764,0.0001,1e-05,50.334,2.7458,0.6367
6738,stage2,4,0.07913446426391602,0.2812609076499939,0.0,0.07913446426391602,0.0001,1e-05,50.332,1.9618,0.6362
6739,stage2,4,0.07873537391424179,0.27610817551612854,0.0,0.07873537391424179,0.0001,1e-05,50.331,2.1786,0.6359
6740,stage2,4,0.08175530284643173,0.2549287676811218,0.0,0.08175530284643173,0.0001,1e-05,50.328,2.4764,0.6367
6741,stage2,4,0.06412851810455322,0.26510167121887207,0.0,0.06412851810455322,0.0001,1e-05,50.332,1.6522,0.6368
6742,stage2,4,0.07681754976511002,0.2738925516605377,0.0,0.07681754976511002,0.0001,1e-05,50.332,2.4321,2.7906
6743,stage2,4,0.08055361360311508,0.2807316780090332,0.0,0.08055361360311508,0.0001,1e-05,50.328,2.0864,1.3646
6744,stage2,4,0.07492375373840332,0.26230913400650024,0.0,0.07492375373840332,0.0001,1e-05,50.332,2.6783,0.6356
6745,stage2,4,0.07766846567392349,0.2839198410511017,0.0,0.07766846567392349,0.0001,1e-05,50.33,2.0261,0.6365
6746,stage2,4,0.09049969166517258,0.26611340045928955,0.0,0.09049969166517258,0.0001,1e-05,50.327,2.63,0.6367
6747,stage2,4,0.06583961099386215,0.32700589299201965,0.0,0.06583961099386215,0.0001,1e-05,50.332,2.0239,0.6372
6748,stage2,4,0.07419522106647491,0.2498704344034195,0.0,0.07419522106647491,0.0001,1e-05,50.332,2.0926,0.6375
6749,stage2,4,0.06700383126735687,0.278761088848114,0.0,0.06700383126735687,0.0001,1e-05,50.331,2.1223,0.638
6750,stage2,4,0.08276098221540451,0.2663017213344574,0.0,0.08276098221540451,0.0001,1e-05,50.329,2.5098,2.7717
6751,stage2,4,0.0789671465754509,0.27714747190475464,0.0,0.0789671465754509,0.0001,1e-05,50.328,2.0455,1.3844
6752,stage2,4,0.07813330739736557,0.26659688353538513,0.0,0.07813330739736557,0.0001,1e-05,50.334,2.2045,0.6366
6753,stage2,4,0.0759468749165535,0.2877400815486908,0.0,0.0759468749165535,0.0001,1e-05,50.332,2.0982,0.6373
6754,stage2,4,0.07599600404500961,0.24956147372722626,0.0,0.07599600404500961,0.0001,1e-05,50.332,2.1882,0.6372
6755,stage2,4,0.0791250690817833,0.2604268491268158,0.0,0.0791250690817833,0.0001,1e-05,50.333,2.3321,0.6378
6756,stage2,4,0.08380126953125,0.26431286334991455,0.0,0.08380126953125,0.0001,1e-05,50.333,2.2475,0.6384
6757,stage2,4,0.071583092212677,0.24244803190231323,0.0,0.071583092212677,0.0001,1e-05,50.331,2.0435,0.638
6758,stage2,4,0.07627557963132858,0.259682297706604,0.0,0.07627557963132858,0.0001,1e-05,50.329,2.5159,2.9023
6759,stage2,4,0.06942766159772873,0.27394941449165344,0.0,0.06942766159772873,0.0001,1e-05,50.33,2.0141,1.4158
6760,stage2,4,0.07770087569952011,0.3029538094997406,0.0,0.07770087569952011,0.0001,1e-05,50.331,2.143,0.636
6761,stage2,4,0.0774005651473999,0.254673033952713,0.0,0.0774005651473999,0.0001,1e-05,50.33,1.8526,0.6367
6762,stage2,4,0.07804854214191437,0.29091688990592957,0.0,0.07804854214191437,0.0001,1e-05,50.332,2.264,0.636
6763,stage2,4,0.07870062440633774,0.3083404004573822,0.0,0.07870062440633774,0.0001,1e-05,50.334,2.7018,0.6362
6764,stage2,4,0.07340265810489655,0.2584569454193115,0.0,0.07340265810489655,0.0001,1e-05,50.337,1.769,0.6368
6765,stage2,4,0.07290871441364288,0.2975846230983734,0.0,0.07290871441364288,0.0001,1e-05,50.333,2.0939,0.6368
6766,stage2,4,0.07957547158002853,0.280466765165329,0.0,0.07957547158002853,0.0001,1e-05,50.333,2.1338,2.7724
6767,stage2,4,0.07674416899681091,0.2989230453968048,0.0,0.07674416899681091,0.0001,1e-05,50.33,2.2935,1.3726
6768,stage2,4,0.07340328395366669,0.28563934564590454,0.0,0.07340328395366669,0.0001,1e-05,50.329,2.146,0.6364
6769,stage2,4,0.0789448544383049,0.2705605924129486,0.0,0.0789448544383049,0.0001,1e-05,50.334,2.3665,0.6363
6770,stage2,4,0.07610097527503967,0.29561206698417664,0.0,0.07610097527503967,0.0001,1e-05,50.334,2.3744,0.6365
6771,stage2,4,0.08356983214616776,0.27062997221946716,0.0,0.08356983214616776,0.0001,1e-05,50.334,2.213,0.6376
6772,stage2,4,0.08921173214912415,0.2638676166534424,0.0,0.08921173214912415,0.0001,1e-05,50.333,2.4868,0.6365
6773,stage2,4,0.08181966841220856,0.2805342674255371,0.0,0.08181966841220856,0.0001,1e-05,50.332,2.1766,0.6369
6774,stage2,4,0.08361265808343887,0.2706327736377716,0.0,0.08361265808343887,0.0001,1e-05,50.331,2.4334,2.7801
6775,stage2,4,0.08044013381004333,0.243113711476326,0.0,0.08044013381004333,0.0001,1e-05,50.331,2.7171,1.3839
6776,stage2,4,0.08088862895965576,0.28876063227653503,0.0,0.08088862895965576,0.0001,1e-05,50.334,2.2445,0.6358
6777,stage2,4,0.0828356146812439,0.3010392487049103,0.0,0.0828356146812439,0.0001,1e-05,50.331,2.6076,0.6369
6778,stage2,4,0.06715213507413864,0.28689634799957275,0.0,0.06715213507413864,0.0001,1e-05,50.327,2.3548,0.6364
6779,stage2,4,0.07510670274496078,0.29551199078559875,0.0,0.07510670274496078,0.0001,1e-05,50.335,2.2043,0.6365
6780,stage2,4,0.0858539342880249,0.2657179534435272,0.0,0.0858539342880249,0.0001,1e-05,50.331,2.2849,0.6373
6781,stage2,4,0.07282712310552597,0.2972797453403473,0.0,0.07282712310552597,0.0001,1e-05,50.337,1.9659,0.6364
6782,stage2,4,0.06866355240345001,0.2884884774684906,0.0,0.06866355240345001,0.0001,1e-05,50.331,1.8961,2.8439
6783,stage2,4,0.07253067940473557,0.25121378898620605,0.0,0.07253067940473557,0.0001,1e-05,50.34,2.0667,1.3335
6784,stage2,4,0.08414027839899063,0.2595001459121704,0.0,0.08414027839899063,0.0001,1e-05,50.332,2.4691,0.6367
6785,stage2,4,0.0732860267162323,0.28562062978744507,0.0,0.0732860267162323,0.0001,1e-05,50.334,1.8065,0.6359
6786,stage2,4,0.08179011940956116,0.3100094795227051,0.0,0.08179011940956116,0.0001,1e-05,50.335,2.5583,0.636
6787,stage2,4,0.07407811284065247,0.2810969948768616,0.0,0.07407811284065247,0.0001,1e-05,50.335,2.3098,0.6366
6788,stage2,4,0.07557015120983124,0.2600906193256378,0.0,0.07557015120983124,0.0001,1e-05,50.334,1.9361,0.6378
6789,stage2,4,0.08476577699184418,0.2764156460762024,0.0,0.08476577699184418,0.0001,1e-05,50.332,2.4014,0.6373
6790,stage2,4,0.07843805849552155,0.2630576193332672,0.0,0.07843805849552155,0.0001,1e-05,50.331,2.5476,2.7654
6791,stage2,4,0.07438482344150543,0.2873426377773285,0.0,0.07438482344150543,0.0001,1e-05,50.333,2.1244,1.4874
6792,stage2,4,0.08134350180625916,0.289532870054245,0.0,0.08134350180625916,0.0001,1e-05,50.331,2.3462,0.6355
6793,stage2,4,0.07695166021585464,0.26596400141716003,0.0,0.07695166021585464,0.0001,1e-05,50.332,2.5736,0.6357
6794,stage2,4,0.08023989200592041,0.293258398771286,0.0,0.08023989200592041,0.0001,1e-05,50.334,2.822,0.6367
6795,stage2,4,0.07622965425252914,0.26488015055656433,0.0,0.07622965425252914,0.0001,1e-05,50.33,2.2574,0.637
6796,stage2,4,0.06705101579427719,0.2819977104663849,0.0,0.06705101579427719,0.0001,1e-05,50.336,2.0812,0.6384
6797,stage2,4,0.0839235931634903,0.28321677446365356,0.0,0.0839235931634903,0.0001,1e-05,50.332,2.3169,0.6381
6798,stage2,4,0.08030867576599121,0.2784425616264343,0.0,0.08030867576599121,0.0001,1e-05,50.337,2.1663,2.7001
6799,stage2,4,0.07193706184625626,0.2859799861907959,0.0,0.07193706184625626,0.0001,1e-05,50.33,1.9195,1.486
6800,stage2,4,0.07276073843240738,0.29494065046310425,0.0,0.07276073843240738,0.0001,1e-05,50.331,2.1629,0.6358
6801,stage2,4,0.08097496628761292,0.2575241029262543,0.0,0.08097496628761292,0.0001,1e-05,50.335,2.4937,0.6361
6802,stage2,4,0.0770089402794838,0.2748214900493622,0.0,0.0770089402794838,0.0001,1e-05,50.331,2.8067,0.6362
6803,stage2,4,0.08152243494987488,0.2823636829853058,0.0,0.08152243494987488,0.0001,1e-05,50.329,2.4012,0.6371
6804,stage2,4,0.07943213731050491,0.29279839992523193,0.0,0.07943213731050491,0.0001,1e-05,50.332,1.9343,0.6364
6805,stage2,4,0.08669029176235199,0.29241400957107544,0.0,0.08669029176235199,0.0001,1e-05,50.33,2.617,0.6365
6806,stage2,4,0.08344423770904541,0.2657625377178192,0.0,0.08344423770904541,0.0001,1e-05,50.334,2.2313,2.6509
6807,stage2,4,0.08263025432825089,0.27439525723457336,0.0,0.08263025432825089,0.0001,1e-05,50.332,2.0905,1.4627
6808,stage2,4,0.07346217334270477,0.30840492248535156,0.0,0.07346217334270477,0.0001,1e-05,50.33,2.045,0.6351
6809,stage2,4,0.07532531768083572,0.28338900208473206,0.0,0.07532531768083572,0.0001,1e-05,50.334,2.5747,0.6359
6810,stage2,4,0.08721662312746048,0.26414817571640015,0.0,0.08721662312746048,0.0001,1e-05,50.332,2.7286,0.6359
6811,stage2,4,0.07534095644950867,0.3059674799442291,0.0,0.07534095644950867,0.0001,1e-05,50.332,2.2752,0.6362
6812,stage2,4,0.07874526083469391,0.304726779460907,0.0,0.07874526083469391,0.0001,1e-05,50.333,2.2196,0.636
6813,stage2,4,0.07817055284976959,0.3088003993034363,0.0,0.07817055284976959,0.0001,1e-05,50.333,2.44,0.6367
6814,stage2,4,0.0852980837225914,0.27458199858665466,0.0,0.0852980837225914,0.0001,1e-05,50.332,2.4003,2.7269
6815,stage2,4,0.08075248450040817,0.2841454744338989,0.0,0.08075248450040817,0.0001,1e-05,50.332,2.1409,1.499
6816,stage2,4,0.07786957174539566,0.30977851152420044,0.0,0.07786957174539566,0.0001,1e-05,50.333,2.5278,0.6349
6817,stage2,4,0.07767730951309204,0.25810471177101135,0.0,0.07767730951309204,0.0001,1e-05,50.331,2.2558,0.6353
6818,stage2,4,0.06730379909276962,0.28852102160453796,0.0,0.06730379909276962,0.0001,1e-05,50.33,2.3763,0.6355
6819,stage2,4,0.06898657232522964,0.2718125283718109,0.0,0.06898657232522964,0.0001,1e-05,50.333,1.8776,0.6362
6820,stage2,4,0.08396085351705551,0.27648887038230896,0.0,0.08396085351705551,0.0001,1e-05,50.329,2.567,0.637
6821,stage2,4,0.06871728599071503,0.2736589014530182,0.0,0.06871728599071503,0.0001,1e-05,50.331,2.3847,0.6364
6822,stage2,4,0.07771376520395279,0.287251740694046,0.0,0.07771376520395279,0.0001,1e-05,50.332,2.4965,2.6411
6823,stage2,4,0.08285539597272873,0.2636291980743408,0.0,0.08285539597272873,0.0001,1e-05,50.332,2.4491,1.506
6824,stage2,4,0.08393112570047379,0.31045928597450256,0.0,0.08393112570047379,0.0001,1e-05,50.331,3.3841,0.635
6825,stage2,4,0.0821390226483345,0.26806342601776123,0.0,0.0821390226483345,0.0001,1e-05,50.332,2.8228,0.6353
6826,stage2,4,0.07531321048736572,0.2438420206308365,0.0,0.07531321048736572,0.0001,1e-05,50.33,2.1421,0.6367
6827,stage2,4,0.0724724605679512,0.2625746726989746,0.0,0.0724724605679512,0.0001,1e-05,50.334,1.8984,0.6361
6828,stage2,4,0.08163116872310638,0.30580148100852966,0.0,0.08163116872310638,0.0001,1e-05,50.332,2.757,0.6373
6829,stage2,4,0.0756027102470398,0.27232876420021057,0.0,0.0756027102470398,0.0001,1e-05,50.327,2.4535,0.6367
6830,stage2,4,0.08337349444627762,0.2803000509738922,0.0,0.08337349444627762,0.0001,1e-05,50.331,2.3271,2.6304
6831,stage2,4,0.08402739465236664,0.28352633118629456,0.0,0.08402739465236664,0.0001,1e-05,50.329,2.8437,1.5307
6832,stage2,4,0.07157449424266815,0.28048965334892273,0.0,0.07157449424266815,0.0001,1e-05,50.333,2.5261,0.636
6833,stage2,4,0.07518996298313141,0.2797430455684662,0.0,0.07518996298313141,0.0001,1e-05,50.332,2.2894,0.6355
6834,stage2,4,0.07889918982982635,0.2930707633495331,0.0,0.07889918982982635,0.0001,1e-05,50.334,2.0174,0.6357
6835,stage2,4,0.0854346826672554,0.2830442488193512,0.0,0.0854346826672554,0.0001,1e-05,50.331,2.3033,0.6373
6836,stage2,4,0.07786951214075089,0.2633655369281769,0.0,0.07786951214075089,0.0001,1e-05,50.333,2.4206,0.6366
6837,stage2,4,0.07238493859767914,0.30762800574302673,0.0,0.07238493859767914,0.0001,1e-05,50.331,2.016,0.6374
6838,stage2,4,0.08272538334131241,0.29612070322036743,0.0,0.08272538334131241,0.0001,1e-05,50.331,2.5059,2.5689
6839,stage2,4,0.0799844041466713,0.2938157021999359,0.0,0.0799844041466713,0.0001,1e-05,50.332,2.3027,1.5852
6840,stage2,4,0.09757155179977417,0.26617321372032166,0.0,0.09757155179977417,0.0001,1e-05,50.333,2.9012,0.6359
6841,stage2,4,0.07548343390226364,0.25616130232810974,0.0,0.07548343390226364,0.0001,1e-05,50.333,2.0712,0.6359
6842,stage2,4,0.07287833094596863,0.27334296703338623,0.0,0.07287833094596863,0.0001,1e-05,50.332,2.1718,0.6361
6843,stage2,4,0.07843209058046341,0.26292771100997925,0.0,0.07843209058046341,0.0001,1e-05,50.331,2.0803,0.6363
6844,stage2,4,0.07970195263624191,0.29717832803726196,0.0,0.07970195263624191,0.0001,1e-05,50.331,2.5476,0.6361
6845,stage2,4,0.06932272017002106,0.2982124388217926,0.0,0.06932272017002106,0.0001,1e-05,50.331,2.2361,0.6361
6846,stage2,4,0.08656992763280869,0.2929467260837555,0.0,0.08656992763280869,0.0001,1e-05,50.331,3.4272,2.6056
6847,stage2,4,0.08351229131221771,0.2694293260574341,0.0,0.08351229131221771,0.0001,1e-05,50.333,2.4292,1.5421
6848,stage2,4,0.07443850487470627,0.31189700961112976,0.0,0.07443850487470627,0.0001,1e-05,50.333,2.4605,0.6349
6849,stage2,4,0.07842134684324265,0.2512722611427307,0.0,0.07842134684324265,0.0001,1e-05,50.334,2.6682,0.636
6850,stage2,4,0.08342262357473373,0.32143449783325195,0.0,0.08342262357473373,0.0001,1e-05,50.331,2.6081,0.6363
6851,stage2,4,0.06523170322179794,0.285484254360199,0.0,0.06523170322179794,0.0001,1e-05,50.333,1.999,0.6365
6852,stage2,4,0.07518122345209122,0.286312073469162,0.0,0.07518122345209122,0.0001,1e-05,50.333,2.5147,0.6368
6853,stage2,4,0.09085766226053238,0.26794931292533875,0.0,0.09085766226053238,0.0001,1e-05,50.336,2.6963,0.637
6854,stage2,4,0.07200593501329422,0.31665897369384766,0.0,0.07200593501329422,0.0001,1e-05,50.332,2.5776,2.6572
6855,stage2,4,0.07208845019340515,0.2874504029750824,0.0,0.07208845019340515,0.0001,1e-05,50.335,2.1172,1.6162
6856,stage2,4,0.07707612216472626,0.2646341323852539,0.0,0.07707612216472626,0.0001,1e-05,50.333,2.4414,0.6356
6857,stage2,4,0.07802025228738785,0.30916208028793335,0.0,0.07802025228738785,0.0001,1e-05,50.336,2.716,0.636
6858,stage2,4,0.0732414647936821,0.30713802576065063,0.0,0.0732414647936821,0.0001,1e-05,50.332,2.258,0.6363
6859,stage2,4,0.08525776863098145,0.30760496854782104,0.0,0.08525776863098145,0.0001,1e-05,50.331,2.7114,0.636
6860,stage2,4,0.07729906588792801,0.2633185088634491,0.0,0.07729906588792801,0.0001,1e-05,50.331,2.3178,0.6368
6861,stage2,4,0.07466049492359161,0.269365131855011,0.0,0.07466049492359161,0.0001,1e-05,50.331,2.1016,0.6363
6862,stage2,4,0.07566605508327484,0.27220335602760315,0.0,0.07566605508327484,0.0001,1e-05,50.332,1.9893,2.5683
6863,stage2,4,0.08745567500591278,0.27434462308883667,0.0,0.08745567500591278,0.0001,1e-05,50.332,3.1827,1.6379
6864,stage2,4,0.0855632945895195,0.27890264987945557,0.0,0.0855632945895195,0.0001,1e-05,50.334,2.9816,0.6342
6865,stage2,4,0.0761302039027214,0.27168741822242737,0.0,0.0761302039027214,0.0001,1e-05,50.333,2.8657,0.6354
6866,stage2,4,0.08462797850370407,0.25404831767082214,0.0,0.08462797850370407,0.0001,1e-05,50.333,2.5957,0.6347
6867,stage2,4,0.07386626303195953,0.3364480435848236,0.0,0.07386626303195953,0.0001,1e-05,50.334,2.1682,0.6356
6868,stage2,4,0.08330069482326508,0.27984437346458435,0.0,0.08330069482326508,0.0001,1e-05,50.335,2.3344,0.636
6869,stage2,4,0.07065459340810776,0.29106664657592773,0.0,0.07065459340810776,0.0001,1e-05,50.335,2.0243,0.6361
6870,stage2,4,0.07806600630283356,0.2684762477874756,0.0,0.07806600630283356,0.0001,1e-05,50.333,2.561,2.5307
6871,stage2,4,0.08013539016246796,0.2683243751525879,0.0,0.08013539016246796,0.0001,1e-05,50.334,2.2568,1.6873
6872,stage2,4,0.07869722694158554,0.29129308462142944,0.0,0.07869722694158554,0.0001,1e-05,50.334,2.0531,0.6343
6873,stage2,4,0.07765664160251617,0.28646695613861084,0.0,0.07765664160251617,0.0001,1e-05,50.334,2.2627,0.6354
6874,stage2,4,0.07589859515428543,0.2799382209777832,0.0,0.07589859515428543,0.0001,1e-05,50.331,2.0746,0.6355
6875,stage2,4,0.08175915479660034,0.28720343112945557,0.0,0.08175915479660034,0.0001,1e-05,50.332,2.0657,0.636
6876,stage2,4,0.07566142827272415,0.28694528341293335,0.0,0.07566142827272415,0.0001,1e-05,50.332,1.9909,0.6359
6877,stage2,4,0.07942669838666916,0.2788934111595154,0.0,0.07942669838666916,0.0001,1e-05,50.336,2.2573,0.6365
6878,stage2,4,0.07336314022541046,0.2921070456504822,0.0,0.07336314022541046,0.0001,1e-05,50.334,1.9794,2.5278
6879,stage2,4,0.06993123143911362,0.26252901554107666,0.0,0.06993123143911362,0.0001,1e-05,50.333,2.1352,1.6699
6880,stage2,4,0.07008013129234314,0.2808499038219452,0.0,0.07008013129234314,0.0001,1e-05,50.333,1.992,0.635
6881,stage2,4,0.0692276656627655,0.2795833349227905,0.0,0.0692276656627655,0.0001,1e-05,50.332,1.9705,0.6347
6882,stage2,4,0.06312909722328186,0.3153553307056427,0.0,0.06312909722328186,0.0001,1e-05,50.333,1.8164,0.6352
6883,stage2,4,0.07798440754413605,0.274685800075531,0.0,0.07798440754413605,0.0001,1e-05,50.334,2.1403,0.6352
6884,stage2,4,0.07882139831781387,0.26281994581222534,0.0,0.07882139831781387,0.0001,1e-05,50.333,2.4941,0.6359
6885,stage2,4,0.07150698453187943,0.2616380453109741,0.0,0.07150698453187943,0.0001,1e-05,50.331,1.7681,0.6366
6886,stage2,4,0.07863173633813858,0.2560439705848694,0.0,0.07863173633813858,0.0001,1e-05,50.333,2.001,2.5003
6887,stage2,4,0.08365096151828766,0.28311169147491455,0.0,0.08365096151828766,0.0001,1e-05,50.334,2.8173,1.726
6888,stage2,4,0.07171906530857086,0.2834733724594116,0.0,0.07171906530857086,0.0001,1e-05,50.334,2.2731,0.6347
6889,stage2,4,0.07990755885839462,0.28110241889953613,0.0,0.07990755885839462,0.0001,1e-05,50.335,2.8211,0.6342
6890,stage2,4,0.07172325253486633,0.3130781948566437,0.0,0.07172325253486633,0.0001,1e-05,50.332,2.1142,0.6358
6891,stage2,4,0.08229400217533112,0.27596315741539,0.0,0.08229400217533112,0.0001,1e-05,50.331,2.5914,0.6365
6892,stage2,4,0.08421742171049118,0.2871987223625183,0.0,0.08421742171049118,0.0001,1e-05,50.335,2.4852,0.6363
6893,stage2,4,0.07483693212270737,0.31549280881881714,0.0,0.07483693212270737,0.0001,1e-05,50.335,2.1631,0.6362
6894,stage2,4,0.07606887072324753,0.26745685935020447,0.0,0.07606887072324753,0.0001,1e-05,50.331,2.1064,2.5284
6895,stage2,4,0.07608937472105026,0.2604599595069885,0.0,0.07608937472105026,0.0001,1e-05,50.334,2.277,1.6793
6896,stage2,4,0.07482822984457016,0.285756379365921,0.0,0.07482822984457016,0.0001,1e-05,50.334,2.2904,0.6338
6897,stage2,4,0.06253862380981445,0.30849340558052063,0.0,0.06253862380981445,0.0001,1e-05,50.336,1.9786,0.635
6898,stage2,4,0.06928494572639465,0.3096591830253601,0.0,0.06928494572639465,0.0001,1e-05,50.333,1.9421,0.6351
6899,stage2,4,0.08831275254487991,0.25369465351104736,0.0,0.08831275254487991,0.0001,1e-05,50.336,2.703,0.6357
6900,stage2,4,0.06847206503152847,0.26534897089004517,0.0,0.06847206503152847,0.0001,1e-05,50.337,2.2865,0.6361
6901,stage2,4,0.08937715739011765,0.27581363916397095,0.0,0.08937715739011765,0.0001,1e-05,50.332,2.5039,0.6363
6902,stage2,4,0.07447406649589539,0.2848609387874603,0.0,0.07447406649589539,0.0001,1e-05,50.334,1.8741,2.5032
6903,stage2,4,0.0788496732711792,0.2660878002643585,0.0,0.0788496732711792,0.0001,1e-05,50.334,2.2712,1.6405
6904,stage2,4,0.06549149006605148,0.2916952967643738,0.0,0.06549149006605148,0.0001,1e-05,50.333,1.8789,0.6346
6905,stage2,4,0.07146718353033066,0.2918313145637512,0.0,0.07146718353033066,0.0001,1e-05,50.332,2.2096,0.6358
6906,stage2,4,0.07376008480787277,0.28709354996681213,0.0,0.07376008480787277,0.0001,1e-05,50.336,2.0763,0.6363
6907,stage2,4,0.05917264521121979,0.27523019909858704,0.0,0.05917264521121979,0.0001,1e-05,50.331,1.5802,0.6356
6908,stage2,4,0.08476225286722183,0.27536246180534363,0.0,0.08476225286722183,0.0001,1e-05,50.334,3.0667,0.6357
6909,stage2,4,0.0720306932926178,0.27907681465148926,0.0,0.0720306932926178,0.0001,1e-05,50.336,2.4313,0.6362
6910,stage2,4,0.07334353029727936,0.31350067257881165,0.0,0.07334353029727936,0.0001,1e-05,50.333,2.397,2.4755
6911,stage2,4,0.08057329058647156,0.2906187176704407,0.0,0.08057329058647156,0.0001,1e-05,50.338,2.5336,1.773
6912,stage2,4,0.0807424858212471,0.29405367374420166,0.0,0.0807424858212471,0.0001,1e-05,50.33,2.2374,0.635
6913,stage2,4,0.07800497114658356,0.25059008598327637,0.0,0.07800497114658356,0.0001,1e-05,50.336,2.469,0.635
6914,stage2,4,0.07889356464147568,0.29657045006752014,0.0,0.07889356464147568,0.0001,1e-05,50.332,2.5108,0.6355
6915,stage2,4,0.07961118221282959,0.27286288142204285,0.0,0.07961118221282959,0.0001,1e-05,50.334,2.2148,0.6357
6916,stage2,4,0.07164600491523743,0.29852232336997986,0.0,0.07164600491523743,0.0001,1e-05,50.33,2.3053,0.6358
6917,stage2,4,0.08002627640962601,0.2477302998304367,0.0,0.08002627640962601,0.0001,1e-05,50.332,2.2209,0.6361
6918,stage2,4,0.06515184789896011,0.29918015003204346,0.0,0.06515184789896011,0.0001,1e-05,50.336,1.8891,2.3981
6919,stage2,4,0.07202430069446564,0.29111605882644653,0.0,0.07202430069446564,0.0001,1e-05,50.332,1.7677,1.8725
6920,stage2,4,0.07876382768154144,0.3034808039665222,0.0,0.07876382768154144,0.0001,1e-05,50.33,2.3721,0.6345
6921,stage2,4,0.08338669687509537,0.290213406085968,0.0,0.08338669687509537,0.0001,1e-05,50.335,2.0408,0.6347
6922,stage2,4,0.07065874338150024,0.2936420142650604,0.0,0.07065874338150024,0.0001,1e-05,50.334,2.0998,0.635
6923,stage2,4,0.08236512541770935,0.27020081877708435,0.0,0.08236512541770935,0.0001,1e-05,50.336,2.2379,0.6361
6924,stage2,4,0.07594221085309982,0.26519811153411865,0.0,0.07594221085309982,0.0001,1e-05,50.333,2.1113,0.6353
6925,stage2,4,0.07860134541988373,0.2622905671596527,0.0,0.07860134541988373,0.0001,1e-05,50.332,2.2988,0.6362
6926,stage2,4,0.07104123383760452,0.28815776109695435,0.0,0.07104123383760452,0.0001,1e-05,50.331,2.2184,2.3344
6927,stage2,4,0.0676606222987175,0.313842236995697,0.0,0.0676606222987175,0.0001,1e-05,50.332,2.2498,1.9156
6928,stage2,4,0.07230035215616226,0.2599160671234131,0.0,0.07230035215616226,0.0001,1e-05,50.332,2.1582,0.6347
6929,stage2,4,0.09474056214094162,0.25232207775115967,0.0,0.09474056214094162,0.0001,1e-05,50.331,2.6616,0.6343
6930,stage2,4,0.07981770485639572,0.2834445834159851,0.0,0.07981770485639572,0.0001,1e-05,50.332,2.5067,0.6351
6931,stage2,4,0.0718422457575798,0.2999523878097534,0.0,0.0718422457575798,0.0001,1e-05,50.33,2.1712,0.6351
6932,stage2,4,0.08142640441656113,0.2753441631793976,0.0,0.08142640441656113,0.0001,1e-05,50.332,2.6362,0.6349
6933,stage2,4,0.08639613538980484,0.2739661931991577,0.0,0.08639613538980484,0.0001,1e-05,50.333,2.8442,0.6358
6934,stage2,4,0.07023455202579498,0.2737300395965576,0.0,0.07023455202579498,0.0001,1e-05,50.336,2.0156,2.2765
6935,stage2,4,0.07286533713340759,0.2606488764286041,0.0,0.07286533713340759,0.0001,1e-05,50.333,2.4139,1.9294
6936,stage2,4,0.08437470346689224,0.2657146453857422,0.0,0.08437470346689224,0.0001,1e-05,50.335,2.5753,0.6331
6937,stage2,4,0.07354779541492462,0.26303762197494507,0.0,0.07354779541492462,0.0001,1e-05,50.333,1.8053,0.6338
6938,stage2,4,0.07679861783981323,0.254607230424881,0.0,0.07679861783981323,0.0001,1e-05,50.334,2.1859,0.6339
6939,stage2,4,0.0795094221830368,0.262054443359375,0.0,0.0795094221830368,0.0001,1e-05,50.333,2.2236,0.6347
6940,stage2,4,0.0802762508392334,0.27874448895454407,0.0,0.0802762508392334,0.0001,1e-05,50.33,2.9657,0.6347
6941,stage2,4,0.07489428669214249,0.2718113958835602,0.0,0.07489428669214249,0.0001,1e-05,50.334,2.276,0.6353
6942,stage2,4,0.06467674672603607,0.2949542999267578,0.0,0.06467674672603607,0.0001,1e-05,50.332,1.9227,2.3179
6943,stage2,4,0.07335236668586731,0.2852289080619812,0.0,0.07335236668586731,0.0001,1e-05,50.332,2.1978,1.847
6944,stage2,4,0.07700718194246292,0.24147561192512512,0.0,0.07700718194246292,0.0001,1e-05,50.337,2.1935,0.6351
6945,stage2,4,0.07876039296388626,0.25034475326538086,0.0,0.07876039296388626,0.0001,1e-05,50.334,1.9626,0.6334
6946,stage2,4,0.07051004469394684,0.27589696645736694,0.0,0.07051004469394684,0.0001,1e-05,50.333,2.0682,0.6349
6947,stage2,4,0.07762517780065536,0.27780115604400635,0.0,0.07762517780065536,0.0001,1e-05,50.335,2.2384,0.6353
6948,stage2,4,0.07127555459737778,0.267427921295166,0.0,0.07127555459737778,0.0001,1e-05,50.332,2.0615,0.6348
6949,stage2,4,0.07235608994960785,0.2775631248950958,0.0,0.07235608994960785,0.0001,1e-05,50.332,2.2602,0.6353
6950,stage2,4,0.08033435791730881,0.26447591185569763,0.0,0.08033435791730881,0.0001,1e-05,50.332,2.2907,2.3755
6951,stage2,4,0.07129186391830444,0.31051602959632874,0.0,0.07129186391830444,0.0001,1e-05,50.337,2.3127,1.8484
6952,stage2,4,0.06458747386932373,0.30765536427497864,0.0,0.06458747386932373,0.0001,1e-05,50.333,1.9091,0.6347
6953,stage2,4,0.07201673090457916,0.29695114493370056,0.0,0.07201673090457916,0.0001,1e-05,50.334,1.9996,0.6369
6954,stage2,4,0.09273397922515869,0.2669841945171356,0.0,0.09273397922515869,0.0001,1e-05,50.333,3.2554,0.6348
6955,stage2,4,0.07289294898509979,0.2853120267391205,0.0,0.07289294898509979,0.0001,1e-05,50.333,2.4773,0.6357
6956,stage2,4,0.08052484691143036,0.2723768949508667,0.0,0.08052484691143036,0.0001,1e-05,50.337,3.0296,0.6363
6957,stage2,4,0.06847413629293442,0.27034589648246765,0.0,0.06847413629293442,0.0001,1e-05,50.334,2.0478,0.6363
6958,stage2,4,0.08825355023145676,0.28949305415153503,0.0,0.08825355023145676,0.0001,1e-05,50.331,2.9179,2.3369
6959,stage2,4,0.08056145161390305,0.26223644614219666,0.0,0.08056145161390305,0.0001,1e-05,50.335,2.1975,1.7978
6960,stage2,4,0.07671473920345306,0.26788321137428284,0.0,0.07671473920345306,0.0001,1e-05,50.333,2.2705,0.634
6961,stage2,4,0.08234706521034241,0.3183530271053314,0.0,0.08234706521034241,0.0001,1e-05,50.335,2.2304,0.7042
6962,stage2,4,0.08307696878910065,0.29829177260398865,0.0,0.08307696878910065,0.0001,1e-05,50.333,2.3307,0.6348
6963,stage2,4,0.07051695883274078,0.28094935417175293,0.0,0.07051695883274078,0.0001,1e-05,50.332,2.7822,0.6354
6964,stage2,4,0.0789429247379303,0.26793330907821655,0.0,0.0789429247379303,0.0001,1e-05,50.335,2.2328,0.6359
6965,stage2,4,0.07120336592197418,0.2756962776184082,0.0,0.07120336592197418,0.0001,1e-05,50.333,2.3189,0.6355
6966,stage2,4,0.08469606190919876,0.2958866357803345,0.0,0.08469606190919876,0.0001,1e-05,50.334,2.6619,2.3452
6967,stage2,4,0.07569759339094162,0.27427351474761963,0.0,0.07569759339094162,0.0001,1e-05,50.333,2.2656,1.856
6968,stage2,4,0.07449041306972504,0.27914828062057495,0.0,0.07449041306972504,0.0001,1e-05,50.333,2.1528,0.6337
6969,stage2,4,0.07504388689994812,0.28467410802841187,0.0,0.07504388689994812,0.0001,1e-05,50.334,2.0767,0.6521
6970,stage2,4,0.06712660193443298,0.25816434621810913,0.0,0.06712660193443298,0.0001,1e-05,50.333,2.1118,0.6347
6971,stage2,4,0.08465997874736786,0.2745434641838074,0.0,0.08465997874736786,0.0001,1e-05,50.332,2.5939,0.635
6972,stage2,4,0.06496432423591614,0.28765764832496643,0.0,0.06496432423591614,0.0001,1e-05,50.333,2.3132,0.6352
6973,stage2,4,0.0702122151851654,0.250119686126709,0.0,0.0702122151851654,0.0001,1e-05,50.336,1.9587,0.6347
6974,stage2,4,0.06766955554485321,0.24974855780601501,0.0,0.06766955554485321,0.0001,1e-05,50.333,1.7603,2.2623
6975,stage2,4,0.07912684977054596,0.270445853471756,0.0,0.07912684977054596,0.0001,1e-05,50.333,2.1832,1.9505
6976,stage2,4,0.08021420240402222,0.2494383007287979,0.0,0.08021420240402222,0.0001,1e-05,50.332,2.2445,0.633
6977,stage2,4,0.0757608711719513,0.25587618350982666,0.0,0.0757608711719513,0.0001,1e-05,50.333,2.1685,0.6864
6978,stage2,4,0.08057486265897751,0.2714303731918335,0.0,0.08057486265897751,0.0001,1e-05,50.336,2.1268,0.6343
6979,stage2,4,0.08023139834403992,0.27215060591697693,0.0,0.08023139834403992,0.0001,1e-05,50.334,2.3326,0.6344
6980,stage2,4,0.07914148271083832,0.2813108563423157,0.0,0.07914148271083832,0.0001,1e-05,50.338,2.2904,0.6348
6981,stage2,4,0.0765855684876442,0.3230094909667969,0.0,0.0765855684876442,0.0001,1e-05,50.334,2.3077,0.6356
6982,stage2,4,0.06713701784610748,0.2619565725326538,0.0,0.06713701784610748,0.0001,1e-05,50.339,1.7408,2.1541
6983,stage2,4,0.07342471182346344,0.24619930982589722,0.0,0.07342471182346344,0.0001,1e-05,50.335,2.0213,2.031
6984,stage2,4,0.08261089026927948,0.2939716875553131,0.0,0.08261089026927948,0.0001,1e-05,50.335,2.3297,0.6341
6985,stage2,4,0.08514601737260818,0.27074480056762695,0.0,0.08514601737260818,0.0001,1e-05,50.337,1.8606,0.6897
6986,stage2,4,0.08167806267738342,0.3008020520210266,0.0,0.08167806267738342,0.0001,1e-05,50.337,2.2529,0.6349
6987,stage2,4,0.07967469096183777,0.3093079626560211,0.0,0.07967469096183777,0.0001,1e-05,50.333,2.7149,0.635
6988,stage2,4,0.07674810290336609,0.27797946333885193,0.0,0.07674810290336609,0.0001,1e-05,50.333,1.8305,0.6351
6989,stage2,4,0.07761308550834656,0.2430211752653122,0.0,0.07761308550834656,0.0001,1e-05,50.336,2.1861,0.6349
6990,stage2,4,0.08003591001033783,0.2862779200077057,0.0,0.08003591001033783,0.0001,1e-05,50.336,2.1652,2.0601
6991,stage2,4,0.07628142088651657,0.27875617146492004,0.0,0.07628142088651657,0.0001,1e-05,50.339,2.2829,2.0797
6992,stage2,4,0.07110971957445145,0.2698095738887787,0.0,0.07110971957445145,0.0001,1e-05,50.333,1.8326,0.6341
6993,stage2,4,0.07518386840820312,0.2837669253349304,0.0,0.07518386840820312,0.0001,1e-05,50.331,2.338,0.7786
6994,stage2,4,0.07622020691633224,0.2803584933280945,0.0,0.07622020691633224,0.0001,1e-05,50.337,2.3518,0.6343
6995,stage2,4,0.0774727314710617,0.2862459421157837,0.0,0.0774727314710617,0.0001,1e-05,50.335,2.2216,0.6341
6996,stage2,4,0.06806723773479462,0.31254586577415466,0.0,0.06806723773479462,0.0001,1e-05,50.335,2.0901,0.6354
6997,stage2,4,0.07383456826210022,0.285232812166214,0.0,0.07383456826210022,0.0001,1e-05,50.335,2.1884,0.6349
6998,stage2,4,0.06817850470542908,0.2843388319015503,0.0,0.06817850470542908,0.0001,1e-05,50.332,1.936,1.9129
6999,stage2,4,0.07496889680624008,0.2974279820919037,0.0,0.07496889680624008,0.0001,1e-05,50.334,2.3037,2.099
7000,stage2,4,0.07333918660879135,0.2975415885448456,0.0,0.07333918660879135,0.0001,1e-05,50.332,2.4179,0.6333
7001,stage2,4,0.06485051661729813,0.3105386197566986,0.0,0.06485051661729813,0.0001,1e-05,50.335,1.8736,0.8503
7002,stage2,4,0.07679318636655807,0.2953270375728607,0.0,0.07679318636655807,0.0001,1e-05,50.336,2.3998,0.6346
7003,stage2,4,0.07918862253427505,0.29733332991600037,0.0,0.07918862253427505,0.0001,1e-05,50.333,2.3399,0.6354
7004,stage2,4,0.06430540233850479,0.29142066836357117,0.0,0.06430540233850479,0.0001,1e-05,50.334,1.7217,0.6346
7005,stage2,4,0.07682850956916809,0.2771608233451843,0.0,0.07682850956916809,0.0001,1e-05,50.333,1.9676,0.6353
7006,stage2,4,0.08160731941461563,0.24291150271892548,0.0,0.08160731941461563,0.0001,1e-05,50.335,2.7918,1.7937
7007,stage2,4,0.0725802555680275,0.2540978789329529,0.0,0.0725802555680275,0.0001,1e-05,50.332,1.9732,2.1401
7008,stage2,4,0.06899712979793549,0.25651299953460693,0.0,0.06899712979793549,0.0001,1e-05,50.332,2.0185,0.6335
7009,stage2,4,0.08171314001083374,0.2723124623298645,0.0,0.08171314001083374,0.0001,1e-05,50.334,2.1993,0.9439
7010,stage2,4,0.06514117866754532,0.29009079933166504,0.0,0.06514117866754532,0.0001,1e-05,50.335,1.7341,0.6354
7011,stage2,4,0.08490924537181854,0.2878820300102234,0.0,0.08490924537181854,0.0001,1e-05,50.333,2.5288,0.6352
7012,stage2,4,0.07566829025745392,0.3001178503036499,0.0,0.07566829025745392,0.0001,1e-05,50.337,2.509,0.6353
7013,stage2,4,0.07575701177120209,0.27712076902389526,0.0,0.07575701177120209,0.0001,1e-05,50.332,2.3173,0.6355
7014,stage2,4,0.07649720460176468,0.268667995929718,0.0,0.07649720460176468,0.0001,1e-05,50.334,2.5002,1.7131
7015,stage2,4,0.08174945414066315,0.26962941884994507,0.0,0.08174945414066315,0.0001,1e-05,50.332,2.7942,2.1064
7016,stage2,4,0.07690054923295975,0.2464551329612732,0.0,0.07690054923295975,0.0001,1e-05,50.337,2.0287,0.6332
7017,stage2,4,0.0798792690038681,0.2644118070602417,0.0,0.0798792690038681,0.0001,1e-05,50.33,2.085,1.0866
7018,stage2,4,0.0786409005522728,0.2904883325099945,0.0,0.0786409005522728,0.0001,1e-05,50.334,3.0001,0.6345
7019,stage2,4,0.07476095855236053,0.2700003683567047,0.0,0.07476095855236053,0.0001,1e-05,50.332,2.5681,0.6343
7020,stage2,4,0.07984412461519241,0.2831023633480072,0.0,0.07984412461519241,0.0001,1e-05,50.335,2.3398,0.6352
7021,stage2,4,0.07395084947347641,0.28238117694854736,0.0,0.07395084947347641,0.0001,1e-05,50.333,2.0291,0.6352
7022,stage2,4,0.07348958402872086,0.27136263251304626,0.0,0.07348958402872086,0.0001,1e-05,50.335,2.3683,1.6147
7023,stage2,4,0.0762333944439888,0.25145241618156433,0.0,0.0762333944439888,0.0001,1e-05,50.332,2.2472,2.1295
7024,stage2,4,0.08551511913537979,0.24927620589733124,0.0,0.08551511913537979,0.0001,1e-05,50.332,2.0858,0.634
7025,stage2,4,0.07842742651700974,0.29401832818984985,0.0,0.07842742651700974,0.0001,1e-05,50.333,2.75,1.1664
7026,stage2,4,0.07794686406850815,0.25932571291923523,0.0,0.07794686406850815,0.0001,1e-05,50.334,2.0781,0.6341
7027,stage2,4,0.07343703508377075,0.26396146416664124,0.0,0.07343703508377075,0.0001,1e-05,50.334,2.232,0.6352
7028,stage2,4,0.06770411878824234,0.26616325974464417,0.0,0.06770411878824234,0.0001,1e-05,50.33,2.0241,0.636
7029,stage2,4,0.07271258533000946,0.2978285849094391,0.0,0.07271258533000946,0.0001,1e-05,50.333,2.0184,0.6344
7030,stage2,4,0.08010479807853699,0.26789531111717224,0.0,0.08010479807853699,0.0001,1e-05,50.333,2.2662,1.5102
7031,stage2,4,0.08127591758966446,0.25122806429862976,0.0,0.08127591758966446,0.0001,1e-05,50.331,2.5979,2.135
7032,stage2,4,0.07162731140851974,0.28743356466293335,0.0,0.07162731140851974,0.0001,1e-05,50.333,1.951,0.6343
7033,stage2,4,0.06931335479021072,0.27082476019859314,0.0,0.06931335479021072,0.0001,1e-05,50.333,1.8726,1.2248
7034,stage2,4,0.07729925960302353,0.27590930461883545,0.0,0.07729925960302353,0.0001,1e-05,50.331,2.468,0.6342
7035,stage2,4,0.08209262043237686,0.2417505830526352,0.0,0.08209262043237686,0.0001,1e-05,50.334,2.327,0.6349
7036,stage2,4,0.07706095278263092,0.27699363231658936,0.0,0.07706095278263092,0.0001,1e-05,50.331,1.9609,0.6352
7037,stage2,4,0.07887724041938782,0.2546923756599426,0.0,0.07887724041938782,0.0001,1e-05,50.331,2.2073,0.635
7038,stage2,4,0.07576895505189896,0.2493056207895279,0.0,0.07576895505189896,0.0001,1e-05,50.335,2.1306,1.4754
7039,stage2,4,0.07912466675043106,0.2808924913406372,0.0,0.07912466675043106,0.0001,1e-05,50.33,2.2321,2.1709
7040,stage2,4,0.06674695760011673,0.3006731867790222,0.0,0.06674695760011673,0.0001,1e-05,50.332,1.7911,0.6359
7041,stage2,4,0.0796179547905922,0.2637427747249603,0.0,0.0796179547905922,0.0001,1e-05,50.331,2.2071,1.2485
7042,stage2,4,0.07496660202741623,0.28890085220336914,0.0,0.07496660202741623,0.0001,1e-05,50.332,2.1723,0.6349
7043,stage2,4,0.07616543024778366,0.28244560956954956,0.0,0.07616543024778366,0.0001,1e-05,50.329,2.121,0.635
7044,stage2,4,0.08897873014211655,0.28943249583244324,0.0,0.08897873014211655,0.0001,1e-05,50.336,2.3909,0.6351
7045,stage2,4,0.08489971607923508,0.2920131981372833,0.0,0.08489971607923508,0.0001,1e-05,50.329,2.323,0.6353
7046,stage2,4,0.07850494980812073,0.3320944309234619,0.0,0.07850494980812073,0.0001,1e-05,50.332,2.2934,1.4091
7047,stage2,4,0.0773429349064827,0.2580879032611847,0.0,0.0773429349064827,0.0001,1e-05,50.332,2.2464,2.1624
7048,stage2,4,0.07352959364652634,0.28506940603256226,0.0,0.07352959364652634,0.0001,1e-05,50.329,1.865,0.6342
7049,stage2,4,0.07820062339305878,0.26498210430145264,0.0,0.07820062339305878,0.0001,1e-05,50.332,2.1838,1.2823
7050,stage2,4,0.06514697521924973,0.3030624985694885,0.0,0.06514697521924973,0.0001,1e-05,50.334,1.8841,0.6347
7051,stage2,4,0.08639579266309738,0.28579235076904297,0.0,0.08639579266309738,0.0001,1e-05,50.331,2.9859,0.6348
7052,stage2,4,0.07612521201372147,0.26499372720718384,0.0,0.07612521201372147,0.0001,1e-05,50.333,2.2235,0.635
7053,stage2,4,0.07349523901939392,0.30434831976890564,0.0,0.07349523901939392,0.0001,1e-05,50.334,1.8998,0.6388
7054,stage2,4,0.07469908148050308,0.2737039625644684,0.0,0.07469908148050308,0.0001,1e-05,50.339,2.5921,1.4121
7055,stage2,4,0.08033927530050278,0.26265281438827515,0.0,0.08033927530050278,0.0001,1e-05,50.334,2.4272,2.1087
7056,stage2,4,0.07098089158535004,0.2844482362270355,0.0,0.07098089158535004,0.0001,1e-05,50.331,2.0892,0.6323
7057,stage2,4,0.07537557184696198,0.2917819321155548,0.0,0.07537557184696198,0.0001,1e-05,50.333,2.4517,1.2891
7058,stage2,4,0.07512128353118896,0.25322097539901733,0.0,0.07512128353118896,0.0001,1e-05,50.335,2.5579,0.6342
7059,stage2,4,0.08080154657363892,0.25756385922431946,0.0,0.08080154657363892,0.0001,1e-05,50.335,2.5567,0.6341
7060,stage2,4,0.07992175221443176,0.2929117977619171,0.0,0.07992175221443176,0.0001,1e-05,50.333,2.5671,0.6348
7061,stage2,4,0.06667804718017578,0.28694385290145874,0.0,0.06667804718017578,0.0001,1e-05,50.331,2.0739,0.6353
7062,stage2,4,0.06961268186569214,0.27834299206733704,0.0,0.06961268186569214,0.0001,1e-05,50.332,1.9893,1.371
7063,stage2,4,0.07371403276920319,0.28498467803001404,0.0,0.07371403276920319,0.0001,1e-05,50.334,1.9172,2.1877
7064,stage2,4,0.07654465734958649,0.2661654055118561,0.0,0.07654465734958649,0.0001,1e-05,50.335,2.2927,0.6341
7065,stage2,4,0.0804549902677536,0.2539031207561493,0.0,0.0804549902677536,0.0001,1e-05,50.334,2.3077,1.307
7066,stage2,4,0.08664867281913757,0.25010085105895996,0.0,0.08664867281913757,0.0001,1e-05,50.334,2.4119,0.6346
7067,stage2,4,0.07838691771030426,0.30083438754081726,0.0,0.07838691771030426,0.0001,1e-05,50.336,2.5472,0.6351
7068,stage2,4,0.07503227144479752,0.29630714654922485,0.0,0.07503227144479752,0.0001,1e-05,50.337,2.4749,0.6351
7069,stage2,4,0.08017906546592712,0.27400749921798706,0.0,0.08017906546592712,0.0001,1e-05,50.332,2.5092,0.6346
7070,stage2,4,0.07639726251363754,0.2648903727531433,0.0,0.07639726251363754,0.0001,1e-05,50.336,2.5745,1.2848
7071,stage2,4,0.0784871056675911,0.2624913156032562,0.0,0.0784871056675911,0.0001,1e-05,50.337,2.4717,2.2158
7072,stage2,4,0.08171594887971878,0.28478434681892395,0.0,0.08171594887971878,0.0001,1e-05,50.332,2.6309,0.634
7073,stage2,4,0.07873538136482239,0.2841368317604065,0.0,0.07873538136482239,0.0001,1e-05,50.33,2.5199,1.3477
7074,stage2,4,0.08322194218635559,0.29814398288726807,0.0,0.08322194218635559,0.0001,1e-05,50.336,2.5681,0.6341
7075,stage2,4,0.07516104727983475,0.2725055515766144,0.0,0.07516104727983475,0.0001,1e-05,50.34,2.1739,0.6354
7076,stage2,4,0.08395826071500778,0.2543450593948364,0.0,0.08395826071500778,0.0001,1e-05,50.338,2.5593,0.6354
7077,stage2,4,0.06440724432468414,0.31908079981803894,0.0,0.06440724432468414,0.0001,1e-05,50.335,2.1066,0.6357
7078,stage2,4,0.0688103511929512,0.2543366849422455,0.0,0.0688103511929512,0.0001,1e-05,50.333,1.913,1.2377
7079,stage2,4,0.08582249283790588,0.2560443580150604,0.0,0.08582249283790588,0.0001,1e-05,50.334,2.8113,2.1881
7080,stage2,4,0.07636404782533646,0.26469165086746216,0.0,0.07636404782533646,0.0001,1e-05,50.33,2.4983,0.6344
7081,stage2,4,0.08428084850311279,0.2753741145133972,0.0,0.08428084850311279,0.0001,1e-05,50.334,2.4157,1.4177
7082,stage2,4,0.07099253684282303,0.2851563096046448,0.0,0.07099253684282303,0.0001,1e-05,50.333,2.097,0.6342
7083,stage2,4,0.08523891121149063,0.23224397003650665,0.0,0.08523891121149063,0.0001,1e-05,50.337,2.7672,0.6346
7084,stage2,4,0.07599885761737823,0.3013838231563568,0.0,0.07599885761737823,0.0001,1e-05,50.333,2.4385,0.6355
7085,stage2,4,0.08387801051139832,0.33542969822883606,0.0,0.08387801051139832,0.0001,1e-05,50.332,2.8388,0.6352
7086,stage2,4,0.085541732609272,0.28948450088500977,0.0,0.085541732609272,0.0001,1e-05,50.331,3.9771,1.2132
7087,stage2,4,0.07086589187383652,0.24682468175888062,0.0,0.07086589187383652,0.0001,1e-05,50.333,1.7912,2.119
7088,stage2,4,0.06332532316446304,0.2641040086746216,0.0,0.06332532316446304,0.0001,1e-05,50.333,2.0444,0.6326
7089,stage2,4,0.0758398100733757,0.2616361081600189,0.0,0.0758398100733757,0.0001,1e-05,50.334,2.225,1.4427
7090,stage2,4,0.07025948911905289,0.29731881618499756,0.0,0.07025948911905289,0.0001,1e-05,50.331,2.5456,0.6345
7091,stage2,4,0.08559539914131165,0.28680697083473206,0.0,0.08559539914131165,0.0001,1e-05,50.333,2.4841,0.6351
7092,stage2,4,0.0888184905052185,0.2878279983997345,0.0,0.0888184905052185,0.0001,1e-05,50.33,3.3455,0.6357
7093,stage2,4,0.07654210925102234,0.2527020573616028,0.0,0.07654210925102234,0.0001,1e-05,50.335,1.9821,0.6361
7094,stage2,4,0.07906036078929901,0.2871816158294678,0.0,0.07906036078929901,0.0001,1e-05,50.337,2.4345,1.2919
7095,stage2,4,0.07445303350687027,0.2786807119846344,0.0,0.07445303350687027,0.0001,1e-05,50.332,2.3403,2.0317
7096,stage2,4,0.07674708962440491,0.28308814764022827,0.0,0.07674708962440491,0.0001,1e-05,50.333,2.3339,0.6349
7097,stage2,4,0.08100375533103943,0.25776034593582153,0.0,0.08100375533103943,0.0001,1e-05,50.333,2.6914,1.4474
7098,stage2,4,0.07220744341611862,0.2853435277938843,0.0,0.07220744341611862,0.0001,1e-05,50.336,1.9927,0.6352
7099,stage2,4,0.08074475824832916,0.26765209436416626,0.0,0.08074475824832916,0.0001,1e-05,50.334,2.3944,0.6353
7100,stage2,4,0.08108929544687271,0.27286890149116516,0.0,0.08108929544687271,0.0001,1e-05,50.331,2.7957,0.6349
7101,stage2,4,0.0673937201499939,0.28378912806510925,0.0,0.0673937201499939,0.0001,1e-05,50.332,1.7473,0.6351
7102,stage2,4,0.07714198529720306,0.27209341526031494,0.0,0.07714198529720306,0.0001,1e-05,50.333,2.5211,1.2638
7103,stage2,4,0.0796835720539093,0.29139652848243713,0.0,0.0796835720539093,0.0001,1e-05,50.333,2.4312,2.0737
7104,stage2,4,0.07920455187559128,0.2666226029396057,0.0,0.07920455187559128,0.0001,1e-05,50.332,2.2115,0.6345
7105,stage2,4,0.07478643208742142,0.28390559554100037,0.0,0.07478643208742142,0.0001,1e-05,50.331,2.0671,1.4842
7106,stage2,4,0.07620543986558914,0.2696358561515808,0.0,0.07620543986558914,0.0001,1e-05,50.33,1.9471,0.6357
7107,stage2,4,0.07507197558879852,0.25227615237236023,0.0,0.07507197558879852,0.0001,1e-05,50.335,2.0172,0.6356
7108,stage2,4,0.07582177966833115,0.27296409010887146,0.0,0.07582177966833115,0.0001,1e-05,50.334,2.1242,0.6357
7109,stage2,4,0.0831088274717331,0.2864580750465393,0.0,0.0831088274717331,0.0001,1e-05,50.332,2.734,0.6361
7110,stage2,4,0.08187039941549301,0.25790196657180786,0.0,0.08187039941549301,0.0001,1e-05,50.333,2.2466,1.1847
7111,stage2,4,0.07944443076848984,0.27003148198127747,0.0,0.07944443076848984,0.0001,1e-05,50.335,2.4903,2.1011
7112,stage2,4,0.07747673243284225,0.28955432772636414,0.0,0.07747673243284225,0.0001,1e-05,50.332,2.217,0.6351
7113,stage2,4,0.07828383892774582,0.29941385984420776,0.0,0.07828383892774582,0.0001,1e-05,50.33,2.2068,1.5056
7114,stage2,4,0.07508691400289536,0.2706575393676758,0.0,0.07508691400289536,0.0001,1e-05,50.334,2.307,0.6345
7115,stage2,4,0.07991898059844971,0.2585303485393524,0.0,0.07991898059844971,0.0001,1e-05,50.332,2.5291,0.6344
7116,stage2,4,0.07512670755386353,0.27103474736213684,0.0,0.07512670755386353,0.0001,1e-05,50.331,2.1257,0.6347
7117,stage2,4,0.05709145590662956,0.29698917269706726,0.0,0.05709145590662956,0.0001,1e-05,50.334,1.8742,0.6351
7118,stage2,4,0.07789774239063263,0.27228716015815735,0.0,0.07789774239063263,0.0001,1e-05,50.334,2.2066,1.2149
7119,stage2,4,0.07061488181352615,0.3048471212387085,0.0,0.07061488181352615,0.0001,1e-05,50.331,2.0865,2.0388
7120,stage2,4,0.06968063861131668,0.30476894974708557,0.0,0.06968063861131668,0.0001,1e-05,50.334,2.3554,0.6344
7121,stage2,4,0.07623645663261414,0.24119386076927185,0.0,0.07623645663261414,0.0001,1e-05,50.332,2.1843,1.5197
7122,stage2,4,0.07325785607099533,0.2523796260356903,0.0,0.07325785607099533,0.0001,1e-05,50.333,2.202,0.6346
7123,stage2,4,0.0743636041879654,0.2833910584449768,0.0,0.0743636041879654,0.0001,1e-05,50.333,1.9627,0.6352
7124,stage2,4,0.07206715643405914,0.26702117919921875,0.0,0.07206715643405914,0.0001,1e-05,50.336,2.1858,0.6353
7125,stage2,4,0.06998249888420105,0.28444796800613403,0.0,0.06998249888420105,0.0001,1e-05,50.333,2.2575,0.6361
7126,stage2,4,0.07112712413072586,0.2965396046638489,0.0,0.07112712413072586,0.0001,1e-05,50.331,2.2594,1.276
7127,stage2,4,0.07928719371557236,0.30420228838920593,0.0,0.07928719371557236,0.0001,1e-05,50.334,2.8892,2.0349
7128,stage2,4,0.06811711937189102,0.2583533823490143,0.0,0.06811711937189102,0.0001,1e-05,50.329,2.2657,0.6346
7129,stage2,4,0.08206517994403839,0.27213823795318604,0.0,0.08206517994403839,0.0001,1e-05,50.332,2.2698,1.4973
7130,stage2,4,0.08353113383054733,0.25539782643318176,0.0,0.08353113383054733,0.0001,1e-05,50.333,2.2647,0.6344
7131,stage2,4,0.07061149924993515,0.2985571324825287,0.0,0.07061149924993515,0.0001,1e-05,50.334,2.0182,0.635
7132,stage2,4,0.07497824728488922,0.28044193983078003,0.0,0.07497824728488922,0.0001,1e-05,50.334,2.1676,0.6359
7133,stage2,4,0.07208270579576492,0.2973538041114807,0.0,0.07208270579576492,0.0001,1e-05,50.332,2.0255,0.635
7134,stage2,4,0.07667049020528793,0.26330605149269104,0.0,0.07667049020528793,0.0001,1e-05,50.331,2.2419,1.3027
7135,stage2,4,0.07565519958734512,0.27964964509010315,0.0,0.07565519958734512,0.0001,1e-05,50.336,2.1322,2.0379
7136,stage2,4,0.08605780452489853,0.2566414475440979,0.0,0.08605780452489853,0.0001,1e-05,50.333,2.7963,0.6345
7137,stage2,4,0.07801693677902222,0.266843318939209,0.0,0.07801693677902222,0.0001,1e-05,50.334,1.8814,1.5088
7138,stage2,4,0.07843721657991409,0.30396631360054016,0.0,0.07843721657991409,0.0001,1e-05,50.334,2.8681,0.6345
7139,stage2,4,0.0712883472442627,0.26689639687538147,0.0,0.0712883472442627,0.0001,1e-05,50.334,1.9811,0.6351
7140,stage2,4,0.06898067891597748,0.2810248136520386,0.0,0.06898067891597748,0.0001,1e-05,50.334,1.9607,0.6351
7141,stage2,4,0.059823378920555115,0.25910401344299316,0.0,0.059823378920555115,0.0001,1e-05,50.335,1.4473,0.6353
7142,stage2,4,0.07084681838750839,0.28181713819503784,0.0,0.07084681838750839,0.0001,1e-05,50.334,2.2973,1.4988
7143,stage2,4,0.0836057960987091,0.2747121751308441,0.0,0.0836057960987091,0.0001,1e-05,50.334,2.6791,1.7795
7144,stage2,4,0.06634345650672913,0.2871456742286682,0.0,0.06634345650672913,0.0001,1e-05,50.331,1.8352,0.6351
7145,stage2,4,0.07071719318628311,0.31753718852996826,0.0,0.07071719318628311,0.0001,1e-05,50.332,2.3899,1.649
7146,stage2,4,0.08449908345937729,0.2834095358848572,0.0,0.08449908345937729,0.0001,1e-05,50.334,2.0911,0.6346
7147,stage2,4,0.06721160560846329,0.2921832501888275,0.0,0.06721160560846329,0.0001,1e-05,50.334,2.0733,0.635
7148,stage2,4,0.07908663898706436,0.27513450384140015,0.0,0.07908663898706436,0.0001,1e-05,50.333,1.9912,0.6354
7149,stage2,4,0.08018355071544647,0.27802255749702454,0.0,0.08018355071544647,0.0001,1e-05,50.334,2.2259,0.6364
7150,stage2,4,0.07620292156934738,0.2623114287853241,0.0,0.07620292156934738,0.0001,1e-05,50.335,2.0811,1.3414
7151,stage2,4,0.07054413855075836,0.28431236743927,0.0,0.07054413855075836,0.0001,1e-05,50.335,2.2476,1.9586
7152,stage2,4,0.07465223222970963,0.25470882654190063,0.0,0.07465223222970963,0.0001,1e-05,50.336,2.4354,0.6348
7153,stage2,4,0.07734440267086029,0.2877293825149536,0.0,0.07734440267086029,0.0001,1e-05,50.335,2.1194,1.6859
7154,stage2,4,0.07038437575101852,0.2734639644622803,0.0,0.07038437575101852,0.0001,1e-05,50.332,2.1654,0.635
7155,stage2,4,0.07889683544635773,0.2878202795982361,0.0,0.07889683544635773,0.0001,1e-05,50.332,2.764,0.6353
7156,stage2,4,0.08000945299863815,0.2686402499675751,0.0,0.08000945299863815,0.0001,1e-05,50.334,2.0497,0.6352
7157,stage2,4,0.07477235049009323,0.2712063789367676,0.0,0.07477235049009323,0.0001,1e-05,50.338,2.3953,0.6358
7158,stage2,4,0.08119910955429077,0.2646964490413666,0.0,0.08119910955429077,0.0001,1e-05,50.333,2.5255,1.1046
7159,stage2,4,0.07352980971336365,0.3064868152141571,0.0,0.07352980971336365,0.0001,1e-05,50.334,2.2374,1.9446
7160,stage2,4,0.08686079829931259,0.2767607271671295,0.0,0.08686079829931259,0.0001,1e-05,50.335,2.8152,0.6341
7161,stage2,4,0.06990990042686462,0.27656301856040955,0.0,0.06990990042686462,0.0001,1e-05,50.335,2.0944,1.6998
7162,stage2,4,0.06794114410877228,0.2649552822113037,0.0,0.06794114410877228,0.0001,1e-05,50.335,2.0495,0.6331
7163,stage2,4,0.0694333016872406,0.2566329836845398,0.0,0.0694333016872406,0.0001,1e-05,50.336,1.9955,0.6327
7164,stage2,4,0.06887786090373993,0.2699570953845978,0.0,0.06887786090373993,0.0001,1e-05,50.328,2.1243,0.6334
7165,stage2,5,0.07568926364183426,0.24200788140296936,0.0,0.07568926364183426,0.0001,1e-05,50.334,2.0989,9.1234
7166,stage2,5,0.06878173351287842,0.2728046774864197,0.0,0.06878173351287842,0.0001,1e-05,50.329,1.8985,0.6321
7167,stage2,5,0.07304373383522034,0.2576664090156555,0.0,0.07304373383522034,0.0001,1e-05,50.335,2.0545,0.632
7168,stage2,5,0.07342306524515152,0.2709112763404846,0.0,0.07342306524515152,0.0001,1e-05,50.334,2.1556,0.6327
7169,stage2,5,0.0690859854221344,0.28194040060043335,0.0,0.0690859854221344,0.0001,1e-05,50.332,2.2296,0.6328
7170,stage2,5,0.07111810892820358,0.27317318320274353,0.0,0.07111810892820358,0.0001,1e-05,50.334,2.1651,0.6322
7171,stage2,5,0.07052365690469742,0.2658099830150604,0.0,0.07052365690469742,0.0001,1e-05,50.331,2.9174,0.6326
7172,stage2,5,0.06836937367916107,0.2815297842025757,0.0,0.06836937367916107,0.0001,1e-05,50.33,1.8958,0.634
7173,stage2,5,0.07807781547307968,0.26114174723625183,0.0,0.07807781547307968,0.0001,1e-05,50.334,2.256,3.6465
7174,stage2,5,0.06921633332967758,0.2580033540725708,0.0,0.06921633332967758,0.0001,1e-05,50.329,2.1414,0.6315
7175,stage2,5,0.07539007067680359,0.2660723924636841,0.0,0.07539007067680359,0.0001,1e-05,50.331,1.9043,0.6318
7176,stage2,5,0.0755036473274231,0.23788653314113617,0.0,0.0755036473274231,0.0001,1e-05,50.335,2.2622,0.6321
7177,stage2,5,0.06189924478530884,0.3164686858654022,0.0,0.06189924478530884,0.0001,1e-05,50.331,2.0938,0.6325
7178,stage2,5,0.06999459117650986,0.2665049135684967,0.0,0.06999459117650986,0.0001,1e-05,50.333,2.0816,0.633
7179,stage2,5,0.07467787712812424,0.27642443776130676,0.0,0.07467787712812424,0.0001,1e-05,50.338,2.3268,0.6335
7180,stage2,5,0.05758605897426605,0.27068421244621277,0.0,0.05758605897426605,0.0001,1e-05,50.335,1.6532,0.633
7181,stage2,5,0.07198230177164078,0.29350557923316956,0.0,0.07198230177164078,0.0001,1e-05,50.335,2.9464,3.5588
7182,stage2,5,0.07184108346700668,0.2714589834213257,0.0,0.07184108346700668,0.0001,1e-05,50.336,2.2877,0.6317
7183,stage2,5,0.07955450564622879,0.23834772408008575,0.0,0.07955450564622879,0.0001,1e-05,50.335,2.2298,0.6321
7184,stage2,5,0.07271406054496765,0.2778822183609009,0.0,0.07271406054496765,0.0001,1e-05,50.333,2.1237,0.6322
7185,stage2,5,0.07299752533435822,0.27772822976112366,0.0,0.07299752533435822,0.0001,1e-05,50.333,2.1691,0.6329
7186,stage2,5,0.07023440301418304,0.25582247972488403,0.0,0.07023440301418304,0.0001,1e-05,50.332,2.4572,0.6335
7187,stage2,5,0.0666879266500473,0.2739802300930023,0.0,0.0666879266500473,0.0001,1e-05,50.332,1.9183,0.6346
7188,stage2,5,0.06986544281244278,0.2713456451892853,0.0,0.06986544281244278,0.0001,1e-05,50.333,2.213,0.6342
7189,stage2,5,0.07188080996274948,0.27077406644821167,0.0,0.07188080996274948,0.0001,1e-05,50.332,2.1983,3.5867
7190,stage2,5,0.07056238502264023,0.26586833596229553,0.0,0.07056238502264023,0.0001,1e-05,50.33,2.2535,0.6324
7191,stage2,5,0.06844183057546616,0.2620071768760681,0.0,0.06844183057546616,0.0001,1e-05,50.333,1.8585,0.6331
7192,stage2,5,0.06728728860616684,0.2782215178012848,0.0,0.06728728860616684,0.0001,1e-05,50.334,2.2139,0.6335
7193,stage2,5,0.0684710219502449,0.27740898728370667,0.0,0.0684710219502449,0.0001,1e-05,50.334,1.9278,0.6343
7194,stage2,5,0.07660612463951111,0.2906872034072876,0.0,0.07660612463951111,0.0001,1e-05,50.334,1.8788,0.6343
7195,stage2,5,0.05965425819158554,0.282950222492218,0.0,0.05965425819158554,0.0001,1e-05,50.331,1.9118,0.6344
7196,stage2,5,0.07103275507688522,0.2523318827152252,0.0,0.07103275507688522,0.0001,1e-05,50.336,2.4164,0.6349
7197,stage2,5,0.07025547325611115,0.2483546882867813,0.0,0.07025547325611115,0.0001,1e-05,50.329,2.3256,3.6349
7198,stage2,5,0.06752758473157883,0.2474898248910904,0.0,0.06752758473157883,0.0001,1e-05,50.337,1.931,0.6327
7199,stage2,5,0.07667075097560883,0.2604939639568329,0.0,0.07667075097560883,0.0001,1e-05,50.333,1.9956,0.6328
7200,stage2,5,0.07159539312124252,0.2616651654243469,0.0,0.07159539312124252,0.0001,1e-05,50.334,1.9392,0.6336
7201,stage2,5,0.07040759176015854,0.25384142994880676,0.0,0.07040759176015854,0.0001,1e-05,50.334,2.4334,0.6332
7202,stage2,5,0.06917028874158859,0.2681264877319336,0.0,0.06917028874158859,0.0001,1e-05,50.333,2.3909,0.6335
7203,stage2,5,0.07136811316013336,0.2639505863189697,0.0,0.07136811316013336,0.0001,1e-05,50.332,1.9655,0.6345
7204,stage2,5,0.0649976059794426,0.29603201150894165,0.0,0.0649976059794426,0.0001,1e-05,50.333,1.7333,0.635
7205,stage2,5,0.06360520422458649,0.31467118859291077,0.0,0.06360520422458649,0.0001,1e-05,50.335,2.0491,3.5983
7206,stage2,5,0.060333944857120514,0.30087822675704956,0.0,0.060333944857120514,0.0001,1e-05,50.329,1.7416,0.6331
7207,stage2,5,0.06754162162542343,0.2987166941165924,0.0,0.06754162162542343,0.0001,1e-05,50.334,1.7367,0.6338
7208,stage2,5,0.07529702037572861,0.29027244448661804,0.0,0.07529702037572861,0.0001,1e-05,50.333,2.0273,0.6343
7209,stage2,5,0.07399905472993851,0.23883762955665588,0.0,0.07399905472993851,0.0001,1e-05,50.329,1.9756,0.6338
7210,stage2,5,0.06727629899978638,0.25197142362594604,0.0,0.06727629899978638,0.0001,1e-05,50.336,1.8296,0.6342
7211,stage2,5,0.06719113886356354,0.27591022849082947,0.0,0.06719113886356354,0.0001,1e-05,50.333,2.1009,0.6341
7212,stage2,5,0.06643721461296082,0.25985923409461975,0.0,0.06643721461296082,0.0001,1e-05,50.335,1.835,0.6349
7213,stage2,5,0.06547526270151138,0.3058266341686249,0.0,0.06547526270151138,0.0001,1e-05,50.332,1.7654,3.5625
7214,stage2,5,0.07081055641174316,0.2663726806640625,0.0,0.07081055641174316,0.0001,1e-05,50.335,2.0956,0.6331
7215,stage2,5,0.06372169405221939,0.267284095287323,0.0,0.06372169405221939,0.0001,1e-05,50.332,1.6725,0.6332
7216,stage2,5,0.07826584577560425,0.2593887150287628,0.0,0.07826584577560425,0.0001,1e-05,50.333,2.3496,0.6337
7217,stage2,5,0.08782561868429184,0.2708040773868561,0.0,0.08782561868429184,0.0001,1e-05,50.332,2.3904,0.6334
7218,stage2,5,0.07160616666078568,0.2578383982181549,0.0,0.07160616666078568,0.0001,1e-05,50.333,1.9372,0.6341
7219,stage2,5,0.060796622186899185,0.2594743072986603,0.0,0.060796622186899185,0.0001,1e-05,50.333,1.8371,0.6355
7220,stage2,5,0.06634389609098434,0.2699439525604248,0.0,0.06634389609098434,0.0001,1e-05,50.334,1.694,0.6358
7221,stage2,5,0.0710827112197876,0.2769344747066498,0.0,0.0710827112197876,0.0001,1e-05,50.329,1.8963,3.5793
7222,stage2,5,0.06399519741535187,0.26206129789352417,0.0,0.06399519741535187,0.0001,1e-05,50.332,1.8824,0.633
7223,stage2,5,0.06092926487326622,0.255143940448761,0.0,0.06092926487326622,0.0001,1e-05,50.334,1.7589,0.6334
7224,stage2,5,0.06046068295836449,0.2765215039253235,0.0,0.06046068295836449,0.0001,1e-05,50.334,1.7876,0.6341
7225,stage2,5,0.06639080494642258,0.30022457242012024,0.0,0.06639080494642258,0.0001,1e-05,50.336,1.8329,0.6351
7226,stage2,5,0.0760180652141571,0.2678487300872803,0.0,0.0760180652141571,0.0001,1e-05,50.331,2.0459,0.6347
7227,stage2,5,0.06789052486419678,0.2721646726131439,0.0,0.06789052486419678,0.0001,1e-05,50.336,2.0341,0.6351
7228,stage2,5,0.07532443106174469,0.29421937465667725,0.0,0.07532443106174469,0.0001,1e-05,50.334,2.653,0.6362
7229,stage2,5,0.06803344190120697,0.25583893060684204,0.0,0.06803344190120697,0.0001,1e-05,50.337,1.9958,3.5879
7230,stage2,5,0.07006631046533585,0.2708978056907654,0.0,0.07006631046533585,0.0001,1e-05,50.334,2.1551,0.6339
7231,stage2,5,0.07431071251630783,0.26510515809059143,0.0,0.07431071251630783,0.0001,1e-05,50.335,2.0399,0.634
7232,stage2,5,0.07716990262269974,0.2869459390640259,0.0,0.07716990262269974,0.0001,1e-05,50.329,2.2921,0.6348
7233,stage2,5,0.0777144804596901,0.2784428596496582,0.0,0.0777144804596901,0.0001,1e-05,50.335,2.0362,0.6338
7234,stage2,5,0.07064580172300339,0.2730658948421478,0.0,0.07064580172300339,0.0001,1e-05,50.334,2.1244,0.6345
7235,stage2,5,0.072907455265522,0.26790428161621094,0.0,0.072907455265522,0.0001,1e-05,50.334,1.9043,0.6354
7236,stage2,5,0.06801852583885193,0.28440436720848083,0.0,0.06801852583885193,0.0001,1e-05,50.334,2.4802,0.6366
7237,stage2,5,0.07059131562709808,0.24516434967517853,0.0,0.07059131562709808,0.0001,1e-05,50.331,2.1748,3.6085
7238,stage2,5,0.0669437050819397,0.29703596234321594,0.0,0.0669437050819397,0.0001,1e-05,50.33,1.9915,0.6335
7239,stage2,5,0.05808884650468826,0.28511616587638855,0.0,0.05808884650468826,0.0001,1e-05,50.336,1.6007,0.6341
7240,stage2,5,0.0833975225687027,0.28059500455856323,0.0,0.0833975225687027,0.0001,1e-05,50.333,2.9746,0.6343
7241,stage2,5,0.07466331869363785,0.2627909779548645,0.0,0.07466331869363785,0.0001,1e-05,50.335,2.0647,0.6345
7242,stage2,5,0.07962970435619354,0.29014724493026733,0.0,0.07962970435619354,0.0001,1e-05,50.333,2.1875,0.6346
7243,stage2,5,0.07140045613050461,0.3042181432247162,0.0,0.07140045613050461,0.0001,1e-05,50.333,2.0821,0.6356
7244,stage2,5,0.07107274234294891,0.29274338483810425,0.0,0.07107274234294891,0.0001,1e-05,50.331,2.46,0.6357
7245,stage2,5,0.07897145301103592,0.2858749032020569,0.0,0.07897145301103592,0.0001,1e-05,50.332,1.9644,3.5994
7246,stage2,5,0.07959239929914474,0.27422791719436646,0.0,0.07959239929914474,0.0001,1e-05,50.334,2.0375,0.6337
7247,stage2,5,0.06941738724708557,0.29783153533935547,0.0,0.06941738724708557,0.0001,1e-05,50.333,1.7537,0.6347
7248,stage2,5,0.0635426864027977,0.2680472731590271,0.0,0.0635426864027977,0.0001,1e-05,50.336,1.5358,0.6354
7249,stage2,5,0.05974412336945534,0.2922708988189697,0.0,0.05974412336945534,0.0001,1e-05,50.334,1.7959,0.6353
7250,stage2,5,0.07079922407865524,0.2714654505252838,0.0,0.07079922407865524,0.0001,1e-05,50.336,2.0286,0.6361
7251,stage2,5,0.07232367992401123,0.2709408104419708,0.0,0.07232367992401123,0.0001,1e-05,50.332,2.1664,0.6363
7252,stage2,5,0.06525827944278717,0.28438377380371094,0.0,0.06525827944278717,0.0001,1e-05,50.334,1.8503,0.6362
7253,stage2,5,0.0818837583065033,0.24016009271144867,0.0,0.0818837583065033,0.0001,1e-05,50.336,2.5365,3.5196
7254,stage2,5,0.06888774782419205,0.3018198013305664,0.0,0.06888774782419205,0.0001,1e-05,50.334,1.8365,0.6343
7255,stage2,5,0.07462453097105026,0.28303053975105286,0.0,0.07462453097105026,0.0001,1e-05,50.333,2.5801,0.6341
7256,stage2,5,0.06843772530555725,0.27508747577667236,0.0,0.06843772530555725,0.0001,1e-05,50.331,1.7494,0.6351
7257,stage2,5,0.07669422030448914,0.3063787817955017,0.0,0.07669422030448914,0.0001,1e-05,50.333,2.5905,0.6353
7258,stage2,5,0.07393395155668259,0.2687649726867676,0.0,0.07393395155668259,0.0001,1e-05,50.332,2.2276,0.636
7259,stage2,5,0.07834415882825851,0.2729530930519104,0.0,0.07834415882825851,0.0001,1e-05,50.329,2.0036,0.6361
7260,stage2,5,0.06384991109371185,0.28274300694465637,0.0,0.06384991109371185,0.0001,1e-05,50.336,2.0509,0.6364
7261,stage2,5,0.07852008938789368,0.26427242159843445,0.0,0.07852008938789368,0.0001,1e-05,50.334,2.4387,3.5424
7262,stage2,5,0.07449836283922195,0.2706783711910248,0.0,0.07449836283922195,0.0001,1e-05,50.331,2.0963,0.6341
7263,stage2,5,0.06351133435964584,0.2730402946472168,0.0,0.06351133435964584,0.0001,1e-05,50.333,1.9595,0.6351
7264,stage2,5,0.07145500183105469,0.24263200163841248,0.0,0.07145500183105469,0.0001,1e-05,50.334,2.0998,0.6349
7265,stage2,5,0.07582469284534454,0.2638636827468872,0.0,0.07582469284534454,0.0001,1e-05,50.335,2.1928,0.6358
7266,stage2,5,0.07313501834869385,0.27268680930137634,0.0,0.07313501834869385,0.0001,1e-05,50.334,2.2291,0.6363
7267,stage2,5,0.08110958337783813,0.2614906430244446,0.0,0.08110958337783813,0.0001,1e-05,50.332,2.0291,0.6359
7268,stage2,5,0.06845207512378693,0.25915148854255676,0.0,0.06845207512378693,0.0001,1e-05,50.337,2.0941,0.6364
7269,stage2,5,0.07555751502513885,0.2416667491197586,0.0,0.07555751502513885,0.0001,1e-05,50.335,2.3353,3.5996
7270,stage2,5,0.0680510476231575,0.28958743810653687,0.0,0.0680510476231575,0.0001,1e-05,50.334,1.9138,0.6347
7271,stage2,5,0.07059163600206375,0.26058247685432434,0.0,0.07059163600206375,0.0001,1e-05,50.336,1.891,0.6342
7272,stage2,5,0.06258653849363327,0.25444161891937256,0.0,0.06258653849363327,0.0001,1e-05,50.333,1.6378,0.6348
7273,stage2,5,0.06925111263990402,0.2531316578388214,0.0,0.06925111263990402,0.0001,1e-05,50.334,1.7103,0.6352
7274,stage2,5,0.06512446701526642,0.28576770424842834,0.0,0.06512446701526642,0.0001,1e-05,50.333,1.7167,0.6356
7275,stage2,5,0.0743594765663147,0.24531549215316772,0.0,0.0743594765663147,0.0001,1e-05,50.336,2.2197,0.6359
7276,stage2,5,0.08648501336574554,0.2585296928882599,0.0,0.08648501336574554,0.0001,1e-05,50.332,2.7466,0.6361
7277,stage2,5,0.07389533519744873,0.26394903659820557,0.0,0.07389533519744873,0.0001,1e-05,50.334,2.9134,3.5863
7278,stage2,5,0.07337599247694016,0.281455934047699,0.0,0.07337599247694016,0.0001,1e-05,50.334,2.8457,0.6344
7279,stage2,5,0.0741029679775238,0.2651808261871338,0.0,0.0741029679775238,0.0001,1e-05,50.336,2.3559,0.6354
7280,stage2,5,0.05488087981939316,0.291445255279541,0.0,0.05488087981939316,0.0001,1e-05,50.336,1.5228,0.6354
7281,stage2,5,0.07371117919683456,0.25945350527763367,0.0,0.07371117919683456,0.0001,1e-05,50.333,2.4059,0.6353
7282,stage2,5,0.08427750319242477,0.27555543184280396,0.0,0.08427750319242477,0.0001,1e-05,50.333,3.3703,0.6357
7283,stage2,5,0.07821058481931686,0.2567984461784363,0.0,0.07821058481931686,0.0001,1e-05,50.334,2.5283,0.6359
7284,stage2,5,0.06576654314994812,0.2830568552017212,0.0,0.06576654314994812,0.0001,1e-05,50.334,1.8488,0.6361
7285,stage2,5,0.07636359333992004,0.2828136086463928,0.0,0.07636359333992004,0.0001,1e-05,50.331,2.5841,3.4822
7286,stage2,5,0.0802721455693245,0.2887517809867859,0.0,0.0802721455693245,0.0001,1e-05,50.335,2.2896,0.6338
7287,stage2,5,0.07193212956190109,0.27733317017555237,0.0,0.07193212956190109,0.0001,1e-05,50.336,2.4128,0.6352
7288,stage2,5,0.064244344830513,0.3080424666404724,0.0,0.064244344830513,0.0001,1e-05,50.335,2.197,0.6366
7289,stage2,5,0.0771753191947937,0.2801728844642639,0.0,0.0771753191947937,0.0001,1e-05,50.335,2.6079,0.6362
7290,stage2,5,0.06457330286502838,0.2875949740409851,0.0,0.06457330286502838,0.0001,1e-05,50.335,1.84,0.6356
7291,stage2,5,0.06986302137374878,0.24376316368579865,0.0,0.06986302137374878,0.0001,1e-05,50.332,2.1012,0.6365
7292,stage2,5,0.06044992431998253,0.2737147808074951,0.0,0.06044992431998253,0.0001,1e-05,50.337,1.9607,0.6369
7293,stage2,5,0.0719689205288887,0.28316789865493774,0.0,0.0719689205288887,0.0001,1e-05,50.336,2.0777,3.6052
7294,stage2,5,0.07530002295970917,0.26446056365966797,0.0,0.07530002295970917,0.0001,1e-05,50.334,2.4127,0.6341
7295,stage2,5,0.06216001883149147,0.29390230774879456,0.0,0.06216001883149147,0.0001,1e-05,50.335,1.8905,0.6351
7296,stage2,5,0.07558872550725937,0.2490607500076294,0.0,0.07558872550725937,0.0001,1e-05,50.336,2.2225,0.6349
7297,stage2,5,0.07031767815351486,0.2711859345436096,0.0,0.07031767815351486,0.0001,1e-05,50.337,2.1632,0.6358
7298,stage2,5,0.06569819152355194,0.24612711369991302,0.0,0.06569819152355194,0.0001,1e-05,50.337,1.8195,0.6356
7299,stage2,5,0.06826242804527283,0.3256899118423462,0.0,0.06826242804527283,0.0001,1e-05,50.337,1.9318,0.6362
7300,stage2,5,0.06797175854444504,0.3143518269062042,0.0,0.06797175854444504,0.0001,1e-05,50.336,3.3607,0.6362
7301,stage2,5,0.06623811274766922,0.277340829372406,0.0,0.06623811274766922,0.0001,1e-05,50.336,2.1262,3.5778
7302,stage2,5,0.06781880557537079,0.2745648920536041,0.0,0.06781880557537079,0.0001,1e-05,50.337,1.8277,0.6338
7303,stage2,5,0.06687023490667343,0.271229088306427,0.0,0.06687023490667343,0.0001,1e-05,50.336,1.6905,0.6351
7304,stage2,5,0.07025633007287979,0.265821635723114,0.0,0.07025633007287979,0.0001,1e-05,50.335,2.0203,0.6352
7305,stage2,5,0.07018309086561203,0.2722272574901581,0.0,0.07018309086561203,0.0001,1e-05,50.332,2.3612,0.6349
7306,stage2,5,0.06307747960090637,0.28135231137275696,0.0,0.06307747960090637,0.0001,1e-05,50.337,1.5969,0.6359
7307,stage2,5,0.07873731106519699,0.2558957636356354,0.0,0.07873731106519699,0.0001,1e-05,50.334,2.3736,0.637
7308,stage2,5,0.07290487736463547,0.2697566747665405,0.0,0.07290487736463547,0.0001,1e-05,50.337,1.945,0.6362
7309,stage2,5,0.0693589374423027,0.2431873083114624,0.0,0.0693589374423027,0.0001,1e-05,50.338,2.0775,3.581
7310,stage2,5,0.07635553181171417,0.2879260182380676,0.0,0.07635553181171417,0.0001,1e-05,50.335,2.32,0.6341
7311,stage2,5,0.06637357175350189,0.30535435676574707,0.0,0.06637357175350189,0.0001,1e-05,50.337,2.0964,0.635
7312,stage2,5,0.07863610237836838,0.2754935622215271,0.0,0.07863610237836838,0.0001,1e-05,50.335,1.8974,0.6353
7313,stage2,5,0.07045131921768188,0.2876591086387634,0.0,0.07045131921768188,0.0001,1e-05,50.332,2.1831,0.6357
7314,stage2,5,0.0661289319396019,0.28012263774871826,0.0,0.0661289319396019,0.0001,1e-05,50.333,1.8454,0.635
7315,stage2,5,0.06775286048650742,0.2580324709415436,0.0,0.06775286048650742,0.0001,1e-05,50.333,1.9091,0.6359
7316,stage2,5,0.0716443583369255,0.2671346068382263,0.0,0.0716443583369255,0.0001,1e-05,50.334,2.0839,0.6365
7317,stage2,5,0.07411427050828934,0.2703744173049927,0.0,0.07411427050828934,0.0001,1e-05,50.335,2.1165,3.5519
7318,stage2,5,0.05811257287859917,0.29065024852752686,0.0,0.05811257287859917,0.0001,1e-05,50.333,1.5331,0.6335
7319,stage2,5,0.05594775825738907,0.30179354548454285,0.0,0.05594775825738907,0.0001,1e-05,50.331,1.6232,0.634
7320,stage2,5,0.06341477483510971,0.2927005887031555,0.0,0.06341477483510971,0.0001,1e-05,50.336,1.7946,0.635
7321,stage2,5,0.08837828785181046,0.2493903487920761,0.0,0.08837828785181046,0.0001,1e-05,50.332,2.5117,0.6355
7322,stage2,5,0.06702527403831482,0.3055000901222229,0.0,0.06702527403831482,0.0001,1e-05,50.331,1.906,0.6357
7323,stage2,5,0.05781101435422897,0.2883571684360504,0.0,0.05781101435422897,0.0001,1e-05,50.33,1.5061,0.6361
7324,stage2,5,0.0647989809513092,0.27304136753082275,0.0,0.0647989809513092,0.0001,1e-05,50.332,1.6649,0.6364
7325,stage2,5,0.07012584060430527,0.31088873744010925,0.0,0.07012584060430527,0.0001,1e-05,50.331,2.2114,3.5689
7326,stage2,5,0.07842553406953812,0.2687140703201294,0.0,0.07842553406953812,0.0001,1e-05,50.334,2.0882,0.6344
7327,stage2,5,0.0786205604672432,0.2615058720111847,0.0,0.0786205604672432,0.0001,1e-05,50.331,2.1877,0.635
7328,stage2,5,0.06838585436344147,0.2771252393722534,0.0,0.06838585436344147,0.0001,1e-05,50.336,1.9558,0.6359
7329,stage2,5,0.07295379787683487,0.2912612557411194,0.0,0.07295379787683487,0.0001,1e-05,50.334,2.0747,0.6368
7330,stage2,5,0.06739366054534912,0.29531392455101013,0.0,0.06739366054534912,0.0001,1e-05,50.333,1.8932,0.6364
7331,stage2,5,0.06784672290086746,0.2681606113910675,0.0,0.06784672290086746,0.0001,1e-05,50.337,2.0476,0.637
7332,stage2,5,0.06925389170646667,0.25311389565467834,0.0,0.06925389170646667,0.0001,1e-05,50.335,1.8619,0.636
7333,stage2,5,0.06645567715167999,0.3329858183860779,0.0,0.06645567715167999,0.0001,1e-05,50.336,1.822,3.5881
7334,stage2,5,0.06636654585599899,0.25824400782585144,0.0,0.06636654585599899,0.0001,1e-05,50.336,1.7127,0.6345
7335,stage2,5,0.0687560886144638,0.276233434677124,0.0,0.0687560886144638,0.0001,1e-05,50.335,2.1907,0.6351
7336,stage2,5,0.07022938877344131,0.3323826491832733,0.0,0.07022938877344131,0.0001,1e-05,50.333,2.0094,0.6352
7337,stage2,5,0.0699940025806427,0.2858029901981354,0.0,0.0699940025806427,0.0001,1e-05,50.334,2.5035,0.6355
7338,stage2,5,0.06462699919939041,0.2720220685005188,0.0,0.06462699919939041,0.0001,1e-05,50.33,1.7072,0.6356
7339,stage2,5,0.06748101860284805,0.2702552378177643,0.0,0.06748101860284805,0.0001,1e-05,50.329,1.6864,0.6364
7340,stage2,5,0.06997252255678177,0.2624185085296631,0.0,0.06997252255678177,0.0001,1e-05,50.335,2.3062,0.6359
7341,stage2,5,0.07403778284788132,0.2907227873802185,0.0,0.07403778284788132,0.0001,1e-05,50.331,2.0093,3.5892
7342,stage2,5,0.0772920548915863,0.2752434015274048,0.0,0.0772920548915863,0.0001,1e-05,50.331,2.4933,0.6344
7343,stage2,5,0.08269993215799332,0.29603084921836853,0.0,0.08269993215799332,0.0001,1e-05,50.332,2.6481,0.6347
7344,stage2,5,0.07194612920284271,0.2656211256980896,0.0,0.07194612920284271,0.0001,1e-05,50.334,2.3313,0.6348
7345,stage2,5,0.07208917289972305,0.2665611803531647,0.0,0.07208917289972305,0.0001,1e-05,50.332,2.0787,0.6357
7346,stage2,5,0.06784817576408386,0.2794685363769531,0.0,0.06784817576408386,0.0001,1e-05,50.336,2.2362,0.6358
7347,stage2,5,0.0744231566786766,0.24967029690742493,0.0,0.0744231566786766,0.0001,1e-05,50.332,2.5165,0.6358
7348,stage2,5,0.07097777724266052,0.2791225016117096,0.0,0.07097777724266052,0.0001,1e-05,50.336,2.5283,0.6361
7349,stage2,5,0.08042467385530472,0.25435689091682434,0.0,0.08042467385530472,0.0001,1e-05,50.335,2.457,3.496
7350,stage2,5,0.06591885536909103,0.2839847207069397,0.0,0.06591885536909103,0.0001,1e-05,50.331,2.0096,0.6338
7351,stage2,5,0.0665527954697609,0.2565425634384155,0.0,0.0665527954697609,0.0001,1e-05,50.334,1.8639,0.6348
7352,stage2,5,0.07190047204494476,0.26015838980674744,0.0,0.07190047204494476,0.0001,1e-05,50.333,2.2274,0.6351
7353,stage2,5,0.07604267448186874,0.24796462059020996,0.0,0.07604267448186874,0.0001,1e-05,50.335,2.186,0.6352
7354,stage2,5,0.07777777314186096,0.26805269718170166,0.0,0.07777777314186096,0.0001,1e-05,50.334,2.3018,0.6358
7355,stage2,5,0.06388700008392334,0.31011560559272766,0.0,0.06388700008392334,0.0001,1e-05,50.332,2.4604,0.6363
7356,stage2,5,0.06482520699501038,0.2826918661594391,0.0,0.06482520699501038,0.0001,1e-05,50.337,1.959,0.6362
7357,stage2,5,0.06375743448734283,0.2664857804775238,0.0,0.06375743448734283,0.0001,1e-05,50.332,2.1418,3.5905
7358,stage2,5,0.06831604987382889,0.25996488332748413,0.0,0.06831604987382889,0.0001,1e-05,50.335,2.0425,0.6338
7359,stage2,5,0.07224345952272415,0.26946401596069336,0.0,0.07224345952272415,0.0001,1e-05,50.334,2.1423,0.6345
7360,stage2,5,0.06751124560832977,0.3082979619503021,0.0,0.06751124560832977,0.0001,1e-05,50.335,2.1573,0.636
7361,stage2,5,0.0750371441245079,0.2771508991718292,0.0,0.0750371441245079,0.0001,1e-05,50.334,2.1028,0.6362
7362,stage2,5,0.0579870268702507,0.2939451336860657,0.0,0.0579870268702507,0.0001,1e-05,50.334,1.865,0.6362
7363,stage2,5,0.0695403590798378,0.2549397647380829,0.0,0.0695403590798378,0.0001,1e-05,50.332,1.7704,0.636
7364,stage2,5,0.06948278099298477,0.2747841775417328,0.0,0.06948278099298477,0.0001,1e-05,50.33,2.121,0.6364
7365,stage2,5,0.07030261307954788,0.26405641436576843,0.0,0.07030261307954788,0.0001,1e-05,50.333,1.9077,3.5226
7366,stage2,5,0.0701717659831047,0.24959315359592438,0.0,0.0701717659831047,0.0001,1e-05,50.335,2.0773,0.6343
7367,stage2,5,0.06146916002035141,0.2934020161628723,0.0,0.06146916002035141,0.0001,1e-05,50.336,1.8803,0.6347
7368,stage2,5,0.06745922565460205,0.22608418762683868,0.0,0.06745922565460205,0.0001,1e-05,50.334,1.6203,0.6357
7369,stage2,5,0.06667477637529373,0.2448849380016327,0.0,0.06667477637529373,0.0001,1e-05,50.334,1.8063,0.6356
7370,stage2,5,0.07012751698493958,0.2641526460647583,0.0,0.07012751698493958,0.0001,1e-05,50.335,1.891,0.6364
7371,stage2,5,0.0706821158528328,0.24840137362480164,0.0,0.0706821158528328,0.0001,1e-05,50.329,2.2229,0.6367
7372,stage2,5,0.07464215904474258,0.25542211532592773,0.0,0.07464215904474258,0.0001,1e-05,50.331,1.9111,0.6359
7373,stage2,5,0.06710296869277954,0.3089146614074707,0.0,0.06710296869277954,0.0001,1e-05,50.334,2.1004,3.6244
7374,stage2,5,0.06362351030111313,0.28682732582092285,0.0,0.06362351030111313,0.0001,1e-05,50.335,1.6185,0.6344
7375,stage2,5,0.06630023568868637,0.25010421872138977,0.0,0.06630023568868637,0.0001,1e-05,50.334,1.9707,0.6352
7376,stage2,5,0.08337856084108353,0.24525244534015656,0.0,0.08337856084108353,0.0001,1e-05,50.335,2.2409,0.6352
7377,stage2,5,0.0667571872472763,0.2777668237686157,0.0,0.0667571872472763,0.0001,1e-05,50.332,2.4315,0.6356
7378,stage2,5,0.06808017939329147,0.26645076274871826,0.0,0.06808017939329147,0.0001,1e-05,50.336,2.0166,0.6358
7379,stage2,5,0.05947538837790489,0.27594807744026184,0.0,0.05947538837790489,0.0001,1e-05,50.328,1.6747,0.636
7380,stage2,5,0.06793665885925293,0.26567941904067993,0.0,0.06793665885925293,0.0001,1e-05,50.33,2.1036,0.6363
7381,stage2,5,0.08034862577915192,0.2640482187271118,0.0,0.08034862577915192,0.0001,1e-05,50.335,2.6379,3.5466
7382,stage2,5,0.07405854016542435,0.2550063729286194,0.0,0.07405854016542435,0.0001,1e-05,50.338,1.8273,0.6338
7383,stage2,5,0.06525605916976929,0.27473074197769165,0.0,0.06525605916976929,0.0001,1e-05,50.335,1.888,0.6346
7384,stage2,5,0.06226695328950882,0.3043692708015442,0.0,0.06226695328950882,0.0001,1e-05,50.336,2.0338,0.6349
7385,stage2,5,0.06477037072181702,0.24933044612407684,0.0,0.06477037072181702,0.0001,1e-05,50.332,2.0687,0.6356
7386,stage2,5,0.0738476812839508,0.26762983202934265,0.0,0.0738476812839508,0.0001,1e-05,50.335,2.0272,0.6361
7387,stage2,5,0.06789682805538177,0.2891820967197418,0.0,0.06789682805538177,0.0001,1e-05,50.333,1.9263,0.6352
7388,stage2,5,0.05904171243309975,0.28708988428115845,0.0,0.05904171243309975,0.0001,1e-05,50.333,1.9231,0.6356
7389,stage2,5,0.06316675245761871,0.26303911209106445,0.0,0.06316675245761871,0.0001,1e-05,50.335,2.8405,3.5486
7390,stage2,5,0.0751061886548996,0.2657923400402069,0.0,0.0751061886548996,0.0001,1e-05,50.338,2.2941,0.6332
7391,stage2,5,0.07663831114768982,0.24832428991794586,0.0,0.07663831114768982,0.0001,1e-05,50.338,2.0062,0.634
7392,stage2,5,0.0697731226682663,0.28278231620788574,0.0,0.0697731226682663,0.0001,1e-05,50.336,1.8653,0.6349
7393,stage2,5,0.07657836377620697,0.2568659484386444,0.0,0.07657836377620697,0.0001,1e-05,50.336,2.3192,0.6353
7394,stage2,5,0.05640791356563568,0.2821768820285797,0.0,0.05640791356563568,0.0001,1e-05,50.337,1.7283,0.6357
7395,stage2,5,0.07224561274051666,0.311537504196167,0.0,0.07224561274051666,0.0001,1e-05,50.339,2.0832,0.6357
7396,stage2,5,0.0646299421787262,0.30409446358680725,0.0,0.0646299421787262,0.0001,1e-05,50.334,2.6134,0.6368
7397,stage2,5,0.06953112035989761,0.25133487582206726,0.0,0.06953112035989761,0.0001,1e-05,50.334,2.206,3.5096
7398,stage2,5,0.07688970863819122,0.2726016342639923,0.0,0.07688970863819122,0.0001,1e-05,50.334,2.1452,0.635
7399,stage2,5,0.06570006161928177,0.26484689116477966,0.0,0.06570006161928177,0.0001,1e-05,50.338,2.3162,0.6358
7400,stage2,5,0.07593590021133423,0.27223870158195496,0.0,0.07593590021133423,0.0001,1e-05,50.333,3.2532,0.635
7401,stage2,5,0.07412571460008621,0.2600017189979553,0.0,0.07412571460008621,0.0001,1e-05,50.338,2.5299,0.6357
7402,stage2,5,0.06673263013362885,0.2743465304374695,0.0,0.06673263013362885,0.0001,1e-05,50.34,1.8963,0.6362
7403,stage2,5,0.06761389225721359,0.2583046853542328,0.0,0.06761389225721359,0.0001,1e-05,50.338,2.0473,0.6367
7404,stage2,5,0.07562022656202316,0.24914251267910004,0.0,0.07562022656202316,0.0001,1e-05,50.334,2.0802,0.6367
7405,stage2,5,0.07735665887594223,0.25460049510002136,0.0,0.07735665887594223,0.0001,1e-05,50.335,2.3962,3.5293
7406,stage2,5,0.08682697266340256,0.25431275367736816,0.0,0.08682697266340256,0.0001,1e-05,50.332,3.0691,0.6346
7407,stage2,5,0.059957291930913925,0.25873249769210815,0.0,0.059957291930913925,0.0001,1e-05,50.336,2.1844,0.6351
7408,stage2,5,0.083320252597332,0.2352396845817566,0.0,0.083320252597332,0.0001,1e-05,50.335,2.3992,0.6356
7409,stage2,5,0.08020304143428802,0.24561330676078796,0.0,0.08020304143428802,0.0001,1e-05,50.336,2.6556,0.6362
7410,stage2,5,0.06937330216169357,0.27011895179748535,0.0,0.06937330216169357,0.0001,1e-05,50.337,2.9232,0.6367
7411,stage2,5,0.06628060340881348,0.24654506146907806,0.0,0.06628060340881348,0.0001,1e-05,50.332,2.2752,0.6365
7412,stage2,5,0.07017983496189117,0.26196542382240295,0.0,0.07017983496189117,0.0001,1e-05,50.334,2.2253,0.6364
7413,stage2,5,0.062422193586826324,0.2754106819629669,0.0,0.062422193586826324,0.0001,1e-05,50.335,1.9944,3.5559
7414,stage2,5,0.07474733144044876,0.28449469804763794,0.0,0.07474733144044876,0.0001,1e-05,50.335,2.5817,0.6347
7415,stage2,5,0.0697348564863205,0.2634379267692566,0.0,0.0697348564863205,0.0001,1e-05,50.336,2.5547,0.6355
7416,stage2,5,0.059264108538627625,0.2668943405151367,0.0,0.059264108538627625,0.0001,1e-05,50.333,1.8058,0.6355
7417,stage2,5,0.06951416283845901,0.2506069242954254,0.0,0.06951416283845901,0.0001,1e-05,50.336,2.1705,0.636
7418,stage2,5,0.07669119536876678,0.25409531593322754,0.0,0.07669119536876678,0.0001,1e-05,50.336,2.2878,0.6363
7419,stage2,5,0.0721488893032074,0.2605232000350952,0.0,0.0721488893032074,0.0001,1e-05,50.332,2.157,0.6369
7420,stage2,5,0.06693016737699509,0.2689932584762573,0.0,0.06693016737699509,0.0001,1e-05,50.332,2.4865,0.637
7421,stage2,5,0.061070721596479416,0.2726207375526428,0.0,0.061070721596479416,0.0001,1e-05,50.339,2.0185,3.5876
7422,stage2,5,0.0747128278017044,0.24535399675369263,0.0,0.0747128278017044,0.0001,1e-05,50.337,2.323,0.6339
7423,stage2,5,0.06662395596504211,0.2713843882083893,0.0,0.06662395596504211,0.0001,1e-05,50.335,1.8382,0.6356
7424,stage2,5,0.07675071060657501,0.2617422342300415,0.0,0.07675071060657501,0.0001,1e-05,50.333,2.2558,0.6356
7425,stage2,5,0.06748347729444504,0.2421051561832428,0.0,0.06748347729444504,0.0001,1e-05,50.336,2.3905,0.6361
7426,stage2,5,0.06583908200263977,0.3332023620605469,0.0,0.06583908200263977,0.0001,1e-05,50.334,2.1892,0.6355
7427,stage2,5,0.07517372816801071,0.2983141243457794,0.0,0.07517372816801071,0.0001,1e-05,50.338,2.2626,0.6364
7428,stage2,5,0.06429903209209442,0.23354549705982208,0.0,0.06429903209209442,0.0001,1e-05,50.335,2.0201,0.637
7429,stage2,5,0.06731165200471878,0.2830584645271301,0.0,0.06731165200471878,0.0001,1e-05,50.335,1.8577,3.5745
7430,stage2,5,0.07357820123434067,0.2481968104839325,0.0,0.07357820123434067,0.0001,1e-05,50.337,2.2475,0.634
7431,stage2,5,0.06394024938344955,0.24983839690685272,0.0,0.06394024938344955,0.0001,1e-05,50.337,1.7546,0.635
7432,stage2,5,0.06605057418346405,0.2698659598827362,0.0,0.06605057418346405,0.0001,1e-05,50.336,1.8623,0.635
7433,stage2,5,0.07444781810045242,0.2699022889137268,0.0,0.07444781810045242,0.0001,1e-05,50.338,2.51,0.6352
7434,stage2,5,0.06509935855865479,0.2694791555404663,0.0,0.06509935855865479,0.0001,1e-05,50.335,1.7477,0.6356
7435,stage2,5,0.08406291157007217,0.23333685100078583,0.0,0.08406291157007217,0.0001,1e-05,50.334,2.0023,0.636
7436,stage2,5,0.06674355268478394,0.25914061069488525,0.0,0.06674355268478394,0.0001,1e-05,50.336,1.9273,0.6369
7437,stage2,5,0.073020339012146,0.2533121109008789,0.0,0.073020339012146,0.0001,1e-05,50.336,2.2496,3.5813
7438,stage2,5,0.0670168399810791,0.24890023469924927,0.0,0.0670168399810791,0.0001,1e-05,50.334,2.1572,0.6345
7439,stage2,5,0.0707540512084961,0.23892006278038025,0.0,0.0707540512084961,0.0001,1e-05,50.337,1.9958,0.6352
7440,stage2,5,0.07747533172369003,0.25940313935279846,0.0,0.07747533172369003,0.0001,1e-05,50.337,2.1608,0.6347
7441,stage2,5,0.06535705178976059,0.2466786950826645,0.0,0.06535705178976059,0.0001,1e-05,50.334,1.9889,0.6355
7442,stage2,5,0.06494001299142838,0.3147589862346649,0.0,0.06494001299142838,0.0001,1e-05,50.338,1.9703,0.6355
7443,stage2,5,0.057931117713451385,0.2675205171108246,0.0,0.057931117713451385,0.0001,1e-05,50.336,1.928,0.6351
7444,stage2,5,0.07851313799619675,0.26028650999069214,0.0,0.07851313799619675,0.0001,1e-05,50.333,1.9099,0.6363
7445,stage2,5,0.07266729325056076,0.23964732885360718,0.0,0.07266729325056076,0.0001,1e-05,50.335,2.1194,3.4955
7446,stage2,5,0.07558853179216385,0.2701597213745117,0.0,0.07558853179216385,0.0001,1e-05,50.335,2.1581,0.6343
7447,stage2,5,0.07296396791934967,0.25369977951049805,0.0,0.07296396791934967,0.0001,1e-05,50.332,2.0915,0.6344
7448,stage2,5,0.0663062334060669,0.2661385238170624,0.0,0.0663062334060669,0.0001,1e-05,50.332,1.6524,0.6351
7449,stage2,5,0.07132841646671295,0.2912898361682892,0.0,0.07132841646671295,0.0001,1e-05,50.336,2.3883,0.6357
7450,stage2,5,0.06662395596504211,0.24420484900474548,0.0,0.06662395596504211,0.0001,1e-05,50.336,1.8937,0.6362
7451,stage2,5,0.0761672705411911,0.24927888810634613,0.0,0.0761672705411911,0.0001,1e-05,50.333,2.2948,0.6361
7452,stage2,5,0.07299952954053879,0.26058271527290344,0.0,0.07299952954053879,0.0001,1e-05,50.337,2.211,0.637
7453,stage2,5,0.06340309977531433,0.2794930934906006,0.0,0.06340309977531433,0.0001,1e-05,50.335,1.8004,3.5419
7454,stage2,5,0.07840737700462341,0.2764888405799866,0.0,0.07840737700462341,0.0001,1e-05,50.334,2.4362,0.6337
7455,stage2,5,0.06688277423381805,0.2958465814590454,0.0,0.06688277423381805,0.0001,1e-05,50.335,2.2224,0.635
7456,stage2,5,0.0714123547077179,0.2616136968135834,0.0,0.0714123547077179,0.0001,1e-05,50.332,2.1531,0.6345
7457,stage2,5,0.07985581457614899,0.25784680247306824,0.0,0.07985581457614899,0.0001,1e-05,50.337,2.4335,0.6346
7458,stage2,5,0.06248173117637634,0.2983117699623108,0.0,0.06248173117637634,0.0001,1e-05,50.335,1.8102,0.635
7459,stage2,5,0.07331223040819168,0.26274174451828003,0.0,0.07331223040819168,0.0001,1e-05,50.334,2.1445,0.6359
7460,stage2,5,0.06922736763954163,0.26969486474990845,0.0,0.06922736763954163,0.0001,1e-05,50.334,2.3534,0.6366
7461,stage2,5,0.06297975033521652,0.24907533824443817,0.0,0.06297975033521652,0.0001,1e-05,50.332,2.1974,3.5672
7462,stage2,5,0.08018746227025986,0.23502551019191742,0.0,0.08018746227025986,0.0001,1e-05,50.335,2.4025,0.6336
7463,stage2,5,0.07376053184270859,0.2357410043478012,0.0,0.07376053184270859,0.0001,1e-05,50.331,2.4151,0.6345
7464,stage2,5,0.07324037700891495,0.2912238538265228,0.0,0.07324037700891495,0.0001,1e-05,50.333,2.1298,0.6349
7465,stage2,5,0.06805882602930069,0.2714967429637909,0.0,0.06805882602930069,0.0001,1e-05,50.335,2.1881,0.6345
7466,stage2,5,0.058333493769168854,0.3576700687408447,0.0,0.058333493769168854,0.0001,1e-05,50.333,2.0149,0.6356
7467,stage2,5,0.07853499054908752,0.2562956213951111,0.0,0.07853499054908752,0.0001,1e-05,50.334,2.5505,0.6359
7468,stage2,5,0.06924420595169067,0.25966140627861023,0.0,0.06924420595169067,0.0001,1e-05,50.336,1.9397,0.6361
7469,stage2,5,0.06171904131770134,0.24708449840545654,0.0,0.06171904131770134,0.0001,1e-05,50.333,1.9895,3.5161
7470,stage2,5,0.0749826580286026,0.2818709909915924,0.0,0.0749826580286026,0.0001,1e-05,50.331,2.2208,0.6342
7471,stage2,5,0.0660228356719017,0.2532133460044861,0.0,0.0660228356719017,0.0001,1e-05,50.335,1.8198,0.6352
7472,stage2,5,0.07705611735582352,0.2519513666629791,0.0,0.07705611735582352,0.0001,1e-05,50.337,2.4467,0.6351
7473,stage2,5,0.07530293613672256,0.2667860686779022,0.0,0.07530293613672256,0.0001,1e-05,50.337,1.8369,0.6354
7474,stage2,5,0.07306338101625443,0.24143502116203308,0.0,0.07306338101625443,0.0001,1e-05,50.334,2.2641,0.6353
7475,stage2,5,0.08217840641736984,0.2538028955459595,0.0,0.08217840641736984,0.0001,1e-05,50.335,2.3494,0.6351
7476,stage2,5,0.07087191939353943,0.26164624094963074,0.0,0.07087191939353943,0.0001,1e-05,50.335,1.9914,0.6356
7477,stage2,5,0.07169155031442642,0.2535959780216217,0.0,0.07169155031442642,0.0001,1e-05,50.338,1.9538,3.6124
7478,stage2,5,0.07757174223661423,0.2974229156970978,0.0,0.07757174223661423,0.0001,1e-05,50.332,2.4792,0.6347
7479,stage2,5,0.06618392467498779,0.2862655222415924,0.0,0.06618392467498779,0.0001,1e-05,50.335,2.2487,0.6358
7480,stage2,5,0.06266448646783829,0.24593263864517212,0.0,0.06266448646783829,0.0001,1e-05,50.335,1.8831,0.6348
7481,stage2,5,0.07093879580497742,0.2964491546154022,0.0,0.07093879580497742,0.0001,1e-05,50.333,2.1475,0.6356
7482,stage2,5,0.06806433200836182,0.26566964387893677,0.0,0.06806433200836182,0.0001,1e-05,50.332,2.3429,0.636
7483,stage2,5,0.07635042816400528,0.25592994689941406,0.0,0.07635042816400528,0.0001,1e-05,50.335,2.0929,0.636
7484,stage2,5,0.05978788435459137,0.2715156376361847,0.0,0.05978788435459137,0.0001,1e-05,50.336,1.8142,0.6363
7485,stage2,5,0.0843634158372879,0.24811843037605286,0.0,0.0843634158372879,0.0001,1e-05,50.335,2.4776,3.6164
7486,stage2,5,0.07245834171772003,0.2472895383834839,0.0,0.07245834171772003,0.0001,1e-05,50.334,2.6282,0.6342
7487,stage2,5,0.08188335597515106,0.23713672161102295,0.0,0.08188335597515106,0.0001,1e-05,50.333,2.7921,0.6343
7488,stage2,5,0.06914879381656647,0.23748525977134705,0.0,0.06914879381656647,0.0001,1e-05,50.335,2.2687,0.6352
7489,stage2,5,0.07030177116394043,0.25301721692085266,0.0,0.07030177116394043,0.0001,1e-05,50.337,2.6213,0.6349
7490,stage2,5,0.06640594452619553,0.3072153329849243,0.0,0.06640594452619553,0.0001,1e-05,50.338,2.2502,0.6356
7491,stage2,5,0.06960183382034302,0.24499331414699554,0.0,0.06960183382034302,0.0001,1e-05,50.334,2.8225,0.6354
7492,stage2,5,0.06893716752529144,0.2931566834449768,0.0,0.06893716752529144,0.0001,1e-05,50.337,1.9623,0.6361
7493,stage2,5,0.07721814513206482,0.2901419401168823,0.0,0.07721814513206482,0.0001,1e-05,50.335,2.5963,3.5792
7494,stage2,5,0.07443664968013763,0.2632372975349426,0.0,0.07443664968013763,0.0001,1e-05,50.336,2.4231,0.6334
7495,stage2,5,0.06893737614154816,0.2897271513938904,0.0,0.06893737614154816,0.0001,1e-05,50.334,2.2637,0.6339
7496,stage2,5,0.06843209266662598,0.26674023270606995,0.0,0.06843209266662598,0.0001,1e-05,50.333,2.1534,0.6355
7497,stage2,5,0.06761009246110916,0.2517944872379303,0.0,0.06761009246110916,0.0001,1e-05,50.338,2.0206,0.635
7498,stage2,5,0.06542246788740158,0.2971014678478241,0.0,0.06542246788740158,0.0001,1e-05,50.333,1.997,0.636
7499,stage2,5,0.06797277182340622,0.28491851687431335,0.0,0.06797277182340622,0.0001,1e-05,50.334,2.2975,0.6362
7500,stage2,5,0.07645612210035324,0.29073581099510193,0.0,0.07645612210035324,0.0001,1e-05,50.335,2.0999,0.6361
7501,stage2,5,0.07421158254146576,0.29466092586517334,0.0,0.07421158254146576,0.0001,1e-05,50.337,2.0942,3.5722
7502,stage2,5,0.07606622576713562,0.25708383321762085,0.0,0.07606622576713562,0.0001,1e-05,50.335,1.8883,0.6347
7503,stage2,5,0.06449674814939499,0.2692447304725647,0.0,0.06449674814939499,0.0001,1e-05,50.331,1.8849,0.6352
7504,stage2,5,0.07603869587182999,0.28760021924972534,0.0,0.07603869587182999,0.0001,1e-05,50.337,2.2104,0.6351
7505,stage2,5,0.07895909994840622,0.2713269293308258,0.0,0.07895909994840622,0.0001,1e-05,50.333,2.6129,0.6353
7506,stage2,5,0.08112246543169022,0.24324387311935425,0.0,0.08112246543169022,0.0001,1e-05,50.334,2.0364,0.6364
7507,stage2,5,0.0698804259300232,0.2806561589241028,0.0,0.0698804259300232,0.0001,1e-05,50.332,2.1572,0.6358
7508,stage2,5,0.06852959096431732,0.27158892154693604,0.0,0.06852959096431732,0.0001,1e-05,50.336,1.6105,0.6365
7509,stage2,5,0.07240673899650574,0.2650435268878937,0.0,0.07240673899650574,0.0001,1e-05,50.337,2.3287,3.8028
7510,stage2,5,0.07184138894081116,0.286523699760437,0.0,0.07184138894081116,0.0001,1e-05,50.337,2.56,0.6337
7511,stage2,5,0.06992216408252716,0.2693365812301636,0.0,0.06992216408252716,0.0001,1e-05,50.333,2.1312,0.6353
7512,stage2,5,0.0741681158542633,0.28092578053474426,0.0,0.0741681158542633,0.0001,1e-05,50.338,1.8783,0.6353
7513,stage2,5,0.0801234245300293,0.27640825510025024,0.0,0.0801234245300293,0.0001,1e-05,50.331,2.518,0.6355
7514,stage2,5,0.07036492228507996,0.2889023423194885,0.0,0.07036492228507996,0.0001,1e-05,50.333,2.1589,0.6365
7515,stage2,5,0.06517866998910904,0.283195436000824,0.0,0.06517866998910904,0.0001,1e-05,50.34,2.4673,0.636
7516,stage2,5,0.06782630831003189,0.30381712317466736,0.0,0.06782630831003189,0.0001,1e-05,50.338,1.8454,0.6365
7517,stage2,5,0.07598207145929337,0.28025022149086,0.0,0.07598207145929337,0.0001,1e-05,50.34,2.3704,3.5575
7518,stage2,5,0.07256114482879639,0.31276825070381165,0.0,0.07256114482879639,0.0001,1e-05,50.337,2.6032,0.6349
7519,stage2,5,0.07643552869558334,0.23898805677890778,0.0,0.07643552869558334,0.0001,1e-05,50.337,1.9277,0.6342
7520,stage2,5,0.06323897838592529,0.24006056785583496,0.0,0.06323897838592529,0.0001,1e-05,50.338,1.7165,0.6349
7521,stage2,5,0.07749693095684052,0.2597280740737915,0.0,0.07749693095684052,0.0001,1e-05,50.337,2.6004,0.6349
7522,stage2,5,0.07035428285598755,0.2568661570549011,0.0,0.07035428285598755,0.0001,1e-05,50.337,2.1646,0.6364
7523,stage2,5,0.0728658139705658,0.2904098629951477,0.0,0.0728658139705658,0.0001,1e-05,50.336,2.1448,0.6362
7524,stage2,5,0.06917623430490494,0.2593443691730499,0.0,0.06917623430490494,0.0001,1e-05,50.336,2.2945,0.6364
7525,stage2,5,0.07038873434066772,0.28541573882102966,0.0,0.07038873434066772,0.0001,1e-05,50.333,2.0839,3.5807
7526,stage2,5,0.070069320499897,0.25037524104118347,0.0,0.070069320499897,0.0001,1e-05,50.333,2.0798,0.6347
7527,stage2,5,0.06837201863527298,0.24622857570648193,0.0,0.06837201863527298,0.0001,1e-05,50.337,1.865,0.6352
7528,stage2,5,0.08028387278318405,0.28986820578575134,0.0,0.08028387278318405,0.0001,1e-05,50.336,2.337,0.6356
7529,stage2,5,0.06657339632511139,0.2725882828235626,0.0,0.06657339632511139,0.0001,1e-05,50.333,1.824,0.636
7530,stage2,5,0.07092764973640442,0.2579118609428406,0.0,0.07092764973640442,0.0001,1e-05,50.336,1.9108,0.6367
7531,stage2,5,0.07002060115337372,0.27290162444114685,0.0,0.07002060115337372,0.0001,1e-05,50.34,2.3206,0.6365
7532,stage2,5,0.07572957873344421,0.27183061838150024,0.0,0.07572957873344421,0.0001,1e-05,50.331,2.2874,0.6365
7533,stage2,5,0.07210826873779297,0.2611844837665558,0.0,0.07210826873779297,0.0001,1e-05,50.337,2.1919,3.565
7534,stage2,5,0.07864637672901154,0.26829805970191956,0.0,0.07864637672901154,0.0001,1e-05,50.338,2.1314,0.6337
7535,stage2,5,0.07260220497846603,0.25762590765953064,0.0,0.07260220497846603,0.0001,1e-05,50.339,2.2731,0.6344
7536,stage2,5,0.0623239204287529,0.29492002725601196,0.0,0.0623239204287529,0.0001,1e-05,50.334,1.7998,0.6357
7537,stage2,5,0.06266283243894577,0.24606357514858246,0.0,0.06266283243894577,0.0001,1e-05,50.333,1.8288,0.6355
7538,stage2,5,0.06481988728046417,0.2837715148925781,0.0,0.06481988728046417,0.0001,1e-05,50.338,2.1612,0.6355
7539,stage2,5,0.07134205102920532,0.2636650800704956,0.0,0.07134205102920532,0.0001,1e-05,50.338,2.1662,0.6355
7540,stage2,5,0.06722132116556168,0.2746698260307312,0.0,0.06722132116556168,0.0001,1e-05,50.337,2.0038,0.6371
7541,stage2,5,0.06820602715015411,0.2701127529144287,0.0,0.06820602715015411,0.0001,1e-05,50.339,2.0225,3.5629
7542,stage2,5,0.06711718440055847,0.28928861021995544,0.0,0.06711718440055847,0.0001,1e-05,50.335,1.6976,0.6347
7543,stage2,5,0.06074955686926842,0.31507593393325806,0.0,0.06074955686926842,0.0001,1e-05,50.334,1.8835,0.6346
7544,stage2,5,0.06919103860855103,0.2987697124481201,0.0,0.06919103860855103,0.0001,1e-05,50.339,2.9559,0.6354
7545,stage2,5,0.07579508423805237,0.2722533345222473,0.0,0.07579508423805237,0.0001,1e-05,50.337,2.5729,0.6352
7546,stage2,5,0.07288993895053864,0.32282644510269165,0.0,0.07288993895053864,0.0001,1e-05,50.333,2.0679,0.6365
7547,stage2,5,0.0688316598534584,0.2694454491138458,0.0,0.0688316598534584,0.0001,1e-05,50.336,1.9179,0.6371
7548,stage2,5,0.07169771939516068,0.2719210684299469,0.0,0.07169771939516068,0.0001,1e-05,50.339,2.2099,0.6366
7549,stage2,5,0.06472688168287277,0.2600867748260498,0.0,0.06472688168287277,0.0001,1e-05,50.339,1.9216,3.5755
7550,stage2,5,0.07761318981647491,0.2742597758769989,0.0,0.07761318981647491,0.0001,1e-05,50.335,2.3477,0.636
7551,stage2,5,0.06217290088534355,0.30320218205451965,0.0,0.06217290088534355,0.0001,1e-05,50.338,1.9368,0.6356
7552,stage2,5,0.07162007689476013,0.26020026206970215,0.0,0.07162007689476013,0.0001,1e-05,50.335,2.3508,0.636
7553,stage2,5,0.0761849507689476,0.26762107014656067,0.0,0.0761849507689476,0.0001,1e-05,50.337,2.3495,0.6353
7554,stage2,5,0.06254750490188599,0.27616074681282043,0.0,0.06254750490188599,0.0001,1e-05,50.335,1.902,0.6359
7555,stage2,5,0.06740263104438782,0.27003687620162964,0.0,0.06740263104438782,0.0001,1e-05,50.338,1.9818,0.6351
7556,stage2,5,0.06367871910333633,0.28383365273475647,0.0,0.06367871910333633,0.0001,1e-05,50.337,2.1604,0.6364
7557,stage2,5,0.06510116159915924,0.2655109465122223,0.0,0.06510116159915924,0.0001,1e-05,50.337,1.7752,3.6341
7558,stage2,5,0.07052671909332275,0.25694119930267334,0.0,0.07052671909332275,0.0001,1e-05,50.338,2.071,0.634
7559,stage2,5,0.06220932677388191,0.2643803060054779,0.0,0.06220932677388191,0.0001,1e-05,50.338,2.0174,0.635
7560,stage2,5,0.07037109136581421,0.2879742681980133,0.0,0.07037109136581421,0.0001,1e-05,50.336,2.8543,0.6356
7561,stage2,5,0.08034674823284149,0.26386553049087524,0.0,0.08034674823284149,0.0001,1e-05,50.337,2.3362,0.6364
7562,stage2,5,0.06766919046640396,0.27165472507476807,0.0,0.06766919046640396,0.0001,1e-05,50.335,1.8743,0.6361
7563,stage2,5,0.07371528446674347,0.2539052963256836,0.0,0.07371528446674347,0.0001,1e-05,50.335,2.1705,0.6365
7564,stage2,5,0.07310597598552704,0.26895377039909363,0.0,0.07310597598552704,0.0001,1e-05,50.337,2.4853,0.6359
7565,stage2,5,0.07112583518028259,0.25068867206573486,0.0,0.07112583518028259,0.0001,1e-05,50.338,2.294,3.5186
7566,stage2,5,0.06771867722272873,0.2783387303352356,0.0,0.06771867722272873,0.0001,1e-05,50.336,2.0655,0.6356
7567,stage2,5,0.08296824246644974,0.22840411961078644,0.0,0.08296824246644974,0.0001,1e-05,50.338,3.356,0.6358
7568,stage2,5,0.058573804795742035,0.2502962350845337,0.0,0.058573804795742035,0.0001,1e-05,50.332,1.8979,0.6356
7569,stage2,5,0.06799907982349396,0.2596941590309143,0.0,0.06799907982349396,0.0001,1e-05,50.337,1.8965,0.6362
7570,stage2,5,0.07070069760084152,0.2565799951553345,0.0,0.07070069760084152,0.0001,1e-05,50.338,2.128,0.636
7571,stage2,5,0.06431932747364044,0.3018819987773895,0.0,0.06431932747364044,0.0001,1e-05,50.334,2.0125,0.6362
7572,stage2,5,0.07642441242933273,0.2342672049999237,0.0,0.07642441242933273,0.0001,1e-05,50.338,2.2822,0.6373
7573,stage2,5,0.06728871166706085,0.2752355933189392,0.0,0.06728871166706085,0.0001,1e-05,50.339,1.8591,3.5901
7574,stage2,5,0.07693228870630264,0.2504993677139282,0.0,0.07693228870630264,0.0001,1e-05,50.337,2.1327,0.6368
7575,stage2,5,0.06431841850280762,0.24501517415046692,0.0,0.06431841850280762,0.0001,1e-05,50.337,2.0663,0.6353
7576,stage2,5,0.07396955043077469,0.256637841463089,0.0,0.07396955043077469,0.0001,1e-05,50.334,1.815,0.6353
7577,stage2,5,0.07453714311122894,0.2676457166671753,0.0,0.07453714311122894,0.0001,1e-05,50.334,2.2104,0.6355
7578,stage2,5,0.0776435062289238,0.2935131788253784,0.0,0.0776435062289238,0.0001,1e-05,50.335,2.3384,0.6353
7579,stage2,5,0.06410922110080719,0.2685868442058563,0.0,0.06410922110080719,0.0001,1e-05,50.339,2.2105,0.6358
7580,stage2,5,0.059296172112226486,0.26807790994644165,0.0,0.059296172112226486,0.0001,1e-05,50.334,1.8299,0.6372
7581,stage2,5,0.06833439320325851,0.29781532287597656,0.0,0.06833439320325851,0.0001,1e-05,50.337,2.2849,3.6112
7582,stage2,5,0.07125458866357803,0.22161652147769928,0.0,0.07125458866357803,0.0001,1e-05,50.335,2.3655,0.6352
7583,stage2,5,0.0669337809085846,0.23817823827266693,0.0,0.0669337809085846,0.0001,1e-05,50.338,1.8618,0.6349
7584,stage2,5,0.08316115289926529,0.2369268238544464,0.0,0.08316115289926529,0.0001,1e-05,50.339,2.2948,0.6354
7585,stage2,5,0.07335694879293442,0.2759115695953369,0.0,0.07335694879293442,0.0001,1e-05,50.334,2.1268,0.6351
7586,stage2,5,0.06682093441486359,0.3000691831111908,0.0,0.06682093441486359,0.0001,1e-05,50.334,2.0874,0.6365
7587,stage2,5,0.06251244246959686,0.25294753909111023,0.0,0.06251244246959686,0.0001,1e-05,50.334,1.8996,0.6372
7588,stage2,5,0.06815414130687714,0.24231301248073578,0.0,0.06815414130687714,0.0001,1e-05,50.338,2.0744,0.6367
7589,stage2,5,0.061869725584983826,0.28115004301071167,0.0,0.061869725584983826,0.0001,1e-05,50.337,1.8784,3.5936
7590,stage2,5,0.0670711100101471,0.2771863341331482,0.0,0.0670711100101471,0.0001,1e-05,50.34,1.7686,0.634
7591,stage2,5,0.06566785275936127,0.2702920436859131,0.0,0.06566785275936127,0.0001,1e-05,50.336,1.9884,0.6341
7592,stage2,5,0.06598706543445587,0.2757565975189209,0.0,0.06598706543445587,0.0001,1e-05,50.334,2.0611,0.6349
7593,stage2,5,0.06774517148733139,0.29713737964630127,0.0,0.06774517148733139,0.0001,1e-05,50.339,1.7957,0.6354
7594,stage2,5,0.06631536036729813,0.2955450713634491,0.0,0.06631536036729813,0.0001,1e-05,50.334,1.8963,0.6361
7595,stage2,5,0.06484248489141464,0.24237708747386932,0.0,0.06484248489141464,0.0001,1e-05,50.334,1.8919,0.6361
7596,stage2,5,0.08553864806890488,0.2753845155239105,0.0,0.08553864806890488,0.0001,1e-05,50.334,2.4063,0.6362
7597,stage2,5,0.06265363097190857,0.27723056077957153,0.0,0.06265363097190857,0.0001,1e-05,50.336,1.8609,3.6165
7598,stage2,5,0.07834023237228394,0.2577167749404907,0.0,0.07834023237228394,0.0001,1e-05,50.334,2.0732,0.6346
7599,stage2,5,0.07931893318891525,0.2604883313179016,0.0,0.07931893318891525,0.0001,1e-05,50.334,2.1098,0.6346
7600,stage2,5,0.07090513408184052,0.2520764172077179,0.0,0.07090513408184052,0.0001,1e-05,50.333,1.9335,0.6359
7601,stage2,5,0.06602359563112259,0.2890993654727936,0.0,0.06602359563112259,0.0001,1e-05,50.334,2.0627,0.6354
7602,stage2,5,0.07699965685606003,0.31192463636398315,0.0,0.07699965685606003,0.0001,1e-05,50.335,2.0886,0.6355
7603,stage2,5,0.07495038956403732,0.28427183628082275,0.0,0.07495038956403732,0.0001,1e-05,50.339,1.8355,0.6371
7604,stage2,5,0.06255573034286499,0.2540607154369354,0.0,0.06255573034286499,0.0001,1e-05,50.335,1.8468,0.637
7605,stage2,5,0.06761132925748825,0.2702255845069885,0.0,0.06761132925748825,0.0001,1e-05,50.333,2.0989,3.5102
7606,stage2,5,0.07334713637828827,0.25423622131347656,0.0,0.07334713637828827,0.0001,1e-05,50.336,2.3439,0.6354
7607,stage2,5,0.06736995279788971,0.28477156162261963,0.0,0.06736995279788971,0.0001,1e-05,50.334,1.7859,0.6352
7608,stage2,5,0.06858298182487488,0.2557491362094879,0.0,0.06858298182487488,0.0001,1e-05,50.338,1.9904,0.6351
7609,stage2,5,0.06277326494455338,0.26883620023727417,0.0,0.06277326494455338,0.0001,1e-05,50.337,1.7777,0.6358
7610,stage2,5,0.07074019312858582,0.2830619215965271,0.0,0.07074019312858582,0.0001,1e-05,50.336,2.0153,0.6363
7611,stage2,5,0.06910259276628494,0.2530159652233124,0.0,0.06910259276628494,0.0001,1e-05,50.335,2.1928,0.6357
7612,stage2,5,0.07620643079280853,0.25367414951324463,0.0,0.07620643079280853,0.0001,1e-05,50.333,2.0483,0.6358
7613,stage2,5,0.07526153326034546,0.2764129638671875,0.0,0.07526153326034546,0.0001,1e-05,50.338,2.6557,3.5858
7614,stage2,5,0.07474369555711746,0.26061663031578064,0.0,0.07474369555711746,0.0001,1e-05,50.337,2.2004,0.6332
7615,stage2,5,0.06436152756214142,0.27707961201667786,0.0,0.06436152756214142,0.0001,1e-05,50.335,1.6081,0.6346
7616,stage2,5,0.06408475339412689,0.2647823095321655,0.0,0.06408475339412689,0.0001,1e-05,50.334,1.7038,0.6355
7617,stage2,5,0.07322777062654495,0.28107696771621704,0.0,0.07322777062654495,0.0001,1e-05,50.334,2.1227,0.6359
7618,stage2,5,0.08027525246143341,0.2539956569671631,0.0,0.08027525246143341,0.0001,1e-05,50.337,2.3348,0.6362
7619,stage2,5,0.06415984034538269,0.26196521520614624,0.0,0.06415984034538269,0.0001,1e-05,50.339,2.0401,0.6359
7620,stage2,5,0.07115072011947632,0.2649470865726471,0.0,0.07115072011947632,0.0001,1e-05,50.339,2.0617,0.6361
7621,stage2,5,0.06339684128761292,0.25873953104019165,0.0,0.06339684128761292,0.0001,1e-05,50.338,1.9926,3.5408
7622,stage2,5,0.06836173683404922,0.2769238352775574,0.0,0.06836173683404922,0.0001,1e-05,50.332,2.2084,0.6345
7623,stage2,5,0.07254398614168167,0.24317772686481476,0.0,0.07254398614168167,0.0001,1e-05,50.337,2.0674,0.6348
7624,stage2,5,0.06399472802877426,0.2663317322731018,0.0,0.06399472802877426,0.0001,1e-05,50.336,1.7012,0.6367
7625,stage2,5,0.06746502220630646,0.29474708437919617,0.0,0.06746502220630646,0.0001,1e-05,50.339,1.8515,0.6353
7626,stage2,5,0.07551044970750809,0.2615934908390045,0.0,0.07551044970750809,0.0001,1e-05,50.334,2.2394,0.6358
7627,stage2,5,0.0628129243850708,0.2655772268772125,0.0,0.0628129243850708,0.0001,1e-05,50.334,1.8853,0.636
7628,stage2,5,0.07222676277160645,0.2751006782054901,0.0,0.07222676277160645,0.0001,1e-05,50.333,2.2464,0.6363
7629,stage2,5,0.06952406466007233,0.2575226128101349,0.0,0.06952406466007233,0.0001,1e-05,50.34,1.9869,3.5302
7630,stage2,5,0.07317381352186203,0.2993965744972229,0.0,0.07317381352186203,0.0001,1e-05,50.336,1.8559,0.6327
7631,stage2,5,0.0698896124958992,0.26943689584732056,0.0,0.0698896124958992,0.0001,1e-05,50.337,1.9282,0.6345
7632,stage2,5,0.05916109308600426,0.2846197783946991,0.0,0.05916109308600426,0.0001,1e-05,50.334,1.9217,0.6348
7633,stage2,5,0.07600852847099304,0.26398006081581116,0.0,0.07600852847099304,0.0001,1e-05,50.332,2.4989,0.6358
7634,stage2,5,0.07239311188459396,0.25619199872016907,0.0,0.07239311188459396,0.0001,1e-05,50.336,1.949,0.6357
7635,stage2,5,0.06244448572397232,0.273161381483078,0.0,0.06244448572397232,0.0001,1e-05,50.333,1.8853,0.6358
7636,stage2,5,0.07393770664930344,0.27559351921081543,0.0,0.07393770664930344,0.0001,1e-05,50.335,1.8789,0.6361
7637,stage2,5,0.07357870787382126,0.2409099042415619,0.0,0.07357870787382126,0.0001,1e-05,50.337,2.2522,3.5503
7638,stage2,5,0.07036637514829636,0.2796737849712372,0.0,0.07036637514829636,0.0001,1e-05,50.337,1.96,0.6345
7639,stage2,5,0.06620462238788605,0.2723037600517273,0.0,0.06620462238788605,0.0001,1e-05,50.336,1.8146,0.6357
7640,stage2,5,0.06697080284357071,0.2825165092945099,0.0,0.06697080284357071,0.0001,1e-05,50.333,2.237,0.6355
7641,stage2,5,0.07524555176496506,0.2738920748233795,0.0,0.07524555176496506,0.0001,1e-05,50.339,2.3703,0.6351
7642,stage2,5,0.07639500498771667,0.28968390822410583,0.0,0.07639500498771667,0.0001,1e-05,50.34,2.181,0.6354
7643,stage2,5,0.06111247465014458,0.2799805998802185,0.0,0.06111247465014458,0.0001,1e-05,50.332,1.7251,0.636
7644,stage2,5,0.07393897324800491,0.26526737213134766,0.0,0.07393897324800491,0.0001,1e-05,50.337,2.5663,0.6367
7645,stage2,5,0.06986065953969955,0.2360919713973999,0.0,0.06986065953969955,0.0001,1e-05,50.335,1.9713,3.5972
7646,stage2,5,0.0733015388250351,0.25279033184051514,0.0,0.0733015388250351,0.0001,1e-05,50.34,1.9558,0.6351
7647,stage2,5,0.08205294609069824,0.2627779543399811,0.0,0.08205294609069824,0.0001,1e-05,50.337,2.3347,0.6348
7648,stage2,5,0.07279445230960846,0.26927316188812256,0.0,0.07279445230960846,0.0001,1e-05,50.336,2.3518,0.6357
7649,stage2,5,0.06965196132659912,0.27971839904785156,0.0,0.06965196132659912,0.0001,1e-05,50.335,2.1413,0.6366
7650,stage2,5,0.06644421815872192,0.31042614579200745,0.0,0.06644421815872192,0.0001,1e-05,50.333,2.2249,0.6366
7651,stage2,5,0.07209571450948715,0.24007320404052734,0.0,0.07209571450948715,0.0001,1e-05,50.335,1.7993,0.637
7652,stage2,5,0.07548397779464722,0.2886684536933899,0.0,0.07548397779464722,0.0001,1e-05,50.34,1.9994,0.6368
7653,stage2,5,0.07587325572967529,0.2524893581867218,0.0,0.07587325572967529,0.0001,1e-05,50.339,2.1139,3.5486
7654,stage2,5,0.06499990075826645,0.30430349707603455,0.0,0.06499990075826645,0.0001,1e-05,50.334,1.8646,0.6345
7655,stage2,5,0.07285098731517792,0.23200471699237823,0.0,0.07285098731517792,0.0001,1e-05,50.336,2.4023,0.6359
7656,stage2,5,0.07159411907196045,0.23045691847801208,0.0,0.07159411907196045,0.0001,1e-05,50.331,1.9781,0.6362
7657,stage2,5,0.08221836388111115,0.26395055651664734,0.0,0.08221836388111115,0.0001,1e-05,50.335,2.6477,0.6359
7658,stage2,5,0.07125107198953629,0.2413570135831833,0.0,0.07125107198953629,0.0001,1e-05,50.337,2.3721,0.6362
7659,stage2,5,0.06671130657196045,0.2822756767272949,0.0,0.06671130657196045,0.0001,1e-05,50.333,1.6305,0.6367
7660,stage2,5,0.07564806193113327,0.2869108021259308,0.0,0.07564806193113327,0.0001,1e-05,50.333,1.8991,0.6371
7661,stage2,5,0.07129299640655518,0.25856631994247437,0.0,0.07129299640655518,0.0001,1e-05,50.336,2.1448,3.551
7662,stage2,5,0.06837362796068192,0.26321911811828613,0.0,0.06837362796068192,0.0001,1e-05,50.338,1.8654,0.6341
7663,stage2,5,0.06401564180850983,0.25621283054351807,0.0,0.06401564180850983,0.0001,1e-05,50.341,1.9484,0.6346
7664,stage2,5,0.06840884685516357,0.2794429659843445,0.0,0.06840884685516357,0.0001,1e-05,50.336,1.9527,0.6361
7665,stage2,5,0.06714802980422974,0.2683122754096985,0.0,0.06714802980422974,0.0001,1e-05,50.336,1.7864,0.6347
7666,stage2,5,0.0719146579504013,0.25706058740615845,0.0,0.0719146579504013,0.0001,1e-05,50.335,1.9124,0.6359
7667,stage2,5,0.06416989117860794,0.24851782619953156,0.0,0.06416989117860794,0.0001,1e-05,50.335,1.8963,0.6373
7668,stage2,5,0.06652208417654037,0.2603484094142914,0.0,0.06652208417654037,0.0001,1e-05,50.334,2.002,0.6365
7669,stage2,5,0.0658932477235794,0.2934327721595764,0.0,0.0658932477235794,0.0001,1e-05,50.334,1.7599,3.5582
7670,stage2,5,0.06607513129711151,0.2674366533756256,0.0,0.06607513129711151,0.0001,1e-05,50.34,1.9971,0.6345
7671,stage2,5,0.07580239325761795,0.2637915313243866,0.0,0.07580239325761795,0.0001,1e-05,50.335,1.9277,0.6348
7672,stage2,5,0.08116301149129868,0.26928144693374634,0.0,0.08116301149129868,0.0001,1e-05,50.336,2.1607,0.6364
7673,stage2,5,0.052512940019369125,0.29362809658050537,0.0,0.052512940019369125,0.0001,1e-05,50.334,1.4345,0.6364
7674,stage2,5,0.06140212342143059,0.2689400911331177,0.0,0.06140212342143059,0.0001,1e-05,50.334,1.8302,0.6362
7675,stage2,5,0.06817888468503952,0.2744879424571991,0.0,0.06817888468503952,0.0001,1e-05,50.331,1.9595,0.637
7676,stage2,5,0.07974894344806671,0.29642796516418457,0.0,0.07974894344806671,0.0001,1e-05,50.336,2.9079,0.6373
7677,stage2,5,0.07300037145614624,0.2643853425979614,0.0,0.07300037145614624,0.0001,1e-05,50.336,2.2676,3.5482
7678,stage2,5,0.06596438586711884,0.2832869291305542,0.0,0.06596438586711884,0.0001,1e-05,50.338,1.8835,0.6347
7679,stage2,5,0.061809007078409195,0.2916466295719147,0.0,0.061809007078409195,0.0001,1e-05,50.335,2.1317,0.636
7680,stage2,5,0.06599146127700806,0.2538309395313263,0.0,0.06599146127700806,0.0001,1e-05,50.334,1.9219,0.6365
7681,stage2,5,0.06967905908823013,0.26265373826026917,0.0,0.06967905908823013,0.0001,1e-05,50.332,1.8666,0.6361
7682,stage2,5,0.06697605550289154,0.29213592410087585,0.0,0.06697605550289154,0.0001,1e-05,50.337,2.3207,0.637
7683,stage2,5,0.06932786852121353,0.24958530068397522,0.0,0.06932786852121353,0.0001,1e-05,50.336,2.1429,0.6368
7684,stage2,5,0.08239340037107468,0.26215580105781555,0.0,0.08239340037107468,0.0001,1e-05,50.337,2.536,0.6376
7685,stage2,5,0.07664673030376434,0.2503907382488251,0.0,0.07664673030376434,0.0001,1e-05,50.337,2.226,3.5496
7686,stage2,5,0.07646792382001877,0.22824712097644806,0.0,0.07646792382001877,0.0001,1e-05,50.335,2.2916,0.6348
7687,stage2,5,0.06094377115368843,0.284446656703949,0.0,0.06094377115368843,0.0001,1e-05,50.334,1.9166,0.6351
7688,stage2,5,0.075638547539711,0.28316330909729004,0.0,0.075638547539711,0.0001,1e-05,50.337,2.2686,0.636
7689,stage2,5,0.07801450788974762,0.2441965639591217,0.0,0.07801450788974762,0.0001,1e-05,50.335,2.178,0.6361
7690,stage2,5,0.07306846231222153,0.31213080883026123,0.0,0.07306846231222153,0.0001,1e-05,50.331,2.4233,0.637
7691,stage2,5,0.06392266601324081,0.2908633351325989,0.0,0.06392266601324081,0.0001,1e-05,50.338,1.9434,0.6365
7692,stage2,5,0.0703776627779007,0.231637105345726,0.0,0.0703776627779007,0.0001,1e-05,50.335,2.0124,0.6364
7693,stage2,5,0.07809987664222717,0.2894713878631592,0.0,0.07809987664222717,0.0001,1e-05,50.337,2.2224,3.5256
7694,stage2,5,0.07645995914936066,0.2646033763885498,0.0,0.07645995914936066,0.0001,1e-05,50.339,1.8984,0.6377
7695,stage2,5,0.07180391997098923,0.267507940530777,0.0,0.07180391997098923,0.0001,1e-05,50.337,1.9123,0.6362
7696,stage2,5,0.05898187309503555,0.2649517059326172,0.0,0.05898187309503555,0.0001,1e-05,50.34,1.7132,0.6366
7697,stage2,5,0.06648029386997223,0.24955223500728607,0.0,0.06648029386997223,0.0001,1e-05,50.337,2.0558,0.6357
7698,stage2,5,0.06726156920194626,0.2756974399089813,0.0,0.06726156920194626,0.0001,1e-05,50.339,1.6593,0.6369
7699,stage2,5,0.06258990615606308,0.2751389145851135,0.0,0.06258990615606308,0.0001,1e-05,50.332,1.9096,0.637
7700,stage2,5,0.06964469701051712,0.27587494254112244,0.0,0.06964469701051712,0.0001,1e-05,50.337,2.1407,0.6365
7701,stage2,5,0.06499244272708893,0.28499725461006165,0.0,0.06499244272708893,0.0001,1e-05,50.339,2.2027,3.6258
7702,stage2,5,0.06030865013599396,0.302996426820755,0.0,0.06030865013599396,0.0001,1e-05,50.339,1.7549,0.6354
7703,stage2,5,0.06640759855508804,0.25920194387435913,0.0,0.06640759855508804,0.0001,1e-05,50.332,1.7474,0.6357
7704,stage2,5,0.07047045230865479,0.274672269821167,0.0,0.07047045230865479,0.0001,1e-05,50.335,2.1654,0.6367
7705,stage2,5,0.06552136689424515,0.2722828984260559,0.0,0.06552136689424515,0.0001,1e-05,50.333,1.8546,0.6368
7706,stage2,5,0.0686325877904892,0.25796815752983093,0.0,0.0686325877904892,0.0001,1e-05,50.333,1.9502,0.637
7707,stage2,5,0.07090231776237488,0.24708649516105652,0.0,0.07090231776237488,0.0001,1e-05,50.335,2.3619,0.6371
7708,stage2,5,0.06811168789863586,0.28554707765579224,0.0,0.06811168789863586,0.0001,1e-05,50.333,2.3219,0.6377
7709,stage2,5,0.062162794172763824,0.27999231219291687,0.0,0.062162794172763824,0.0001,1e-05,50.335,1.8607,3.5603
7710,stage2,5,0.07558836042881012,0.23287658393383026,0.0,0.07558836042881012,0.0001,1e-05,50.332,2.0051,0.635
7711,stage2,5,0.06512913852930069,0.2685602307319641,0.0,0.06512913852930069,0.0001,1e-05,50.334,2.1264,0.6353
7712,stage2,5,0.06734779477119446,0.2740961015224457,0.0,0.06734779477119446,0.0001,1e-05,50.333,2.299,0.636
7713,stage2,5,0.07266893237829208,0.2684873640537262,0.0,0.07266893237829208,0.0001,1e-05,50.333,2.2023,0.6358
7714,stage2,5,0.06692934781312943,0.24516786634922028,0.0,0.06692934781312943,0.0001,1e-05,50.337,2.1396,0.636
7715,stage2,5,0.06561783701181412,0.28109195828437805,0.0,0.06561783701181412,0.0001,1e-05,50.337,1.7555,0.6372
7716,stage2,5,0.06950054317712784,0.2667582333087921,0.0,0.06950054317712784,0.0001,1e-05,50.341,1.9877,0.6373
7717,stage2,5,0.07525008171796799,0.25070497393608093,0.0,0.07525008171796799,0.0001,1e-05,50.341,1.8488,3.4946
7718,stage2,5,0.07355708628892899,0.22294537723064423,0.0,0.07355708628892899,0.0001,1e-05,50.334,2.0416,0.6337
7719,stage2,5,0.07022340595722198,0.2492634505033493,0.0,0.07022340595722198,0.0001,1e-05,50.34,2.1124,0.6363
7720,stage2,5,0.0772484838962555,0.26397204399108887,0.0,0.0772484838962555,0.0001,1e-05,50.338,2.557,0.6357
7721,stage2,5,0.06025640666484833,0.34947213530540466,0.0,0.06025640666484833,0.0001,1e-05,50.338,1.9337,0.6361
7722,stage2,5,0.06015561893582344,0.30467501282691956,0.0,0.06015561893582344,0.0001,1e-05,50.335,1.879,0.6364
7723,stage2,5,0.05929877236485481,0.2918722629547119,0.0,0.05929877236485481,0.0001,1e-05,50.336,1.6897,0.6364
7724,stage2,5,0.07245227694511414,0.2474047839641571,0.0,0.07245227694511414,0.0001,1e-05,50.336,2.0071,0.6373
7725,stage2,5,0.06978585571050644,0.2529977858066559,0.0,0.06978585571050644,0.0001,1e-05,50.333,2.154,3.5452
7726,stage2,5,0.06332086026668549,0.2934933006763458,0.0,0.06332086026668549,0.0001,1e-05,50.335,1.9454,0.6346
7727,stage2,5,0.0680604800581932,0.28593766689300537,0.0,0.0680604800581932,0.0001,1e-05,50.338,2.3343,0.6352
7728,stage2,5,0.062368541955947876,0.2736608386039734,0.0,0.062368541955947876,0.0001,1e-05,50.332,1.8293,0.6359
7729,stage2,5,0.06698765605688095,0.266997367143631,0.0,0.06698765605688095,0.0001,1e-05,50.336,2.0721,0.6362
7730,stage2,5,0.07195072621107101,0.2786436378955841,0.0,0.07195072621107101,0.0001,1e-05,50.337,2.2566,0.6368
7731,stage2,5,0.06655842810869217,0.25647708773612976,0.0,0.06655842810869217,0.0001,1e-05,50.339,2.0663,0.6366
7732,stage2,5,0.05992380157113075,0.2801111936569214,0.0,0.05992380157113075,0.0001,1e-05,50.337,2.0238,0.6373
7733,stage2,5,0.06941481679677963,0.28318849205970764,0.0,0.06941481679677963,0.0001,1e-05,50.337,2.025,3.5925
7734,stage2,5,0.06956272572278976,0.25508517026901245,0.0,0.06956272572278976,0.0001,1e-05,50.337,2.1302,0.6348
7735,stage2,5,0.07560572773218155,0.2762129306793213,0.0,0.07560572773218155,0.0001,1e-05,50.337,2.4127,0.6349
7736,stage2,5,0.06362872570753098,0.27388277649879456,0.0,0.06362872570753098,0.0001,1e-05,50.331,2.0172,0.6358
7737,stage2,5,0.07872357964515686,0.2493579387664795,0.0,0.07872357964515686,0.0001,1e-05,50.337,2.014,0.6358
7738,stage2,5,0.07927156984806061,0.26507067680358887,0.0,0.07927156984806061,0.0001,1e-05,50.34,2.9212,0.6361
7739,stage2,5,0.07322458922863007,0.2505629062652588,0.0,0.07322458922863007,0.0001,1e-05,50.335,2.1125,0.6363
7740,stage2,5,0.06043773144483566,0.302202969789505,0.0,0.06043773144483566,0.0001,1e-05,50.334,1.959,0.6363
7741,stage2,5,0.06829451769590378,0.28617992997169495,0.0,0.06829451769590378,0.0001,1e-05,50.337,2.3077,3.5761
7742,stage2,5,0.0635119155049324,0.26219797134399414,0.0,0.0635119155049324,0.0001,1e-05,50.336,1.85,0.6351
7743,stage2,5,0.06490959972143173,0.28254008293151855,0.0,0.06490959972143173,0.0001,1e-05,50.339,2.0048,0.635
7744,stage2,5,0.0662374421954155,0.2547028362751007,0.0,0.0662374421954155,0.0001,1e-05,50.334,2.2768,0.6358
7745,stage2,5,0.06945230811834335,0.26026731729507446,0.0,0.06945230811834335,0.0001,1e-05,50.336,2.1847,0.6355
7746,stage2,5,0.07306592911481857,0.2693166136741638,0.0,0.07306592911481857,0.0001,1e-05,50.334,2.4382,0.6364
7747,stage2,5,0.07579459249973297,0.28802984952926636,0.0,0.07579459249973297,0.0001,1e-05,50.336,2.9423,0.6363
7748,stage2,5,0.07254520058631897,0.29087507724761963,0.0,0.07254520058631897,0.0001,1e-05,50.336,2.7271,0.6369
7749,stage2,5,0.07464276999235153,0.23903894424438477,0.0,0.07464276999235153,0.0001,1e-05,50.336,2.1077,3.6252
7750,stage2,5,0.06720038503408432,0.28757816553115845,0.0,0.06720038503408432,0.0001,1e-05,50.336,2.1693,0.6356
7751,stage2,5,0.07000783085823059,0.3032393455505371,0.0,0.07000783085823059,0.0001,1e-05,50.34,2.2951,0.6349
7752,stage2,5,0.061033666133880615,0.266465425491333,0.0,0.061033666133880615,0.0001,1e-05,50.336,1.7154,0.6353
7753,stage2,5,0.06022015959024429,0.27512362599372864,0.0,0.06022015959024429,0.0001,1e-05,50.339,1.5521,0.6351
7754,stage2,5,0.08010053634643555,0.25867316126823425,0.0,0.08010053634643555,0.0001,1e-05,50.337,2.2774,0.6362
7755,stage2,5,0.061380382627248764,0.2839210331439972,0.0,0.061380382627248764,0.0001,1e-05,50.34,1.8449,0.6374
7756,stage2,5,0.06602056324481964,0.2852988541126251,0.0,0.06602056324481964,0.0001,1e-05,50.336,2.0804,0.6376
7757,stage2,5,0.07413212209939957,0.2260655164718628,0.0,0.07413212209939957,0.0001,1e-05,50.338,1.9256,3.5768
7758,stage2,5,0.06694451719522476,0.2528802752494812,0.0,0.06694451719522476,0.0001,1e-05,50.339,1.9601,0.6359
7759,stage2,5,0.0732673704624176,0.2740747034549713,0.0,0.0732673704624176,0.0001,1e-05,50.333,1.9897,0.6362
7760,stage2,5,0.0839494913816452,0.2530083656311035,0.0,0.0839494913816452,0.0001,1e-05,50.336,2.4762,0.6357
7761,stage2,5,0.06642279773950577,0.26592397689819336,0.0,0.06642279773950577,0.0001,1e-05,50.335,2.0189,0.636
7762,stage2,5,0.07636210322380066,0.29301702976226807,0.0,0.07636210322380066,0.0001,1e-05,50.332,2.4231,0.6362
7763,stage2,5,0.07153936475515366,0.2517504096031189,0.0,0.07153936475515366,0.0001,1e-05,50.336,2.1774,0.6372
7764,stage2,5,0.05992262065410614,0.2859387993812561,0.0,0.05992262065410614,0.0001,1e-05,50.34,2.1974,0.6373
7765,stage2,5,0.0702081024646759,0.25893327593803406,0.0,0.0702081024646759,0.0001,1e-05,50.336,2.2423,3.6657
7766,stage2,5,0.07261750847101212,0.2608754336833954,0.0,0.07261750847101212,0.0001,1e-05,50.337,2.3387,0.6354
7767,stage2,5,0.06179003044962883,0.26494675874710083,0.0,0.06179003044962883,0.0001,1e-05,50.339,1.5737,0.6366
7768,stage2,5,0.0738498643040657,0.2618575692176819,0.0,0.0738498643040657,0.0001,1e-05,50.338,2.1121,0.6369
7769,stage2,5,0.08061374723911285,0.23224717378616333,0.0,0.08061374723911285,0.0001,1e-05,50.334,2.3568,0.6367
7770,stage2,5,0.07091512531042099,0.2683495581150055,0.0,0.07091512531042099,0.0001,1e-05,50.335,2.0437,0.6367
7771,stage2,5,0.07027413696050644,0.27701282501220703,0.0,0.07027413696050644,0.0001,1e-05,50.338,2.432,0.6373
7772,stage2,5,0.06806488335132599,0.26121795177459717,0.0,0.06806488335132599,0.0001,1e-05,50.335,1.8263,0.6367
7773,stage2,5,0.07076211273670197,0.263560950756073,0.0,0.07076211273670197,0.0001,1e-05,50.333,2.4281,3.575
7774,stage2,5,0.0641511008143425,0.2873157262802124,0.0,0.0641511008143425,0.0001,1e-05,50.339,1.7933,0.6356
7775,stage2,5,0.06499770283699036,0.24880550801753998,0.0,0.06499770283699036,0.0001,1e-05,50.34,1.8282,0.6354
7776,stage2,5,0.08535361289978027,0.27579987049102783,0.0,0.08535361289978027,0.0001,1e-05,50.335,2.7559,0.6368
7777,stage2,5,0.0607648566365242,0.2721564471721649,0.0,0.0607648566365242,0.0001,1e-05,50.341,1.852,0.637
7778,stage2,5,0.07095397263765335,0.26333484053611755,0.0,0.07095397263765335,0.0001,1e-05,50.336,2.2465,0.6363
7779,stage2,5,0.07558204978704453,0.2390848994255066,0.0,0.07558204978704453,0.0001,1e-05,50.337,2.645,0.6372
7780,stage2,5,0.06696611642837524,0.28753677010536194,0.0,0.06696611642837524,0.0001,1e-05,50.333,2.1152,0.638
7781,stage2,5,0.06283919513225555,0.29925963282585144,0.0,0.06283919513225555,0.0001,1e-05,50.339,1.569,3.5382
7782,stage2,5,0.0664537325501442,0.2670387923717499,0.0,0.0664537325501442,0.0001,1e-05,50.335,1.9013,0.6356
7783,stage2,5,0.062313567847013474,0.2685834467411041,0.0,0.062313567847013474,0.0001,1e-05,50.336,1.9509,0.6355
7784,stage2,5,0.07004628330469131,0.2530894875526428,0.0,0.07004628330469131,0.0001,1e-05,50.332,2.0516,0.6364
7785,stage2,5,0.0712551549077034,0.2713204622268677,0.0,0.0712551549077034,0.0001,1e-05,50.337,2.0943,0.6368
7786,stage2,5,0.06780757755041122,0.3040609359741211,0.0,0.06780757755041122,0.0001,1e-05,50.333,2.249,0.6372
7787,stage2,5,0.05870078504085541,0.2639380693435669,0.0,0.05870078504085541,0.0001,1e-05,50.337,1.9205,0.6372
7788,stage2,5,0.07552514970302582,0.2584106922149658,0.0,0.07552514970302582,0.0001,1e-05,50.334,2.4738,0.6366
7789,stage2,5,0.07993733137845993,0.2734493911266327,0.0,0.07993733137845993,0.0001,1e-05,50.34,2.2827,3.6251
7790,stage2,5,0.07175826281309128,0.2633405327796936,0.0,0.07175826281309128,0.0001,1e-05,50.335,1.9129,0.6342
7791,stage2,5,0.0821220725774765,0.27190372347831726,0.0,0.0821220725774765,0.0001,1e-05,50.34,2.1617,0.6352
7792,stage2,5,0.07695240527391434,0.2681279182434082,0.0,0.07695240527391434,0.0001,1e-05,50.334,2.5297,0.6358
7793,stage2,5,0.06027618423104286,0.26103073358535767,0.0,0.06027618423104286,0.0001,1e-05,50.336,1.8522,0.6364
7794,stage2,5,0.0633205771446228,0.2980218231678009,0.0,0.0633205771446228,0.0001,1e-05,50.338,1.7638,0.6361
7795,stage2,5,0.06787050515413284,0.2626592218875885,0.0,0.06787050515413284,0.0001,1e-05,50.337,2.4115,0.6361
7796,stage2,5,0.0746021494269371,0.2707037925720215,0.0,0.0746021494269371,0.0001,1e-05,50.336,2.4349,0.6365
7797,stage2,5,0.061436977237463,0.2772417962551117,0.0,0.061436977237463,0.0001,1e-05,50.332,1.6416,3.5487
7798,stage2,5,0.06775370985269547,0.25783538818359375,0.0,0.06775370985269547,0.0001,1e-05,50.34,2.0974,0.6347
7799,stage2,5,0.0718936175107956,0.29797235131263733,0.0,0.0718936175107956,0.0001,1e-05,50.336,2.165,0.6354
7800,stage2,5,0.06075980141758919,0.2670101821422577,0.0,0.06075980141758919,0.0001,1e-05,50.334,2.0078,0.6355
7801,stage2,5,0.0701378658413887,0.2686908543109894,0.0,0.0701378658413887,0.0001,1e-05,50.332,1.9359,0.6368
7802,stage2,5,0.0708773210644722,0.2864490747451782,0.0,0.0708773210644722,0.0001,1e-05,50.338,2.0484,0.6365
7803,stage2,5,0.07030528038740158,0.28808948397636414,0.0,0.07030528038740158,0.0001,1e-05,50.333,2.0045,0.6366
7804,stage2,5,0.06628510355949402,0.3066784739494324,0.0,0.06628510355949402,0.0001,1e-05,50.336,2.1567,0.6374
7805,stage2,5,0.06801461428403854,0.26921984553337097,0.0,0.06801461428403854,0.0001,1e-05,50.336,2.0072,3.5839
7806,stage2,5,0.0791458860039711,0.26513513922691345,0.0,0.0791458860039711,0.0001,1e-05,50.337,2.5218,0.6344
7807,stage2,5,0.06964093446731567,0.26824554800987244,0.0,0.06964093446731567,0.0001,1e-05,50.337,2.2644,0.6346
7808,stage2,5,0.0697636753320694,0.25221800804138184,0.0,0.0697636753320694,0.0001,1e-05,50.334,2.3382,0.6373
7809,stage2,5,0.06557567417621613,0.2519818842411041,0.0,0.06557567417621613,0.0001,1e-05,50.334,2.0865,0.6355
7810,stage2,5,0.0748756006360054,0.30870431661605835,0.0,0.0748756006360054,0.0001,1e-05,50.334,2.3523,0.6354
7811,stage2,5,0.07608483731746674,0.27719590067863464,0.0,0.07608483731746674,0.0001,1e-05,50.337,2.6168,0.6356
7812,stage2,5,0.06670957803726196,0.24906915426254272,0.0,0.06670957803726196,0.0001,1e-05,50.339,1.8355,0.6373
7813,stage2,5,0.06622546166181564,0.2778424322605133,0.0,0.06622546166181564,0.0001,1e-05,50.334,1.8085,3.5218
7814,stage2,5,0.07365994155406952,0.23634624481201172,0.0,0.07365994155406952,0.0001,1e-05,50.339,2.0053,0.6343
7815,stage2,5,0.0687115490436554,0.27356237173080444,0.0,0.0687115490436554,0.0001,1e-05,50.335,2.0805,0.6352
7816,stage2,5,0.07019287347793579,0.23519130051136017,0.0,0.07019287347793579,0.0001,1e-05,50.336,2.1798,0.6364
7817,stage2,5,0.06677627563476562,0.296097069978714,0.0,0.06677627563476562,0.0001,1e-05,50.335,1.9933,0.6362
7818,stage2,5,0.06731312721967697,0.250691294670105,0.0,0.06731312721967697,0.0001,1e-05,50.338,1.7237,0.6363
7819,stage2,5,0.07551909238100052,0.27505573630332947,0.0,0.07551909238100052,0.0001,1e-05,50.337,2.0925,0.6371
7820,stage2,5,0.0724308118224144,0.26154664158821106,0.0,0.0724308118224144,0.0001,1e-05,50.337,2.4208,0.6367
7821,stage2,5,0.061558984220027924,0.2685326337814331,0.0,0.061558984220027924,0.0001,1e-05,50.34,1.7566,3.5013
7822,stage2,5,0.07452740520238876,0.2744438648223877,0.0,0.07452740520238876,0.0001,1e-05,50.336,2.3022,0.6344
7823,stage2,5,0.06266795843839645,0.26982128620147705,0.0,0.06266795843839645,0.0001,1e-05,50.333,1.6998,0.6349
7824,stage2,5,0.07011976093053818,0.24267446994781494,0.0,0.07011976093053818,0.0001,1e-05,50.337,2.0935,0.6356
7825,stage2,5,0.0654330849647522,0.23835672438144684,0.0,0.0654330849647522,0.0001,1e-05,50.335,1.654,0.636
7826,stage2,5,0.066257543861866,0.25832033157348633,0.0,0.066257543861866,0.0001,1e-05,50.334,1.7417,0.6365
7827,stage2,5,0.0702495351433754,0.2999880313873291,0.0,0.0702495351433754,0.0001,1e-05,50.335,1.905,0.6369
7828,stage2,5,0.06228376179933548,0.279327392578125,0.0,0.06228376179933548,0.0001,1e-05,50.336,1.8351,0.6362
7829,stage2,5,0.06651195138692856,0.24144247174263,0.0,0.06651195138692856,0.0001,1e-05,50.332,2.0848,3.5331
7830,stage2,5,0.07039643824100494,0.25025320053100586,0.0,0.07039643824100494,0.0001,1e-05,50.336,1.8316,0.6351
7831,stage2,5,0.061572279781103134,0.2709401845932007,0.0,0.061572279781103134,0.0001,1e-05,50.334,1.7565,0.6352
7832,stage2,5,0.06436629593372345,0.2673150300979614,0.0,0.06436629593372345,0.0001,1e-05,50.335,2.0234,0.6359
7833,stage2,5,0.06978540867567062,0.24233053624629974,0.0,0.06978540867567062,0.0001,1e-05,50.337,2.2538,0.6362
7834,stage2,5,0.06532452255487442,0.26893049478530884,0.0,0.06532452255487442,0.0001,1e-05,50.331,2.1031,0.636
7835,stage2,5,0.07005198299884796,0.24291227757930756,0.0,0.07005198299884796,0.0001,1e-05,50.339,2.1803,0.6366
7836,stage2,5,0.07052173465490341,0.2686415910720825,0.0,0.07052173465490341,0.0001,1e-05,50.33,1.9982,0.6363
7837,stage2,5,0.062303576618433,0.24260954558849335,0.0,0.062303576618433,0.0001,1e-05,50.334,1.5964,3.5017
7838,stage2,5,0.06754817068576813,0.27075067162513733,0.0,0.06754817068576813,0.0001,1e-05,50.336,2.2116,0.6352
7839,stage2,5,0.0641806349158287,0.24825817346572876,0.0,0.0641806349158287,0.0001,1e-05,50.337,2.2812,0.6356
7840,stage2,5,0.0681898444890976,0.23810401558876038,0.0,0.0681898444890976,0.0001,1e-05,50.338,1.9593,0.6354
7841,stage2,5,0.06874056160449982,0.28228235244750977,0.0,0.06874056160449982,0.0001,1e-05,50.334,1.9942,0.6357
7842,stage2,5,0.07972155511379242,0.2991296947002411,0.0,0.07972155511379242,0.0001,1e-05,50.337,2.6278,0.6361
7843,stage2,5,0.06952948868274689,0.2802855670452118,0.0,0.06952948868274689,0.0001,1e-05,50.336,2.1251,0.6361
7844,stage2,5,0.06517525762319565,0.27596428990364075,0.0,0.06517525762319565,0.0001,1e-05,50.334,2.3038,0.6376
7845,stage2,5,0.07001261413097382,0.28047996759414673,0.0,0.07001261413097382,0.0001,1e-05,50.34,2.1019,3.6259
7846,stage2,5,0.076141357421875,0.25227177143096924,0.0,0.076141357421875,0.0001,1e-05,50.338,2.2099,0.6346
7847,stage2,5,0.062206290662288666,0.250985711812973,0.0,0.062206290662288666,0.0001,1e-05,50.338,2.0862,0.6351
7848,stage2,5,0.07268884778022766,0.28141704201698303,0.0,0.07268884778022766,0.0001,1e-05,50.335,2.1948,0.6352
7849,stage2,5,0.06468742340803146,0.27688151597976685,0.0,0.06468742340803146,0.0001,1e-05,50.334,1.98,0.636
7850,stage2,5,0.07191529124975204,0.2747466564178467,0.0,0.07191529124975204,0.0001,1e-05,50.334,2.2922,0.6366
7851,stage2,5,0.06871876865625381,0.2782733738422394,0.0,0.06871876865625381,0.0001,1e-05,50.335,1.9774,0.6368
7852,stage2,5,0.06756002455949783,0.27478188276290894,0.0,0.06756002455949783,0.0001,1e-05,50.336,2.0818,0.6372
7853,stage2,5,0.07579207420349121,0.3162071704864502,0.0,0.07579207420349121,0.0001,1e-05,50.336,2.3083,3.571
7854,stage2,5,0.07410018146038055,0.290629506111145,0.0,0.07410018146038055,0.0001,1e-05,50.334,2.2488,0.6353
7855,stage2,5,0.06283026188611984,0.2673681676387787,0.0,0.06283026188611984,0.0001,1e-05,50.336,1.6325,0.6365
7856,stage2,5,0.07103728502988815,0.27120304107666016,0.0,0.07103728502988815,0.0001,1e-05,50.334,2.071,0.6359
7857,stage2,5,0.06520809978246689,0.26269635558128357,0.0,0.06520809978246689,0.0001,1e-05,50.334,1.8408,0.6365
7858,stage2,5,0.07341683655977249,0.25642985105514526,0.0,0.07341683655977249,0.0001,1e-05,50.334,2.229,0.6356
7859,stage2,5,0.0743534192442894,0.25154122710227966,0.0,0.0743534192442894,0.0001,1e-05,50.335,2.038,0.6369
7860,stage2,5,0.06056240200996399,0.2689759433269501,0.0,0.06056240200996399,0.0001,1e-05,50.335,2.2307,0.6371
7861,stage2,5,0.057105109095573425,0.28257933259010315,0.0,0.057105109095573425,0.0001,1e-05,50.335,1.6875,3.5588
7862,stage2,5,0.06409711390733719,0.27677834033966064,0.0,0.06409711390733719,0.0001,1e-05,50.331,2.1521,0.6352
7863,stage2,5,0.059324026107788086,0.27693650126457214,0.0,0.059324026107788086,0.0001,1e-05,50.335,1.7404,0.6364
7864,stage2,5,0.07328787446022034,0.27186256647109985,0.0,0.07328787446022034,0.0001,1e-05,50.333,2.1652,0.6371
7865,stage2,5,0.0718604177236557,0.27207911014556885,0.0,0.0718604177236557,0.0001,1e-05,50.335,2.8191,0.6368
7866,stage2,5,0.06896055489778519,0.24985508620738983,0.0,0.06896055489778519,0.0001,1e-05,50.335,1.9216,0.6367
7867,stage2,5,0.06783232092857361,0.25124967098236084,0.0,0.06783232092857361,0.0001,1e-05,50.336,2.0339,0.6363
7868,stage2,5,0.06664919853210449,0.2396785318851471,0.0,0.06664919853210449,0.0001,1e-05,50.338,1.8198,0.6365
7869,stage2,5,0.0658227726817131,0.25533708930015564,0.0,0.0658227726817131,0.0001,1e-05,50.334,1.8459,3.4852
7870,stage2,5,0.07983697205781937,0.2664586305618286,0.0,0.07983697205781937,0.0001,1e-05,50.336,2.5187,0.6353
7871,stage2,5,0.06482062488794327,0.2918717861175537,0.0,0.06482062488794327,0.0001,1e-05,50.333,1.794,0.636
7872,stage2,5,0.06824803352355957,0.2561768591403961,0.0,0.06824803352355957,0.0001,1e-05,50.335,2.5596,0.6359
7873,stage2,5,0.058623429387807846,0.2730261981487274,0.0,0.058623429387807846,0.0001,1e-05,50.329,1.7741,0.6374
7874,stage2,5,0.06697143614292145,0.27733489871025085,0.0,0.06697143614292145,0.0001,1e-05,50.333,2.0253,0.6368
7875,stage2,5,0.07253660261631012,0.29323810338974,0.0,0.07253660261631012,0.0001,1e-05,50.336,2.0981,0.6372
7876,stage2,5,0.07077005505561829,0.25672104954719543,0.0,0.07077005505561829,0.0001,1e-05,50.334,2.3168,0.6374
7877,stage2,5,0.06936187297105789,0.2792486846446991,0.0,0.06936187297105789,0.0001,1e-05,50.336,2.657,3.5602
7878,stage2,5,0.062026772648096085,0.252529114484787,0.0,0.062026772648096085,0.0001,1e-05,50.335,1.9007,0.636
7879,stage2,5,0.06440411508083344,0.2507971227169037,0.0,0.06440411508083344,0.0001,1e-05,50.338,2.069,0.6365
7880,stage2,5,0.07406502962112427,0.24470025300979614,0.0,0.07406502962112427,0.0001,1e-05,50.336,2.1578,0.6364
7881,stage2,5,0.06943918019533157,0.28154847025871277,0.0,0.06943918019533157,0.0001,1e-05,50.333,2.0597,0.6365
7882,stage2,5,0.07271597534418106,0.25719285011291504,0.0,0.07271597534418106,0.0001,1e-05,50.332,1.9631,0.6361
7883,stage2,5,0.07302689552307129,0.24956269562244415,0.0,0.07302689552307129,0.0001,1e-05,50.334,2.4957,0.6372
7884,stage2,5,0.07416089624166489,0.2646661698818207,0.0,0.07416089624166489,0.0001,1e-05,50.334,2.5461,0.6365
7885,stage2,5,0.07376392185688019,0.24910502135753632,0.0,0.07376392185688019,0.0001,1e-05,50.337,2.1223,3.7329
7886,stage2,5,0.0634065791964531,0.2617441415786743,0.0,0.0634065791964531,0.0001,1e-05,50.331,1.758,0.6353
7887,stage2,5,0.06929025053977966,0.2883491516113281,0.0,0.06929025053977966,0.0001,1e-05,50.334,2.4362,0.6361
7888,stage2,5,0.06447752565145493,0.26365482807159424,0.0,0.06447752565145493,0.0001,1e-05,50.336,1.7066,0.6367
7889,stage2,5,0.06730400025844574,0.2911093831062317,0.0,0.06730400025844574,0.0001,1e-05,50.336,2.3246,0.6366
7890,stage2,5,0.0698656514286995,0.2839852571487427,0.0,0.0698656514286995,0.0001,1e-05,50.335,1.8786,0.6361
7891,stage2,5,0.0693233385682106,0.28070303797721863,0.0,0.0693233385682106,0.0001,1e-05,50.337,1.9833,0.6369
7892,stage2,5,0.0667458102107048,0.30038732290267944,0.0,0.0667458102107048,0.0001,1e-05,50.334,1.9293,0.6363
7893,stage2,5,0.07536701112985611,0.24687381088733673,0.0,0.07536701112985611,0.0001,1e-05,50.33,2.4746,3.5532
7894,stage2,5,0.06706296652555466,0.274127334356308,0.0,0.06706296652555466,0.0001,1e-05,50.338,1.9559,0.6354
7895,stage2,5,0.07098431140184402,0.23412616550922394,0.0,0.07098431140184402,0.0001,1e-05,50.333,1.9944,0.6355
7896,stage2,5,0.0665169507265091,0.26212605834007263,0.0,0.0665169507265091,0.0001,1e-05,50.337,1.754,0.6355
7897,stage2,5,0.06535513699054718,0.2669174373149872,0.0,0.06535513699054718,0.0001,1e-05,50.335,1.8107,0.636
7898,stage2,5,0.06378202140331268,0.2911524176597595,0.0,0.06378202140331268,0.0001,1e-05,50.338,2.168,0.6359
7899,stage2,5,0.0697958916425705,0.27216699719429016,0.0,0.0697958916425705,0.0001,1e-05,50.338,1.8512,0.6361
7900,stage2,5,0.07263574749231339,0.282528817653656,0.0,0.07263574749231339,0.0001,1e-05,50.332,2.3652,0.6366
7901,stage2,5,0.0686168521642685,0.318111389875412,0.0,0.0686168521642685,0.0001,1e-05,50.333,2.0928,3.6102
7902,stage2,5,0.07802854478359222,0.2546660602092743,0.0,0.07802854478359222,0.0001,1e-05,50.336,2.3376,0.6354
7903,stage2,5,0.06555536389350891,0.25610265135765076,0.0,0.06555536389350891,0.0001,1e-05,50.334,1.9294,0.6358
7904,stage2,5,0.06933517754077911,0.25602179765701294,0.0,0.06933517754077911,0.0001,1e-05,50.332,1.943,0.6361
7905,stage2,5,0.07002624124288559,0.2647704482078552,0.0,0.07002624124288559,0.0001,1e-05,50.331,2.3664,0.6366
7906,stage2,5,0.06569354981184006,0.2879316806793213,0.0,0.06569354981184006,0.0001,1e-05,50.339,2.0172,0.636
7907,stage2,5,0.07198470830917358,0.23398762941360474,0.0,0.07198470830917358,0.0001,1e-05,50.339,2.4071,0.6366
7908,stage2,5,0.06469925493001938,0.26173532009124756,0.0,0.06469925493001938,0.0001,1e-05,50.336,1.96,0.6362
7909,stage2,5,0.06650355458259583,0.2831161618232727,0.0,0.06650355458259583,0.0001,1e-05,50.335,2.2485,3.5795
7910,stage2,5,0.07517527043819427,0.25268641114234924,0.0,0.07517527043819427,0.0001,1e-05,50.339,2.6259,0.6353
7911,stage2,5,0.06272237002849579,0.2656298279762268,0.0,0.06272237002849579,0.0001,1e-05,50.33,2.1517,0.6355
7912,stage2,5,0.07704868912696838,0.25651392340660095,0.0,0.07704868912696838,0.0001,1e-05,50.335,2.3097,0.6359
7913,stage2,5,0.06371532380580902,0.25778788328170776,0.0,0.06371532380580902,0.0001,1e-05,50.34,1.6925,0.6376
7914,stage2,5,0.06866329908370972,0.24200473725795746,0.0,0.06866329908370972,0.0001,1e-05,50.335,2.0248,0.6379
7915,stage2,5,0.06537419557571411,0.2940431833267212,0.0,0.06537419557571411,0.0001,1e-05,50.336,2.1143,0.6353
7916,stage2,5,0.06536099314689636,0.2589874863624573,0.0,0.06536099314689636,0.0001,1e-05,50.334,1.884,0.6378
7917,stage2,5,0.06761728972196579,0.25544533133506775,0.0,0.06761728972196579,0.0001,1e-05,50.336,1.8637,3.4934
7918,stage2,5,0.06878204643726349,0.2941826283931732,0.0,0.06878204643726349,0.0001,1e-05,50.335,2.2325,0.6354
7919,stage2,5,0.07054933160543442,0.24812708795070648,0.0,0.07054933160543442,0.0001,1e-05,50.332,2.0673,0.6357
7920,stage2,5,0.0749799907207489,0.25109758973121643,0.0,0.0749799907207489,0.0001,1e-05,50.334,2.1593,0.6357
7921,stage2,5,0.07166976481676102,0.2490507811307907,0.0,0.07166976481676102,0.0001,1e-05,50.335,2.1871,0.6368
7922,stage2,5,0.07331299036741257,0.3298700749874115,0.0,0.07331299036741257,0.0001,1e-05,50.336,2.7299,0.6362
7923,stage2,5,0.061248503625392914,0.25196221470832825,0.0,0.061248503625392914,0.0001,1e-05,50.337,1.9777,0.6364
7924,stage2,5,0.06702155619859695,0.3053950369358063,0.0,0.06702155619859695,0.0001,1e-05,50.334,2.5792,0.6377
7925,stage2,5,0.07371984422206879,0.26561442017555237,0.0,0.07371984422206879,0.0001,1e-05,50.333,1.877,3.5591
7926,stage2,5,0.06998776644468307,0.25647208094596863,0.0,0.06998776644468307,0.0001,1e-05,50.333,1.8822,0.6355
7927,stage2,5,0.06494489312171936,0.2397427260875702,0.0,0.06494489312171936,0.0001,1e-05,50.334,1.8803,0.636
7928,stage2,5,0.06702180206775665,0.25323212146759033,0.0,0.06702180206775665,0.0001,1e-05,50.333,2.0507,0.6367
7929,stage2,5,0.06329631805419922,0.26424866914749146,0.0,0.06329631805419922,0.0001,1e-05,50.334,1.8469,0.6367
7930,stage2,5,0.07741659879684448,0.2611183226108551,0.0,0.07741659879684448,0.0001,1e-05,50.335,2.4343,0.6364
7931,stage2,5,0.07174714654684067,0.2544788718223572,0.0,0.07174714654684067,0.0001,1e-05,50.332,2.1166,0.6368
7932,stage2,5,0.06249889358878136,0.2938624322414398,0.0,0.06249889358878136,0.0001,1e-05,50.333,2.0078,0.6371
7933,stage2,5,0.06425771117210388,0.2917214334011078,0.0,0.06425771117210388,0.0001,1e-05,50.333,2.0286,3.5505
7934,stage2,5,0.07014978677034378,0.2546658217906952,0.0,0.07014978677034378,0.0001,1e-05,50.334,2.0085,0.6353
7935,stage2,5,0.07149147987365723,0.29486238956451416,0.0,0.07149147987365723,0.0001,1e-05,50.333,2.1493,0.6355
7936,stage2,5,0.05601639300584793,0.2639232575893402,0.0,0.05601639300584793,0.0001,1e-05,50.336,1.8932,0.6367
7937,stage2,5,0.07259320467710495,0.25513753294944763,0.0,0.07259320467710495,0.0001,1e-05,50.338,2.0751,0.6364
7938,stage2,5,0.0670073851943016,0.23481790721416473,0.0,0.0670073851943016,0.0001,1e-05,50.338,1.9394,0.6369
7939,stage2,5,0.06876032799482346,0.26017317175865173,0.0,0.06876032799482346,0.0001,1e-05,50.33,2.0773,0.6375
7940,stage2,5,0.06936158984899521,0.280508816242218,0.0,0.06936158984899521,0.0001,1e-05,50.336,2.1741,0.6372
7941,stage2,5,0.0647001564502716,0.2952784299850464,0.0,0.0647001564502716,0.0001,1e-05,50.336,2.1838,3.6081
7942,stage2,5,0.06325358152389526,0.25120240449905396,0.0,0.06325358152389526,0.0001,1e-05,50.34,1.7136,0.6347
7943,stage2,5,0.062152840197086334,0.2878829538822174,0.0,0.062152840197086334,0.0001,1e-05,50.334,1.839,0.6352
7944,stage2,5,0.06731344759464264,0.24747291207313538,0.0,0.06731344759464264,0.0001,1e-05,50.333,2.1893,0.6362
7945,stage2,5,0.07454687356948853,0.2549174427986145,0.0,0.07454687356948853,0.0001,1e-05,50.335,1.944,0.6367
7946,stage2,5,0.06126127764582634,0.274522602558136,0.0,0.06126127764582634,0.0001,1e-05,50.331,1.8543,0.6364
7947,stage2,5,0.06589075177907944,0.2594212591648102,0.0,0.06589075177907944,0.0001,1e-05,50.334,2.1678,0.6368
7948,stage2,5,0.07428571581840515,0.27470850944519043,0.0,0.07428571581840515,0.0001,1e-05,50.334,2.2747,0.6362
7949,stage2,5,0.06942937523126602,0.2726615369319916,0.0,0.06942937523126602,0.0001,1e-05,50.335,2.0454,3.5853
7950,stage2,5,0.06820560991764069,0.2775346338748932,0.0,0.06820560991764069,0.0001,1e-05,50.337,2.3382,0.6353
7951,stage2,5,0.06820002943277359,0.2709589898586273,0.0,0.06820002943277359,0.0001,1e-05,50.339,1.9858,0.6358
7952,stage2,5,0.07127977907657623,0.2999926209449768,0.0,0.07127977907657623,0.0001,1e-05,50.332,2.1171,0.6366
7953,stage2,5,0.05354832857847214,0.3025837540626526,0.0,0.05354832857847214,0.0001,1e-05,50.333,1.7138,0.6367
7954,stage2,5,0.06413125991821289,0.250409334897995,0.0,0.06413125991821289,0.0001,1e-05,50.333,2.0506,0.6361
7955,stage2,5,0.06628154963254929,0.30292028188705444,0.0,0.06628154963254929,0.0001,1e-05,50.335,1.9183,0.6366
7956,stage2,5,0.061522115021944046,0.2805340886116028,0.0,0.061522115021944046,0.0001,1e-05,50.338,1.6776,0.6372
7957,stage2,5,0.07038477063179016,0.29371970891952515,0.0,0.07038477063179016,0.0001,1e-05,50.336,2.3929,3.5649
7958,stage2,5,0.0673840343952179,0.29547277092933655,0.0,0.0673840343952179,0.0001,1e-05,50.333,2.0964,0.635
7959,stage2,5,0.05644068866968155,0.3085947036743164,0.0,0.05644068866968155,0.0001,1e-05,50.337,1.77,0.636
7960,stage2,5,0.05889810994267464,0.28978002071380615,0.0,0.05889810994267464,0.0001,1e-05,50.334,1.7827,0.6357
7961,stage2,5,0.07124683260917664,0.2711983323097229,0.0,0.07124683260917664,0.0001,1e-05,50.34,2.2456,0.6364
7962,stage2,5,0.0620623342692852,0.28377240896224976,0.0,0.0620623342692852,0.0001,1e-05,50.334,2.0817,0.6367
7963,stage2,5,0.06489279121160507,0.2795778214931488,0.0,0.06489279121160507,0.0001,1e-05,50.338,2.086,0.6372
7964,stage2,5,0.0647527277469635,0.23876745998859406,0.0,0.0647527277469635,0.0001,1e-05,50.338,2.0424,0.6375
7965,stage2,5,0.06994637846946716,0.2960646152496338,0.0,0.06994637846946716,0.0001,1e-05,50.338,2.2569,3.6094
7966,stage2,5,0.06760163605213165,0.2640320062637329,0.0,0.06760163605213165,0.0001,1e-05,50.336,1.8613,0.6352
7967,stage2,5,0.07560573518276215,0.2604328691959381,0.0,0.07560573518276215,0.0001,1e-05,50.335,2.6766,0.6363
7968,stage2,5,0.058032747358083725,0.30268776416778564,0.0,0.058032747358083725,0.0001,1e-05,50.334,1.6236,0.636
7969,stage2,5,0.07313874363899231,0.25193458795547485,0.0,0.07313874363899231,0.0001,1e-05,50.336,2.021,0.6368
7970,stage2,5,0.06640967726707458,0.2767046093940735,0.0,0.06640967726707458,0.0001,1e-05,50.335,2.0018,0.6371
7971,stage2,5,0.07244198769330978,0.2630321979522705,0.0,0.07244198769330978,0.0001,1e-05,50.335,1.9844,0.6371
7972,stage2,5,0.06661023944616318,0.30168795585632324,0.0,0.06661023944616318,0.0001,1e-05,50.335,2.2071,0.6374
7973,stage2,5,0.05915645509958267,0.27778029441833496,0.0,0.05915645509958267,0.0001,1e-05,50.336,1.6176,3.5817
7974,stage2,5,0.07331939786672592,0.25552281737327576,0.0,0.07331939786672592,0.0001,1e-05,50.337,1.8548,0.6353
7975,stage2,5,0.06990502029657364,0.2509528398513794,0.0,0.06990502029657364,0.0001,1e-05,50.333,1.897,0.6362
7976,stage2,5,0.059945255517959595,0.2550375163555145,0.0,0.059945255517959595,0.0001,1e-05,50.337,1.8109,0.6361
7977,stage2,5,0.06980939209461212,0.2517736852169037,0.0,0.06980939209461212,0.0001,1e-05,50.332,2.0327,0.6363
7978,stage2,5,0.06473362445831299,0.2910715937614441,0.0,0.06473362445831299,0.0001,1e-05,50.332,1.8555,0.6361
7979,stage2,5,0.062237679958343506,0.2580607533454895,0.0,0.062237679958343506,0.0001,1e-05,50.331,1.8172,0.6371
7980,stage2,5,0.06790436059236526,0.2710702419281006,0.0,0.06790436059236526,0.0001,1e-05,50.332,1.892,0.6385
7981,stage2,5,0.08153434842824936,0.2714189887046814,0.0,0.08153434842824936,0.0001,1e-05,50.336,2.6653,3.5182
7982,stage2,5,0.07094892859458923,0.25437572598457336,0.0,0.07094892859458923,0.0001,1e-05,50.336,2.4553,0.6358
7983,stage2,5,0.06937255710363388,0.292093962430954,0.0,0.06937255710363388,0.0001,1e-05,50.332,2.2202,0.6352
7984,stage2,5,0.06878677010536194,0.28822019696235657,0.0,0.06878677010536194,0.0001,1e-05,50.336,2.56,0.6345
7985,stage2,5,0.07589154690504074,0.262859046459198,0.0,0.07589154690504074,0.0001,1e-05,50.331,1.9557,0.6359
7986,stage2,5,0.0686584860086441,0.2883945405483246,0.0,0.0686584860086441,0.0001,1e-05,50.332,2.1217,0.6365
7987,stage2,5,0.06987703591585159,0.27000051736831665,0.0,0.06987703591585159,0.0001,1e-05,50.333,2.1623,0.6372
7988,stage2,5,0.0706728994846344,0.26939693093299866,0.0,0.0706728994846344,0.0001,1e-05,50.337,2.3469,0.6373
7989,stage2,5,0.0634215846657753,0.26773977279663086,0.0,0.0634215846657753,0.0001,1e-05,50.333,1.8712,3.5138
7990,stage2,5,0.06819374114274979,0.2621966302394867,0.0,0.06819374114274979,0.0001,1e-05,50.335,2.1127,0.6348
7991,stage2,5,0.058778222650289536,0.25724154710769653,0.0,0.058778222650289536,0.0001,1e-05,50.332,1.8053,0.636
7992,stage2,5,0.06385929137468338,0.2766585946083069,0.0,0.06385929137468338,0.0001,1e-05,50.332,2.1543,0.6367
7993,stage2,5,0.07039587944746017,0.2565244138240814,0.0,0.07039587944746017,0.0001,1e-05,50.331,2.5151,0.6369
7994,stage2,5,0.06524701416492462,0.2696811556816101,0.0,0.06524701416492462,0.0001,1e-05,50.334,1.981,0.6372
7995,stage2,5,0.06720301508903503,0.24356608092784882,0.0,0.06720301508903503,0.0001,1e-05,50.334,2.2273,0.6372
7996,stage2,5,0.06529118865728378,0.2965356409549713,0.0,0.06529118865728378,0.0001,1e-05,50.33,2.1579,0.6374
7997,stage2,5,0.0667562484741211,0.286523699760437,0.0,0.0667562484741211,0.0001,1e-05,50.337,1.773,3.5281
7998,stage2,5,0.07071154564619064,0.2649622857570648,0.0,0.07071154564619064,0.0001,1e-05,50.335,2.0106,0.6356
7999,stage2,5,0.07365212589502335,0.2663182318210602,0.0,0.07365212589502335,0.0001,1e-05,50.335,2.3412,0.6361
8000,stage2,5,0.07009656727313995,0.2586175799369812,0.0,0.07009656727313995,0.0001,1e-05,50.332,2.3156,0.6365
8001,stage2,5,0.0704173594713211,0.2601650357246399,0.0,0.0704173594713211,0.0001,1e-05,50.334,2.1773,0.6371
8002,stage2,5,0.06877125799655914,0.29333561658859253,0.0,0.06877125799655914,0.0001,1e-05,50.338,1.946,0.637
8003,stage2,5,0.06137378513813019,0.2530463635921478,0.0,0.06137378513813019,0.0001,1e-05,50.333,2.1023,0.6376
8004,stage2,5,0.0698791891336441,0.3024618923664093,0.0,0.0698791891336441,0.0001,1e-05,50.335,2.0437,0.6375
8005,stage2,5,0.07040780037641525,0.2810285985469818,0.0,0.07040780037641525,0.0001,1e-05,50.333,2.4246,3.5896
8006,stage2,5,0.06723590940237045,0.2788349688053131,0.0,0.06723590940237045,0.0001,1e-05,50.334,1.9754,0.6352
8007,stage2,5,0.06358765810728073,0.25799471139907837,0.0,0.06358765810728073,0.0001,1e-05,50.334,1.7048,0.6347
8008,stage2,5,0.06693039834499359,0.24765938520431519,0.0,0.06693039834499359,0.0001,1e-05,50.336,2.1067,0.6357
8009,stage2,5,0.0670904591679573,0.25340768694877625,0.0,0.0670904591679573,0.0001,1e-05,50.333,1.6758,0.6357
8010,stage2,5,0.05686137080192566,0.25710976123809814,0.0,0.05686137080192566,0.0001,1e-05,50.332,1.6569,0.6359
8011,stage2,5,0.06745470315217972,0.2668375074863434,0.0,0.06745470315217972,0.0001,1e-05,50.333,2.4197,0.6371
8012,stage2,5,0.06948519498109818,0.26189497113227844,0.0,0.06948519498109818,0.0001,1e-05,50.33,2.0943,0.6367
8013,stage2,5,0.06917514652013779,0.2620313763618469,0.0,0.06917514652013779,0.0001,1e-05,50.333,1.901,3.5401
8014,stage2,5,0.06721680611371994,0.23939138650894165,0.0,0.06721680611371994,0.0001,1e-05,50.334,1.8986,0.6351
8015,stage2,5,0.057700056582689285,0.256874144077301,0.0,0.057700056582689285,0.0001,1e-05,50.33,1.5323,0.6357
8016,stage2,5,0.06878016889095306,0.2454574704170227,0.0,0.06878016889095306,0.0001,1e-05,50.334,1.9686,0.6365
8017,stage2,5,0.06295137852430344,0.28112873435020447,0.0,0.06295137852430344,0.0001,1e-05,50.332,2.1064,0.6363
8018,stage2,5,0.07409943640232086,0.26089367270469666,0.0,0.07409943640232086,0.0001,1e-05,50.334,2.3747,0.6378
8019,stage2,5,0.0712280124425888,0.24855317175388336,0.0,0.0712280124425888,0.0001,1e-05,50.332,2.0008,0.6372
8020,stage2,5,0.07141266018152237,0.24282851815223694,0.0,0.07141266018152237,0.0001,1e-05,50.331,2.0307,0.6385
8021,stage2,5,0.06987319141626358,0.2521139681339264,0.0,0.06987319141626358,0.0001,1e-05,50.332,2.2061,3.5327
8022,stage2,5,0.068385548889637,0.26278233528137207,0.0,0.068385548889637,0.0001,1e-05,50.331,2.2643,0.6344
8023,stage2,5,0.066566601395607,0.28637680411338806,0.0,0.066566601395607,0.0001,1e-05,50.334,2.5013,0.6358
8024,stage2,5,0.06137910485267639,0.26964908838272095,0.0,0.06137910485267639,0.0001,1e-05,50.332,1.8456,0.6363
8025,stage2,5,0.06514574587345123,0.27503883838653564,0.0,0.06514574587345123,0.0001,1e-05,50.332,1.9545,0.6359
8026,stage2,5,0.06452954560518265,0.27772489190101624,0.0,0.06452954560518265,0.0001,1e-05,50.333,1.9846,0.6362
8027,stage2,5,0.06330656260251999,0.25266507267951965,0.0,0.06330656260251999,0.0001,1e-05,50.336,1.6453,0.6367
8028,stage2,5,0.06887301057577133,0.2687516510486603,0.0,0.06887301057577133,0.0001,1e-05,50.333,2.2603,0.6381
8029,stage2,5,0.06496568769216537,0.27918899059295654,0.0,0.06496568769216537,0.0001,1e-05,50.335,1.8717,3.5406
8030,stage2,5,0.07377362251281738,0.24490255117416382,0.0,0.07377362251281738,0.0001,1e-05,50.333,2.3676,0.6355
8031,stage2,5,0.06539154052734375,0.2645416855812073,0.0,0.06539154052734375,0.0001,1e-05,50.332,1.9081,0.6363
8032,stage2,5,0.06458301097154617,0.29539456963539124,0.0,0.06458301097154617,0.0001,1e-05,50.333,1.7798,0.6367
8033,stage2,5,0.06436473876237869,0.26826292276382446,0.0,0.06436473876237869,0.0001,1e-05,50.332,1.8531,0.6372
8034,stage2,5,0.063967265188694,0.25393620133399963,0.0,0.063967265188694,0.0001,1e-05,50.334,1.7273,0.6377
8035,stage2,5,0.08281565457582474,0.28725138306617737,0.0,0.08281565457582474,0.0001,1e-05,50.334,2.1891,0.6369
8036,stage2,5,0.07056417316198349,0.2552909255027771,0.0,0.07056417316198349,0.0001,1e-05,50.335,2.0876,0.6379
8037,stage2,5,0.06378129124641418,0.2648412585258484,0.0,0.06378129124641418,0.0001,1e-05,50.339,2.0244,3.5777
8038,stage2,5,0.06867340952157974,0.24285149574279785,0.0,0.06867340952157974,0.0001,1e-05,50.331,2.194,0.6352
8039,stage2,5,0.06349185854196548,0.24326784908771515,0.0,0.06349185854196548,0.0001,1e-05,50.334,1.9288,0.6356
8040,stage2,5,0.07056310027837753,0.24282431602478027,0.0,0.07056310027837753,0.0001,1e-05,50.336,2.3654,0.636
8041,stage2,5,0.061999596655368805,0.2862446904182434,0.0,0.061999596655368805,0.0001,1e-05,50.329,2.3065,0.6381
8042,stage2,5,0.06492161005735397,0.24796666204929352,0.0,0.06492161005735397,0.0001,1e-05,50.337,2.1527,0.6372
8043,stage2,5,0.07004021108150482,0.27170243859291077,0.0,0.07004021108150482,0.0001,1e-05,50.331,1.8769,0.6368
8044,stage2,5,0.07217434793710709,0.2956438362598419,0.0,0.07217434793710709,0.0001,1e-05,50.338,2.0194,0.6374
8045,stage2,5,0.0660468339920044,0.2703404128551483,0.0,0.0660468339920044,0.0001,1e-05,50.331,1.6898,3.548
8046,stage2,5,0.0689324364066124,0.23396830260753632,0.0,0.0689324364066124,0.0001,1e-05,50.335,2.0824,0.6353
8047,stage2,5,0.05968980863690376,0.2706347107887268,0.0,0.05968980863690376,0.0001,1e-05,50.332,2.1538,0.6358
8048,stage2,5,0.06183513626456261,0.2853425443172455,0.0,0.06183513626456261,0.0001,1e-05,50.336,1.7111,0.6361
8049,stage2,5,0.08340207487344742,0.2790290117263794,0.0,0.08340207487344742,0.0001,1e-05,50.335,3.0195,0.6369
8050,stage2,5,0.06813650578260422,0.2885146141052246,0.0,0.06813650578260422,0.0001,1e-05,50.335,2.4895,0.6368
8051,stage2,5,0.07315228134393692,0.2681812047958374,0.0,0.07315228134393692,0.0001,1e-05,50.335,2.8005,0.6375
8052,stage2,5,0.06887125223875046,0.26470500230789185,0.0,0.06887125223875046,0.0001,1e-05,50.334,1.8399,0.6372
8053,stage2,5,0.06452120840549469,0.25584176182746887,0.0,0.06452120840549469,0.0001,1e-05,50.333,1.7322,3.5425
8054,stage2,5,0.06095944344997406,0.2557782828807831,0.0,0.06095944344997406,0.0001,1e-05,50.339,1.629,0.6353
8055,stage2,5,0.0566825345158577,0.2549845278263092,0.0,0.0566825345158577,0.0001,1e-05,50.336,1.5045,0.6352
8056,stage2,5,0.067954882979393,0.2725537121295929,0.0,0.067954882979393,0.0001,1e-05,50.338,2.1472,0.6355
8057,stage2,5,0.06371882557868958,0.3064386248588562,0.0,0.06371882557868958,0.0001,1e-05,50.335,1.9484,0.6363
8058,stage2,5,0.06094089150428772,0.26385119557380676,0.0,0.06094089150428772,0.0001,1e-05,50.335,1.8218,0.636
8059,stage2,5,0.0758952796459198,0.26204001903533936,0.0,0.0758952796459198,0.0001,1e-05,50.333,2.2495,0.636
8060,stage2,5,0.06444358825683594,0.28336194157600403,0.0,0.06444358825683594,0.0001,1e-05,50.338,1.7689,0.6373
8061,stage2,5,0.07158085703849792,0.2979494333267212,0.0,0.07158085703849792,0.0001,1e-05,50.334,2.204,3.5673
8062,stage2,5,0.061220135539770126,0.2677147686481476,0.0,0.061220135539770126,0.0001,1e-05,50.335,2.2889,0.6355
8063,stage2,5,0.06569598615169525,0.24784870445728302,0.0,0.06569598615169525,0.0001,1e-05,50.337,1.8977,0.6359
8064,stage2,5,0.07466958463191986,0.2321440875530243,0.0,0.07466958463191986,0.0001,1e-05,50.337,2.2738,0.6368
8065,stage2,5,0.07144062966108322,0.26564672589302063,0.0,0.07144062966108322,0.0001,1e-05,50.334,2.0803,0.6368
8066,stage2,5,0.06835372000932693,0.26089054346084595,0.0,0.06835372000932693,0.0001,1e-05,50.337,2.0391,0.6373
8067,stage2,5,0.07047256827354431,0.2572779357433319,0.0,0.07047256827354431,0.0001,1e-05,50.334,2.1063,0.637
8068,stage2,5,0.07297087460756302,0.2716817557811737,0.0,0.07297087460756302,0.0001,1e-05,50.333,2.9636,0.6367
8069,stage2,5,0.07414744049310684,0.2783879041671753,0.0,0.07414744049310684,0.0001,1e-05,50.338,2.2843,3.5662
8070,stage2,5,0.07315411418676376,0.28682655096054077,0.0,0.07315411418676376,0.0001,1e-05,50.335,2.0415,0.635
8071,stage2,5,0.07113056629896164,0.26876702904701233,0.0,0.07113056629896164,0.0001,1e-05,50.337,2.2831,0.6356
8072,stage2,5,0.06706863641738892,0.2778242528438568,0.0,0.06706863641738892,0.0001,1e-05,50.335,2.227,0.635
8073,stage2,5,0.06515280157327652,0.2781772017478943,0.0,0.06515280157327652,0.0001,1e-05,50.334,1.9269,0.6369
8074,stage2,5,0.061320241540670395,0.2575296461582184,0.0,0.061320241540670395,0.0001,1e-05,50.334,1.7076,0.6368
8075,stage2,5,0.07427966594696045,0.27196162939071655,0.0,0.07427966594696045,0.0001,1e-05,50.338,2.2218,0.6374
8076,stage2,5,0.06723804771900177,0.2566961348056793,0.0,0.06723804771900177,0.0001,1e-05,50.333,1.9095,0.6372
8077,stage2,5,0.06057596206665039,0.26353803277015686,0.0,0.06057596206665039,0.0001,1e-05,50.338,2.048,3.4786
8078,stage2,5,0.06971152126789093,0.26601189374923706,0.0,0.06971152126789093,0.0001,1e-05,50.336,2.1738,0.6352
8079,stage2,5,0.06220357120037079,0.32785069942474365,0.0,0.06220357120037079,0.0001,1e-05,50.334,2.1388,0.6356
8080,stage2,5,0.06715809553861618,0.25724104046821594,0.0,0.06715809553861618,0.0001,1e-05,50.335,2.4192,0.6363
8081,stage2,5,0.06229215860366821,0.25595006346702576,0.0,0.06229215860366821,0.0001,1e-05,50.331,1.7885,0.6364
8082,stage2,5,0.06620857119560242,0.26331600546836853,0.0,0.06620857119560242,0.0001,1e-05,50.331,1.9442,0.6372
8083,stage2,5,0.0719803050160408,0.24923092126846313,0.0,0.0719803050160408,0.0001,1e-05,50.339,2.1525,0.6372
8084,stage2,5,0.05898541957139969,0.2664355933666229,0.0,0.05898541957139969,0.0001,1e-05,50.335,1.9391,0.6372
8085,stage2,5,0.06453775614500046,0.27000877261161804,0.0,0.06453775614500046,0.0001,1e-05,50.336,2.0094,3.6325
8086,stage2,5,0.06750523298978806,0.2599683701992035,0.0,0.06750523298978806,0.0001,1e-05,50.333,1.8736,0.6351
8087,stage2,5,0.06573875993490219,0.2833501398563385,0.0,0.06573875993490219,0.0001,1e-05,50.336,2.0137,0.6361
8088,stage2,5,0.07118451595306396,0.2596181035041809,0.0,0.07118451595306396,0.0001,1e-05,50.334,2.0048,0.638
8089,stage2,5,0.06813376396894455,0.2760877311229706,0.0,0.06813376396894455,0.0001,1e-05,50.331,2.1733,0.6362
8090,stage2,5,0.05928109213709831,0.27417561411857605,0.0,0.05928109213709831,0.0001,1e-05,50.332,1.7349,0.6364
8091,stage2,5,0.06154066324234009,0.24839238822460175,0.0,0.06154066324234009,0.0001,1e-05,50.33,2.0793,0.6364
8092,stage2,5,0.05577876418828964,0.25657710433006287,0.0,0.05577876418828964,0.0001,1e-05,50.333,1.5134,0.6376
8093,stage2,5,0.06605932116508484,0.2665899991989136,0.0,0.06605932116508484,0.0001,1e-05,50.337,1.9508,3.5623
8094,stage2,5,0.07340342551469803,0.22561979293823242,0.0,0.07340342551469803,0.0001,1e-05,50.336,2.588,0.6356
8095,stage2,5,0.06214580684900284,0.31750190258026123,0.0,0.06214580684900284,0.0001,1e-05,50.338,1.9093,0.6367
8096,stage2,5,0.06868153810501099,0.26968979835510254,0.0,0.06868153810501099,0.0001,1e-05,50.34,1.7148,0.6355
8097,stage2,5,0.06966441124677658,0.24865582585334778,0.0,0.06966441124677658,0.0001,1e-05,50.335,2.1724,0.6359
8098,stage2,5,0.07425958663225174,0.2546321153640747,0.0,0.07425958663225174,0.0001,1e-05,50.336,3.558,0.6357
8099,stage2,5,0.06806415319442749,0.27175387740135193,0.0,0.06806415319442749,0.0001,1e-05,50.335,2.1332,0.6359
8100,stage2,5,0.060890015214681625,0.2899668514728546,0.0,0.060890015214681625,0.0001,1e-05,50.331,1.9068,0.6376
8101,stage2,5,0.06744908541440964,0.2542201280593872,0.0,0.06744908541440964,0.0001,1e-05,50.339,2.2559,3.5901
8102,stage2,5,0.07036339491605759,0.28173089027404785,0.0,0.07036339491605759,0.0001,1e-05,50.334,2.2731,0.6358
8103,stage2,5,0.06587176024913788,0.25695011019706726,0.0,0.06587176024913788,0.0001,1e-05,50.334,2.4973,0.6366
8104,stage2,5,0.07582983374595642,0.23917445540428162,0.0,0.07582983374595642,0.0001,1e-05,50.335,2.3763,0.6372
8105,stage2,5,0.07071655243635178,0.2349144071340561,0.0,0.07071655243635178,0.0001,1e-05,50.332,2.2551,0.6371
8106,stage2,5,0.07301142811775208,0.24881045520305634,0.0,0.07301142811775208,0.0001,1e-05,50.335,2.8082,0.6366
8107,stage2,5,0.05972003564238548,0.2484094798564911,0.0,0.05972003564238548,0.0001,1e-05,50.332,1.6201,0.6369
8108,stage2,5,0.06845445930957794,0.2869063913822174,0.0,0.06845445930957794,0.0001,1e-05,50.336,2.4159,0.6381
8109,stage2,5,0.05872645601630211,0.2791711390018463,0.0,0.05872645601630211,0.0001,1e-05,50.336,1.6667,3.6165
8110,stage2,5,0.06647352129220963,0.2785285711288452,0.0,0.06647352129220963,0.0001,1e-05,50.335,2.0369,0.6353
8111,stage2,5,0.0707230269908905,0.24994973838329315,0.0,0.0707230269908905,0.0001,1e-05,50.337,2.2268,0.6358
8112,stage2,5,0.06794648617506027,0.2606875002384186,0.0,0.06794648617506027,0.0001,1e-05,50.333,2.0355,0.6362
8113,stage2,5,0.07620631903409958,0.2732929587364197,0.0,0.07620631903409958,0.0001,1e-05,50.332,2.4216,0.637
8114,stage2,5,0.06043727323412895,0.2483977973461151,0.0,0.06043727323412895,0.0001,1e-05,50.335,2.0022,0.636
8115,stage2,5,0.06400438398122787,0.28647908568382263,0.0,0.06400438398122787,0.0001,1e-05,50.333,1.8951,0.6366
8116,stage2,5,0.06584274023771286,0.27508848905563354,0.0,0.06584274023771286,0.0001,1e-05,50.333,1.9903,0.6371
8117,stage2,5,0.06714677810668945,0.2737618684768677,0.0,0.06714677810668945,0.0001,1e-05,50.334,2.2044,3.5719
8118,stage2,5,0.06747090816497803,0.28801244497299194,0.0,0.06747090816497803,0.0001,1e-05,50.333,2.077,0.6352
8119,stage2,5,0.0647546648979187,0.2787465453147888,0.0,0.0647546648979187,0.0001,1e-05,50.333,1.7902,0.6364
8120,stage2,5,0.06500198692083359,0.2972954511642456,0.0,0.06500198692083359,0.0001,1e-05,50.333,1.9046,0.6355
8121,stage2,5,0.072391077876091,0.24298520386219025,0.0,0.072391077876091,0.0001,1e-05,50.336,1.9777,0.6369
8122,stage2,5,0.059027038514614105,0.2627386748790741,0.0,0.059027038514614105,0.0001,1e-05,50.333,1.9211,0.6369
8123,stage2,5,0.060892585664987564,0.2889680564403534,0.0,0.060892585664987564,0.0001,1e-05,50.335,1.8146,0.6379
8124,stage2,5,0.06933008879423141,0.2677834928035736,0.0,0.06933008879423141,0.0001,1e-05,50.33,2.2445,0.6377
8125,stage2,5,0.06145523861050606,0.2840880751609802,0.0,0.06145523861050606,0.0001,1e-05,50.337,1.9234,3.6207
8126,stage2,5,0.0641668513417244,0.26698148250579834,0.0,0.0641668513417244,0.0001,1e-05,50.331,1.9616,0.6362
8127,stage2,5,0.06638740003108978,0.2591218948364258,0.0,0.06638740003108978,0.0001,1e-05,50.337,1.8972,0.6366
8128,stage2,5,0.0754285380244255,0.2759420573711395,0.0,0.0754285380244255,0.0001,1e-05,50.332,2.2373,0.6368
8129,stage2,5,0.06327378004789352,0.27529215812683105,0.0,0.06327378004789352,0.0001,1e-05,50.338,2.067,0.6369
8130,stage2,5,0.06471017003059387,0.26121121644973755,0.0,0.06471017003059387,0.0001,1e-05,50.339,1.9211,0.637
8131,stage2,5,0.0678510069847107,0.2459867298603058,0.0,0.0678510069847107,0.0001,1e-05,50.333,1.7636,0.6378
8132,stage2,5,0.06896237283945084,0.2561076283454895,0.0,0.06896237283945084,0.0001,1e-05,50.338,1.9843,0.6375
8133,stage2,5,0.0738849863409996,0.2541954815387726,0.0,0.0738849863409996,0.0001,1e-05,50.333,2.0197,3.5532
8134,stage2,5,0.0721704363822937,0.2605949938297272,0.0,0.0721704363822937,0.0001,1e-05,50.338,2.1429,0.6345
8135,stage2,5,0.07049411535263062,0.23877201974391937,0.0,0.07049411535263062,0.0001,1e-05,50.332,2.0118,0.6358
8136,stage2,5,0.0583341158926487,0.2774726152420044,0.0,0.0583341158926487,0.0001,1e-05,50.338,1.522,0.6358
8137,stage2,5,0.07506963610649109,0.2480626255273819,0.0,0.07506963610649109,0.0001,1e-05,50.336,1.9983,0.6367
8138,stage2,5,0.07046117633581161,0.24709279835224152,0.0,0.07046117633581161,0.0001,1e-05,50.336,2.4543,0.637
8139,stage2,5,0.06857657432556152,0.26783159375190735,0.0,0.06857657432556152,0.0001,1e-05,50.336,2.0856,0.6373
8140,stage2,5,0.06278067082166672,0.23920303583145142,0.0,0.06278067082166672,0.0001,1e-05,50.338,1.8572,0.6372
8141,stage2,5,0.06448785215616226,0.24040082097053528,0.0,0.06448785215616226,0.0001,1e-05,50.333,1.5701,3.4845
8142,stage2,5,0.06854207068681717,0.2788451611995697,0.0,0.06854207068681717,0.0001,1e-05,50.332,1.9931,0.636
8143,stage2,5,0.06447019428014755,0.26323944330215454,0.0,0.06447019428014755,0.0001,1e-05,50.334,1.7519,0.6353
8144,stage2,5,0.05973680689930916,0.27152541279792786,0.0,0.05973680689930916,0.0001,1e-05,50.337,1.7313,0.6366
8145,stage2,5,0.06562335789203644,0.2866238057613373,0.0,0.06562335789203644,0.0001,1e-05,50.333,1.6517,0.6366
8146,stage2,5,0.06956823170185089,0.23632240295410156,0.0,0.06956823170185089,0.0001,1e-05,50.336,2.1037,0.636
8147,stage2,5,0.06022479012608528,0.2837340831756592,0.0,0.06022479012608528,0.0001,1e-05,50.338,1.7997,0.6377
8148,stage2,5,0.07105227559804916,0.2907932996749878,0.0,0.07105227559804916,0.0001,1e-05,50.333,2.0713,0.6382
8149,stage2,5,0.06549001485109329,0.26217901706695557,0.0,0.06549001485109329,0.0001,1e-05,50.336,2.218,3.5946
8150,stage2,5,0.07391547411680222,0.2583148777484894,0.0,0.07391547411680222,0.0001,1e-05,50.333,2.2631,0.6345
8151,stage2,5,0.0674084722995758,0.25330936908721924,0.0,0.0674084722995758,0.0001,1e-05,50.334,1.9026,0.6355
8152,stage2,5,0.06624465435743332,0.2894308567047119,0.0,0.06624465435743332,0.0001,1e-05,50.332,2.3614,0.6354
8153,stage2,5,0.06008761376142502,0.25888901948928833,0.0,0.06008761376142502,0.0001,1e-05,50.332,1.9475,0.6356
8154,stage2,5,0.06718426942825317,0.2741507291793823,0.0,0.06718426942825317,0.0001,1e-05,50.336,1.9104,0.636
8155,stage2,5,0.0591316819190979,0.2935747504234314,0.0,0.0591316819190979,0.0001,1e-05,50.336,2.0933,0.6361
8156,stage2,5,0.07939861714839935,0.26613301038742065,0.0,0.07939861714839935,0.0001,1e-05,50.339,2.7676,0.6364
8157,stage2,5,0.04872868210077286,0.30890873074531555,0.0,0.04872868210077286,0.0001,1e-05,50.335,1.446,3.6347
8158,stage2,5,0.07379285991191864,0.266207218170166,0.0,0.07379285991191864,0.0001,1e-05,50.334,2.2314,0.6351
8159,stage2,5,0.0635981559753418,0.250492125749588,0.0,0.0635981559753418,0.0001,1e-05,50.335,1.9459,0.6354
8160,stage2,5,0.058415040373802185,0.2559059262275696,0.0,0.058415040373802185,0.0001,1e-05,50.335,1.809,0.6366
8161,stage2,5,0.06678056716918945,0.2899390459060669,0.0,0.06678056716918945,0.0001,1e-05,50.336,2.3364,0.6358
8162,stage2,5,0.06904692202806473,0.25324201583862305,0.0,0.06904692202806473,0.0001,1e-05,50.332,2.0254,0.6362
8163,stage2,5,0.06668581068515778,0.2730712592601776,0.0,0.06668581068515778,0.0001,1e-05,50.336,1.9237,0.6373
8164,stage2,5,0.06670103222131729,0.2585504353046417,0.0,0.06670103222131729,0.0001,1e-05,50.337,1.9179,0.6366
8165,stage2,5,0.06517159193754196,0.26998233795166016,0.0,0.06517159193754196,0.0001,1e-05,50.332,2.155,3.4959
8166,stage2,5,0.06988023966550827,0.27108943462371826,0.0,0.06988023966550827,0.0001,1e-05,50.331,2.1943,0.6348
8167,stage2,5,0.05721098929643631,0.28788796067237854,0.0,0.05721098929643631,0.0001,1e-05,50.338,1.694,0.636
8168,stage2,5,0.05912512540817261,0.25135987997055054,0.0,0.05912512540817261,0.0001,1e-05,50.336,1.8799,0.6362
8169,stage2,5,0.06337091326713562,0.2681484818458557,0.0,0.06337091326713562,0.0001,1e-05,50.333,1.9107,0.6364
8170,stage2,5,0.06985738128423691,0.25002580881118774,0.0,0.06985738128423691,0.0001,1e-05,50.337,2.1878,0.6355
8171,stage2,5,0.06608809530735016,0.27659571170806885,0.0,0.06608809530735016,0.0001,1e-05,50.334,2.545,0.6359
8172,stage2,5,0.06752537190914154,0.2722359895706177,0.0,0.06752537190914154,0.0001,1e-05,50.332,2.1035,0.6396
8173,stage2,5,0.0584154836833477,0.2767888903617859,0.0,0.0584154836833477,0.0001,1e-05,50.337,1.6834,3.5763
8174,stage2,5,0.0669766217470169,0.26046091318130493,0.0,0.0669766217470169,0.0001,1e-05,50.337,1.8805,0.6351
8175,stage2,5,0.07212690263986588,0.2486325204372406,0.0,0.07212690263986588,0.0001,1e-05,50.338,1.9391,0.6354
8176,stage2,5,0.07157208770513535,0.2558814585208893,0.0,0.07157208770513535,0.0001,1e-05,50.336,2.2162,0.6375
8177,stage2,5,0.06082892790436745,0.253131628036499,0.0,0.06082892790436745,0.0001,1e-05,50.338,2.1012,0.6366
8178,stage2,5,0.07015582174062729,0.25081515312194824,0.0,0.07015582174062729,0.0001,1e-05,50.335,2.1824,0.6366
8179,stage2,5,0.07072213292121887,0.2861591875553131,0.0,0.07072213292121887,0.0001,1e-05,50.335,2.2898,0.6374
8180,stage2,5,0.05841360241174698,0.259762704372406,0.0,0.05841360241174698,0.0001,1e-05,50.332,1.7616,0.6369
8181,stage2,5,0.06955602020025253,0.242299884557724,0.0,0.06955602020025253,0.0001,1e-05,50.331,2.0421,3.5222
8182,stage2,5,0.0708618015050888,0.25964632630348206,0.0,0.0708618015050888,0.0001,1e-05,50.335,2.0606,0.6355
8183,stage2,5,0.08221476525068283,0.2622295022010803,0.0,0.08221476525068283,0.0001,1e-05,50.33,2.7101,0.6361
8184,stage2,5,0.06724554300308228,0.3246297240257263,0.0,0.06724554300308228,0.0001,1e-05,50.335,1.908,0.6361
8185,stage2,5,0.06679020076990128,0.2667989432811737,0.0,0.06679020076990128,0.0001,1e-05,50.337,1.9851,0.6359
8186,stage2,5,0.06397741287946701,0.2642914950847626,0.0,0.06397741287946701,0.0001,1e-05,50.334,2.3534,0.6356
8187,stage2,5,0.07109276205301285,0.24416784942150116,0.0,0.07109276205301285,0.0001,1e-05,50.334,2.0689,0.6367
8188,stage2,5,0.06238293647766113,0.2641853094100952,0.0,0.06238293647766113,0.0001,1e-05,50.336,1.7908,0.637
8189,stage2,5,0.05758799985051155,0.2901134788990021,0.0,0.05758799985051155,0.0001,1e-05,50.337,1.5716,3.5324
8190,stage2,5,0.06909314543008804,0.2513929307460785,0.0,0.06909314543008804,0.0001,1e-05,50.333,2.021,0.6358
8191,stage2,5,0.07017883658409119,0.2864748239517212,0.0,0.07017883658409119,0.0001,1e-05,50.336,2.7198,0.6364
8192,stage2,5,0.06268298625946045,0.2539309561252594,0.0,0.06268298625946045,0.0001,1e-05,50.334,2.1286,0.6359
8193,stage2,5,0.0675080344080925,0.26348477602005005,0.0,0.0675080344080925,0.0001,1e-05,50.336,2.1851,0.6369
8194,stage2,5,0.07151592522859573,0.27263474464416504,0.0,0.07151592522859573,0.0001,1e-05,50.338,2.3561,0.6371
8195,stage2,5,0.06442899256944656,0.24091827869415283,0.0,0.06442899256944656,0.0001,1e-05,50.342,2.1149,0.6367
8196,stage2,5,0.06487433612346649,0.24907557666301727,0.0,0.06487433612346649,0.0001,1e-05,50.332,1.7891,0.6372
8197,stage2,5,0.069745272397995,0.2720736861228943,0.0,0.069745272397995,0.0001,1e-05,50.333,1.8499,3.5041
8198,stage2,5,0.07881727814674377,0.2305850088596344,0.0,0.07881727814674377,0.0001,1e-05,50.333,2.6863,0.635
8199,stage2,5,0.060593631118535995,0.23284892737865448,0.0,0.060593631118535995,0.0001,1e-05,50.338,1.7921,0.6361
8200,stage2,5,0.06657575070858002,0.25655698776245117,0.0,0.06657575070858002,0.0001,1e-05,50.332,1.8863,0.6364
8201,stage2,5,0.06392019987106323,0.2534026503562927,0.0,0.06392019987106323,0.0001,1e-05,50.337,1.9821,0.637
8202,stage2,5,0.06211576983332634,0.29132550954818726,0.0,0.06211576983332634,0.0001,1e-05,50.334,2.0762,0.637
8203,stage2,5,0.05892310291528702,0.2419731169939041,0.0,0.05892310291528702,0.0001,1e-05,50.338,1.6516,0.6369
8204,stage2,5,0.06337040662765503,0.2339324951171875,0.0,0.06337040662765503,0.0001,1e-05,50.335,1.7394,0.6368
8205,stage2,5,0.06900094449520111,0.2833006978034973,0.0,0.06900094449520111,0.0001,1e-05,50.337,2.2955,3.5509
8206,stage2,5,0.06493830680847168,0.26055628061294556,0.0,0.06493830680847168,0.0001,1e-05,50.335,1.9447,0.6359
8207,stage2,5,0.0678982362151146,0.26671287417411804,0.0,0.0678982362151146,0.0001,1e-05,50.333,1.8974,0.6363
8208,stage2,5,0.05601436644792557,0.2979770600795746,0.0,0.05601436644792557,0.0001,1e-05,50.334,1.5739,0.6361
8209,stage2,5,0.0623270645737648,0.28327786922454834,0.0,0.0623270645737648,0.0001,1e-05,50.338,1.779,0.6371
8210,stage2,5,0.06232229247689247,0.2773933708667755,0.0,0.06232229247689247,0.0001,1e-05,50.336,1.8191,0.6371
8211,stage2,5,0.056005023419857025,0.3032510280609131,0.0,0.056005023419857025,0.0001,1e-05,50.334,1.7738,0.6375
8212,stage2,5,0.06787173449993134,0.2422185093164444,0.0,0.06787173449993134,0.0001,1e-05,50.335,2.1906,0.6364
8213,stage2,5,0.06035236269235611,0.2688954770565033,0.0,0.06035236269235611,0.0001,1e-05,50.337,1.8055,3.5079
8214,stage2,5,0.06678717583417892,0.27007532119750977,0.0,0.06678717583417892,0.0001,1e-05,50.336,2.209,0.6358
8215,stage2,5,0.07210167497396469,0.24379761517047882,0.0,0.07210167497396469,0.0001,1e-05,50.332,2.0862,0.6366
8216,stage2,5,0.059941891580820084,0.23573878407478333,0.0,0.059941891580820084,0.0001,1e-05,50.336,1.646,0.6369
8217,stage2,5,0.06211201846599579,0.2529565989971161,0.0,0.06211201846599579,0.0001,1e-05,50.332,1.6182,0.6362
8218,stage2,5,0.07601335644721985,0.27188754081726074,0.0,0.07601335644721985,0.0001,1e-05,50.333,2.086,0.6368
8219,stage2,5,0.06560004502534866,0.26907843351364136,0.0,0.06560004502534866,0.0001,1e-05,50.333,1.7328,0.6367
8220,stage2,5,0.07568148523569107,0.2775678336620331,0.0,0.07568148523569107,0.0001,1e-05,50.332,2.4192,0.6413
8221,stage2,5,0.06253913044929504,0.2639034688472748,0.0,0.06253913044929504,0.0001,1e-05,50.33,2.361,3.4982
8222,stage2,5,0.062208425253629684,0.27784761786460876,0.0,0.062208425253629684,0.0001,1e-05,50.333,1.9291,0.6358
8223,stage2,5,0.06788475811481476,0.2563898265361786,0.0,0.06788475811481476,0.0001,1e-05,50.332,1.9373,0.6366
8224,stage2,5,0.06460127979516983,0.28213557600975037,0.0,0.06460127979516983,0.0001,1e-05,50.338,2.3223,0.6364
8225,stage2,5,0.06786525249481201,0.28348278999328613,0.0,0.06786525249481201,0.0001,1e-05,50.339,2.1144,0.6355
8226,stage2,5,0.0638616755604744,0.28239282965660095,0.0,0.0638616755604744,0.0001,1e-05,50.332,2.0373,0.6361
8227,stage2,5,0.06342492997646332,0.28466394543647766,0.0,0.06342492997646332,0.0001,1e-05,50.336,2.0343,0.6363
8228,stage2,5,0.05609194561839104,0.276595801115036,0.0,0.05609194561839104,0.0001,1e-05,50.334,1.7438,0.6368
8229,stage2,5,0.06619413942098618,0.2705899477005005,0.0,0.06619413942098618,0.0001,1e-05,50.333,1.7357,3.5901
8230,stage2,5,0.07487753033638,0.2758300006389618,0.0,0.07487753033638,0.0001,1e-05,50.334,2.3628,0.636
8231,stage2,5,0.07107055932283401,0.27878662943840027,0.0,0.07107055932283401,0.0001,1e-05,50.333,2.1379,0.6367
8232,stage2,5,0.06963016092777252,0.2620943784713745,0.0,0.06963016092777252,0.0001,1e-05,50.334,2.1386,0.6367
8233,stage2,5,0.06901299953460693,0.2627404034137726,0.0,0.06901299953460693,0.0001,1e-05,50.336,2.1185,0.6375
8234,stage2,5,0.07206431776285172,0.2514675259590149,0.0,0.07206431776285172,0.0001,1e-05,50.333,1.9965,0.6369
8235,stage2,5,0.06117623299360275,0.2389281690120697,0.0,0.06117623299360275,0.0001,1e-05,50.336,1.7667,0.6376
8236,stage2,5,0.06127022206783295,0.26312702894210815,0.0,0.06127022206783295,0.0001,1e-05,50.335,1.7453,0.6397
8237,stage2,5,0.05856992304325104,0.24613243341445923,0.0,0.05856992304325104,0.0001,1e-05,50.334,1.8189,3.6652
8238,stage2,5,0.06889060139656067,0.2464503049850464,0.0,0.06889060139656067,0.0001,1e-05,50.336,1.9999,0.6355
8239,stage2,5,0.06438180804252625,0.2510811984539032,0.0,0.06438180804252625,0.0001,1e-05,50.338,1.8514,0.6369
8240,stage2,5,0.0758354663848877,0.26527127623558044,0.0,0.0758354663848877,0.0001,1e-05,50.332,2.152,0.6369
8241,stage2,5,0.06289930641651154,0.25662684440612793,0.0,0.06289930641651154,0.0001,1e-05,50.333,1.9061,0.6361
8242,stage2,5,0.06871497631072998,0.2863667905330658,0.0,0.06871497631072998,0.0001,1e-05,50.338,2.0235,0.6377
8243,stage2,5,0.06823235750198364,0.26040881872177124,0.0,0.06823235750198364,0.0001,1e-05,50.337,1.6292,0.6374
8244,stage2,5,0.06750570982694626,0.2541086971759796,0.0,0.06750570982694626,0.0001,1e-05,50.335,1.933,0.6381
8245,stage2,5,0.0675034448504448,0.2780410647392273,0.0,0.0675034448504448,0.0001,1e-05,50.338,2.2058,3.6363
8246,stage2,5,0.06359637528657913,0.2718755900859833,0.0,0.06359637528657913,0.0001,1e-05,50.333,2.2471,0.6359
8247,stage2,5,0.07235444337129593,0.27814480662345886,0.0,0.07235444337129593,0.0001,1e-05,50.334,2.3969,0.6367
8248,stage2,5,0.07354310154914856,0.2708994746208191,0.0,0.07354310154914856,0.0001,1e-05,50.334,2.0172,0.6369
8249,stage2,5,0.06058226898312569,0.2858871817588806,0.0,0.06058226898312569,0.0001,1e-05,50.333,1.6538,0.6372
8250,stage2,5,0.06872613728046417,0.25876662135124207,0.0,0.06872613728046417,0.0001,1e-05,50.338,2.406,0.6382
8251,stage2,5,0.06738965958356857,0.3067467510700226,0.0,0.06738965958356857,0.0001,1e-05,50.337,2.4226,0.6384
8252,stage2,5,0.062379322946071625,0.25619083642959595,0.0,0.062379322946071625,0.0001,1e-05,50.338,1.8152,0.6418
8253,stage2,5,0.06905987113714218,0.27110856771469116,0.0,0.06905987113714218,0.0001,1e-05,50.332,2.061,3.5301
8254,stage2,5,0.06496112048625946,0.2768014073371887,0.0,0.06496112048625946,0.0001,1e-05,50.335,1.7753,0.6353
8255,stage2,5,0.061845384538173676,0.28819015622138977,0.0,0.061845384538173676,0.0001,1e-05,50.335,1.7206,0.6361
8256,stage2,5,0.06181557849049568,0.23897960782051086,0.0,0.06181557849049568,0.0001,1e-05,50.333,1.5721,0.6373
8257,stage2,5,0.062164757400751114,0.2707131803035736,0.0,0.062164757400751114,0.0001,1e-05,50.338,1.8074,0.6367
8258,stage2,5,0.06969964504241943,0.2524586617946625,0.0,0.06969964504241943,0.0001,1e-05,50.335,2.0933,0.6386
8259,stage2,5,0.0751105397939682,0.2613914906978607,0.0,0.0751105397939682,0.0001,1e-05,50.334,2.2203,0.6374
8260,stage2,5,0.05912506580352783,0.27125900983810425,0.0,0.05912506580352783,0.0001,1e-05,50.333,1.8414,0.638
8261,stage2,5,0.06512188911437988,0.24541102349758148,0.0,0.06512188911437988,0.0001,1e-05,50.332,1.9112,3.6666
8262,stage2,5,0.061240196228027344,0.29587072134017944,0.0,0.061240196228027344,0.0001,1e-05,50.332,1.7294,0.6343
8263,stage2,5,0.05926061049103737,0.2878645658493042,0.0,0.05926061049103737,0.0001,1e-05,50.335,2.1074,0.6337
8264,stage2,5,0.05861760675907135,0.26267340779304504,0.0,0.05861760675907135,0.0001,1e-05,50.339,1.6121,0.6342
8265,stage2,5,0.06475859135389328,0.2594214379787445,0.0,0.06475859135389328,0.0001,1e-05,50.335,2.0305,0.6346
8266,stage2,5,0.06649456173181534,0.26773354411125183,0.0,0.06649456173181534,0.0001,1e-05,50.335,1.9312,0.6344
8267,stage2,5,0.06809308379888535,0.2718600630760193,0.0,0.06809308379888535,0.0001,1e-05,50.332,2.0838,0.634
8268,stage2,6,0.057011928409338,0.29102247953414917,0.0,0.057011928409338,0.0001,1e-05,50.336,1.6496,9.1199
8269,stage2,6,0.071945421397686,0.2462245672941208,0.0,0.071945421397686,0.0001,1e-05,50.335,2.1932,0.6327
8270,stage2,6,0.0758591890335083,0.2789221704006195,0.0,0.0758591890335083,0.0001,1e-05,50.341,2.9772,0.6331
8271,stage2,6,0.06385891884565353,0.23303936421871185,0.0,0.06385891884565353,0.0001,1e-05,50.334,1.6938,0.6338
8272,stage2,6,0.0662221685051918,0.2268172651529312,0.0,0.0662221685051918,0.0001,1e-05,50.339,2.2461,0.6345
8273,stage2,6,0.06685715168714523,0.2803827226161957,0.0,0.06685715168714523,0.0001,1e-05,50.333,2.0,0.6341
8274,stage2,6,0.06763777881860733,0.2586108446121216,0.0,0.06763777881860733,0.0001,1e-05,50.334,2.1802,0.6346
8275,stage2,6,0.07018475234508514,0.247284397482872,0.0,0.07018475234508514,0.0001,1e-05,50.334,2.2172,0.6353
8276,stage2,6,0.06421155482530594,0.2785482406616211,0.0,0.06421155482530594,0.0001,1e-05,50.337,1.8531,3.5491
8277,stage2,6,0.060302481055259705,0.28711703419685364,0.0,0.060302481055259705,0.0001,1e-05,50.331,1.9745,0.6335
8278,stage2,6,0.06567338109016418,0.25863927602767944,0.0,0.06567338109016418,0.0001,1e-05,50.335,1.8318,0.6334
8279,stage2,6,0.0593797005712986,0.2528887689113617,0.0,0.0593797005712986,0.0001,1e-05,50.335,1.6956,0.6341
8280,stage2,6,0.06327421218156815,0.3059314489364624,0.0,0.06327421218156815,0.0001,1e-05,50.334,2.0706,0.6344
8281,stage2,6,0.06460119038820267,0.28352996706962585,0.0,0.06460119038820267,0.0001,1e-05,50.335,2.1355,0.6349
8282,stage2,6,0.055191490799188614,0.2621940076351166,0.0,0.055191490799188614,0.0001,1e-05,50.338,1.6463,0.6347
8283,stage2,6,0.06256166100502014,0.23236145079135895,0.0,0.06256166100502014,0.0001,1e-05,50.337,1.7914,0.6355
8284,stage2,6,0.05931773781776428,0.2555661201477051,0.0,0.05931773781776428,0.0001,1e-05,50.334,1.5516,3.597
8285,stage2,6,0.06105552986264229,0.26844027638435364,0.0,0.06105552986264229,0.0001,1e-05,50.336,1.9163,0.6332
8286,stage2,6,0.06505011767148972,0.2588178217411041,0.0,0.06505011767148972,0.0001,1e-05,50.334,1.8199,0.6338
8287,stage2,6,0.06704025715589523,0.2296316921710968,0.0,0.06704025715589523,0.0001,1e-05,50.337,2.0027,0.634
8288,stage2,6,0.06682982295751572,0.25816068053245544,0.0,0.06682982295751572,0.0001,1e-05,50.341,1.869,0.6339
8289,stage2,6,0.06471027433872223,0.2664985656738281,0.0,0.06471027433872223,0.0001,1e-05,50.332,1.6615,0.6349
8290,stage2,6,0.05074625462293625,0.2652476131916046,0.0,0.05074625462293625,0.0001,1e-05,50.334,1.766,0.6349
8291,stage2,6,0.05679601803421974,0.2524622082710266,0.0,0.05679601803421974,0.0001,1e-05,50.335,1.7494,0.6357
8292,stage2,6,0.06413586437702179,0.24868102371692657,0.0,0.06413586437702179,0.0001,1e-05,50.334,1.8294,3.6016
8293,stage2,6,0.06679007411003113,0.2542726695537567,0.0,0.06679007411003113,0.0001,1e-05,50.336,2.349,0.633
8294,stage2,6,0.06678731739521027,0.23834091424942017,0.0,0.06678731739521027,0.0001,1e-05,50.338,2.287,0.6335
8295,stage2,6,0.05498150363564491,0.25736895203590393,0.0,0.05498150363564491,0.0001,1e-05,50.335,1.8611,0.6338
8296,stage2,6,0.060923587530851364,0.26370295882225037,0.0,0.060923587530851364,0.0001,1e-05,50.333,1.8759,0.6349
8297,stage2,6,0.05953839793801308,0.2768283784389496,0.0,0.05953839793801308,0.0001,1e-05,50.34,1.8125,0.6352
8298,stage2,6,0.06605356931686401,0.2517004609107971,0.0,0.06605356931686401,0.0001,1e-05,50.338,1.9916,0.6347
8299,stage2,6,0.06756211072206497,0.24153807759284973,0.0,0.06756211072206497,0.0001,1e-05,50.338,2.0327,0.6353
