[2026-09-12 16:46:06] === Starting Automated Campaign Monitor ===
[2026-09-12 16:46:06] Check interval: 1800s (~30.0 mins) | Target Base SR: 76%
[2026-09-12 16:46:06] --- Periodic Check Tick (2026-09-12 16:46:06) ---
[2026-09-12 16:46:06] Sleeping for 1800s until next check...
[2026-09-12 17:16:06] --- Periodic Check Tick (2026-09-12 17:16:06) ---
[2026-09-12 17:16:06] Evaluating Push-T latest checkpoint...
[2026-09-12 17:16:06] Error evaluating Push-T: Weights only load failed. This file can still be loaded, to do so you have two options, [1mdo those steps only if you trust the source of the checkpoint[0m. 
	(1) In PyTorch 2.6, we changed the default value of the `weights_only` argument in `torch.load` from `False` to `True`. Re-running `torch.load` with `weights_only` set to `False` will likely succeed, but it can result in arbitrary code execution. Do it only if you got the file from a trusted source.
	(2) Alternatively, to load with `weights_only=True` please check the recommended steps in the following error message.
	WeightsUnpickler error: Unsupported global: GLOBAL numpy._core.multiarray._reconstruct was not an allowed global by default. Please use `torch.serialization.add_safe_globals([numpy._core.multiarray._reconstruct])` or the `torch.serialization.safe_globals([numpy._core.multiarray._reconstruct])` context manager to allowlist this global if you trust this class/function.

Check the documentation of torch.load to learn more about types accepted by default with weights_only https://pytorch.org/docs/stable/generated/torch.load.html.
[2026-09-12 17:16:06] Evaluating RoboCasa CloseSingleDoor latest checkpoint...
[2026-09-12 17:16:06] Error evaluating RC-CloseSingleDoor: Weights only load failed. This file can still be loaded, to do so you have two options, [1mdo those steps only if you trust the source of the checkpoint[0m. 
	(1) In PyTorch 2.6, we changed the default value of the `weights_only` argument in `torch.load` from `False` to `True`. Re-running `torch.load` with `weights_only` set to `False` will likely succeed, but it can result in arbitrary code execution. Do it only if you got the file from a trusted source.
	(2) Alternatively, to load with `weights_only=True` please check the recommended steps in the following error message.
	WeightsUnpickler error: Unsupported global: GLOBAL numpy.core.multiarray._reconstruct was not an allowed global by default. Please use `torch.serialization.add_safe_globals([numpy.core.multiarray._reconstruct])` or the `torch.serialization.safe_globals([numpy.core.multiarray._reconstruct])` context manager to allowlist this global if you trust this class/function.

Check the documentation of torch.load to learn more about types accepted by default with weights_only https://pytorch.org/docs/stable/generated/torch.load.html.
[2026-09-12 17:16:06] Sleeping for 1800s until next check...
[2026-09-12 17:46:06] --- Periodic Check Tick (2026-09-12 17:46:06) ---
[2026-09-12 17:46:06] Evaluating Push-T latest checkpoint...
[2026-09-12 17:46:06] Error evaluating Push-T: Weights only load failed. This file can still be loaded, to do so you have two options, [1mdo those steps only if you trust the source of the checkpoint[0m. 
	(1) In PyTorch 2.6, we changed the default value of the `weights_only` argument in `torch.load` from `False` to `True`. Re-running `torch.load` with `weights_only` set to `False` will likely succeed, but it can result in arbitrary code execution. Do it only if you got the file from a trusted source.
	(2) Alternatively, to load with `weights_only=True` please check the recommended steps in the following error message.
	WeightsUnpickler error: Unsupported global: GLOBAL numpy._core.multiarray._reconstruct was not an allowed global by default. Please use `torch.serialization.add_safe_globals([numpy._core.multiarray._reconstruct])` or the `torch.serialization.safe_globals([numpy._core.multiarray._reconstruct])` context manager to allowlist this global if you trust this class/function.

Check the documentation of torch.load to learn more about types accepted by default with weights_only https://pytorch.org/docs/stable/generated/torch.load.html.
[2026-09-12 17:46:06] Evaluating RoboCasa CloseSingleDoor latest checkpoint...
[2026-09-12 17:46:06] Error evaluating RC-CloseSingleDoor: Weights only load failed. This file can still be loaded, to do so you have two options, [1mdo those steps only if you trust the source of the checkpoint[0m. 
	(1) In PyTorch 2.6, we changed the default value of the `weights_only` argument in `torch.load` from `False` to `True`. Re-running `torch.load` with `weights_only` set to `False` will likely succeed, but it can result in arbitrary code execution. Do it only if you got the file from a trusted source.
	(2) Alternatively, to load with `weights_only=True` please check the recommended steps in the following error message.
	WeightsUnpickler error: Unsupported global: GLOBAL numpy.core.multiarray._reconstruct was not an allowed global by default. Please use `torch.serialization.add_safe_globals([numpy.core.multiarray._reconstruct])` or the `torch.serialization.safe_globals([numpy.core.multiarray._reconstruct])` context manager to allowlist this global if you trust this class/function.

Check the documentation of torch.load to learn more about types accepted by default with weights_only https://pytorch.org/docs/stable/generated/torch.load.html.
[2026-09-12 17:46:06] Sleeping for 1800s until next check...
[2026-09-12 18:16:06] --- Periodic Check Tick (2026-09-12 18:16:06) ---
[2026-09-12 18:16:06] Evaluating Push-T latest checkpoint...
[2026-09-12 18:16:06] Error evaluating Push-T: Weights only load failed. This file can still be loaded, to do so you have two options, [1mdo those steps only if you trust the source of the checkpoint[0m. 
	(1) In PyTorch 2.6, we changed the default value of the `weights_only` argument in `torch.load` from `False` to `True`. Re-running `torch.load` with `weights_only` set to `False` will likely succeed, but it can result in arbitrary code execution. Do it only if you got the file from a trusted source.
	(2) Alternatively, to load with `weights_only=True` please check the recommended steps in the following error message.
	WeightsUnpickler error: Unsupported global: GLOBAL numpy._core.multiarray._reconstruct was not an allowed global by default. Please use `torch.serialization.add_safe_globals([numpy._core.multiarray._reconstruct])` or the `torch.serialization.safe_globals([numpy._core.multiarray._reconstruct])` context manager to allowlist this global if you trust this class/function.

Check the documentation of torch.load to learn more about types accepted by default with weights_only https://pytorch.org/docs/stable/generated/torch.load.html.
[2026-09-12 18:16:06] Evaluating RoboCasa CloseSingleDoor latest checkpoint...
[2026-09-12 18:16:06] Error evaluating RC-CloseSingleDoor: Weights only load failed. This file can still be loaded, to do so you have two options, [1mdo those steps only if you trust the source of the checkpoint[0m. 
	(1) In PyTorch 2.6, we changed the default value of the `weights_only` argument in `torch.load` from `False` to `True`. Re-running `torch.load` with `weights_only` set to `False` will likely succeed, but it can result in arbitrary code execution. Do it only if you got the file from a trusted source.
	(2) Alternatively, to load with `weights_only=True` please check the recommended steps in the following error message.
	WeightsUnpickler error: Unsupported global: GLOBAL numpy.core.multiarray._reconstruct was not an allowed global by default. Please use `torch.serialization.add_safe_globals([numpy.core.multiarray._reconstruct])` or the `torch.serialization.safe_globals([numpy.core.multiarray._reconstruct])` context manager to allowlist this global if you trust this class/function.

Check the documentation of torch.load to learn more about types accepted by default with weights_only https://pytorch.org/docs/stable/generated/torch.load.html.
[2026-09-12 18:16:06] Sleeping for 1800s until next check...
[2026-09-12 18:46:06] --- Periodic Check Tick (2026-09-12 18:46:06) ---
[2026-09-12 18:46:06] Evaluating Push-T latest checkpoint...
[2026-09-12 18:46:06] Error evaluating Push-T: Weights only load failed. This file can still be loaded, to do so you have two options, [1mdo those steps only if you trust the source of the checkpoint[0m. 
	(1) In PyTorch 2.6, we changed the default value of the `weights_only` argument in `torch.load` from `False` to `True`. Re-running `torch.load` with `weights_only` set to `False` will likely succeed, but it can result in arbitrary code execution. Do it only if you got the file from a trusted source.
	(2) Alternatively, to load with `weights_only=True` please check the recommended steps in the following error message.
	WeightsUnpickler error: Unsupported global: GLOBAL numpy._core.multiarray._reconstruct was not an allowed global by default. Please use `torch.serialization.add_safe_globals([numpy._core.multiarray._reconstruct])` or the `torch.serialization.safe_globals([numpy._core.multiarray._reconstruct])` context manager to allowlist this global if you trust this class/function.

Check the documentation of torch.load to learn more about types accepted by default with weights_only https://pytorch.org/docs/stable/generated/torch.load.html.
[2026-09-12 18:46:06] Evaluating RoboCasa CloseSingleDoor latest checkpoint...
[2026-09-12 18:46:06] Error evaluating RC-CloseSingleDoor: Weights only load failed. This file can still be loaded, to do so you have two options, [1mdo those steps only if you trust the source of the checkpoint[0m. 
	(1) In PyTorch 2.6, we changed the default value of the `weights_only` argument in `torch.load` from `False` to `True`. Re-running `torch.load` with `weights_only` set to `False` will likely succeed, but it can result in arbitrary code execution. Do it only if you got the file from a trusted source.
	(2) Alternatively, to load with `weights_only=True` please check the recommended steps in the following error message.
	WeightsUnpickler error: Unsupported global: GLOBAL numpy.core.multiarray._reconstruct was not an allowed global by default. Please use `torch.serialization.add_safe_globals([numpy.core.multiarray._reconstruct])` or the `torch.serialization.safe_globals([numpy.core.multiarray._reconstruct])` context manager to allowlist this global if you trust this class/function.

Check the documentation of torch.load to learn more about types accepted by default with weights_only https://pytorch.org/docs/stable/generated/torch.load.html.
[2026-09-12 18:46:06] Sleeping for 1800s until next check...
[2026-09-12 19:16:06] --- Periodic Check Tick (2026-09-12 19:16:06) ---
[2026-09-12 19:16:06] Evaluating Push-T latest checkpoint...
[2026-09-12 19:16:06] Error evaluating Push-T: Weights only load failed. This file can still be loaded, to do so you have two options, [1mdo those steps only if you trust the source of the checkpoint[0m. 
	(1) In PyTorch 2.6, we changed the default value of the `weights_only` argument in `torch.load` from `False` to `True`. Re-running `torch.load` with `weights_only` set to `False` will likely succeed, but it can result in arbitrary code execution. Do it only if you got the file from a trusted source.
	(2) Alternatively, to load with `weights_only=True` please check the recommended steps in the following error message.
	WeightsUnpickler error: Unsupported global: GLOBAL numpy._core.multiarray._reconstruct was not an allowed global by default. Please use `torch.serialization.add_safe_globals([numpy._core.multiarray._reconstruct])` or the `torch.serialization.safe_globals([numpy._core.multiarray._reconstruct])` context manager to allowlist this global if you trust this class/function.

Check the documentation of torch.load to learn more about types accepted by default with weights_only https://pytorch.org/docs/stable/generated/torch.load.html.
[2026-09-12 19:16:06] Evaluating RoboCasa CloseSingleDoor latest checkpoint...
[2026-09-12 19:16:06] Error evaluating RC-CloseSingleDoor: Weights only load failed. This file can still be loaded, to do so you have two options, [1mdo those steps only if you trust the source of the checkpoint[0m. 
	(1) In PyTorch 2.6, we changed the default value of the `weights_only` argument in `torch.load` from `False` to `True`. Re-running `torch.load` with `weights_only` set to `False` will likely succeed, but it can result in arbitrary code execution. Do it only if you got the file from a trusted source.
	(2) Alternatively, to load with `weights_only=True` please check the recommended steps in the following error message.
	WeightsUnpickler error: Unsupported global: GLOBAL numpy.core.multiarray._reconstruct was not an allowed global by default. Please use `torch.serialization.add_safe_globals([numpy.core.multiarray._reconstruct])` or the `torch.serialization.safe_globals([numpy.core.multiarray._reconstruct])` context manager to allowlist this global if you trust this class/function.

Check the documentation of torch.load to learn more about types accepted by default with weights_only https://pytorch.org/docs/stable/generated/torch.load.html.
[2026-09-12 19:16:06] Sleeping for 1800s until next check...
[2026-09-12 19:46:06] --- Periodic Check Tick (2026-09-12 19:46:06) ---
[2026-09-12 19:46:06] Evaluating Push-T latest checkpoint...
[2026-09-12 19:46:06] Error evaluating Push-T: Weights only load failed. This file can still be loaded, to do so you have two options, [1mdo those steps only if you trust the source of the checkpoint[0m. 
	(1) In PyTorch 2.6, we changed the default value of the `weights_only` argument in `torch.load` from `False` to `True`. Re-running `torch.load` with `weights_only` set to `False` will likely succeed, but it can result in arbitrary code execution. Do it only if you got the file from a trusted source.
	(2) Alternatively, to load with `weights_only=True` please check the recommended steps in the following error message.
	WeightsUnpickler error: Unsupported global: GLOBAL numpy._core.multiarray._reconstruct was not an allowed global by default. Please use `torch.serialization.add_safe_globals([numpy._core.multiarray._reconstruct])` or the `torch.serialization.safe_globals([numpy._core.multiarray._reconstruct])` context manager to allowlist this global if you trust this class/function.

Check the documentation of torch.load to learn more about types accepted by default with weights_only https://pytorch.org/docs/stable/generated/torch.load.html.
[2026-09-12 19:46:06] Evaluating RoboCasa CloseSingleDoor latest checkpoint...
[2026-09-12 19:46:06] Error evaluating RC-CloseSingleDoor: Weights only load failed. This file can still be loaded, to do so you have two options, [1mdo those steps only if you trust the source of the checkpoint[0m. 
	(1) In PyTorch 2.6, we changed the default value of the `weights_only` argument in `torch.load` from `False` to `True`. Re-running `torch.load` with `weights_only` set to `False` will likely succeed, but it can result in arbitrary code execution. Do it only if you got the file from a trusted source.
	(2) Alternatively, to load with `weights_only=True` please check the recommended steps in the following error message.
	WeightsUnpickler error: Unsupported global: GLOBAL numpy.core.multiarray._reconstruct was not an allowed global by default. Please use `torch.serialization.add_safe_globals([numpy.core.multiarray._reconstruct])` or the `torch.serialization.safe_globals([numpy.core.multiarray._reconstruct])` context manager to allowlist this global if you trust this class/function.

Check the documentation of torch.load to learn more about types accepted by default with weights_only https://pytorch.org/docs/stable/generated/torch.load.html.
[2026-09-12 19:46:06] Sleeping for 1800s until next check...
[2026-09-12 20:16:06] --- Periodic Check Tick (2026-09-12 20:16:06) ---
[2026-09-12 20:16:06] Evaluating Push-T latest checkpoint...
[2026-09-12 20:16:06] Error evaluating Push-T: Weights only load failed. This file can still be loaded, to do so you have two options, [1mdo those steps only if you trust the source of the checkpoint[0m. 
	(1) In PyTorch 2.6, we changed the default value of the `weights_only` argument in `torch.load` from `False` to `True`. Re-running `torch.load` with `weights_only` set to `False` will likely succeed, but it can result in arbitrary code execution. Do it only if you got the file from a trusted source.
	(2) Alternatively, to load with `weights_only=True` please check the recommended steps in the following error message.
	WeightsUnpickler error: Unsupported global: GLOBAL numpy._core.multiarray._reconstruct was not an allowed global by default. Please use `torch.serialization.add_safe_globals([numpy._core.multiarray._reconstruct])` or the `torch.serialization.safe_globals([numpy._core.multiarray._reconstruct])` context manager to allowlist this global if you trust this class/function.

Check the documentation of torch.load to learn more about types accepted by default with weights_only https://pytorch.org/docs/stable/generated/torch.load.html.
[2026-09-12 20:16:06] Evaluating RoboCasa CloseSingleDoor latest checkpoint...
[2026-09-12 20:16:06] Error evaluating RC-CloseSingleDoor: Weights only load failed. This file can still be loaded, to do so you have two options, [1mdo those steps only if you trust the source of the checkpoint[0m. 
	(1) In PyTorch 2.6, we changed the default value of the `weights_only` argument in `torch.load` from `False` to `True`. Re-running `torch.load` with `weights_only` set to `False` will likely succeed, but it can result in arbitrary code execution. Do it only if you got the file from a trusted source.
	(2) Alternatively, to load with `weights_only=True` please check the recommended steps in the following error message.
	WeightsUnpickler error: Unsupported global: GLOBAL numpy.core.multiarray._reconstruct was not an allowed global by default. Please use `torch.serialization.add_safe_globals([numpy.core.multiarray._reconstruct])` or the `torch.serialization.safe_globals([numpy.core.multiarray._reconstruct])` context manager to allowlist this global if you trust this class/function.

Check the documentation of torch.load to learn more about types accepted by default with weights_only https://pytorch.org/docs/stable/generated/torch.load.html.
[2026-09-12 20:16:06] Sleeping for 1800s until next check...
[2026-09-12 20:46:06] --- Periodic Check Tick (2026-09-12 20:46:06) ---
[2026-09-12 20:46:06] Evaluating Push-T latest checkpoint...
[2026-09-12 20:46:06] Error evaluating Push-T: Weights only load failed. This file can still be loaded, to do so you have two options, [1mdo those steps only if you trust the source of the checkpoint[0m. 
	(1) In PyTorch 2.6, we changed the default value of the `weights_only` argument in `torch.load` from `False` to `True`. Re-running `torch.load` with `weights_only` set to `False` will likely succeed, but it can result in arbitrary code execution. Do it only if you got the file from a trusted source.
	(2) Alternatively, to load with `weights_only=True` please check the recommended steps in the following error message.
	WeightsUnpickler error: Unsupported global: GLOBAL numpy._core.multiarray._reconstruct was not an allowed global by default. Please use `torch.serialization.add_safe_globals([numpy._core.multiarray._reconstruct])` or the `torch.serialization.safe_globals([numpy._core.multiarray._reconstruct])` context manager to allowlist this global if you trust this class/function.

Check the documentation of torch.load to learn more about types accepted by default with weights_only https://pytorch.org/docs/stable/generated/torch.load.html.
[2026-09-12 20:46:06] Evaluating RoboCasa CloseSingleDoor latest checkpoint...
[2026-09-12 20:46:06] Error evaluating RC-CloseSingleDoor: Weights only load failed. This file can still be loaded, to do so you have two options, [1mdo those steps only if you trust the source of the checkpoint[0m. 
	(1) In PyTorch 2.6, we changed the default value of the `weights_only` argument in `torch.load` from `False` to `True`. Re-running `torch.load` with `weights_only` set to `False` will likely succeed, but it can result in arbitrary code execution. Do it only if you got the file from a trusted source.
	(2) Alternatively, to load with `weights_only=True` please check the recommended steps in the following error message.
	WeightsUnpickler error: Unsupported global: GLOBAL numpy.core.multiarray._reconstruct was not an allowed global by default. Please use `torch.serialization.add_safe_globals([numpy.core.multiarray._reconstruct])` or the `torch.serialization.safe_globals([numpy.core.multiarray._reconstruct])` context manager to allowlist this global if you trust this class/function.

Check the documentation of torch.load to learn more about types accepted by default with weights_only https://pytorch.org/docs/stable/generated/torch.load.html.
[2026-09-12 20:46:06] Sleeping for 1800s until next check...
[2026-09-12 21:16:06] --- Periodic Check Tick (2026-09-12 21:16:06) ---
[2026-09-12 21:16:06] Evaluating Push-T latest checkpoint...
[2026-09-12 21:16:06] Error evaluating Push-T: Weights only load failed. This file can still be loaded, to do so you have two options, [1mdo those steps only if you trust the source of the checkpoint[0m. 
	(1) In PyTorch 2.6, we changed the default value of the `weights_only` argument in `torch.load` from `False` to `True`. Re-running `torch.load` with `weights_only` set to `False` will likely succeed, but it can result in arbitrary code execution. Do it only if you got the file from a trusted source.
	(2) Alternatively, to load with `weights_only=True` please check the recommended steps in the following error message.
	WeightsUnpickler error: Unsupported global: GLOBAL numpy._core.multiarray._reconstruct was not an allowed global by default. Please use `torch.serialization.add_safe_globals([numpy._core.multiarray._reconstruct])` or the `torch.serialization.safe_globals([numpy._core.multiarray._reconstruct])` context manager to allowlist this global if you trust this class/function.

Check the documentation of torch.load to learn more about types accepted by default with weights_only https://pytorch.org/docs/stable/generated/torch.load.html.
[2026-09-12 21:16:06] Evaluating RoboCasa CloseSingleDoor latest checkpoint...
[2026-09-12 21:16:06] Error evaluating RC-CloseSingleDoor: Weights only load failed. This file can still be loaded, to do so you have two options, [1mdo those steps only if you trust the source of the checkpoint[0m. 
	(1) In PyTorch 2.6, we changed the default value of the `weights_only` argument in `torch.load` from `False` to `True`. Re-running `torch.load` with `weights_only` set to `False` will likely succeed, but it can result in arbitrary code execution. Do it only if you got the file from a trusted source.
	(2) Alternatively, to load with `weights_only=True` please check the recommended steps in the following error message.
	WeightsUnpickler error: Unsupported global: GLOBAL numpy.core.multiarray._reconstruct was not an allowed global by default. Please use `torch.serialization.add_safe_globals([numpy.core.multiarray._reconstruct])` or the `torch.serialization.safe_globals([numpy.core.multiarray._reconstruct])` context manager to allowlist this global if you trust this class/function.

Check the documentation of torch.load to learn more about types accepted by default with weights_only https://pytorch.org/docs/stable/generated/torch.load.html.
[2026-09-12 21:16:06] Sleeping for 1800s until next check...
[2026-09-12 21:46:06] --- Periodic Check Tick (2026-09-12 21:46:06) ---
[2026-09-12 21:46:06] Evaluating Push-T latest checkpoint...
[2026-09-12 21:46:06] Error evaluating Push-T: Weights only load failed. This file can still be loaded, to do so you have two options, [1mdo those steps only if you trust the source of the checkpoint[0m. 
	(1) In PyTorch 2.6, we changed the default value of the `weights_only` argument in `torch.load` from `False` to `True`. Re-running `torch.load` with `weights_only` set to `False` will likely succeed, but it can result in arbitrary code execution. Do it only if you got the file from a trusted source.
	(2) Alternatively, to load with `weights_only=True` please check the recommended steps in the following error message.
	WeightsUnpickler error: Unsupported global: GLOBAL numpy._core.multiarray._reconstruct was not an allowed global by default. Please use `torch.serialization.add_safe_globals([numpy._core.multiarray._reconstruct])` or the `torch.serialization.safe_globals([numpy._core.multiarray._reconstruct])` context manager to allowlist this global if you trust this class/function.

Check the documentation of torch.load to learn more about types accepted by default with weights_only https://pytorch.org/docs/stable/generated/torch.load.html.
[2026-09-12 21:46:06] Evaluating RoboCasa CloseSingleDoor latest checkpoint...
[2026-09-12 21:46:06] Error evaluating RC-CloseSingleDoor: Weights only load failed. This file can still be loaded, to do so you have two options, [1mdo those steps only if you trust the source of the checkpoint[0m. 
	(1) In PyTorch 2.6, we changed the default value of the `weights_only` argument in `torch.load` from `False` to `True`. Re-running `torch.load` with `weights_only` set to `False` will likely succeed, but it can result in arbitrary code execution. Do it only if you got the file from a trusted source.
	(2) Alternatively, to load with `weights_only=True` please check the recommended steps in the following error message.
	WeightsUnpickler error: Unsupported global: GLOBAL numpy.core.multiarray._reconstruct was not an allowed global by default. Please use `torch.serialization.add_safe_globals([numpy.core.multiarray._reconstruct])` or the `torch.serialization.safe_globals([numpy.core.multiarray._reconstruct])` context manager to allowlist this global if you trust this class/function.

Check the documentation of torch.load to learn more about types accepted by default with weights_only https://pytorch.org/docs/stable/generated/torch.load.html.
[2026-09-12 21:46:06] Sleeping for 1800s until next check...
[2026-09-12 22:16:06] --- Periodic Check Tick (2026-09-12 22:16:06) ---
[2026-09-12 22:16:06] Evaluating Push-T latest checkpoint...
[2026-09-12 22:16:06] Error evaluating Push-T: Weights only load failed. This file can still be loaded, to do so you have two options, [1mdo those steps only if you trust the source of the checkpoint[0m. 
	(1) In PyTorch 2.6, we changed the default value of the `weights_only` argument in `torch.load` from `False` to `True`. Re-running `torch.load` with `weights_only` set to `False` will likely succeed, but it can result in arbitrary code execution. Do it only if you got the file from a trusted source.
	(2) Alternatively, to load with `weights_only=True` please check the recommended steps in the following error message.
	WeightsUnpickler error: Unsupported global: GLOBAL numpy._core.multiarray._reconstruct was not an allowed global by default. Please use `torch.serialization.add_safe_globals([numpy._core.multiarray._reconstruct])` or the `torch.serialization.safe_globals([numpy._core.multiarray._reconstruct])` context manager to allowlist this global if you trust this class/function.

Check the documentation of torch.load to learn more about types accepted by default with weights_only https://pytorch.org/docs/stable/generated/torch.load.html.
[2026-09-12 22:16:06] Evaluating RoboCasa CloseSingleDoor latest checkpoint...
[2026-09-12 22:16:06] Error evaluating RC-CloseSingleDoor: Weights only load failed. This file can still be loaded, to do so you have two options, [1mdo those steps only if you trust the source of the checkpoint[0m. 
	(1) In PyTorch 2.6, we changed the default value of the `weights_only` argument in `torch.load` from `False` to `True`. Re-running `torch.load` with `weights_only` set to `False` will likely succeed, but it can result in arbitrary code execution. Do it only if you got the file from a trusted source.
	(2) Alternatively, to load with `weights_only=True` please check the recommended steps in the following error message.
	WeightsUnpickler error: Unsupported global: GLOBAL numpy.core.multiarray._reconstruct was not an allowed global by default. Please use `torch.serialization.add_safe_globals([numpy.core.multiarray._reconstruct])` or the `torch.serialization.safe_globals([numpy.core.multiarray._reconstruct])` context manager to allowlist this global if you trust this class/function.

Check the documentation of torch.load to learn more about types accepted by default with weights_only https://pytorch.org/docs/stable/generated/torch.load.html.
[2026-09-12 22:16:06] Sleeping for 1800s until next check...
[2026-09-12 22:46:06] --- Periodic Check Tick (2026-09-12 22:46:06) ---
[2026-09-12 22:46:06] Evaluating Push-T latest checkpoint...
[2026-09-12 22:46:06] Error evaluating Push-T: Weights only load failed. This file can still be loaded, to do so you have two options, [1mdo those steps only if you trust the source of the checkpoint[0m. 
	(1) In PyTorch 2.6, we changed the default value of the `weights_only` argument in `torch.load` from `False` to `True`. Re-running `torch.load` with `weights_only` set to `False` will likely succeed, but it can result in arbitrary code execution. Do it only if you got the file from a trusted source.
	(2) Alternatively, to load with `weights_only=True` please check the recommended steps in the following error message.
	WeightsUnpickler error: Unsupported global: GLOBAL numpy._core.multiarray._reconstruct was not an allowed global by default. Please use `torch.serialization.add_safe_globals([numpy._core.multiarray._reconstruct])` or the `torch.serialization.safe_globals([numpy._core.multiarray._reconstruct])` context manager to allowlist this global if you trust this class/function.

Check the documentation of torch.load to learn more about types accepted by default with weights_only https://pytorch.org/docs/stable/generated/torch.load.html.
[2026-09-12 22:46:06] Evaluating RoboCasa CloseSingleDoor latest checkpoint...
[2026-09-12 22:46:06] Error evaluating RC-CloseSingleDoor: Weights only load failed. This file can still be loaded, to do so you have two options, [1mdo those steps only if you trust the source of the checkpoint[0m. 
	(1) In PyTorch 2.6, we changed the default value of the `weights_only` argument in `torch.load` from `False` to `True`. Re-running `torch.load` with `weights_only` set to `False` will likely succeed, but it can result in arbitrary code execution. Do it only if you got the file from a trusted source.
	(2) Alternatively, to load with `weights_only=True` please check the recommended steps in the following error message.
	WeightsUnpickler error: Unsupported global: GLOBAL numpy.core.multiarray._reconstruct was not an allowed global by default. Please use `torch.serialization.add_safe_globals([numpy.core.multiarray._reconstruct])` or the `torch.serialization.safe_globals([numpy.core.multiarray._reconstruct])` context manager to allowlist this global if you trust this class/function.

Check the documentation of torch.load to learn more about types accepted by default with weights_only https://pytorch.org/docs/stable/generated/torch.load.html.
[2026-09-12 22:46:06] Sleeping for 1800s until next check...
[2026-09-12 23:16:06] --- Periodic Check Tick (2026-09-12 23:16:06) ---
[2026-09-12 23:16:06] Evaluating Push-T latest checkpoint...
[2026-09-12 23:16:06] Error evaluating Push-T: Weights only load failed. This file can still be loaded, to do so you have two options, [1mdo those steps only if you trust the source of the checkpoint[0m. 
	(1) In PyTorch 2.6, we changed the default value of the `weights_only` argument in `torch.load` from `False` to `True`. Re-running `torch.load` with `weights_only` set to `False` will likely succeed, but it can result in arbitrary code execution. Do it only if you got the file from a trusted source.
	(2) Alternatively, to load with `weights_only=True` please check the recommended steps in the following error message.
	WeightsUnpickler error: Unsupported global: GLOBAL numpy._core.multiarray._reconstruct was not an allowed global by default. Please use `torch.serialization.add_safe_globals([numpy._core.multiarray._reconstruct])` or the `torch.serialization.safe_globals([numpy._core.multiarray._reconstruct])` context manager to allowlist this global if you trust this class/function.

Check the documentation of torch.load to learn more about types accepted by default with weights_only https://pytorch.org/docs/stable/generated/torch.load.html.
[2026-09-12 23:16:06] Evaluating RoboCasa CloseSingleDoor latest checkpoint...
[2026-09-12 23:16:06] Error evaluating RC-CloseSingleDoor: Weights only load failed. This file can still be loaded, to do so you have two options, [1mdo those steps only if you trust the source of the checkpoint[0m. 
	(1) In PyTorch 2.6, we changed the default value of the `weights_only` argument in `torch.load` from `False` to `True`. Re-running `torch.load` with `weights_only` set to `False` will likely succeed, but it can result in arbitrary code execution. Do it only if you got the file from a trusted source.
	(2) Alternatively, to load with `weights_only=True` please check the recommended steps in the following error message.
	WeightsUnpickler error: Unsupported global: GLOBAL numpy.core.multiarray._reconstruct was not an allowed global by default. Please use `torch.serialization.add_safe_globals([numpy.core.multiarray._reconstruct])` or the `torch.serialization.safe_globals([numpy.core.multiarray._reconstruct])` context manager to allowlist this global if you trust this class/function.

Check the documentation of torch.load to learn more about types accepted by default with weights_only https://pytorch.org/docs/stable/generated/torch.load.html.
[2026-09-12 23:16:06] Sleeping for 1800s until next check...
[2026-09-12 23:46:06] --- Periodic Check Tick (2026-09-12 23:46:06) ---
[2026-09-12 23:46:06] Evaluating Push-T latest checkpoint...
[2026-09-12 23:46:06] Error evaluating Push-T: Weights only load failed. This file can still be loaded, to do so you have two options, [1mdo those steps only if you trust the source of the checkpoint[0m. 
	(1) In PyTorch 2.6, we changed the default value of the `weights_only` argument in `torch.load` from `False` to `True`. Re-running `torch.load` with `weights_only` set to `False` will likely succeed, but it can result in arbitrary code execution. Do it only if you got the file from a trusted source.
	(2) Alternatively, to load with `weights_only=True` please check the recommended steps in the following error message.
	WeightsUnpickler error: Unsupported global: GLOBAL numpy._core.multiarray._reconstruct was not an allowed global by default. Please use `torch.serialization.add_safe_globals([numpy._core.multiarray._reconstruct])` or the `torch.serialization.safe_globals([numpy._core.multiarray._reconstruct])` context manager to allowlist this global if you trust this class/function.

Check the documentation of torch.load to learn more about types accepted by default with weights_only https://pytorch.org/docs/stable/generated/torch.load.html.
[2026-09-12 23:46:06] Evaluating RoboCasa CloseSingleDoor latest checkpoint...
[2026-09-12 23:46:06] Error evaluating RC-CloseSingleDoor: Weights only load failed. This file can still be loaded, to do so you have two options, [1mdo those steps only if you trust the source of the checkpoint[0m. 
	(1) In PyTorch 2.6, we changed the default value of the `weights_only` argument in `torch.load` from `False` to `True`. Re-running `torch.load` with `weights_only` set to `False` will likely succeed, but it can result in arbitrary code execution. Do it only if you got the file from a trusted source.
	(2) Alternatively, to load with `weights_only=True` please check the recommended steps in the following error message.
	WeightsUnpickler error: Unsupported global: GLOBAL numpy.core.multiarray._reconstruct was not an allowed global by default. Please use `torch.serialization.add_safe_globals([numpy.core.multiarray._reconstruct])` or the `torch.serialization.safe_globals([numpy.core.multiarray._reconstruct])` context manager to allowlist this global if you trust this class/function.

Check the documentation of torch.load to learn more about types accepted by default with weights_only https://pytorch.org/docs/stable/generated/torch.load.html.
[2026-09-12 23:46:06] Sleeping for 1800s until next check...
[2026-09-13 00:16:06] --- Periodic Check Tick (2026-09-13 00:16:06) ---
[2026-09-13 00:16:06] Evaluating Push-T latest checkpoint...
[2026-09-13 00:16:06] Error evaluating Push-T: Weights only load failed. This file can still be loaded, to do so you have two options, [1mdo those steps only if you trust the source of the checkpoint[0m. 
	(1) In PyTorch 2.6, we changed the default value of the `weights_only` argument in `torch.load` from `False` to `True`. Re-running `torch.load` with `weights_only` set to `False` will likely succeed, but it can result in arbitrary code execution. Do it only if you got the file from a trusted source.
	(2) Alternatively, to load with `weights_only=True` please check the recommended steps in the following error message.
	WeightsUnpickler error: Unsupported global: GLOBAL numpy._core.multiarray._reconstruct was not an allowed global by default. Please use `torch.serialization.add_safe_globals([numpy._core.multiarray._reconstruct])` or the `torch.serialization.safe_globals([numpy._core.multiarray._reconstruct])` context manager to allowlist this global if you trust this class/function.

Check the documentation of torch.load to learn more about types accepted by default with weights_only https://pytorch.org/docs/stable/generated/torch.load.html.
[2026-09-13 00:16:06] Evaluating RoboCasa CloseSingleDoor latest checkpoint...
[2026-09-13 00:16:06] Error evaluating RC-CloseSingleDoor: Weights only load failed. This file can still be loaded, to do so you have two options, [1mdo those steps only if you trust the source of the checkpoint[0m. 
	(1) In PyTorch 2.6, we changed the default value of the `weights_only` argument in `torch.load` from `False` to `True`. Re-running `torch.load` with `weights_only` set to `False` will likely succeed, but it can result in arbitrary code execution. Do it only if you got the file from a trusted source.
	(2) Alternatively, to load with `weights_only=True` please check the recommended steps in the following error message.
	WeightsUnpickler error: Unsupported global: GLOBAL numpy.core.multiarray._reconstruct was not an allowed global by default. Please use `torch.serialization.add_safe_globals([numpy.core.multiarray._reconstruct])` or the `torch.serialization.safe_globals([numpy.core.multiarray._reconstruct])` context manager to allowlist this global if you trust this class/function.

Check the documentation of torch.load to learn more about types accepted by default with weights_only https://pytorch.org/docs/stable/generated/torch.load.html.
[2026-09-13 00:16:06] Sleeping for 1800s until next check...
[2026-09-13 00:46:06] --- Periodic Check Tick (2026-09-13 00:46:06) ---
[2026-09-13 00:46:06] Evaluating Push-T latest checkpoint...
[2026-09-13 00:46:06] Error evaluating Push-T: Weights only load failed. This file can still be loaded, to do so you have two options, [1mdo those steps only if you trust the source of the checkpoint[0m. 
	(1) In PyTorch 2.6, we changed the default value of the `weights_only` argument in `torch.load` from `False` to `True`. Re-running `torch.load` with `weights_only` set to `False` will likely succeed, but it can result in arbitrary code execution. Do it only if you got the file from a trusted source.
	(2) Alternatively, to load with `weights_only=True` please check the recommended steps in the following error message.
	WeightsUnpickler error: Unsupported global: GLOBAL numpy._core.multiarray._reconstruct was not an allowed global by default. Please use `torch.serialization.add_safe_globals([numpy._core.multiarray._reconstruct])` or the `torch.serialization.safe_globals([numpy._core.multiarray._reconstruct])` context manager to allowlist this global if you trust this class/function.

Check the documentation of torch.load to learn more about types accepted by default with weights_only https://pytorch.org/docs/stable/generated/torch.load.html.
[2026-09-13 00:46:06] Evaluating RoboCasa CloseSingleDoor latest checkpoint...
[2026-09-13 00:46:06] Error evaluating RC-CloseSingleDoor: Weights only load failed. This file can still be loaded, to do so you have two options, [1mdo those steps only if you trust the source of the checkpoint[0m. 
	(1) In PyTorch 2.6, we changed the default value of the `weights_only` argument in `torch.load` from `False` to `True`. Re-running `torch.load` with `weights_only` set to `False` will likely succeed, but it can result in arbitrary code execution. Do it only if you got the file from a trusted source.
	(2) Alternatively, to load with `weights_only=True` please check the recommended steps in the following error message.
	WeightsUnpickler error: Unsupported global: GLOBAL numpy.core.multiarray._reconstruct was not an allowed global by default. Please use `torch.serialization.add_safe_globals([numpy.core.multiarray._reconstruct])` or the `torch.serialization.safe_globals([numpy.core.multiarray._reconstruct])` context manager to allowlist this global if you trust this class/function.

Check the documentation of torch.load to learn more about types accepted by default with weights_only https://pytorch.org/docs/stable/generated/torch.load.html.
[2026-09-13 00:46:06] Sleeping for 1800s until next check...
[2026-09-13 01:16:06] --- Periodic Check Tick (2026-09-13 01:16:06) ---
[2026-09-13 01:16:06] Evaluating Push-T latest checkpoint...
[2026-09-13 01:16:06] Error evaluating Push-T: Weights only load failed. This file can still be loaded, to do so you have two options, [1mdo those steps only if you trust the source of the checkpoint[0m. 
	(1) In PyTorch 2.6, we changed the default value of the `weights_only` argument in `torch.load` from `False` to `True`. Re-running `torch.load` with `weights_only` set to `False` will likely succeed, but it can result in arbitrary code execution. Do it only if you got the file from a trusted source.
	(2) Alternatively, to load with `weights_only=True` please check the recommended steps in the following error message.
	WeightsUnpickler error: Unsupported global: GLOBAL numpy._core.multiarray._reconstruct was not an allowed global by default. Please use `torch.serialization.add_safe_globals([numpy._core.multiarray._reconstruct])` or the `torch.serialization.safe_globals([numpy._core.multiarray._reconstruct])` context manager to allowlist this global if you trust this class/function.

Check the documentation of torch.load to learn more about types accepted by default with weights_only https://pytorch.org/docs/stable/generated/torch.load.html.
[2026-09-13 01:16:06] Evaluating RoboCasa CloseSingleDoor latest checkpoint...
[2026-09-13 01:16:06] Error evaluating RC-CloseSingleDoor: Weights only load failed. This file can still be loaded, to do so you have two options, [1mdo those steps only if you trust the source of the checkpoint[0m. 
	(1) In PyTorch 2.6, we changed the default value of the `weights_only` argument in `torch.load` from `False` to `True`. Re-running `torch.load` with `weights_only` set to `False` will likely succeed, but it can result in arbitrary code execution. Do it only if you got the file from a trusted source.
	(2) Alternatively, to load with `weights_only=True` please check the recommended steps in the following error message.
	WeightsUnpickler error: Unsupported global: GLOBAL numpy.core.multiarray._reconstruct was not an allowed global by default. Please use `torch.serialization.add_safe_globals([numpy.core.multiarray._reconstruct])` or the `torch.serialization.safe_globals([numpy.core.multiarray._reconstruct])` context manager to allowlist this global if you trust this class/function.

Check the documentation of torch.load to learn more about types accepted by default with weights_only https://pytorch.org/docs/stable/generated/torch.load.html.
[2026-09-13 01:16:06] Sleeping for 1800s until next check...
[2026-09-13 01:46:06] --- Periodic Check Tick (2026-09-13 01:46:06) ---
[2026-09-13 01:46:06] Evaluating Push-T latest checkpoint...
[2026-09-13 01:46:06] Error evaluating Push-T: Weights only load failed. This file can still be loaded, to do so you have two options, [1mdo those steps only if you trust the source of the checkpoint[0m. 
	(1) In PyTorch 2.6, we changed the default value of the `weights_only` argument in `torch.load` from `False` to `True`. Re-running `torch.load` with `weights_only` set to `False` will likely succeed, but it can result in arbitrary code execution. Do it only if you got the file from a trusted source.
	(2) Alternatively, to load with `weights_only=True` please check the recommended steps in the following error message.
	WeightsUnpickler error: Unsupported global: GLOBAL numpy._core.multiarray._reconstruct was not an allowed global by default. Please use `torch.serialization.add_safe_globals([numpy._core.multiarray._reconstruct])` or the `torch.serialization.safe_globals([numpy._core.multiarray._reconstruct])` context manager to allowlist this global if you trust this class/function.

Check the documentation of torch.load to learn more about types accepted by default with weights_only https://pytorch.org/docs/stable/generated/torch.load.html.
[2026-09-13 01:46:06] Evaluating RoboCasa CloseSingleDoor latest checkpoint...
[2026-09-13 01:46:06] Error evaluating RC-CloseSingleDoor: Weights only load failed. This file can still be loaded, to do so you have two options, [1mdo those steps only if you trust the source of the checkpoint[0m. 
	(1) In PyTorch 2.6, we changed the default value of the `weights_only` argument in `torch.load` from `False` to `True`. Re-running `torch.load` with `weights_only` set to `False` will likely succeed, but it can result in arbitrary code execution. Do it only if you got the file from a trusted source.
	(2) Alternatively, to load with `weights_only=True` please check the recommended steps in the following error message.
	WeightsUnpickler error: Unsupported global: GLOBAL numpy.core.multiarray._reconstruct was not an allowed global by default. Please use `torch.serialization.add_safe_globals([numpy.core.multiarray._reconstruct])` or the `torch.serialization.safe_globals([numpy.core.multiarray._reconstruct])` context manager to allowlist this global if you trust this class/function.

Check the documentation of torch.load to learn more about types accepted by default with weights_only https://pytorch.org/docs/stable/generated/torch.load.html.
[2026-09-13 01:46:06] Sleeping for 1800s until next check...
[2026-09-13 02:16:06] --- Periodic Check Tick (2026-09-13 02:16:06) ---
[2026-09-13 02:16:06] Evaluating Push-T latest checkpoint...
[2026-09-13 02:16:06] Error evaluating Push-T: Weights only load failed. This file can still be loaded, to do so you have two options, [1mdo those steps only if you trust the source of the checkpoint[0m. 
	(1) In PyTorch 2.6, we changed the default value of the `weights_only` argument in `torch.load` from `False` to `True`. Re-running `torch.load` with `weights_only` set to `False` will likely succeed, but it can result in arbitrary code execution. Do it only if you got the file from a trusted source.
	(2) Alternatively, to load with `weights_only=True` please check the recommended steps in the following error message.
	WeightsUnpickler error: Unsupported global: GLOBAL numpy._core.multiarray._reconstruct was not an allowed global by default. Please use `torch.serialization.add_safe_globals([numpy._core.multiarray._reconstruct])` or the `torch.serialization.safe_globals([numpy._core.multiarray._reconstruct])` context manager to allowlist this global if you trust this class/function.

Check the documentation of torch.load to learn more about types accepted by default with weights_only https://pytorch.org/docs/stable/generated/torch.load.html.
[2026-09-13 02:16:06] Evaluating RoboCasa CloseSingleDoor latest checkpoint...
[2026-09-13 02:16:06] Error evaluating RC-CloseSingleDoor: Weights only load failed. This file can still be loaded, to do so you have two options, [1mdo those steps only if you trust the source of the checkpoint[0m. 
	(1) In PyTorch 2.6, we changed the default value of the `weights_only` argument in `torch.load` from `False` to `True`. Re-running `torch.load` with `weights_only` set to `False` will likely succeed, but it can result in arbitrary code execution. Do it only if you got the file from a trusted source.
	(2) Alternatively, to load with `weights_only=True` please check the recommended steps in the following error message.
	WeightsUnpickler error: Unsupported global: GLOBAL numpy.core.multiarray._reconstruct was not an allowed global by default. Please use `torch.serialization.add_safe_globals([numpy.core.multiarray._reconstruct])` or the `torch.serialization.safe_globals([numpy.core.multiarray._reconstruct])` context manager to allowlist this global if you trust this class/function.

Check the documentation of torch.load to learn more about types accepted by default with weights_only https://pytorch.org/docs/stable/generated/torch.load.html.
[2026-09-13 02:16:06] Sleeping for 1800s until next check...
[2026-09-13 02:46:06] --- Periodic Check Tick (2026-09-13 02:46:06) ---
[2026-09-13 02:46:06] Evaluating Push-T latest checkpoint...
[2026-09-13 02:46:06] Error evaluating Push-T: Weights only load failed. This file can still be loaded, to do so you have two options, [1mdo those steps only if you trust the source of the checkpoint[0m. 
	(1) In PyTorch 2.6, we changed the default value of the `weights_only` argument in `torch.load` from `False` to `True`. Re-running `torch.load` with `weights_only` set to `False` will likely succeed, but it can result in arbitrary code execution. Do it only if you got the file from a trusted source.
	(2) Alternatively, to load with `weights_only=True` please check the recommended steps in the following error message.
	WeightsUnpickler error: Unsupported global: GLOBAL numpy._core.multiarray._reconstruct was not an allowed global by default. Please use `torch.serialization.add_safe_globals([numpy._core.multiarray._reconstruct])` or the `torch.serialization.safe_globals([numpy._core.multiarray._reconstruct])` context manager to allowlist this global if you trust this class/function.

Check the documentation of torch.load to learn more about types accepted by default with weights_only https://pytorch.org/docs/stable/generated/torch.load.html.
[2026-09-13 02:46:06] Evaluating RoboCasa CloseSingleDoor latest checkpoint...
[2026-09-13 02:46:06] Error evaluating RC-CloseSingleDoor: Weights only load failed. This file can still be loaded, to do so you have two options, [1mdo those steps only if you trust the source of the checkpoint[0m. 
	(1) In PyTorch 2.6, we changed the default value of the `weights_only` argument in `torch.load` from `False` to `True`. Re-running `torch.load` with `weights_only` set to `False` will likely succeed, but it can result in arbitrary code execution. Do it only if you got the file from a trusted source.
	(2) Alternatively, to load with `weights_only=True` please check the recommended steps in the following error message.
	WeightsUnpickler error: Unsupported global: GLOBAL numpy.core.multiarray._reconstruct was not an allowed global by default. Please use `torch.serialization.add_safe_globals([numpy.core.multiarray._reconstruct])` or the `torch.serialization.safe_globals([numpy.core.multiarray._reconstruct])` context manager to allowlist this global if you trust this class/function.

Check the documentation of torch.load to learn more about types accepted by default with weights_only https://pytorch.org/docs/stable/generated/torch.load.html.
[2026-09-13 02:46:06] Sleeping for 1800s until next check...
[2026-09-13 03:16:06] --- Periodic Check Tick (2026-09-13 03:16:06) ---
[2026-09-13 03:16:06] Evaluating Push-T latest checkpoint...
[2026-09-13 03:16:06] Error evaluating Push-T: Weights only load failed. This file can still be loaded, to do so you have two options, [1mdo those steps only if you trust the source of the checkpoint[0m. 
	(1) In PyTorch 2.6, we changed the default value of the `weights_only` argument in `torch.load` from `False` to `True`. Re-running `torch.load` with `weights_only` set to `False` will likely succeed, but it can result in arbitrary code execution. Do it only if you got the file from a trusted source.
	(2) Alternatively, to load with `weights_only=True` please check the recommended steps in the following error message.
	WeightsUnpickler error: Unsupported global: GLOBAL numpy._core.multiarray._reconstruct was not an allowed global by default. Please use `torch.serialization.add_safe_globals([numpy._core.multiarray._reconstruct])` or the `torch.serialization.safe_globals([numpy._core.multiarray._reconstruct])` context manager to allowlist this global if you trust this class/function.

Check the documentation of torch.load to learn more about types accepted by default with weights_only https://pytorch.org/docs/stable/generated/torch.load.html.
[2026-09-13 03:16:06] Evaluating RoboCasa CloseSingleDoor latest checkpoint...
[2026-09-13 03:16:06] Error evaluating RC-CloseSingleDoor: Weights only load failed. This file can still be loaded, to do so you have two options, [1mdo those steps only if you trust the source of the checkpoint[0m. 
	(1) In PyTorch 2.6, we changed the default value of the `weights_only` argument in `torch.load` from `False` to `True`. Re-running `torch.load` with `weights_only` set to `False` will likely succeed, but it can result in arbitrary code execution. Do it only if you got the file from a trusted source.
	(2) Alternatively, to load with `weights_only=True` please check the recommended steps in the following error message.
	WeightsUnpickler error: Unsupported global: GLOBAL numpy.core.multiarray._reconstruct was not an allowed global by default. Please use `torch.serialization.add_safe_globals([numpy.core.multiarray._reconstruct])` or the `torch.serialization.safe_globals([numpy.core.multiarray._reconstruct])` context manager to allowlist this global if you trust this class/function.

Check the documentation of torch.load to learn more about types accepted by default with weights_only https://pytorch.org/docs/stable/generated/torch.load.html.
[2026-09-13 03:16:06] Sleeping for 1800s until next check...
[2026-09-13 03:46:06] --- Periodic Check Tick (2026-09-13 03:46:06) ---
[2026-09-13 03:46:06] Evaluating Push-T latest checkpoint...
[2026-09-13 03:46:06] Error evaluating Push-T: Weights only load failed. This file can still be loaded, to do so you have two options, [1mdo those steps only if you trust the source of the checkpoint[0m. 
	(1) In PyTorch 2.6, we changed the default value of the `weights_only` argument in `torch.load` from `False` to `True`. Re-running `torch.load` with `weights_only` set to `False` will likely succeed, but it can result in arbitrary code execution. Do it only if you got the file from a trusted source.
	(2) Alternatively, to load with `weights_only=True` please check the recommended steps in the following error message.
	WeightsUnpickler error: Unsupported global: GLOBAL numpy._core.multiarray._reconstruct was not an allowed global by default. Please use `torch.serialization.add_safe_globals([numpy._core.multiarray._reconstruct])` or the `torch.serialization.safe_globals([numpy._core.multiarray._reconstruct])` context manager to allowlist this global if you trust this class/function.

Check the documentation of torch.load to learn more about types accepted by default with weights_only https://pytorch.org/docs/stable/generated/torch.load.html.
[2026-09-13 03:46:06] Evaluating RoboCasa CloseSingleDoor latest checkpoint...
[2026-09-13 03:46:06] Error evaluating RC-CloseSingleDoor: Weights only load failed. This file can still be loaded, to do so you have two options, [1mdo those steps only if you trust the source of the checkpoint[0m. 
	(1) In PyTorch 2.6, we changed the default value of the `weights_only` argument in `torch.load` from `False` to `True`. Re-running `torch.load` with `weights_only` set to `False` will likely succeed, but it can result in arbitrary code execution. Do it only if you got the file from a trusted source.
	(2) Alternatively, to load with `weights_only=True` please check the recommended steps in the following error message.
	WeightsUnpickler error: Unsupported global: GLOBAL numpy.core.multiarray._reconstruct was not an allowed global by default. Please use `torch.serialization.add_safe_globals([numpy.core.multiarray._reconstruct])` or the `torch.serialization.safe_globals([numpy.core.multiarray._reconstruct])` context manager to allowlist this global if you trust this class/function.

Check the documentation of torch.load to learn more about types accepted by default with weights_only https://pytorch.org/docs/stable/generated/torch.load.html.
[2026-09-13 03:46:06] Sleeping for 1800s until next check...
[2026-09-13 04:16:06] --- Periodic Check Tick (2026-09-13 04:16:06) ---
[2026-09-13 04:16:06] Evaluating Push-T latest checkpoint...
[2026-09-13 04:16:06] Error evaluating Push-T: Weights only load failed. This file can still be loaded, to do so you have two options, [1mdo those steps only if you trust the source of the checkpoint[0m. 
	(1) In PyTorch 2.6, we changed the default value of the `weights_only` argument in `torch.load` from `False` to `True`. Re-running `torch.load` with `weights_only` set to `False` will likely succeed, but it can result in arbitrary code execution. Do it only if you got the file from a trusted source.
	(2) Alternatively, to load with `weights_only=True` please check the recommended steps in the following error message.
	WeightsUnpickler error: Unsupported global: GLOBAL numpy._core.multiarray._reconstruct was not an allowed global by default. Please use `torch.serialization.add_safe_globals([numpy._core.multiarray._reconstruct])` or the `torch.serialization.safe_globals([numpy._core.multiarray._reconstruct])` context manager to allowlist this global if you trust this class/function.

Check the documentation of torch.load to learn more about types accepted by default with weights_only https://pytorch.org/docs/stable/generated/torch.load.html.
[2026-09-13 04:16:06] Evaluating RoboCasa CloseSingleDoor latest checkpoint...
[2026-09-13 04:16:06] Error evaluating RC-CloseSingleDoor: Weights only load failed. This file can still be loaded, to do so you have two options, [1mdo those steps only if you trust the source of the checkpoint[0m. 
	(1) In PyTorch 2.6, we changed the default value of the `weights_only` argument in `torch.load` from `False` to `True`. Re-running `torch.load` with `weights_only` set to `False` will likely succeed, but it can result in arbitrary code execution. Do it only if you got the file from a trusted source.
	(2) Alternatively, to load with `weights_only=True` please check the recommended steps in the following error message.
	WeightsUnpickler error: Unsupported global: GLOBAL numpy.core.multiarray._reconstruct was not an allowed global by default. Please use `torch.serialization.add_safe_globals([numpy.core.multiarray._reconstruct])` or the `torch.serialization.safe_globals([numpy.core.multiarray._reconstruct])` context manager to allowlist this global if you trust this class/function.

Check the documentation of torch.load to learn more about types accepted by default with weights_only https://pytorch.org/docs/stable/generated/torch.load.html.
[2026-09-13 04:16:06] Sleeping for 1800s until next check...
[2026-09-13 04:46:06] --- Periodic Check Tick (2026-09-13 04:46:06) ---
[2026-09-13 04:46:06] Evaluating Push-T latest checkpoint...
[2026-09-13 04:46:06] Error evaluating Push-T: Weights only load failed. This file can still be loaded, to do so you have two options, [1mdo those steps only if you trust the source of the checkpoint[0m. 
	(1) In PyTorch 2.6, we changed the default value of the `weights_only` argument in `torch.load` from `False` to `True`. Re-running `torch.load` with `weights_only` set to `False` will likely succeed, but it can result in arbitrary code execution. Do it only if you got the file from a trusted source.
	(2) Alternatively, to load with `weights_only=True` please check the recommended steps in the following error message.
	WeightsUnpickler error: Unsupported global: GLOBAL numpy._core.multiarray._reconstruct was not an allowed global by default. Please use `torch.serialization.add_safe_globals([numpy._core.multiarray._reconstruct])` or the `torch.serialization.safe_globals([numpy._core.multiarray._reconstruct])` context manager to allowlist this global if you trust this class/function.

Check the documentation of torch.load to learn more about types accepted by default with weights_only https://pytorch.org/docs/stable/generated/torch.load.html.
[2026-09-13 04:46:06] Evaluating RoboCasa CloseSingleDoor latest checkpoint...
[2026-09-13 04:46:06] Error evaluating RC-CloseSingleDoor: Weights only load failed. This file can still be loaded, to do so you have two options, [1mdo those steps only if you trust the source of the checkpoint[0m. 
	(1) In PyTorch 2.6, we changed the default value of the `weights_only` argument in `torch.load` from `False` to `True`. Re-running `torch.load` with `weights_only` set to `False` will likely succeed, but it can result in arbitrary code execution. Do it only if you got the file from a trusted source.
	(2) Alternatively, to load with `weights_only=True` please check the recommended steps in the following error message.
	WeightsUnpickler error: Unsupported global: GLOBAL numpy.core.multiarray._reconstruct was not an allowed global by default. Please use `torch.serialization.add_safe_globals([numpy.core.multiarray._reconstruct])` or the `torch.serialization.safe_globals([numpy.core.multiarray._reconstruct])` context manager to allowlist this global if you trust this class/function.

Check the documentation of torch.load to learn more about types accepted by default with weights_only https://pytorch.org/docs/stable/generated/torch.load.html.
[2026-09-13 04:46:06] Sleeping for 1800s until next check...
[2026-09-13 05:16:06] --- Periodic Check Tick (2026-09-13 05:16:06) ---
[2026-09-13 05:16:06] Evaluating Push-T latest checkpoint...
[2026-09-13 05:16:06] Error evaluating Push-T: Weights only load failed. This file can still be loaded, to do so you have two options, [1mdo those steps only if you trust the source of the checkpoint[0m. 
	(1) In PyTorch 2.6, we changed the default value of the `weights_only` argument in `torch.load` from `False` to `True`. Re-running `torch.load` with `weights_only` set to `False` will likely succeed, but it can result in arbitrary code execution. Do it only if you got the file from a trusted source.
	(2) Alternatively, to load with `weights_only=True` please check the recommended steps in the following error message.
	WeightsUnpickler error: Unsupported global: GLOBAL numpy._core.multiarray._reconstruct was not an allowed global by default. Please use `torch.serialization.add_safe_globals([numpy._core.multiarray._reconstruct])` or the `torch.serialization.safe_globals([numpy._core.multiarray._reconstruct])` context manager to allowlist this global if you trust this class/function.

Check the documentation of torch.load to learn more about types accepted by default with weights_only https://pytorch.org/docs/stable/generated/torch.load.html.
[2026-09-13 05:16:06] Evaluating RoboCasa CloseSingleDoor latest checkpoint...
[2026-09-13 05:16:06] Error evaluating RC-CloseSingleDoor: Weights only load failed. This file can still be loaded, to do so you have two options, [1mdo those steps only if you trust the source of the checkpoint[0m. 
	(1) In PyTorch 2.6, we changed the default value of the `weights_only` argument in `torch.load` from `False` to `True`. Re-running `torch.load` with `weights_only` set to `False` will likely succeed, but it can result in arbitrary code execution. Do it only if you got the file from a trusted source.
	(2) Alternatively, to load with `weights_only=True` please check the recommended steps in the following error message.
	WeightsUnpickler error: Unsupported global: GLOBAL numpy.core.multiarray._reconstruct was not an allowed global by default. Please use `torch.serialization.add_safe_globals([numpy.core.multiarray._reconstruct])` or the `torch.serialization.safe_globals([numpy.core.multiarray._reconstruct])` context manager to allowlist this global if you trust this class/function.

Check the documentation of torch.load to learn more about types accepted by default with weights_only https://pytorch.org/docs/stable/generated/torch.load.html.
[2026-09-13 05:16:06] Sleeping for 1800s until next check...
[2026-09-13 05:46:06] --- Periodic Check Tick (2026-09-13 05:46:06) ---
[2026-09-13 05:46:06] Evaluating Push-T latest checkpoint...
[2026-09-13 05:46:06] Error evaluating Push-T: Weights only load failed. This file can still be loaded, to do so you have two options, [1mdo those steps only if you trust the source of the checkpoint[0m. 
	(1) In PyTorch 2.6, we changed the default value of the `weights_only` argument in `torch.load` from `False` to `True`. Re-running `torch.load` with `weights_only` set to `False` will likely succeed, but it can result in arbitrary code execution. Do it only if you got the file from a trusted source.
	(2) Alternatively, to load with `weights_only=True` please check the recommended steps in the following error message.
	WeightsUnpickler error: Unsupported global: GLOBAL numpy._core.multiarray._reconstruct was not an allowed global by default. Please use `torch.serialization.add_safe_globals([numpy._core.multiarray._reconstruct])` or the `torch.serialization.safe_globals([numpy._core.multiarray._reconstruct])` context manager to allowlist this global if you trust this class/function.

Check the documentation of torch.load to learn more about types accepted by default with weights_only https://pytorch.org/docs/stable/generated/torch.load.html.
[2026-09-13 05:46:06] Evaluating RoboCasa CloseSingleDoor latest checkpoint...
[2026-09-13 05:46:06] Error evaluating RC-CloseSingleDoor: Weights only load failed. This file can still be loaded, to do so you have two options, [1mdo those steps only if you trust the source of the checkpoint[0m. 
	(1) In PyTorch 2.6, we changed the default value of the `weights_only` argument in `torch.load` from `False` to `True`. Re-running `torch.load` with `weights_only` set to `False` will likely succeed, but it can result in arbitrary code execution. Do it only if you got the file from a trusted source.
	(2) Alternatively, to load with `weights_only=True` please check the recommended steps in the following error message.
	WeightsUnpickler error: Unsupported global: GLOBAL numpy.core.multiarray._reconstruct was not an allowed global by default. Please use `torch.serialization.add_safe_globals([numpy.core.multiarray._reconstruct])` or the `torch.serialization.safe_globals([numpy.core.multiarray._reconstruct])` context manager to allowlist this global if you trust this class/function.

Check the documentation of torch.load to learn more about types accepted by default with weights_only https://pytorch.org/docs/stable/generated/torch.load.html.
[2026-09-13 05:46:06] Sleeping for 1800s until next check...
[2026-09-13 06:16:06] --- Periodic Check Tick (2026-09-13 06:16:06) ---
[2026-09-13 06:16:06] Evaluating Push-T latest checkpoint...
[2026-09-13 06:16:06] Error evaluating Push-T: Weights only load failed. This file can still be loaded, to do so you have two options, [1mdo those steps only if you trust the source of the checkpoint[0m. 
	(1) In PyTorch 2.6, we changed the default value of the `weights_only` argument in `torch.load` from `False` to `True`. Re-running `torch.load` with `weights_only` set to `False` will likely succeed, but it can result in arbitrary code execution. Do it only if you got the file from a trusted source.
	(2) Alternatively, to load with `weights_only=True` please check the recommended steps in the following error message.
	WeightsUnpickler error: Unsupported global: GLOBAL numpy._core.multiarray._reconstruct was not an allowed global by default. Please use `torch.serialization.add_safe_globals([numpy._core.multiarray._reconstruct])` or the `torch.serialization.safe_globals([numpy._core.multiarray._reconstruct])` context manager to allowlist this global if you trust this class/function.

Check the documentation of torch.load to learn more about types accepted by default with weights_only https://pytorch.org/docs/stable/generated/torch.load.html.
[2026-09-13 06:16:06] Evaluating RoboCasa CloseSingleDoor latest checkpoint...
[2026-09-13 06:16:06] Error evaluating RC-CloseSingleDoor: Weights only load failed. This file can still be loaded, to do so you have two options, [1mdo those steps only if you trust the source of the checkpoint[0m. 
	(1) In PyTorch 2.6, we changed the default value of the `weights_only` argument in `torch.load` from `False` to `True`. Re-running `torch.load` with `weights_only` set to `False` will likely succeed, but it can result in arbitrary code execution. Do it only if you got the file from a trusted source.
	(2) Alternatively, to load with `weights_only=True` please check the recommended steps in the following error message.
	WeightsUnpickler error: Unsupported global: GLOBAL numpy.core.multiarray._reconstruct was not an allowed global by default. Please use `torch.serialization.add_safe_globals([numpy.core.multiarray._reconstruct])` or the `torch.serialization.safe_globals([numpy.core.multiarray._reconstruct])` context manager to allowlist this global if you trust this class/function.

Check the documentation of torch.load to learn more about types accepted by default with weights_only https://pytorch.org/docs/stable/generated/torch.load.html.
[2026-09-13 06:16:06] Sleeping for 1800s until next check...
[2026-09-13 06:46:06] --- Periodic Check Tick (2026-09-13 06:46:06) ---
[2026-09-13 06:46:06] Evaluating Push-T latest checkpoint...
[2026-09-13 06:46:06] Error evaluating Push-T: Weights only load failed. This file can still be loaded, to do so you have two options, [1mdo those steps only if you trust the source of the checkpoint[0m. 
	(1) In PyTorch 2.6, we changed the default value of the `weights_only` argument in `torch.load` from `False` to `True`. Re-running `torch.load` with `weights_only` set to `False` will likely succeed, but it can result in arbitrary code execution. Do it only if you got the file from a trusted source.
	(2) Alternatively, to load with `weights_only=True` please check the recommended steps in the following error message.
	WeightsUnpickler error: Unsupported global: GLOBAL numpy._core.multiarray._reconstruct was not an allowed global by default. Please use `torch.serialization.add_safe_globals([numpy._core.multiarray._reconstruct])` or the `torch.serialization.safe_globals([numpy._core.multiarray._reconstruct])` context manager to allowlist this global if you trust this class/function.

Check the documentation of torch.load to learn more about types accepted by default with weights_only https://pytorch.org/docs/stable/generated/torch.load.html.
[2026-09-13 06:46:06] Evaluating RoboCasa CloseSingleDoor latest checkpoint...
[2026-09-13 06:46:06] Error evaluating RC-CloseSingleDoor: Weights only load failed. This file can still be loaded, to do so you have two options, [1mdo those steps only if you trust the source of the checkpoint[0m. 
	(1) In PyTorch 2.6, we changed the default value of the `weights_only` argument in `torch.load` from `False` to `True`. Re-running `torch.load` with `weights_only` set to `False` will likely succeed, but it can result in arbitrary code execution. Do it only if you got the file from a trusted source.
	(2) Alternatively, to load with `weights_only=True` please check the recommended steps in the following error message.
	WeightsUnpickler error: Unsupported global: GLOBAL numpy.core.multiarray._reconstruct was not an allowed global by default. Please use `torch.serialization.add_safe_globals([numpy.core.multiarray._reconstruct])` or the `torch.serialization.safe_globals([numpy.core.multiarray._reconstruct])` context manager to allowlist this global if you trust this class/function.

Check the documentation of torch.load to learn more about types accepted by default with weights_only https://pytorch.org/docs/stable/generated/torch.load.html.
[2026-09-13 06:46:06] Sleeping for 1800s until next check...
[2026-09-13 07:16:06] --- Periodic Check Tick (2026-09-13 07:16:06) ---
[2026-09-13 07:16:06] Evaluating Push-T latest checkpoint...
[2026-09-13 07:16:06] Error evaluating Push-T: Weights only load failed. This file can still be loaded, to do so you have two options, [1mdo those steps only if you trust the source of the checkpoint[0m. 
	(1) In PyTorch 2.6, we changed the default value of the `weights_only` argument in `torch.load` from `False` to `True`. Re-running `torch.load` with `weights_only` set to `False` will likely succeed, but it can result in arbitrary code execution. Do it only if you got the file from a trusted source.
	(2) Alternatively, to load with `weights_only=True` please check the recommended steps in the following error message.
	WeightsUnpickler error: Unsupported global: GLOBAL numpy._core.multiarray._reconstruct was not an allowed global by default. Please use `torch.serialization.add_safe_globals([numpy._core.multiarray._reconstruct])` or the `torch.serialization.safe_globals([numpy._core.multiarray._reconstruct])` context manager to allowlist this global if you trust this class/function.

Check the documentation of torch.load to learn more about types accepted by default with weights_only https://pytorch.org/docs/stable/generated/torch.load.html.
[2026-09-13 07:16:06] Evaluating RoboCasa CloseSingleDoor latest checkpoint...
[2026-09-13 07:16:06] Error evaluating RC-CloseSingleDoor: Weights only load failed. This file can still be loaded, to do so you have two options, [1mdo those steps only if you trust the source of the checkpoint[0m. 
	(1) In PyTorch 2.6, we changed the default value of the `weights_only` argument in `torch.load` from `False` to `True`. Re-running `torch.load` with `weights_only` set to `False` will likely succeed, but it can result in arbitrary code execution. Do it only if you got the file from a trusted source.
	(2) Alternatively, to load with `weights_only=True` please check the recommended steps in the following error message.
	WeightsUnpickler error: Unsupported global: GLOBAL numpy.core.multiarray._reconstruct was not an allowed global by default. Please use `torch.serialization.add_safe_globals([numpy.core.multiarray._reconstruct])` or the `torch.serialization.safe_globals([numpy.core.multiarray._reconstruct])` context manager to allowlist this global if you trust this class/function.

Check the documentation of torch.load to learn more about types accepted by default with weights_only https://pytorch.org/docs/stable/generated/torch.load.html.
[2026-09-13 07:16:06] Sleeping for 1800s until next check...
[2026-09-13 07:46:06] --- Periodic Check Tick (2026-09-13 07:46:06) ---
[2026-09-13 07:46:06] Evaluating Push-T latest checkpoint...
[2026-09-13 07:46:06] Error evaluating Push-T: Weights only load failed. This file can still be loaded, to do so you have two options, [1mdo those steps only if you trust the source of the checkpoint[0m. 
	(1) In PyTorch 2.6, we changed the default value of the `weights_only` argument in `torch.load` from `False` to `True`. Re-running `torch.load` with `weights_only` set to `False` will likely succeed, but it can result in arbitrary code execution. Do it only if you got the file from a trusted source.
	(2) Alternatively, to load with `weights_only=True` please check the recommended steps in the following error message.
	WeightsUnpickler error: Unsupported global: GLOBAL numpy._core.multiarray._reconstruct was not an allowed global by default. Please use `torch.serialization.add_safe_globals([numpy._core.multiarray._reconstruct])` or the `torch.serialization.safe_globals([numpy._core.multiarray._reconstruct])` context manager to allowlist this global if you trust this class/function.

Check the documentation of torch.load to learn more about types accepted by default with weights_only https://pytorch.org/docs/stable/generated/torch.load.html.
[2026-09-13 07:46:06] Evaluating RoboCasa CloseSingleDoor latest checkpoint...
[2026-09-13 07:46:06] Error evaluating RC-CloseSingleDoor: Weights only load failed. This file can still be loaded, to do so you have two options, [1mdo those steps only if you trust the source of the checkpoint[0m. 
	(1) In PyTorch 2.6, we changed the default value of the `weights_only` argument in `torch.load` from `False` to `True`. Re-running `torch.load` with `weights_only` set to `False` will likely succeed, but it can result in arbitrary code execution. Do it only if you got the file from a trusted source.
	(2) Alternatively, to load with `weights_only=True` please check the recommended steps in the following error message.
	WeightsUnpickler error: Unsupported global: GLOBAL numpy.core.multiarray._reconstruct was not an allowed global by default. Please use `torch.serialization.add_safe_globals([numpy.core.multiarray._reconstruct])` or the `torch.serialization.safe_globals([numpy.core.multiarray._reconstruct])` context manager to allowlist this global if you trust this class/function.

Check the documentation of torch.load to learn more about types accepted by default with weights_only https://pytorch.org/docs/stable/generated/torch.load.html.
[2026-09-13 07:46:06] Sleeping for 1800s until next check...
[2026-09-13 08:16:06] --- Periodic Check Tick (2026-09-13 08:16:06) ---
[2026-09-13 08:16:06] Evaluating Push-T latest checkpoint...
[2026-09-13 08:16:06] Error evaluating Push-T: Weights only load failed. This file can still be loaded, to do so you have two options, [1mdo those steps only if you trust the source of the checkpoint[0m. 
	(1) In PyTorch 2.6, we changed the default value of the `weights_only` argument in `torch.load` from `False` to `True`. Re-running `torch.load` with `weights_only` set to `False` will likely succeed, but it can result in arbitrary code execution. Do it only if you got the file from a trusted source.
	(2) Alternatively, to load with `weights_only=True` please check the recommended steps in the following error message.
	WeightsUnpickler error: Unsupported global: GLOBAL numpy._core.multiarray._reconstruct was not an allowed global by default. Please use `torch.serialization.add_safe_globals([numpy._core.multiarray._reconstruct])` or the `torch.serialization.safe_globals([numpy._core.multiarray._reconstruct])` context manager to allowlist this global if you trust this class/function.

Check the documentation of torch.load to learn more about types accepted by default with weights_only https://pytorch.org/docs/stable/generated/torch.load.html.
[2026-09-13 08:16:06] Evaluating RoboCasa CloseSingleDoor latest checkpoint...
[2026-09-13 08:16:06] Error evaluating RC-CloseSingleDoor: Weights only load failed. This file can still be loaded, to do so you have two options, [1mdo those steps only if you trust the source of the checkpoint[0m. 
	(1) In PyTorch 2.6, we changed the default value of the `weights_only` argument in `torch.load` from `False` to `True`. Re-running `torch.load` with `weights_only` set to `False` will likely succeed, but it can result in arbitrary code execution. Do it only if you got the file from a trusted source.
	(2) Alternatively, to load with `weights_only=True` please check the recommended steps in the following error message.
	WeightsUnpickler error: Unsupported global: GLOBAL numpy.core.multiarray._reconstruct was not an allowed global by default. Please use `torch.serialization.add_safe_globals([numpy.core.multiarray._reconstruct])` or the `torch.serialization.safe_globals([numpy.core.multiarray._reconstruct])` context manager to allowlist this global if you trust this class/function.

Check the documentation of torch.load to learn more about types accepted by default with weights_only https://pytorch.org/docs/stable/generated/torch.load.html.
[2026-09-13 08:16:06] Sleeping for 1800s until next check...
[2026-09-13 08:46:06] --- Periodic Check Tick (2026-09-13 08:46:06) ---
[2026-09-13 08:46:06] Evaluating Push-T latest checkpoint...
[2026-09-13 08:46:06] Error evaluating Push-T: Weights only load failed. This file can still be loaded, to do so you have two options, [1mdo those steps only if you trust the source of the checkpoint[0m. 
	(1) In PyTorch 2.6, we changed the default value of the `weights_only` argument in `torch.load` from `False` to `True`. Re-running `torch.load` with `weights_only` set to `False` will likely succeed, but it can result in arbitrary code execution. Do it only if you got the file from a trusted source.
	(2) Alternatively, to load with `weights_only=True` please check the recommended steps in the following error message.
	WeightsUnpickler error: Unsupported global: GLOBAL numpy._core.multiarray._reconstruct was not an allowed global by default. Please use `torch.serialization.add_safe_globals([numpy._core.multiarray._reconstruct])` or the `torch.serialization.safe_globals([numpy._core.multiarray._reconstruct])` context manager to allowlist this global if you trust this class/function.

Check the documentation of torch.load to learn more about types accepted by default with weights_only https://pytorch.org/docs/stable/generated/torch.load.html.
[2026-09-13 08:46:06] Evaluating RoboCasa CloseSingleDoor latest checkpoint...
[2026-09-13 08:46:06] Error evaluating RC-CloseSingleDoor: Weights only load failed. This file can still be loaded, to do so you have two options, [1mdo those steps only if you trust the source of the checkpoint[0m. 
	(1) In PyTorch 2.6, we changed the default value of the `weights_only` argument in `torch.load` from `False` to `True`. Re-running `torch.load` with `weights_only` set to `False` will likely succeed, but it can result in arbitrary code execution. Do it only if you got the file from a trusted source.
	(2) Alternatively, to load with `weights_only=True` please check the recommended steps in the following error message.
	WeightsUnpickler error: Unsupported global: GLOBAL numpy.core.multiarray._reconstruct was not an allowed global by default. Please use `torch.serialization.add_safe_globals([numpy.core.multiarray._reconstruct])` or the `torch.serialization.safe_globals([numpy.core.multiarray._reconstruct])` context manager to allowlist this global if you trust this class/function.

Check the documentation of torch.load to learn more about types accepted by default with weights_only https://pytorch.org/docs/stable/generated/torch.load.html.
[2026-09-13 08:46:06] Sleeping for 1800s until next check...
[2026-09-13 09:16:06] --- Periodic Check Tick (2026-09-13 09:16:06) ---
[2026-09-13 09:16:06] Evaluating Push-T latest checkpoint...
[2026-09-13 09:16:06] Error evaluating Push-T: Weights only load failed. This file can still be loaded, to do so you have two options, [1mdo those steps only if you trust the source of the checkpoint[0m. 
	(1) In PyTorch 2.6, we changed the default value of the `weights_only` argument in `torch.load` from `False` to `True`. Re-running `torch.load` with `weights_only` set to `False` will likely succeed, but it can result in arbitrary code execution. Do it only if you got the file from a trusted source.
	(2) Alternatively, to load with `weights_only=True` please check the recommended steps in the following error message.
	WeightsUnpickler error: Unsupported global: GLOBAL numpy._core.multiarray._reconstruct was not an allowed global by default. Please use `torch.serialization.add_safe_globals([numpy._core.multiarray._reconstruct])` or the `torch.serialization.safe_globals([numpy._core.multiarray._reconstruct])` context manager to allowlist this global if you trust this class/function.

Check the documentation of torch.load to learn more about types accepted by default with weights_only https://pytorch.org/docs/stable/generated/torch.load.html.
[2026-09-13 09:16:06] Evaluating RoboCasa CloseSingleDoor latest checkpoint...
[2026-09-13 09:16:06] Error evaluating RC-CloseSingleDoor: Weights only load failed. This file can still be loaded, to do so you have two options, [1mdo those steps only if you trust the source of the checkpoint[0m. 
	(1) In PyTorch 2.6, we changed the default value of the `weights_only` argument in `torch.load` from `False` to `True`. Re-running `torch.load` with `weights_only` set to `False` will likely succeed, but it can result in arbitrary code execution. Do it only if you got the file from a trusted source.
	(2) Alternatively, to load with `weights_only=True` please check the recommended steps in the following error message.
	WeightsUnpickler error: Unsupported global: GLOBAL numpy.core.multiarray._reconstruct was not an allowed global by default. Please use `torch.serialization.add_safe_globals([numpy.core.multiarray._reconstruct])` or the `torch.serialization.safe_globals([numpy.core.multiarray._reconstruct])` context manager to allowlist this global if you trust this class/function.

Check the documentation of torch.load to learn more about types accepted by default with weights_only https://pytorch.org/docs/stable/generated/torch.load.html.
[2026-09-13 09:16:06] Sleeping for 1800s until next check...
[2026-09-13 09:46:06] --- Periodic Check Tick (2026-09-13 09:46:06) ---
[2026-09-13 09:46:06] Evaluating Push-T latest checkpoint...
[2026-09-13 09:46:06] Error evaluating Push-T: Weights only load failed. This file can still be loaded, to do so you have two options, [1mdo those steps only if you trust the source of the checkpoint[0m. 
	(1) In PyTorch 2.6, we changed the default value of the `weights_only` argument in `torch.load` from `False` to `True`. Re-running `torch.load` with `weights_only` set to `False` will likely succeed, but it can result in arbitrary code execution. Do it only if you got the file from a trusted source.
	(2) Alternatively, to load with `weights_only=True` please check the recommended steps in the following error message.
	WeightsUnpickler error: Unsupported global: GLOBAL numpy._core.multiarray._reconstruct was not an allowed global by default. Please use `torch.serialization.add_safe_globals([numpy._core.multiarray._reconstruct])` or the `torch.serialization.safe_globals([numpy._core.multiarray._reconstruct])` context manager to allowlist this global if you trust this class/function.

Check the documentation of torch.load to learn more about types accepted by default with weights_only https://pytorch.org/docs/stable/generated/torch.load.html.
[2026-09-13 09:46:06] Evaluating RoboCasa CloseSingleDoor latest checkpoint...
[2026-09-13 09:46:06] Error evaluating RC-CloseSingleDoor: Weights only load failed. This file can still be loaded, to do so you have two options, [1mdo those steps only if you trust the source of the checkpoint[0m. 
	(1) In PyTorch 2.6, we changed the default value of the `weights_only` argument in `torch.load` from `False` to `True`. Re-running `torch.load` with `weights_only` set to `False` will likely succeed, but it can result in arbitrary code execution. Do it only if you got the file from a trusted source.
	(2) Alternatively, to load with `weights_only=True` please check the recommended steps in the following error message.
	WeightsUnpickler error: Unsupported global: GLOBAL numpy.core.multiarray._reconstruct was not an allowed global by default. Please use `torch.serialization.add_safe_globals([numpy.core.multiarray._reconstruct])` or the `torch.serialization.safe_globals([numpy.core.multiarray._reconstruct])` context manager to allowlist this global if you trust this class/function.

Check the documentation of torch.load to learn more about types accepted by default with weights_only https://pytorch.org/docs/stable/generated/torch.load.html.
[2026-09-13 09:46:06] Sleeping for 1800s until next check...
[2026-09-13 10:16:06] --- Periodic Check Tick (2026-09-13 10:16:06) ---
[2026-09-13 10:16:06] Evaluating Push-T latest checkpoint...
[2026-09-13 10:16:06] Error evaluating Push-T: Weights only load failed. This file can still be loaded, to do so you have two options, [1mdo those steps only if you trust the source of the checkpoint[0m. 
	(1) In PyTorch 2.6, we changed the default value of the `weights_only` argument in `torch.load` from `False` to `True`. Re-running `torch.load` with `weights_only` set to `False` will likely succeed, but it can result in arbitrary code execution. Do it only if you got the file from a trusted source.
	(2) Alternatively, to load with `weights_only=True` please check the recommended steps in the following error message.
	WeightsUnpickler error: Unsupported global: GLOBAL numpy._core.multiarray._reconstruct was not an allowed global by default. Please use `torch.serialization.add_safe_globals([numpy._core.multiarray._reconstruct])` or the `torch.serialization.safe_globals([numpy._core.multiarray._reconstruct])` context manager to allowlist this global if you trust this class/function.

Check the documentation of torch.load to learn more about types accepted by default with weights_only https://pytorch.org/docs/stable/generated/torch.load.html.
[2026-09-13 10:16:06] Evaluating RoboCasa CloseSingleDoor latest checkpoint...
[2026-09-13 10:16:06] Error evaluating RC-CloseSingleDoor: Weights only load failed. This file can still be loaded, to do so you have two options, [1mdo those steps only if you trust the source of the checkpoint[0m. 
	(1) In PyTorch 2.6, we changed the default value of the `weights_only` argument in `torch.load` from `False` to `True`. Re-running `torch.load` with `weights_only` set to `False` will likely succeed, but it can result in arbitrary code execution. Do it only if you got the file from a trusted source.
	(2) Alternatively, to load with `weights_only=True` please check the recommended steps in the following error message.
	WeightsUnpickler error: Unsupported global: GLOBAL numpy.core.multiarray._reconstruct was not an allowed global by default. Please use `torch.serialization.add_safe_globals([numpy.core.multiarray._reconstruct])` or the `torch.serialization.safe_globals([numpy.core.multiarray._reconstruct])` context manager to allowlist this global if you trust this class/function.

Check the documentation of torch.load to learn more about types accepted by default with weights_only https://pytorch.org/docs/stable/generated/torch.load.html.
[2026-09-13 10:16:06] Sleeping for 1800s until next check...
[2026-09-13 10:46:06] --- Periodic Check Tick (2026-09-13 10:46:06) ---
[2026-09-13 10:46:06] Evaluating Push-T latest checkpoint...
[2026-09-13 10:46:06] Error evaluating Push-T: Weights only load failed. This file can still be loaded, to do so you have two options, [1mdo those steps only if you trust the source of the checkpoint[0m. 
	(1) In PyTorch 2.6, we changed the default value of the `weights_only` argument in `torch.load` from `False` to `True`. Re-running `torch.load` with `weights_only` set to `False` will likely succeed, but it can result in arbitrary code execution. Do it only if you got the file from a trusted source.
	(2) Alternatively, to load with `weights_only=True` please check the recommended steps in the following error message.
	WeightsUnpickler error: Unsupported global: GLOBAL numpy._core.multiarray._reconstruct was not an allowed global by default. Please use `torch.serialization.add_safe_globals([numpy._core.multiarray._reconstruct])` or the `torch.serialization.safe_globals([numpy._core.multiarray._reconstruct])` context manager to allowlist this global if you trust this class/function.

Check the documentation of torch.load to learn more about types accepted by default with weights_only https://pytorch.org/docs/stable/generated/torch.load.html.
[2026-09-13 10:46:06] Evaluating RoboCasa CloseSingleDoor latest checkpoint...
[2026-09-13 10:46:06] Error evaluating RC-CloseSingleDoor: Weights only load failed. This file can still be loaded, to do so you have two options, [1mdo those steps only if you trust the source of the checkpoint[0m. 
	(1) In PyTorch 2.6, we changed the default value of the `weights_only` argument in `torch.load` from `False` to `True`. Re-running `torch.load` with `weights_only` set to `False` will likely succeed, but it can result in arbitrary code execution. Do it only if you got the file from a trusted source.
	(2) Alternatively, to load with `weights_only=True` please check the recommended steps in the following error message.
	WeightsUnpickler error: Unsupported global: GLOBAL numpy.core.multiarray._reconstruct was not an allowed global by default. Please use `torch.serialization.add_safe_globals([numpy.core.multiarray._reconstruct])` or the `torch.serialization.safe_globals([numpy.core.multiarray._reconstruct])` context manager to allowlist this global if you trust this class/function.

Check the documentation of torch.load to learn more about types accepted by default with weights_only https://pytorch.org/docs/stable/generated/torch.load.html.
[2026-09-13 10:46:06] Sleeping for 1800s until next check...
[2026-09-13 11:16:06] --- Periodic Check Tick (2026-09-13 11:16:06) ---
[2026-09-13 11:16:06] Evaluating Push-T latest checkpoint...
[2026-09-13 11:16:06] Error evaluating Push-T: Weights only load failed. This file can still be loaded, to do so you have two options, [1mdo those steps only if you trust the source of the checkpoint[0m. 
	(1) In PyTorch 2.6, we changed the default value of the `weights_only` argument in `torch.load` from `False` to `True`. Re-running `torch.load` with `weights_only` set to `False` will likely succeed, but it can result in arbitrary code execution. Do it only if you got the file from a trusted source.
	(2) Alternatively, to load with `weights_only=True` please check the recommended steps in the following error message.
	WeightsUnpickler error: Unsupported global: GLOBAL numpy._core.multiarray._reconstruct was not an allowed global by default. Please use `torch.serialization.add_safe_globals([numpy._core.multiarray._reconstruct])` or the `torch.serialization.safe_globals([numpy._core.multiarray._reconstruct])` context manager to allowlist this global if you trust this class/function.

Check the documentation of torch.load to learn more about types accepted by default with weights_only https://pytorch.org/docs/stable/generated/torch.load.html.
[2026-09-13 11:16:06] Evaluating RoboCasa CloseSingleDoor latest checkpoint...
[2026-09-13 11:16:06] Error evaluating RC-CloseSingleDoor: Weights only load failed. This file can still be loaded, to do so you have two options, [1mdo those steps only if you trust the source of the checkpoint[0m. 
	(1) In PyTorch 2.6, we changed the default value of the `weights_only` argument in `torch.load` from `False` to `True`. Re-running `torch.load` with `weights_only` set to `False` will likely succeed, but it can result in arbitrary code execution. Do it only if you got the file from a trusted source.
	(2) Alternatively, to load with `weights_only=True` please check the recommended steps in the following error message.
	WeightsUnpickler error: Unsupported global: GLOBAL numpy.core.multiarray._reconstruct was not an allowed global by default. Please use `torch.serialization.add_safe_globals([numpy.core.multiarray._reconstruct])` or the `torch.serialization.safe_globals([numpy.core.multiarray._reconstruct])` context manager to allowlist this global if you trust this class/function.

Check the documentation of torch.load to learn more about types accepted by default with weights_only https://pytorch.org/docs/stable/generated/torch.load.html.
[2026-09-13 11:16:06] Sleeping for 1800s until next check...
[2026-09-13 11:46:06] --- Periodic Check Tick (2026-09-13 11:46:06) ---
[2026-09-13 11:46:06] Evaluating Push-T latest checkpoint...
[2026-09-13 11:46:06] Error evaluating Push-T: Weights only load failed. This file can still be loaded, to do so you have two options, [1mdo those steps only if you trust the source of the checkpoint[0m. 
	(1) In PyTorch 2.6, we changed the default value of the `weights_only` argument in `torch.load` from `False` to `True`. Re-running `torch.load` with `weights_only` set to `False` will likely succeed, but it can result in arbitrary code execution. Do it only if you got the file from a trusted source.
	(2) Alternatively, to load with `weights_only=True` please check the recommended steps in the following error message.
	WeightsUnpickler error: Unsupported global: GLOBAL numpy._core.multiarray._reconstruct was not an allowed global by default. Please use `torch.serialization.add_safe_globals([numpy._core.multiarray._reconstruct])` or the `torch.serialization.safe_globals([numpy._core.multiarray._reconstruct])` context manager to allowlist this global if you trust this class/function.

Check the documentation of torch.load to learn more about types accepted by default with weights_only https://pytorch.org/docs/stable/generated/torch.load.html.
[2026-09-13 11:46:06] Evaluating RoboCasa CloseSingleDoor latest checkpoint...
[2026-09-13 11:46:06] Error evaluating RC-CloseSingleDoor: Weights only load failed. This file can still be loaded, to do so you have two options, [1mdo those steps only if you trust the source of the checkpoint[0m. 
	(1) In PyTorch 2.6, we changed the default value of the `weights_only` argument in `torch.load` from `False` to `True`. Re-running `torch.load` with `weights_only` set to `False` will likely succeed, but it can result in arbitrary code execution. Do it only if you got the file from a trusted source.
	(2) Alternatively, to load with `weights_only=True` please check the recommended steps in the following error message.
	WeightsUnpickler error: Unsupported global: GLOBAL numpy.core.multiarray._reconstruct was not an allowed global by default. Please use `torch.serialization.add_safe_globals([numpy.core.multiarray._reconstruct])` or the `torch.serialization.safe_globals([numpy.core.multiarray._reconstruct])` context manager to allowlist this global if you trust this class/function.

Check the documentation of torch.load to learn more about types accepted by default with weights_only https://pytorch.org/docs/stable/generated/torch.load.html.
[2026-09-13 11:46:06] Sleeping for 1800s until next check...
[2026-09-13 12:16:06] --- Periodic Check Tick (2026-09-13 12:16:06) ---
[2026-09-13 12:16:06] Evaluating Push-T latest checkpoint...
[2026-09-13 12:16:06] Error evaluating Push-T: Weights only load failed. This file can still be loaded, to do so you have two options, [1mdo those steps only if you trust the source of the checkpoint[0m. 
	(1) In PyTorch 2.6, we changed the default value of the `weights_only` argument in `torch.load` from `False` to `True`. Re-running `torch.load` with `weights_only` set to `False` will likely succeed, but it can result in arbitrary code execution. Do it only if you got the file from a trusted source.
	(2) Alternatively, to load with `weights_only=True` please check the recommended steps in the following error message.
	WeightsUnpickler error: Unsupported global: GLOBAL numpy._core.multiarray._reconstruct was not an allowed global by default. Please use `torch.serialization.add_safe_globals([numpy._core.multiarray._reconstruct])` or the `torch.serialization.safe_globals([numpy._core.multiarray._reconstruct])` context manager to allowlist this global if you trust this class/function.

Check the documentation of torch.load to learn more about types accepted by default with weights_only https://pytorch.org/docs/stable/generated/torch.load.html.
[2026-09-13 12:16:06] Evaluating RoboCasa CloseSingleDoor latest checkpoint...
[2026-09-13 12:16:06] Error evaluating RC-CloseSingleDoor: Weights only load failed. This file can still be loaded, to do so you have two options, [1mdo those steps only if you trust the source of the checkpoint[0m. 
	(1) In PyTorch 2.6, we changed the default value of the `weights_only` argument in `torch.load` from `False` to `True`. Re-running `torch.load` with `weights_only` set to `False` will likely succeed, but it can result in arbitrary code execution. Do it only if you got the file from a trusted source.
	(2) Alternatively, to load with `weights_only=True` please check the recommended steps in the following error message.
	WeightsUnpickler error: Unsupported global: GLOBAL numpy.core.multiarray._reconstruct was not an allowed global by default. Please use `torch.serialization.add_safe_globals([numpy.core.multiarray._reconstruct])` or the `torch.serialization.safe_globals([numpy.core.multiarray._reconstruct])` context manager to allowlist this global if you trust this class/function.

Check the documentation of torch.load to learn more about types accepted by default with weights_only https://pytorch.org/docs/stable/generated/torch.load.html.
[2026-09-13 12:16:06] Sleeping for 1800s until next check...
[2026-09-13 12:46:06] --- Periodic Check Tick (2026-09-13 12:46:06) ---
[2026-09-13 12:46:06] Evaluating Push-T latest checkpoint...
[2026-09-13 12:46:06] Error evaluating Push-T: Weights only load failed. This file can still be loaded, to do so you have two options, [1mdo those steps only if you trust the source of the checkpoint[0m. 
	(1) In PyTorch 2.6, we changed the default value of the `weights_only` argument in `torch.load` from `False` to `True`. Re-running `torch.load` with `weights_only` set to `False` will likely succeed, but it can result in arbitrary code execution. Do it only if you got the file from a trusted source.
	(2) Alternatively, to load with `weights_only=True` please check the recommended steps in the following error message.
	WeightsUnpickler error: Unsupported global: GLOBAL numpy._core.multiarray._reconstruct was not an allowed global by default. Please use `torch.serialization.add_safe_globals([numpy._core.multiarray._reconstruct])` or the `torch.serialization.safe_globals([numpy._core.multiarray._reconstruct])` context manager to allowlist this global if you trust this class/function.

Check the documentation of torch.load to learn more about types accepted by default with weights_only https://pytorch.org/docs/stable/generated/torch.load.html.
[2026-09-13 12:46:06] Evaluating RoboCasa CloseSingleDoor latest checkpoint...
[2026-09-13 12:46:06] Error evaluating RC-CloseSingleDoor: Weights only load failed. This file can still be loaded, to do so you have two options, [1mdo those steps only if you trust the source of the checkpoint[0m. 
	(1) In PyTorch 2.6, we changed the default value of the `weights_only` argument in `torch.load` from `False` to `True`. Re-running `torch.load` with `weights_only` set to `False` will likely succeed, but it can result in arbitrary code execution. Do it only if you got the file from a trusted source.
	(2) Alternatively, to load with `weights_only=True` please check the recommended steps in the following error message.
	WeightsUnpickler error: Unsupported global: GLOBAL numpy.core.multiarray._reconstruct was not an allowed global by default. Please use `torch.serialization.add_safe_globals([numpy.core.multiarray._reconstruct])` or the `torch.serialization.safe_globals([numpy.core.multiarray._reconstruct])` context manager to allowlist this global if you trust this class/function.

Check the documentation of torch.load to learn more about types accepted by default with weights_only https://pytorch.org/docs/stable/generated/torch.load.html.
[2026-09-13 12:46:06] Sleeping for 1800s until next check...
[2026-09-13 13:16:06] --- Periodic Check Tick (2026-09-13 13:16:06) ---
[2026-09-13 13:16:06] Evaluating Push-T latest checkpoint...
[2026-09-13 13:16:06] Error evaluating Push-T: Weights only load failed. This file can still be loaded, to do so you have two options, [1mdo those steps only if you trust the source of the checkpoint[0m. 
	(1) In PyTorch 2.6, we changed the default value of the `weights_only` argument in `torch.load` from `False` to `True`. Re-running `torch.load` with `weights_only` set to `False` will likely succeed, but it can result in arbitrary code execution. Do it only if you got the file from a trusted source.
	(2) Alternatively, to load with `weights_only=True` please check the recommended steps in the following error message.
	WeightsUnpickler error: Unsupported global: GLOBAL numpy._core.multiarray._reconstruct was not an allowed global by default. Please use `torch.serialization.add_safe_globals([numpy._core.multiarray._reconstruct])` or the `torch.serialization.safe_globals([numpy._core.multiarray._reconstruct])` context manager to allowlist this global if you trust this class/function.

Check the documentation of torch.load to learn more about types accepted by default with weights_only https://pytorch.org/docs/stable/generated/torch.load.html.
[2026-09-13 13:16:06] Evaluating RoboCasa CloseSingleDoor latest checkpoint...
[2026-09-13 13:16:06] Error evaluating RC-CloseSingleDoor: Weights only load failed. This file can still be loaded, to do so you have two options, [1mdo those steps only if you trust the source of the checkpoint[0m. 
	(1) In PyTorch 2.6, we changed the default value of the `weights_only` argument in `torch.load` from `False` to `True`. Re-running `torch.load` with `weights_only` set to `False` will likely succeed, but it can result in arbitrary code execution. Do it only if you got the file from a trusted source.
	(2) Alternatively, to load with `weights_only=True` please check the recommended steps in the following error message.
	WeightsUnpickler error: Unsupported global: GLOBAL numpy.core.multiarray._reconstruct was not an allowed global by default. Please use `torch.serialization.add_safe_globals([numpy.core.multiarray._reconstruct])` or the `torch.serialization.safe_globals([numpy.core.multiarray._reconstruct])` context manager to allowlist this global if you trust this class/function.

Check the documentation of torch.load to learn more about types accepted by default with weights_only https://pytorch.org/docs/stable/generated/torch.load.html.
[2026-09-13 13:16:06] Sleeping for 1800s until next check...
[2026-09-13 13:46:06] --- Periodic Check Tick (2026-09-13 13:46:06) ---
[2026-09-13 13:46:06] Evaluating Push-T latest checkpoint...
[2026-09-13 13:46:06] Error evaluating Push-T: Weights only load failed. This file can still be loaded, to do so you have two options, [1mdo those steps only if you trust the source of the checkpoint[0m. 
	(1) In PyTorch 2.6, we changed the default value of the `weights_only` argument in `torch.load` from `False` to `True`. Re-running `torch.load` with `weights_only` set to `False` will likely succeed, but it can result in arbitrary code execution. Do it only if you got the file from a trusted source.
	(2) Alternatively, to load with `weights_only=True` please check the recommended steps in the following error message.
	WeightsUnpickler error: Unsupported global: GLOBAL numpy._core.multiarray._reconstruct was not an allowed global by default. Please use `torch.serialization.add_safe_globals([numpy._core.multiarray._reconstruct])` or the `torch.serialization.safe_globals([numpy._core.multiarray._reconstruct])` context manager to allowlist this global if you trust this class/function.

Check the documentation of torch.load to learn more about types accepted by default with weights_only https://pytorch.org/docs/stable/generated/torch.load.html.
[2026-09-13 13:46:06] Evaluating RoboCasa CloseSingleDoor latest checkpoint...
[2026-09-13 13:46:06] Error evaluating RC-CloseSingleDoor: Weights only load failed. This file can still be loaded, to do so you have two options, [1mdo those steps only if you trust the source of the checkpoint[0m. 
	(1) In PyTorch 2.6, we changed the default value of the `weights_only` argument in `torch.load` from `False` to `True`. Re-running `torch.load` with `weights_only` set to `False` will likely succeed, but it can result in arbitrary code execution. Do it only if you got the file from a trusted source.
	(2) Alternatively, to load with `weights_only=True` please check the recommended steps in the following error message.
	WeightsUnpickler error: Unsupported global: GLOBAL numpy.core.multiarray._reconstruct was not an allowed global by default. Please use `torch.serialization.add_safe_globals([numpy.core.multiarray._reconstruct])` or the `torch.serialization.safe_globals([numpy.core.multiarray._reconstruct])` context manager to allowlist this global if you trust this class/function.

Check the documentation of torch.load to learn more about types accepted by default with weights_only https://pytorch.org/docs/stable/generated/torch.load.html.
[2026-09-13 13:46:06] Sleeping for 1800s until next check...
[2026-09-13 14:16:06] --- Periodic Check Tick (2026-09-13 14:16:06) ---
[2026-09-13 14:16:06] Evaluating Push-T latest checkpoint...
[2026-09-13 14:16:06] Error evaluating Push-T: Weights only load failed. This file can still be loaded, to do so you have two options, [1mdo those steps only if you trust the source of the checkpoint[0m. 
	(1) In PyTorch 2.6, we changed the default value of the `weights_only` argument in `torch.load` from `False` to `True`. Re-running `torch.load` with `weights_only` set to `False` will likely succeed, but it can result in arbitrary code execution. Do it only if you got the file from a trusted source.
	(2) Alternatively, to load with `weights_only=True` please check the recommended steps in the following error message.
	WeightsUnpickler error: Unsupported global: GLOBAL numpy._core.multiarray._reconstruct was not an allowed global by default. Please use `torch.serialization.add_safe_globals([numpy._core.multiarray._reconstruct])` or the `torch.serialization.safe_globals([numpy._core.multiarray._reconstruct])` context manager to allowlist this global if you trust this class/function.

Check the documentation of torch.load to learn more about types accepted by default with weights_only https://pytorch.org/docs/stable/generated/torch.load.html.
[2026-09-13 14:16:06] Evaluating RoboCasa CloseSingleDoor latest checkpoint...
[2026-09-13 14:16:06] Error evaluating RC-CloseSingleDoor: Weights only load failed. This file can still be loaded, to do so you have two options, [1mdo those steps only if you trust the source of the checkpoint[0m. 
	(1) In PyTorch 2.6, we changed the default value of the `weights_only` argument in `torch.load` from `False` to `True`. Re-running `torch.load` with `weights_only` set to `False` will likely succeed, but it can result in arbitrary code execution. Do it only if you got the file from a trusted source.
	(2) Alternatively, to load with `weights_only=True` please check the recommended steps in the following error message.
	WeightsUnpickler error: Unsupported global: GLOBAL numpy.core.multiarray._reconstruct was not an allowed global by default. Please use `torch.serialization.add_safe_globals([numpy.core.multiarray._reconstruct])` or the `torch.serialization.safe_globals([numpy.core.multiarray._reconstruct])` context manager to allowlist this global if you trust this class/function.

Check the documentation of torch.load to learn more about types accepted by default with weights_only https://pytorch.org/docs/stable/generated/torch.load.html.
[2026-09-13 14:16:07] Sleeping for 1800s until next check...
[2026-09-13 14:46:07] --- Periodic Check Tick (2026-09-13 14:46:07) ---
[2026-09-13 14:46:07] Evaluating Push-T latest checkpoint...
[2026-09-13 14:46:07] Error evaluating Push-T: Weights only load failed. This file can still be loaded, to do so you have two options, [1mdo those steps only if you trust the source of the checkpoint[0m. 
	(1) In PyTorch 2.6, we changed the default value of the `weights_only` argument in `torch.load` from `False` to `True`. Re-running `torch.load` with `weights_only` set to `False` will likely succeed, but it can result in arbitrary code execution. Do it only if you got the file from a trusted source.
	(2) Alternatively, to load with `weights_only=True` please check the recommended steps in the following error message.
	WeightsUnpickler error: Unsupported global: GLOBAL numpy._core.multiarray._reconstruct was not an allowed global by default. Please use `torch.serialization.add_safe_globals([numpy._core.multiarray._reconstruct])` or the `torch.serialization.safe_globals([numpy._core.multiarray._reconstruct])` context manager to allowlist this global if you trust this class/function.

Check the documentation of torch.load to learn more about types accepted by default with weights_only https://pytorch.org/docs/stable/generated/torch.load.html.
[2026-09-13 14:46:07] Evaluating RoboCasa CloseSingleDoor latest checkpoint...
[2026-09-13 14:46:07] Error evaluating RC-CloseSingleDoor: Weights only load failed. This file can still be loaded, to do so you have two options, [1mdo those steps only if you trust the source of the checkpoint[0m. 
	(1) In PyTorch 2.6, we changed the default value of the `weights_only` argument in `torch.load` from `False` to `True`. Re-running `torch.load` with `weights_only` set to `False` will likely succeed, but it can result in arbitrary code execution. Do it only if you got the file from a trusted source.
	(2) Alternatively, to load with `weights_only=True` please check the recommended steps in the following error message.
	WeightsUnpickler error: Unsupported global: GLOBAL numpy.core.multiarray._reconstruct was not an allowed global by default. Please use `torch.serialization.add_safe_globals([numpy.core.multiarray._reconstruct])` or the `torch.serialization.safe_globals([numpy.core.multiarray._reconstruct])` context manager to allowlist this global if you trust this class/function.

Check the documentation of torch.load to learn more about types accepted by default with weights_only https://pytorch.org/docs/stable/generated/torch.load.html.
[2026-09-13 14:46:07] Sleeping for 1800s until next check...
[2026-09-13 15:16:07] --- Periodic Check Tick (2026-09-13 15:16:07) ---
[2026-09-13 15:16:07] Evaluating Push-T latest checkpoint...
[2026-09-13 15:16:07] Error evaluating Push-T: Weights only load failed. This file can still be loaded, to do so you have two options, [1mdo those steps only if you trust the source of the checkpoint[0m. 
	(1) In PyTorch 2.6, we changed the default value of the `weights_only` argument in `torch.load` from `False` to `True`. Re-running `torch.load` with `weights_only` set to `False` will likely succeed, but it can result in arbitrary code execution. Do it only if you got the file from a trusted source.
	(2) Alternatively, to load with `weights_only=True` please check the recommended steps in the following error message.
	WeightsUnpickler error: Unsupported global: GLOBAL numpy._core.multiarray._reconstruct was not an allowed global by default. Please use `torch.serialization.add_safe_globals([numpy._core.multiarray._reconstruct])` or the `torch.serialization.safe_globals([numpy._core.multiarray._reconstruct])` context manager to allowlist this global if you trust this class/function.

Check the documentation of torch.load to learn more about types accepted by default with weights_only https://pytorch.org/docs/stable/generated/torch.load.html.
[2026-09-13 15:16:07] Evaluating RoboCasa CloseSingleDoor latest checkpoint...
[2026-09-13 15:16:07] Error evaluating RC-CloseSingleDoor: Weights only load failed. This file can still be loaded, to do so you have two options, [1mdo those steps only if you trust the source of the checkpoint[0m. 
	(1) In PyTorch 2.6, we changed the default value of the `weights_only` argument in `torch.load` from `False` to `True`. Re-running `torch.load` with `weights_only` set to `False` will likely succeed, but it can result in arbitrary code execution. Do it only if you got the file from a trusted source.
	(2) Alternatively, to load with `weights_only=True` please check the recommended steps in the following error message.
	WeightsUnpickler error: Unsupported global: GLOBAL numpy.core.multiarray._reconstruct was not an allowed global by default. Please use `torch.serialization.add_safe_globals([numpy.core.multiarray._reconstruct])` or the `torch.serialization.safe_globals([numpy.core.multiarray._reconstruct])` context manager to allowlist this global if you trust this class/function.

Check the documentation of torch.load to learn more about types accepted by default with weights_only https://pytorch.org/docs/stable/generated/torch.load.html.
[2026-09-13 15:16:07] Sleeping for 1800s until next check...
[2026-09-13 15:46:07] --- Periodic Check Tick (2026-09-13 15:46:07) ---
[2026-09-13 15:46:07] Evaluating Push-T latest checkpoint...
[2026-09-13 15:46:07] Error evaluating Push-T: Weights only load failed. This file can still be loaded, to do so you have two options, [1mdo those steps only if you trust the source of the checkpoint[0m. 
	(1) In PyTorch 2.6, we changed the default value of the `weights_only` argument in `torch.load` from `False` to `True`. Re-running `torch.load` with `weights_only` set to `False` will likely succeed, but it can result in arbitrary code execution. Do it only if you got the file from a trusted source.
	(2) Alternatively, to load with `weights_only=True` please check the recommended steps in the following error message.
	WeightsUnpickler error: Unsupported global: GLOBAL numpy._core.multiarray._reconstruct was not an allowed global by default. Please use `torch.serialization.add_safe_globals([numpy._core.multiarray._reconstruct])` or the `torch.serialization.safe_globals([numpy._core.multiarray._reconstruct])` context manager to allowlist this global if you trust this class/function.

Check the documentation of torch.load to learn more about types accepted by default with weights_only https://pytorch.org/docs/stable/generated/torch.load.html.
[2026-09-13 15:46:07] Evaluating RoboCasa CloseSingleDoor latest checkpoint...
[2026-09-13 15:46:07] Error evaluating RC-CloseSingleDoor: Weights only load failed. This file can still be loaded, to do so you have two options, [1mdo those steps only if you trust the source of the checkpoint[0m. 
	(1) In PyTorch 2.6, we changed the default value of the `weights_only` argument in `torch.load` from `False` to `True`. Re-running `torch.load` with `weights_only` set to `False` will likely succeed, but it can result in arbitrary code execution. Do it only if you got the file from a trusted source.
	(2) Alternatively, to load with `weights_only=True` please check the recommended steps in the following error message.
	WeightsUnpickler error: Unsupported global: GLOBAL numpy.core.multiarray._reconstruct was not an allowed global by default. Please use `torch.serialization.add_safe_globals([numpy.core.multiarray._reconstruct])` or the `torch.serialization.safe_globals([numpy.core.multiarray._reconstruct])` context manager to allowlist this global if you trust this class/function.

Check the documentation of torch.load to learn more about types accepted by default with weights_only https://pytorch.org/docs/stable/generated/torch.load.html.
[2026-09-13 15:46:07] Sleeping for 1800s until next check...
[2026-09-13 16:16:07] --- Periodic Check Tick (2026-09-13 16:16:07) ---
[2026-09-13 16:16:07] Evaluating Push-T latest checkpoint...
[2026-09-13 16:16:07] Error evaluating Push-T: Weights only load failed. This file can still be loaded, to do so you have two options, [1mdo those steps only if you trust the source of the checkpoint[0m. 
	(1) In PyTorch 2.6, we changed the default value of the `weights_only` argument in `torch.load` from `False` to `True`. Re-running `torch.load` with `weights_only` set to `False` will likely succeed, but it can result in arbitrary code execution. Do it only if you got the file from a trusted source.
	(2) Alternatively, to load with `weights_only=True` please check the recommended steps in the following error message.
	WeightsUnpickler error: Unsupported global: GLOBAL numpy._core.multiarray._reconstruct was not an allowed global by default. Please use `torch.serialization.add_safe_globals([numpy._core.multiarray._reconstruct])` or the `torch.serialization.safe_globals([numpy._core.multiarray._reconstruct])` context manager to allowlist this global if you trust this class/function.

Check the documentation of torch.load to learn more about types accepted by default with weights_only https://pytorch.org/docs/stable/generated/torch.load.html.
[2026-09-13 16:16:07] Evaluating RoboCasa CloseSingleDoor latest checkpoint...
[2026-09-13 16:16:07] Error evaluating RC-CloseSingleDoor: Weights only load failed. This file can still be loaded, to do so you have two options, [1mdo those steps only if you trust the source of the checkpoint[0m. 
	(1) In PyTorch 2.6, we changed the default value of the `weights_only` argument in `torch.load` from `False` to `True`. Re-running `torch.load` with `weights_only` set to `False` will likely succeed, but it can result in arbitrary code execution. Do it only if you got the file from a trusted source.
	(2) Alternatively, to load with `weights_only=True` please check the recommended steps in the following error message.
	WeightsUnpickler error: Unsupported global: GLOBAL numpy.core.multiarray._reconstruct was not an allowed global by default. Please use `torch.serialization.add_safe_globals([numpy.core.multiarray._reconstruct])` or the `torch.serialization.safe_globals([numpy.core.multiarray._reconstruct])` context manager to allowlist this global if you trust this class/function.

Check the documentation of torch.load to learn more about types accepted by default with weights_only https://pytorch.org/docs/stable/generated/torch.load.html.
[2026-09-13 16:16:07] Sleeping for 1800s until next check...
[2026-09-13 16:46:07] --- Periodic Check Tick (2026-09-13 16:46:07) ---
[2026-09-13 16:46:07] Evaluating Push-T latest checkpoint...
[2026-09-13 16:46:07] Error evaluating Push-T: Weights only load failed. This file can still be loaded, to do so you have two options, [1mdo those steps only if you trust the source of the checkpoint[0m. 
	(1) In PyTorch 2.6, we changed the default value of the `weights_only` argument in `torch.load` from `False` to `True`. Re-running `torch.load` with `weights_only` set to `False` will likely succeed, but it can result in arbitrary code execution. Do it only if you got the file from a trusted source.
	(2) Alternatively, to load with `weights_only=True` please check the recommended steps in the following error message.
	WeightsUnpickler error: Unsupported global: GLOBAL numpy._core.multiarray._reconstruct was not an allowed global by default. Please use `torch.serialization.add_safe_globals([numpy._core.multiarray._reconstruct])` or the `torch.serialization.safe_globals([numpy._core.multiarray._reconstruct])` context manager to allowlist this global if you trust this class/function.

Check the documentation of torch.load to learn more about types accepted by default with weights_only https://pytorch.org/docs/stable/generated/torch.load.html.
[2026-09-13 16:46:07] Evaluating RoboCasa CloseSingleDoor latest checkpoint...
[2026-09-13 16:46:07] Error evaluating RC-CloseSingleDoor: Weights only load failed. This file can still be loaded, to do so you have two options, [1mdo those steps only if you trust the source of the checkpoint[0m. 
	(1) In PyTorch 2.6, we changed the default value of the `weights_only` argument in `torch.load` from `False` to `True`. Re-running `torch.load` with `weights_only` set to `False` will likely succeed, but it can result in arbitrary code execution. Do it only if you got the file from a trusted source.
	(2) Alternatively, to load with `weights_only=True` please check the recommended steps in the following error message.
	WeightsUnpickler error: Unsupported global: GLOBAL numpy.core.multiarray._reconstruct was not an allowed global by default. Please use `torch.serialization.add_safe_globals([numpy.core.multiarray._reconstruct])` or the `torch.serialization.safe_globals([numpy.core.multiarray._reconstruct])` context manager to allowlist this global if you trust this class/function.

Check the documentation of torch.load to learn more about types accepted by default with weights_only https://pytorch.org/docs/stable/generated/torch.load.html.
[2026-09-13 16:46:07] Sleeping for 1800s until next check...
[2026-09-13 17:16:07] --- Periodic Check Tick (2026-09-13 17:16:07) ---
[2026-09-13 17:16:07] Evaluating Push-T latest checkpoint...
[2026-09-13 17:16:07] Error evaluating Push-T: Weights only load failed. This file can still be loaded, to do so you have two options, [1mdo those steps only if you trust the source of the checkpoint[0m. 
	(1) In PyTorch 2.6, we changed the default value of the `weights_only` argument in `torch.load` from `False` to `True`. Re-running `torch.load` with `weights_only` set to `False` will likely succeed, but it can result in arbitrary code execution. Do it only if you got the file from a trusted source.
	(2) Alternatively, to load with `weights_only=True` please check the recommended steps in the following error message.
	WeightsUnpickler error: Unsupported global: GLOBAL numpy._core.multiarray._reconstruct was not an allowed global by default. Please use `torch.serialization.add_safe_globals([numpy._core.multiarray._reconstruct])` or the `torch.serialization.safe_globals([numpy._core.multiarray._reconstruct])` context manager to allowlist this global if you trust this class/function.

Check the documentation of torch.load to learn more about types accepted by default with weights_only https://pytorch.org/docs/stable/generated/torch.load.html.
[2026-09-13 17:16:07] Evaluating RoboCasa CloseSingleDoor latest checkpoint...
[2026-09-13 17:16:07] Error evaluating RC-CloseSingleDoor: Weights only load failed. This file can still be loaded, to do so you have two options, [1mdo those steps only if you trust the source of the checkpoint[0m. 
	(1) In PyTorch 2.6, we changed the default value of the `weights_only` argument in `torch.load` from `False` to `True`. Re-running `torch.load` with `weights_only` set to `False` will likely succeed, but it can result in arbitrary code execution. Do it only if you got the file from a trusted source.
	(2) Alternatively, to load with `weights_only=True` please check the recommended steps in the following error message.
	WeightsUnpickler error: Unsupported global: GLOBAL numpy.core.multiarray._reconstruct was not an allowed global by default. Please use `torch.serialization.add_safe_globals([numpy.core.multiarray._reconstruct])` or the `torch.serialization.safe_globals([numpy.core.multiarray._reconstruct])` context manager to allowlist this global if you trust this class/function.

Check the documentation of torch.load to learn more about types accepted by default with weights_only https://pytorch.org/docs/stable/generated/torch.load.html.
[2026-09-13 17:16:07] Sleeping for 1800s until next check...
[2026-09-13 17:46:07] --- Periodic Check Tick (2026-09-13 17:46:07) ---
[2026-09-13 17:46:07] Evaluating Push-T latest checkpoint...
[2026-09-13 17:46:07] Error evaluating Push-T: Weights only load failed. This file can still be loaded, to do so you have two options, [1mdo those steps only if you trust the source of the checkpoint[0m. 
	(1) In PyTorch 2.6, we changed the default value of the `weights_only` argument in `torch.load` from `False` to `True`. Re-running `torch.load` with `weights_only` set to `False` will likely succeed, but it can result in arbitrary code execution. Do it only if you got the file from a trusted source.
	(2) Alternatively, to load with `weights_only=True` please check the recommended steps in the following error message.
	WeightsUnpickler error: Unsupported global: GLOBAL numpy._core.multiarray._reconstruct was not an allowed global by default. Please use `torch.serialization.add_safe_globals([numpy._core.multiarray._reconstruct])` or the `torch.serialization.safe_globals([numpy._core.multiarray._reconstruct])` context manager to allowlist this global if you trust this class/function.

Check the documentation of torch.load to learn more about types accepted by default with weights_only https://pytorch.org/docs/stable/generated/torch.load.html.
[2026-09-13 17:46:07] Evaluating RoboCasa CloseSingleDoor latest checkpoint...
[2026-09-13 17:46:07] Error evaluating RC-CloseSingleDoor: Weights only load failed. This file can still be loaded, to do so you have two options, [1mdo those steps only if you trust the source of the checkpoint[0m. 
	(1) In PyTorch 2.6, we changed the default value of the `weights_only` argument in `torch.load` from `False` to `True`. Re-running `torch.load` with `weights_only` set to `False` will likely succeed, but it can result in arbitrary code execution. Do it only if you got the file from a trusted source.
	(2) Alternatively, to load with `weights_only=True` please check the recommended steps in the following error message.
	WeightsUnpickler error: Unsupported global: GLOBAL numpy.core.multiarray._reconstruct was not an allowed global by default. Please use `torch.serialization.add_safe_globals([numpy.core.multiarray._reconstruct])` or the `torch.serialization.safe_globals([numpy.core.multiarray._reconstruct])` context manager to allowlist this global if you trust this class/function.

Check the documentation of torch.load to learn more about types accepted by default with weights_only https://pytorch.org/docs/stable/generated/torch.load.html.
[2026-09-13 17:46:07] Sleeping for 1800s until next check...
[2026-09-13 18:16:07] --- Periodic Check Tick (2026-09-13 18:16:07) ---
[2026-09-13 18:16:07] Evaluating Push-T latest checkpoint...
[2026-09-13 18:16:07] Error evaluating Push-T: Weights only load failed. This file can still be loaded, to do so you have two options, [1mdo those steps only if you trust the source of the checkpoint[0m. 
	(1) In PyTorch 2.6, we changed the default value of the `weights_only` argument in `torch.load` from `False` to `True`. Re-running `torch.load` with `weights_only` set to `False` will likely succeed, but it can result in arbitrary code execution. Do it only if you got the file from a trusted source.
	(2) Alternatively, to load with `weights_only=True` please check the recommended steps in the following error message.
	WeightsUnpickler error: Unsupported global: GLOBAL numpy._core.multiarray._reconstruct was not an allowed global by default. Please use `torch.serialization.add_safe_globals([numpy._core.multiarray._reconstruct])` or the `torch.serialization.safe_globals([numpy._core.multiarray._reconstruct])` context manager to allowlist this global if you trust this class/function.

Check the documentation of torch.load to learn more about types accepted by default with weights_only https://pytorch.org/docs/stable/generated/torch.load.html.
[2026-09-13 18:16:07] Evaluating RoboCasa CloseSingleDoor latest checkpoint...
[2026-09-13 18:16:07] Error evaluating RC-CloseSingleDoor: Weights only load failed. This file can still be loaded, to do so you have two options, [1mdo those steps only if you trust the source of the checkpoint[0m. 
	(1) In PyTorch 2.6, we changed the default value of the `weights_only` argument in `torch.load` from `False` to `True`. Re-running `torch.load` with `weights_only` set to `False` will likely succeed, but it can result in arbitrary code execution. Do it only if you got the file from a trusted source.
	(2) Alternatively, to load with `weights_only=True` please check the recommended steps in the following error message.
	WeightsUnpickler error: Unsupported global: GLOBAL numpy.core.multiarray._reconstruct was not an allowed global by default. Please use `torch.serialization.add_safe_globals([numpy.core.multiarray._reconstruct])` or the `torch.serialization.safe_globals([numpy.core.multiarray._reconstruct])` context manager to allowlist this global if you trust this class/function.

Check the documentation of torch.load to learn more about types accepted by default with weights_only https://pytorch.org/docs/stable/generated/torch.load.html.
[2026-09-13 18:16:07] Sleeping for 1800s until next check...
[2026-09-13 18:46:07] --- Periodic Check Tick (2026-09-13 18:46:07) ---
[2026-09-13 18:46:07] Evaluating Push-T latest checkpoint...
[2026-09-13 18:46:07] Error evaluating Push-T: Weights only load failed. This file can still be loaded, to do so you have two options, [1mdo those steps only if you trust the source of the checkpoint[0m. 
	(1) In PyTorch 2.6, we changed the default value of the `weights_only` argument in `torch.load` from `False` to `True`. Re-running `torch.load` with `weights_only` set to `False` will likely succeed, but it can result in arbitrary code execution. Do it only if you got the file from a trusted source.
	(2) Alternatively, to load with `weights_only=True` please check the recommended steps in the following error message.
	WeightsUnpickler error: Unsupported global: GLOBAL numpy._core.multiarray._reconstruct was not an allowed global by default. Please use `torch.serialization.add_safe_globals([numpy._core.multiarray._reconstruct])` or the `torch.serialization.safe_globals([numpy._core.multiarray._reconstruct])` context manager to allowlist this global if you trust this class/function.

Check the documentation of torch.load to learn more about types accepted by default with weights_only https://pytorch.org/docs/stable/generated/torch.load.html.
[2026-09-13 18:46:07] Evaluating RoboCasa CloseSingleDoor latest checkpoint...
[2026-09-13 18:46:07] Error evaluating RC-CloseSingleDoor: Weights only load failed. This file can still be loaded, to do so you have two options, [1mdo those steps only if you trust the source of the checkpoint[0m. 
	(1) In PyTorch 2.6, we changed the default value of the `weights_only` argument in `torch.load` from `False` to `True`. Re-running `torch.load` with `weights_only` set to `False` will likely succeed, but it can result in arbitrary code execution. Do it only if you got the file from a trusted source.
	(2) Alternatively, to load with `weights_only=True` please check the recommended steps in the following error message.
	WeightsUnpickler error: Unsupported global: GLOBAL numpy.core.multiarray._reconstruct was not an allowed global by default. Please use `torch.serialization.add_safe_globals([numpy.core.multiarray._reconstruct])` or the `torch.serialization.safe_globals([numpy.core.multiarray._reconstruct])` context manager to allowlist this global if you trust this class/function.

Check the documentation of torch.load to learn more about types accepted by default with weights_only https://pytorch.org/docs/stable/generated/torch.load.html.
[2026-09-13 18:46:07] Sleeping for 1800s until next check...
[2026-09-13 19:16:07] --- Periodic Check Tick (2026-09-13 19:16:07) ---
[2026-09-13 19:16:07] Evaluating Push-T latest checkpoint...
[2026-09-13 19:16:07] Error evaluating Push-T: Weights only load failed. This file can still be loaded, to do so you have two options, [1mdo those steps only if you trust the source of the checkpoint[0m. 
	(1) In PyTorch 2.6, we changed the default value of the `weights_only` argument in `torch.load` from `False` to `True`. Re-running `torch.load` with `weights_only` set to `False` will likely succeed, but it can result in arbitrary code execution. Do it only if you got the file from a trusted source.
	(2) Alternatively, to load with `weights_only=True` please check the recommended steps in the following error message.
	WeightsUnpickler error: Unsupported global: GLOBAL numpy._core.multiarray._reconstruct was not an allowed global by default. Please use `torch.serialization.add_safe_globals([numpy._core.multiarray._reconstruct])` or the `torch.serialization.safe_globals([numpy._core.multiarray._reconstruct])` context manager to allowlist this global if you trust this class/function.

Check the documentation of torch.load to learn more about types accepted by default with weights_only https://pytorch.org/docs/stable/generated/torch.load.html.
[2026-09-13 19:16:07] Evaluating RoboCasa CloseSingleDoor latest checkpoint...
[2026-09-13 19:16:07] Error evaluating RC-CloseSingleDoor: Weights only load failed. This file can still be loaded, to do so you have two options, [1mdo those steps only if you trust the source of the checkpoint[0m. 
	(1) In PyTorch 2.6, we changed the default value of the `weights_only` argument in `torch.load` from `False` to `True`. Re-running `torch.load` with `weights_only` set to `False` will likely succeed, but it can result in arbitrary code execution. Do it only if you got the file from a trusted source.
	(2) Alternatively, to load with `weights_only=True` please check the recommended steps in the following error message.
	WeightsUnpickler error: Unsupported global: GLOBAL numpy.core.multiarray._reconstruct was not an allowed global by default. Please use `torch.serialization.add_safe_globals([numpy.core.multiarray._reconstruct])` or the `torch.serialization.safe_globals([numpy.core.multiarray._reconstruct])` context manager to allowlist this global if you trust this class/function.

Check the documentation of torch.load to learn more about types accepted by default with weights_only https://pytorch.org/docs/stable/generated/torch.load.html.
[2026-09-13 19:16:07] Sleeping for 1800s until next check...
[2026-09-13 19:46:07] --- Periodic Check Tick (2026-09-13 19:46:07) ---
[2026-09-13 19:46:07] Evaluating Push-T latest checkpoint...
[2026-09-13 19:46:07] Error evaluating Push-T: Weights only load failed. This file can still be loaded, to do so you have two options, [1mdo those steps only if you trust the source of the checkpoint[0m. 
	(1) In PyTorch 2.6, we changed the default value of the `weights_only` argument in `torch.load` from `False` to `True`. Re-running `torch.load` with `weights_only` set to `False` will likely succeed, but it can result in arbitrary code execution. Do it only if you got the file from a trusted source.
	(2) Alternatively, to load with `weights_only=True` please check the recommended steps in the following error message.
	WeightsUnpickler error: Unsupported global: GLOBAL numpy._core.multiarray._reconstruct was not an allowed global by default. Please use `torch.serialization.add_safe_globals([numpy._core.multiarray._reconstruct])` or the `torch.serialization.safe_globals([numpy._core.multiarray._reconstruct])` context manager to allowlist this global if you trust this class/function.

Check the documentation of torch.load to learn more about types accepted by default with weights_only https://pytorch.org/docs/stable/generated/torch.load.html.
[2026-09-13 19:46:07] Evaluating RoboCasa CloseSingleDoor latest checkpoint...
[2026-09-13 19:46:07] Error evaluating RC-CloseSingleDoor: Weights only load failed. This file can still be loaded, to do so you have two options, [1mdo those steps only if you trust the source of the checkpoint[0m. 
	(1) In PyTorch 2.6, we changed the default value of the `weights_only` argument in `torch.load` from `False` to `True`. Re-running `torch.load` with `weights_only` set to `False` will likely succeed, but it can result in arbitrary code execution. Do it only if you got the file from a trusted source.
	(2) Alternatively, to load with `weights_only=True` please check the recommended steps in the following error message.
	WeightsUnpickler error: Unsupported global: GLOBAL numpy.core.multiarray._reconstruct was not an allowed global by default. Please use `torch.serialization.add_safe_globals([numpy.core.multiarray._reconstruct])` or the `torch.serialization.safe_globals([numpy.core.multiarray._reconstruct])` context manager to allowlist this global if you trust this class/function.

Check the documentation of torch.load to learn more about types accepted by default with weights_only https://pytorch.org/docs/stable/generated/torch.load.html.
[2026-09-13 19:46:07] Sleeping for 1800s until next check...
[2026-09-13 20:16:07] --- Periodic Check Tick (2026-09-13 20:16:07) ---
[2026-09-13 20:16:07] Evaluating Push-T latest checkpoint...
[2026-09-13 20:16:07] Error evaluating Push-T: Weights only load failed. This file can still be loaded, to do so you have two options, [1mdo those steps only if you trust the source of the checkpoint[0m. 
	(1) In PyTorch 2.6, we changed the default value of the `weights_only` argument in `torch.load` from `False` to `True`. Re-running `torch.load` with `weights_only` set to `False` will likely succeed, but it can result in arbitrary code execution. Do it only if you got the file from a trusted source.
	(2) Alternatively, to load with `weights_only=True` please check the recommended steps in the following error message.
	WeightsUnpickler error: Unsupported global: GLOBAL numpy._core.multiarray._reconstruct was not an allowed global by default. Please use `torch.serialization.add_safe_globals([numpy._core.multiarray._reconstruct])` or the `torch.serialization.safe_globals([numpy._core.multiarray._reconstruct])` context manager to allowlist this global if you trust this class/function.

Check the documentation of torch.load to learn more about types accepted by default with weights_only https://pytorch.org/docs/stable/generated/torch.load.html.
[2026-09-13 20:16:07] Evaluating RoboCasa CloseSingleDoor latest checkpoint...
[2026-09-13 20:16:07] Error evaluating RC-CloseSingleDoor: Weights only load failed. This file can still be loaded, to do so you have two options, [1mdo those steps only if you trust the source of the checkpoint[0m. 
	(1) In PyTorch 2.6, we changed the default value of the `weights_only` argument in `torch.load` from `False` to `True`. Re-running `torch.load` with `weights_only` set to `False` will likely succeed, but it can result in arbitrary code execution. Do it only if you got the file from a trusted source.
	(2) Alternatively, to load with `weights_only=True` please check the recommended steps in the following error message.
	WeightsUnpickler error: Unsupported global: GLOBAL numpy.core.multiarray._reconstruct was not an allowed global by default. Please use `torch.serialization.add_safe_globals([numpy.core.multiarray._reconstruct])` or the `torch.serialization.safe_globals([numpy.core.multiarray._reconstruct])` context manager to allowlist this global if you trust this class/function.

Check the documentation of torch.load to learn more about types accepted by default with weights_only https://pytorch.org/docs/stable/generated/torch.load.html.
[2026-09-13 20:16:07] Sleeping for 1800s until next check...
[2026-09-13 20:46:07] --- Periodic Check Tick (2026-09-13 20:46:07) ---
[2026-09-13 20:46:07] Evaluating Push-T latest checkpoint...
[2026-09-13 20:46:07] Error evaluating Push-T: Weights only load failed. This file can still be loaded, to do so you have two options, [1mdo those steps only if you trust the source of the checkpoint[0m. 
	(1) In PyTorch 2.6, we changed the default value of the `weights_only` argument in `torch.load` from `False` to `True`. Re-running `torch.load` with `weights_only` set to `False` will likely succeed, but it can result in arbitrary code execution. Do it only if you got the file from a trusted source.
	(2) Alternatively, to load with `weights_only=True` please check the recommended steps in the following error message.
	WeightsUnpickler error: Unsupported global: GLOBAL numpy._core.multiarray._reconstruct was not an allowed global by default. Please use `torch.serialization.add_safe_globals([numpy._core.multiarray._reconstruct])` or the `torch.serialization.safe_globals([numpy._core.multiarray._reconstruct])` context manager to allowlist this global if you trust this class/function.

Check the documentation of torch.load to learn more about types accepted by default with weights_only https://pytorch.org/docs/stable/generated/torch.load.html.
[2026-09-13 20:46:07] Evaluating RoboCasa CloseSingleDoor latest checkpoint...
[2026-09-13 20:46:07] Error evaluating RC-CloseSingleDoor: Weights only load failed. This file can still be loaded, to do so you have two options, [1mdo those steps only if you trust the source of the checkpoint[0m. 
	(1) In PyTorch 2.6, we changed the default value of the `weights_only` argument in `torch.load` from `False` to `True`. Re-running `torch.load` with `weights_only` set to `False` will likely succeed, but it can result in arbitrary code execution. Do it only if you got the file from a trusted source.
	(2) Alternatively, to load with `weights_only=True` please check the recommended steps in the following error message.
	WeightsUnpickler error: Unsupported global: GLOBAL numpy.core.multiarray._reconstruct was not an allowed global by default. Please use `torch.serialization.add_safe_globals([numpy.core.multiarray._reconstruct])` or the `torch.serialization.safe_globals([numpy.core.multiarray._reconstruct])` context manager to allowlist this global if you trust this class/function.

Check the documentation of torch.load to learn more about types accepted by default with weights_only https://pytorch.org/docs/stable/generated/torch.load.html.
[2026-09-13 20:46:07] Sleeping for 1800s until next check...
[2026-09-13 21:16:07] --- Periodic Check Tick (2026-09-13 21:16:07) ---
[2026-09-13 21:16:07] Evaluating Push-T latest checkpoint...
[2026-09-13 21:16:07] Error evaluating Push-T: Weights only load failed. This file can still be loaded, to do so you have two options, [1mdo those steps only if you trust the source of the checkpoint[0m. 
	(1) In PyTorch 2.6, we changed the default value of the `weights_only` argument in `torch.load` from `False` to `True`. Re-running `torch.load` with `weights_only` set to `False` will likely succeed, but it can result in arbitrary code execution. Do it only if you got the file from a trusted source.
	(2) Alternatively, to load with `weights_only=True` please check the recommended steps in the following error message.
	WeightsUnpickler error: Unsupported global: GLOBAL numpy._core.multiarray._reconstruct was not an allowed global by default. Please use `torch.serialization.add_safe_globals([numpy._core.multiarray._reconstruct])` or the `torch.serialization.safe_globals([numpy._core.multiarray._reconstruct])` context manager to allowlist this global if you trust this class/function.

Check the documentation of torch.load to learn more about types accepted by default with weights_only https://pytorch.org/docs/stable/generated/torch.load.html.
[2026-09-13 21:16:07] Evaluating RoboCasa CloseSingleDoor latest checkpoint...
[2026-09-13 21:16:07] Error evaluating RC-CloseSingleDoor: Weights only load failed. This file can still be loaded, to do so you have two options, [1mdo those steps only if you trust the source of the checkpoint[0m. 
	(1) In PyTorch 2.6, we changed the default value of the `weights_only` argument in `torch.load` from `False` to `True`. Re-running `torch.load` with `weights_only` set to `False` will likely succeed, but it can result in arbitrary code execution. Do it only if you got the file from a trusted source.
	(2) Alternatively, to load with `weights_only=True` please check the recommended steps in the following error message.
	WeightsUnpickler error: Unsupported global: GLOBAL numpy.core.multiarray._reconstruct was not an allowed global by default. Please use `torch.serialization.add_safe_globals([numpy.core.multiarray._reconstruct])` or the `torch.serialization.safe_globals([numpy.core.multiarray._reconstruct])` context manager to allowlist this global if you trust this class/function.

Check the documentation of torch.load to learn more about types accepted by default with weights_only https://pytorch.org/docs/stable/generated/torch.load.html.
[2026-09-13 21:16:07] Sleeping for 1800s until next check...
[2026-09-13 21:46:07] --- Periodic Check Tick (2026-09-13 21:46:07) ---
[2026-09-13 21:46:07] Evaluating Push-T latest checkpoint...
[2026-09-13 21:46:07] Error evaluating Push-T: Weights only load failed. This file can still be loaded, to do so you have two options, [1mdo those steps only if you trust the source of the checkpoint[0m. 
	(1) In PyTorch 2.6, we changed the default value of the `weights_only` argument in `torch.load` from `False` to `True`. Re-running `torch.load` with `weights_only` set to `False` will likely succeed, but it can result in arbitrary code execution. Do it only if you got the file from a trusted source.
	(2) Alternatively, to load with `weights_only=True` please check the recommended steps in the following error message.
	WeightsUnpickler error: Unsupported global: GLOBAL numpy._core.multiarray._reconstruct was not an allowed global by default. Please use `torch.serialization.add_safe_globals([numpy._core.multiarray._reconstruct])` or the `torch.serialization.safe_globals([numpy._core.multiarray._reconstruct])` context manager to allowlist this global if you trust this class/function.

Check the documentation of torch.load to learn more about types accepted by default with weights_only https://pytorch.org/docs/stable/generated/torch.load.html.
[2026-09-13 21:46:07] Evaluating RoboCasa CloseSingleDoor latest checkpoint...
[2026-09-13 21:46:07] Error evaluating RC-CloseSingleDoor: Weights only load failed. This file can still be loaded, to do so you have two options, [1mdo those steps only if you trust the source of the checkpoint[0m. 
	(1) In PyTorch 2.6, we changed the default value of the `weights_only` argument in `torch.load` from `False` to `True`. Re-running `torch.load` with `weights_only` set to `False` will likely succeed, but it can result in arbitrary code execution. Do it only if you got the file from a trusted source.
	(2) Alternatively, to load with `weights_only=True` please check the recommended steps in the following error message.
	WeightsUnpickler error: Unsupported global: GLOBAL numpy.core.multiarray._reconstruct was not an allowed global by default. Please use `torch.serialization.add_safe_globals([numpy.core.multiarray._reconstruct])` or the `torch.serialization.safe_globals([numpy.core.multiarray._reconstruct])` context manager to allowlist this global if you trust this class/function.

Check the documentation of torch.load to learn more about types accepted by default with weights_only https://pytorch.org/docs/stable/generated/torch.load.html.
[2026-09-13 21:46:07] Sleeping for 1800s until next check...
[2026-09-13 22:16:07] --- Periodic Check Tick (2026-09-13 22:16:07) ---
[2026-09-13 22:16:07] Evaluating Push-T latest checkpoint...
[2026-09-13 22:16:07] Error evaluating Push-T: Weights only load failed. This file can still be loaded, to do so you have two options, [1mdo those steps only if you trust the source of the checkpoint[0m. 
	(1) In PyTorch 2.6, we changed the default value of the `weights_only` argument in `torch.load` from `False` to `True`. Re-running `torch.load` with `weights_only` set to `False` will likely succeed, but it can result in arbitrary code execution. Do it only if you got the file from a trusted source.
	(2) Alternatively, to load with `weights_only=True` please check the recommended steps in the following error message.
	WeightsUnpickler error: Unsupported global: GLOBAL numpy._core.multiarray._reconstruct was not an allowed global by default. Please use `torch.serialization.add_safe_globals([numpy._core.multiarray._reconstruct])` or the `torch.serialization.safe_globals([numpy._core.multiarray._reconstruct])` context manager to allowlist this global if you trust this class/function.

Check the documentation of torch.load to learn more about types accepted by default with weights_only https://pytorch.org/docs/stable/generated/torch.load.html.
[2026-09-13 22:16:07] Evaluating RoboCasa CloseSingleDoor latest checkpoint...
[2026-09-13 22:16:07] Error evaluating RC-CloseSingleDoor: Weights only load failed. This file can still be loaded, to do so you have two options, [1mdo those steps only if you trust the source of the checkpoint[0m. 
	(1) In PyTorch 2.6, we changed the default value of the `weights_only` argument in `torch.load` from `False` to `True`. Re-running `torch.load` with `weights_only` set to `False` will likely succeed, but it can result in arbitrary code execution. Do it only if you got the file from a trusted source.
	(2) Alternatively, to load with `weights_only=True` please check the recommended steps in the following error message.
	WeightsUnpickler error: Unsupported global: GLOBAL numpy.core.multiarray._reconstruct was not an allowed global by default. Please use `torch.serialization.add_safe_globals([numpy.core.multiarray._reconstruct])` or the `torch.serialization.safe_globals([numpy.core.multiarray._reconstruct])` context manager to allowlist this global if you trust this class/function.

Check the documentation of torch.load to learn more about types accepted by default with weights_only https://pytorch.org/docs/stable/generated/torch.load.html.
[2026-09-13 22:16:07] Sleeping for 1800s until next check...
[2026-09-13 22:46:07] --- Periodic Check Tick (2026-09-13 22:46:07) ---
[2026-09-13 22:46:07] Evaluating Push-T latest checkpoint...
[2026-09-13 22:46:07] Error evaluating Push-T: Weights only load failed. This file can still be loaded, to do so you have two options, [1mdo those steps only if you trust the source of the checkpoint[0m. 
	(1) In PyTorch 2.6, we changed the default value of the `weights_only` argument in `torch.load` from `False` to `True`. Re-running `torch.load` with `weights_only` set to `False` will likely succeed, but it can result in arbitrary code execution. Do it only if you got the file from a trusted source.
	(2) Alternatively, to load with `weights_only=True` please check the recommended steps in the following error message.
	WeightsUnpickler error: Unsupported global: GLOBAL numpy._core.multiarray._reconstruct was not an allowed global by default. Please use `torch.serialization.add_safe_globals([numpy._core.multiarray._reconstruct])` or the `torch.serialization.safe_globals([numpy._core.multiarray._reconstruct])` context manager to allowlist this global if you trust this class/function.

Check the documentation of torch.load to learn more about types accepted by default with weights_only https://pytorch.org/docs/stable/generated/torch.load.html.
[2026-09-13 22:46:07] Evaluating RoboCasa CloseSingleDoor latest checkpoint...
[2026-09-13 22:46:07] Error evaluating RC-CloseSingleDoor: Weights only load failed. This file can still be loaded, to do so you have two options, [1mdo those steps only if you trust the source of the checkpoint[0m. 
	(1) In PyTorch 2.6, we changed the default value of the `weights_only` argument in `torch.load` from `False` to `True`. Re-running `torch.load` with `weights_only` set to `False` will likely succeed, but it can result in arbitrary code execution. Do it only if you got the file from a trusted source.
	(2) Alternatively, to load with `weights_only=True` please check the recommended steps in the following error message.
	WeightsUnpickler error: Unsupported global: GLOBAL numpy.core.multiarray._reconstruct was not an allowed global by default. Please use `torch.serialization.add_safe_globals([numpy.core.multiarray._reconstruct])` or the `torch.serialization.safe_globals([numpy.core.multiarray._reconstruct])` context manager to allowlist this global if you trust this class/function.

Check the documentation of torch.load to learn more about types accepted by default with weights_only https://pytorch.org/docs/stable/generated/torch.load.html.
[2026-09-13 22:46:07] Sleeping for 1800s until next check...
[2026-09-13 23:16:07] --- Periodic Check Tick (2026-09-13 23:16:07) ---
[2026-09-13 23:16:07] Evaluating Push-T latest checkpoint...
[2026-09-13 23:16:07] Error evaluating Push-T: Weights only load failed. This file can still be loaded, to do so you have two options, [1mdo those steps only if you trust the source of the checkpoint[0m. 
	(1) In PyTorch 2.6, we changed the default value of the `weights_only` argument in `torch.load` from `False` to `True`. Re-running `torch.load` with `weights_only` set to `False` will likely succeed, but it can result in arbitrary code execution. Do it only if you got the file from a trusted source.
	(2) Alternatively, to load with `weights_only=True` please check the recommended steps in the following error message.
	WeightsUnpickler error: Unsupported global: GLOBAL numpy._core.multiarray._reconstruct was not an allowed global by default. Please use `torch.serialization.add_safe_globals([numpy._core.multiarray._reconstruct])` or the `torch.serialization.safe_globals([numpy._core.multiarray._reconstruct])` context manager to allowlist this global if you trust this class/function.

Check the documentation of torch.load to learn more about types accepted by default with weights_only https://pytorch.org/docs/stable/generated/torch.load.html.
[2026-09-13 23:16:07] Evaluating RoboCasa CloseSingleDoor latest checkpoint...
[2026-09-13 23:16:07] Error evaluating RC-CloseSingleDoor: Weights only load failed. This file can still be loaded, to do so you have two options, [1mdo those steps only if you trust the source of the checkpoint[0m. 
	(1) In PyTorch 2.6, we changed the default value of the `weights_only` argument in `torch.load` from `False` to `True`. Re-running `torch.load` with `weights_only` set to `False` will likely succeed, but it can result in arbitrary code execution. Do it only if you got the file from a trusted source.
	(2) Alternatively, to load with `weights_only=True` please check the recommended steps in the following error message.
	WeightsUnpickler error: Unsupported global: GLOBAL numpy.core.multiarray._reconstruct was not an allowed global by default. Please use `torch.serialization.add_safe_globals([numpy.core.multiarray._reconstruct])` or the `torch.serialization.safe_globals([numpy.core.multiarray._reconstruct])` context manager to allowlist this global if you trust this class/function.

Check the documentation of torch.load to learn more about types accepted by default with weights_only https://pytorch.org/docs/stable/generated/torch.load.html.
[2026-09-13 23:16:07] Sleeping for 1800s until next check...
[2026-09-13 23:46:07] --- Periodic Check Tick (2026-09-13 23:46:07) ---
[2026-09-13 23:46:07] Evaluating Push-T latest checkpoint...
[2026-09-13 23:46:07] Error evaluating Push-T: Weights only load failed. This file can still be loaded, to do so you have two options, [1mdo those steps only if you trust the source of the checkpoint[0m. 
	(1) In PyTorch 2.6, we changed the default value of the `weights_only` argument in `torch.load` from `False` to `True`. Re-running `torch.load` with `weights_only` set to `False` will likely succeed, but it can result in arbitrary code execution. Do it only if you got the file from a trusted source.
	(2) Alternatively, to load with `weights_only=True` please check the recommended steps in the following error message.
	WeightsUnpickler error: Unsupported global: GLOBAL numpy._core.multiarray._reconstruct was not an allowed global by default. Please use `torch.serialization.add_safe_globals([numpy._core.multiarray._reconstruct])` or the `torch.serialization.safe_globals([numpy._core.multiarray._reconstruct])` context manager to allowlist this global if you trust this class/function.

Check the documentation of torch.load to learn more about types accepted by default with weights_only https://pytorch.org/docs/stable/generated/torch.load.html.
[2026-09-13 23:46:07] Evaluating RoboCasa CloseSingleDoor latest checkpoint...
[2026-09-13 23:46:07] Error evaluating RC-CloseSingleDoor: Weights only load failed. This file can still be loaded, to do so you have two options, [1mdo those steps only if you trust the source of the checkpoint[0m. 
	(1) In PyTorch 2.6, we changed the default value of the `weights_only` argument in `torch.load` from `False` to `True`. Re-running `torch.load` with `weights_only` set to `False` will likely succeed, but it can result in arbitrary code execution. Do it only if you got the file from a trusted source.
	(2) Alternatively, to load with `weights_only=True` please check the recommended steps in the following error message.
	WeightsUnpickler error: Unsupported global: GLOBAL numpy.core.multiarray._reconstruct was not an allowed global by default. Please use `torch.serialization.add_safe_globals([numpy.core.multiarray._reconstruct])` or the `torch.serialization.safe_globals([numpy.core.multiarray._reconstruct])` context manager to allowlist this global if you trust this class/function.

Check the documentation of torch.load to learn more about types accepted by default with weights_only https://pytorch.org/docs/stable/generated/torch.load.html.
[2026-09-13 23:46:07] Sleeping for 1800s until next check...
[2026-09-14 00:16:07] --- Periodic Check Tick (2026-09-14 00:16:07) ---
[2026-09-14 00:16:07] Evaluating Push-T latest checkpoint...
[2026-09-14 00:16:07] Error evaluating Push-T: Weights only load failed. This file can still be loaded, to do so you have two options, [1mdo those steps only if you trust the source of the checkpoint[0m. 
	(1) In PyTorch 2.6, we changed the default value of the `weights_only` argument in `torch.load` from `False` to `True`. Re-running `torch.load` with `weights_only` set to `False` will likely succeed, but it can result in arbitrary code execution. Do it only if you got the file from a trusted source.
	(2) Alternatively, to load with `weights_only=True` please check the recommended steps in the following error message.
	WeightsUnpickler error: Unsupported global: GLOBAL numpy._core.multiarray._reconstruct was not an allowed global by default. Please use `torch.serialization.add_safe_globals([numpy._core.multiarray._reconstruct])` or the `torch.serialization.safe_globals([numpy._core.multiarray._reconstruct])` context manager to allowlist this global if you trust this class/function.

Check the documentation of torch.load to learn more about types accepted by default with weights_only https://pytorch.org/docs/stable/generated/torch.load.html.
[2026-09-14 00:16:07] Evaluating RoboCasa CloseSingleDoor latest checkpoint...
[2026-09-14 00:16:07] Error evaluating RC-CloseSingleDoor: Weights only load failed. This file can still be loaded, to do so you have two options, [1mdo those steps only if you trust the source of the checkpoint[0m. 
	(1) In PyTorch 2.6, we changed the default value of the `weights_only` argument in `torch.load` from `False` to `True`. Re-running `torch.load` with `weights_only` set to `False` will likely succeed, but it can result in arbitrary code execution. Do it only if you got the file from a trusted source.
	(2) Alternatively, to load with `weights_only=True` please check the recommended steps in the following error message.
	WeightsUnpickler error: Unsupported global: GLOBAL numpy.core.multiarray._reconstruct was not an allowed global by default. Please use `torch.serialization.add_safe_globals([numpy.core.multiarray._reconstruct])` or the `torch.serialization.safe_globals([numpy.core.multiarray._reconstruct])` context manager to allowlist this global if you trust this class/function.

Check the documentation of torch.load to learn more about types accepted by default with weights_only https://pytorch.org/docs/stable/generated/torch.load.html.
[2026-09-14 00:16:07] Sleeping for 1800s until next check...
[2026-09-14 00:46:07] --- Periodic Check Tick (2026-09-14 00:46:07) ---
[2026-09-14 00:46:07] Evaluating Push-T latest checkpoint...
[2026-09-14 00:46:07] Error evaluating Push-T: Weights only load failed. This file can still be loaded, to do so you have two options, [1mdo those steps only if you trust the source of the checkpoint[0m. 
	(1) In PyTorch 2.6, we changed the default value of the `weights_only` argument in `torch.load` from `False` to `True`. Re-running `torch.load` with `weights_only` set to `False` will likely succeed, but it can result in arbitrary code execution. Do it only if you got the file from a trusted source.
	(2) Alternatively, to load with `weights_only=True` please check the recommended steps in the following error message.
	WeightsUnpickler error: Unsupported global: GLOBAL numpy._core.multiarray._reconstruct was not an allowed global by default. Please use `torch.serialization.add_safe_globals([numpy._core.multiarray._reconstruct])` or the `torch.serialization.safe_globals([numpy._core.multiarray._reconstruct])` context manager to allowlist this global if you trust this class/function.

Check the documentation of torch.load to learn more about types accepted by default with weights_only https://pytorch.org/docs/stable/generated/torch.load.html.
[2026-09-14 00:46:07] Evaluating RoboCasa CloseSingleDoor latest checkpoint...
[2026-09-14 00:46:07] Error evaluating RC-CloseSingleDoor: Weights only load failed. This file can still be loaded, to do so you have two options, [1mdo those steps only if you trust the source of the checkpoint[0m. 
	(1) In PyTorch 2.6, we changed the default value of the `weights_only` argument in `torch.load` from `False` to `True`. Re-running `torch.load` with `weights_only` set to `False` will likely succeed, but it can result in arbitrary code execution. Do it only if you got the file from a trusted source.
	(2) Alternatively, to load with `weights_only=True` please check the recommended steps in the following error message.
	WeightsUnpickler error: Unsupported global: GLOBAL numpy.core.multiarray._reconstruct was not an allowed global by default. Please use `torch.serialization.add_safe_globals([numpy.core.multiarray._reconstruct])` or the `torch.serialization.safe_globals([numpy.core.multiarray._reconstruct])` context manager to allowlist this global if you trust this class/function.

Check the documentation of torch.load to learn more about types accepted by default with weights_only https://pytorch.org/docs/stable/generated/torch.load.html.
[2026-09-14 00:46:07] Sleeping for 1800s until next check...
[2026-09-14 01:16:07] --- Periodic Check Tick (2026-09-14 01:16:07) ---
[2026-09-14 01:16:07] Evaluating Push-T latest checkpoint...
[2026-09-14 01:16:07] Error evaluating Push-T: Weights only load failed. This file can still be loaded, to do so you have two options, [1mdo those steps only if you trust the source of the checkpoint[0m. 
	(1) In PyTorch 2.6, we changed the default value of the `weights_only` argument in `torch.load` from `False` to `True`. Re-running `torch.load` with `weights_only` set to `False` will likely succeed, but it can result in arbitrary code execution. Do it only if you got the file from a trusted source.
	(2) Alternatively, to load with `weights_only=True` please check the recommended steps in the following error message.
	WeightsUnpickler error: Unsupported global: GLOBAL numpy._core.multiarray._reconstruct was not an allowed global by default. Please use `torch.serialization.add_safe_globals([numpy._core.multiarray._reconstruct])` or the `torch.serialization.safe_globals([numpy._core.multiarray._reconstruct])` context manager to allowlist this global if you trust this class/function.

Check the documentation of torch.load to learn more about types accepted by default with weights_only https://pytorch.org/docs/stable/generated/torch.load.html.
[2026-09-14 01:16:07] Evaluating RoboCasa CloseSingleDoor latest checkpoint...
[2026-09-14 01:16:07] Error evaluating RC-CloseSingleDoor: Weights only load failed. This file can still be loaded, to do so you have two options, [1mdo those steps only if you trust the source of the checkpoint[0m. 
	(1) In PyTorch 2.6, we changed the default value of the `weights_only` argument in `torch.load` from `False` to `True`. Re-running `torch.load` with `weights_only` set to `False` will likely succeed, but it can result in arbitrary code execution. Do it only if you got the file from a trusted source.
	(2) Alternatively, to load with `weights_only=True` please check the recommended steps in the following error message.
	WeightsUnpickler error: Unsupported global: GLOBAL numpy.core.multiarray._reconstruct was not an allowed global by default. Please use `torch.serialization.add_safe_globals([numpy.core.multiarray._reconstruct])` or the `torch.serialization.safe_globals([numpy.core.multiarray._reconstruct])` context manager to allowlist this global if you trust this class/function.

Check the documentation of torch.load to learn more about types accepted by default with weights_only https://pytorch.org/docs/stable/generated/torch.load.html.
[2026-09-14 01:16:07] Sleeping for 1800s until next check...
[2026-09-14 01:46:07] --- Periodic Check Tick (2026-09-14 01:46:07) ---
[2026-09-14 01:46:07] Evaluating Push-T latest checkpoint...
[2026-09-14 01:46:07] Error evaluating Push-T: Weights only load failed. This file can still be loaded, to do so you have two options, [1mdo those steps only if you trust the source of the checkpoint[0m. 
	(1) In PyTorch 2.6, we changed the default value of the `weights_only` argument in `torch.load` from `False` to `True`. Re-running `torch.load` with `weights_only` set to `False` will likely succeed, but it can result in arbitrary code execution. Do it only if you got the file from a trusted source.
	(2) Alternatively, to load with `weights_only=True` please check the recommended steps in the following error message.
	WeightsUnpickler error: Unsupported global: GLOBAL numpy._core.multiarray._reconstruct was not an allowed global by default. Please use `torch.serialization.add_safe_globals([numpy._core.multiarray._reconstruct])` or the `torch.serialization.safe_globals([numpy._core.multiarray._reconstruct])` context manager to allowlist this global if you trust this class/function.

Check the documentation of torch.load to learn more about types accepted by default with weights_only https://pytorch.org/docs/stable/generated/torch.load.html.
[2026-09-14 01:46:07] Evaluating RoboCasa CloseSingleDoor latest checkpoint...
[2026-09-14 01:46:07] Error evaluating RC-CloseSingleDoor: Weights only load failed. This file can still be loaded, to do so you have two options, [1mdo those steps only if you trust the source of the checkpoint[0m. 
	(1) In PyTorch 2.6, we changed the default value of the `weights_only` argument in `torch.load` from `False` to `True`. Re-running `torch.load` with `weights_only` set to `False` will likely succeed, but it can result in arbitrary code execution. Do it only if you got the file from a trusted source.
	(2) Alternatively, to load with `weights_only=True` please check the recommended steps in the following error message.
	WeightsUnpickler error: Unsupported global: GLOBAL numpy.core.multiarray._reconstruct was not an allowed global by default. Please use `torch.serialization.add_safe_globals([numpy.core.multiarray._reconstruct])` or the `torch.serialization.safe_globals([numpy.core.multiarray._reconstruct])` context manager to allowlist this global if you trust this class/function.

Check the documentation of torch.load to learn more about types accepted by default with weights_only https://pytorch.org/docs/stable/generated/torch.load.html.
[2026-09-14 01:46:07] Sleeping for 1800s until next check...
[2026-09-14 02:16:07] --- Periodic Check Tick (2026-09-14 02:16:07) ---
[2026-09-14 02:16:07] Evaluating Push-T latest checkpoint...
[2026-09-14 02:16:07] Error evaluating Push-T: Weights only load failed. This file can still be loaded, to do so you have two options, [1mdo those steps only if you trust the source of the checkpoint[0m. 
	(1) In PyTorch 2.6, we changed the default value of the `weights_only` argument in `torch.load` from `False` to `True`. Re-running `torch.load` with `weights_only` set to `False` will likely succeed, but it can result in arbitrary code execution. Do it only if you got the file from a trusted source.
	(2) Alternatively, to load with `weights_only=True` please check the recommended steps in the following error message.
	WeightsUnpickler error: Unsupported global: GLOBAL numpy._core.multiarray._reconstruct was not an allowed global by default. Please use `torch.serialization.add_safe_globals([numpy._core.multiarray._reconstruct])` or the `torch.serialization.safe_globals([numpy._core.multiarray._reconstruct])` context manager to allowlist this global if you trust this class/function.

Check the documentation of torch.load to learn more about types accepted by default with weights_only https://pytorch.org/docs/stable/generated/torch.load.html.
[2026-09-14 02:16:07] Evaluating RoboCasa CloseSingleDoor latest checkpoint...
[2026-09-14 02:16:07] Error evaluating RC-CloseSingleDoor: Weights only load failed. This file can still be loaded, to do so you have two options, [1mdo those steps only if you trust the source of the checkpoint[0m. 
	(1) In PyTorch 2.6, we changed the default value of the `weights_only` argument in `torch.load` from `False` to `True`. Re-running `torch.load` with `weights_only` set to `False` will likely succeed, but it can result in arbitrary code execution. Do it only if you got the file from a trusted source.
	(2) Alternatively, to load with `weights_only=True` please check the recommended steps in the following error message.
	WeightsUnpickler error: Unsupported global: GLOBAL numpy.core.multiarray._reconstruct was not an allowed global by default. Please use `torch.serialization.add_safe_globals([numpy.core.multiarray._reconstruct])` or the `torch.serialization.safe_globals([numpy.core.multiarray._reconstruct])` context manager to allowlist this global if you trust this class/function.

Check the documentation of torch.load to learn more about types accepted by default with weights_only https://pytorch.org/docs/stable/generated/torch.load.html.
[2026-09-14 02:16:07] Sleeping for 1800s until next check...
[2026-09-14 02:46:07] --- Periodic Check Tick (2026-09-14 02:46:07) ---
[2026-09-14 02:46:07] Evaluating Push-T latest checkpoint...
[2026-09-14 02:46:07] Error evaluating Push-T: Weights only load failed. This file can still be loaded, to do so you have two options, [1mdo those steps only if you trust the source of the checkpoint[0m. 
	(1) In PyTorch 2.6, we changed the default value of the `weights_only` argument in `torch.load` from `False` to `True`. Re-running `torch.load` with `weights_only` set to `False` will likely succeed, but it can result in arbitrary code execution. Do it only if you got the file from a trusted source.
	(2) Alternatively, to load with `weights_only=True` please check the recommended steps in the following error message.
	WeightsUnpickler error: Unsupported global: GLOBAL numpy._core.multiarray._reconstruct was not an allowed global by default. Please use `torch.serialization.add_safe_globals([numpy._core.multiarray._reconstruct])` or the `torch.serialization.safe_globals([numpy._core.multiarray._reconstruct])` context manager to allowlist this global if you trust this class/function.

Check the documentation of torch.load to learn more about types accepted by default with weights_only https://pytorch.org/docs/stable/generated/torch.load.html.
[2026-09-14 02:46:07] Evaluating RoboCasa CloseSingleDoor latest checkpoint...
[2026-09-14 02:46:07] Error evaluating RC-CloseSingleDoor: Weights only load failed. This file can still be loaded, to do so you have two options, [1mdo those steps only if you trust the source of the checkpoint[0m. 
	(1) In PyTorch 2.6, we changed the default value of the `weights_only` argument in `torch.load` from `False` to `True`. Re-running `torch.load` with `weights_only` set to `False` will likely succeed, but it can result in arbitrary code execution. Do it only if you got the file from a trusted source.
	(2) Alternatively, to load with `weights_only=True` please check the recommended steps in the following error message.
	WeightsUnpickler error: Unsupported global: GLOBAL numpy.core.multiarray._reconstruct was not an allowed global by default. Please use `torch.serialization.add_safe_globals([numpy.core.multiarray._reconstruct])` or the `torch.serialization.safe_globals([numpy.core.multiarray._reconstruct])` context manager to allowlist this global if you trust this class/function.

Check the documentation of torch.load to learn more about types accepted by default with weights_only https://pytorch.org/docs/stable/generated/torch.load.html.
[2026-09-14 02:46:07] Sleeping for 1800s until next check...
[2026-09-14 03:16:07] --- Periodic Check Tick (2026-09-14 03:16:07) ---
[2026-09-14 03:16:07] Evaluating Push-T latest checkpoint...
[2026-09-14 03:16:07] Error evaluating Push-T: Weights only load failed. This file can still be loaded, to do so you have two options, [1mdo those steps only if you trust the source of the checkpoint[0m. 
	(1) In PyTorch 2.6, we changed the default value of the `weights_only` argument in `torch.load` from `False` to `True`. Re-running `torch.load` with `weights_only` set to `False` will likely succeed, but it can result in arbitrary code execution. Do it only if you got the file from a trusted source.
	(2) Alternatively, to load with `weights_only=True` please check the recommended steps in the following error message.
	WeightsUnpickler error: Unsupported global: GLOBAL numpy._core.multiarray._reconstruct was not an allowed global by default. Please use `torch.serialization.add_safe_globals([numpy._core.multiarray._reconstruct])` or the `torch.serialization.safe_globals([numpy._core.multiarray._reconstruct])` context manager to allowlist this global if you trust this class/function.

Check the documentation of torch.load to learn more about types accepted by default with weights_only https://pytorch.org/docs/stable/generated/torch.load.html.
[2026-09-14 03:16:07] Evaluating RoboCasa CloseSingleDoor latest checkpoint...
[2026-09-14 03:16:07] Error evaluating RC-CloseSingleDoor: Weights only load failed. This file can still be loaded, to do so you have two options, [1mdo those steps only if you trust the source of the checkpoint[0m. 
	(1) In PyTorch 2.6, we changed the default value of the `weights_only` argument in `torch.load` from `False` to `True`. Re-running `torch.load` with `weights_only` set to `False` will likely succeed, but it can result in arbitrary code execution. Do it only if you got the file from a trusted source.
	(2) Alternatively, to load with `weights_only=True` please check the recommended steps in the following error message.
	WeightsUnpickler error: Unsupported global: GLOBAL numpy.core.multiarray._reconstruct was not an allowed global by default. Please use `torch.serialization.add_safe_globals([numpy.core.multiarray._reconstruct])` or the `torch.serialization.safe_globals([numpy.core.multiarray._reconstruct])` context manager to allowlist this global if you trust this class/function.

Check the documentation of torch.load to learn more about types accepted by default with weights_only https://pytorch.org/docs/stable/generated/torch.load.html.
[2026-09-14 03:16:07] Sleeping for 1800s until next check...
[2026-09-14 03:46:07] --- Periodic Check Tick (2026-09-14 03:46:07) ---
[2026-09-14 03:46:07] Evaluating Push-T latest checkpoint...
[2026-09-14 03:46:07] Error evaluating Push-T: Weights only load failed. This file can still be loaded, to do so you have two options, [1mdo those steps only if you trust the source of the checkpoint[0m. 
	(1) In PyTorch 2.6, we changed the default value of the `weights_only` argument in `torch.load` from `False` to `True`. Re-running `torch.load` with `weights_only` set to `False` will likely succeed, but it can result in arbitrary code execution. Do it only if you got the file from a trusted source.
	(2) Alternatively, to load with `weights_only=True` please check the recommended steps in the following error message.
	WeightsUnpickler error: Unsupported global: GLOBAL numpy._core.multiarray._reconstruct was not an allowed global by default. Please use `torch.serialization.add_safe_globals([numpy._core.multiarray._reconstruct])` or the `torch.serialization.safe_globals([numpy._core.multiarray._reconstruct])` context manager to allowlist this global if you trust this class/function.

Check the documentation of torch.load to learn more about types accepted by default with weights_only https://pytorch.org/docs/stable/generated/torch.load.html.
[2026-09-14 03:46:07] Evaluating RoboCasa CloseSingleDoor latest checkpoint...
[2026-09-14 03:46:07] Error evaluating RC-CloseSingleDoor: Weights only load failed. This file can still be loaded, to do so you have two options, [1mdo those steps only if you trust the source of the checkpoint[0m. 
	(1) In PyTorch 2.6, we changed the default value of the `weights_only` argument in `torch.load` from `False` to `True`. Re-running `torch.load` with `weights_only` set to `False` will likely succeed, but it can result in arbitrary code execution. Do it only if you got the file from a trusted source.
	(2) Alternatively, to load with `weights_only=True` please check the recommended steps in the following error message.
	WeightsUnpickler error: Unsupported global: GLOBAL numpy.core.multiarray._reconstruct was not an allowed global by default. Please use `torch.serialization.add_safe_globals([numpy.core.multiarray._reconstruct])` or the `torch.serialization.safe_globals([numpy.core.multiarray._reconstruct])` context manager to allowlist this global if you trust this class/function.

Check the documentation of torch.load to learn more about types accepted by default with weights_only https://pytorch.org/docs/stable/generated/torch.load.html.
[2026-09-14 03:46:07] Sleeping for 1800s until next check...
[2026-09-14 04:16:07] --- Periodic Check Tick (2026-09-14 04:16:07) ---
[2026-09-14 04:16:07] Evaluating Push-T latest checkpoint...
[2026-09-14 04:16:07] Error evaluating Push-T: Weights only load failed. This file can still be loaded, to do so you have two options, [1mdo those steps only if you trust the source of the checkpoint[0m. 
	(1) In PyTorch 2.6, we changed the default value of the `weights_only` argument in `torch.load` from `False` to `True`. Re-running `torch.load` with `weights_only` set to `False` will likely succeed, but it can result in arbitrary code execution. Do it only if you got the file from a trusted source.
	(2) Alternatively, to load with `weights_only=True` please check the recommended steps in the following error message.
	WeightsUnpickler error: Unsupported global: GLOBAL numpy._core.multiarray._reconstruct was not an allowed global by default. Please use `torch.serialization.add_safe_globals([numpy._core.multiarray._reconstruct])` or the `torch.serialization.safe_globals([numpy._core.multiarray._reconstruct])` context manager to allowlist this global if you trust this class/function.

Check the documentation of torch.load to learn more about types accepted by default with weights_only https://pytorch.org/docs/stable/generated/torch.load.html.
[2026-09-14 04:16:07] Evaluating RoboCasa CloseSingleDoor latest checkpoint...
[2026-09-14 04:16:07] Error evaluating RC-CloseSingleDoor: Weights only load failed. This file can still be loaded, to do so you have two options, [1mdo those steps only if you trust the source of the checkpoint[0m. 
	(1) In PyTorch 2.6, we changed the default value of the `weights_only` argument in `torch.load` from `False` to `True`. Re-running `torch.load` with `weights_only` set to `False` will likely succeed, but it can result in arbitrary code execution. Do it only if you got the file from a trusted source.
	(2) Alternatively, to load with `weights_only=True` please check the recommended steps in the following error message.
	WeightsUnpickler error: Unsupported global: GLOBAL numpy.core.multiarray._reconstruct was not an allowed global by default. Please use `torch.serialization.add_safe_globals([numpy.core.multiarray._reconstruct])` or the `torch.serialization.safe_globals([numpy.core.multiarray._reconstruct])` context manager to allowlist this global if you trust this class/function.

Check the documentation of torch.load to learn more about types accepted by default with weights_only https://pytorch.org/docs/stable/generated/torch.load.html.
[2026-09-14 04:16:07] Sleeping for 1800s until next check...
[2026-09-14 04:46:07] --- Periodic Check Tick (2026-09-14 04:46:07) ---
[2026-09-14 04:46:07] Evaluating Push-T latest checkpoint...
[2026-09-14 04:46:07] Error evaluating Push-T: Weights only load failed. This file can still be loaded, to do so you have two options, [1mdo those steps only if you trust the source of the checkpoint[0m. 
	(1) In PyTorch 2.6, we changed the default value of the `weights_only` argument in `torch.load` from `False` to `True`. Re-running `torch.load` with `weights_only` set to `False` will likely succeed, but it can result in arbitrary code execution. Do it only if you got the file from a trusted source.
	(2) Alternatively, to load with `weights_only=True` please check the recommended steps in the following error message.
	WeightsUnpickler error: Unsupported global: GLOBAL numpy._core.multiarray._reconstruct was not an allowed global by default. Please use `torch.serialization.add_safe_globals([numpy._core.multiarray._reconstruct])` or the `torch.serialization.safe_globals([numpy._core.multiarray._reconstruct])` context manager to allowlist this global if you trust this class/function.

Check the documentation of torch.load to learn more about types accepted by default with weights_only https://pytorch.org/docs/stable/generated/torch.load.html.
[2026-09-14 04:46:07] Evaluating RoboCasa CloseSingleDoor latest checkpoint...
[2026-09-14 04:46:07] Error evaluating RC-CloseSingleDoor: Weights only load failed. This file can still be loaded, to do so you have two options, [1mdo those steps only if you trust the source of the checkpoint[0m. 
	(1) In PyTorch 2.6, we changed the default value of the `weights_only` argument in `torch.load` from `False` to `True`. Re-running `torch.load` with `weights_only` set to `False` will likely succeed, but it can result in arbitrary code execution. Do it only if you got the file from a trusted source.
	(2) Alternatively, to load with `weights_only=True` please check the recommended steps in the following error message.
	WeightsUnpickler error: Unsupported global: GLOBAL numpy.core.multiarray._reconstruct was not an allowed global by default. Please use `torch.serialization.add_safe_globals([numpy.core.multiarray._reconstruct])` or the `torch.serialization.safe_globals([numpy.core.multiarray._reconstruct])` context manager to allowlist this global if you trust this class/function.

Check the documentation of torch.load to learn more about types accepted by default with weights_only https://pytorch.org/docs/stable/generated/torch.load.html.
[2026-09-14 04:46:07] Sleeping for 1800s until next check...
[2026-09-14 05:16:07] --- Periodic Check Tick (2026-09-14 05:16:07) ---
[2026-09-14 05:16:07] Evaluating Push-T latest checkpoint...
[2026-09-14 05:16:07] Error evaluating Push-T: Weights only load failed. This file can still be loaded, to do so you have two options, [1mdo those steps only if you trust the source of the checkpoint[0m. 
	(1) In PyTorch 2.6, we changed the default value of the `weights_only` argument in `torch.load` from `False` to `True`. Re-running `torch.load` with `weights_only` set to `False` will likely succeed, but it can result in arbitrary code execution. Do it only if you got the file from a trusted source.
	(2) Alternatively, to load with `weights_only=True` please check the recommended steps in the following error message.
	WeightsUnpickler error: Unsupported global: GLOBAL numpy._core.multiarray._reconstruct was not an allowed global by default. Please use `torch.serialization.add_safe_globals([numpy._core.multiarray._reconstruct])` or the `torch.serialization.safe_globals([numpy._core.multiarray._reconstruct])` context manager to allowlist this global if you trust this class/function.

Check the documentation of torch.load to learn more about types accepted by default with weights_only https://pytorch.org/docs/stable/generated/torch.load.html.
[2026-09-14 05:16:07] Evaluating RoboCasa CloseSingleDoor latest checkpoint...
[2026-09-14 05:16:07] Error evaluating RC-CloseSingleDoor: Weights only load failed. This file can still be loaded, to do so you have two options, [1mdo those steps only if you trust the source of the checkpoint[0m. 
	(1) In PyTorch 2.6, we changed the default value of the `weights_only` argument in `torch.load` from `False` to `True`. Re-running `torch.load` with `weights_only` set to `False` will likely succeed, but it can result in arbitrary code execution. Do it only if you got the file from a trusted source.
	(2) Alternatively, to load with `weights_only=True` please check the recommended steps in the following error message.
	WeightsUnpickler error: Unsupported global: GLOBAL numpy.core.multiarray._reconstruct was not an allowed global by default. Please use `torch.serialization.add_safe_globals([numpy.core.multiarray._reconstruct])` or the `torch.serialization.safe_globals([numpy.core.multiarray._reconstruct])` context manager to allowlist this global if you trust this class/function.

Check the documentation of torch.load to learn more about types accepted by default with weights_only https://pytorch.org/docs/stable/generated/torch.load.html.
[2026-09-14 05:16:07] Sleeping for 1800s until next check...
[2026-09-14 05:46:07] --- Periodic Check Tick (2026-09-14 05:46:07) ---
[2026-09-14 05:46:07] Evaluating Push-T latest checkpoint...
[2026-09-14 05:46:07] Error evaluating Push-T: Weights only load failed. This file can still be loaded, to do so you have two options, [1mdo those steps only if you trust the source of the checkpoint[0m. 
	(1) In PyTorch 2.6, we changed the default value of the `weights_only` argument in `torch.load` from `False` to `True`. Re-running `torch.load` with `weights_only` set to `False` will likely succeed, but it can result in arbitrary code execution. Do it only if you got the file from a trusted source.
	(2) Alternatively, to load with `weights_only=True` please check the recommended steps in the following error message.
	WeightsUnpickler error: Unsupported global: GLOBAL numpy._core.multiarray._reconstruct was not an allowed global by default. Please use `torch.serialization.add_safe_globals([numpy._core.multiarray._reconstruct])` or the `torch.serialization.safe_globals([numpy._core.multiarray._reconstruct])` context manager to allowlist this global if you trust this class/function.

Check the documentation of torch.load to learn more about types accepted by default with weights_only https://pytorch.org/docs/stable/generated/torch.load.html.
[2026-09-14 05:46:07] Evaluating RoboCasa CloseSingleDoor latest checkpoint...
[2026-09-14 05:46:07] Error evaluating RC-CloseSingleDoor: Weights only load failed. This file can still be loaded, to do so you have two options, [1mdo those steps only if you trust the source of the checkpoint[0m. 
	(1) In PyTorch 2.6, we changed the default value of the `weights_only` argument in `torch.load` from `False` to `True`. Re-running `torch.load` with `weights_only` set to `False` will likely succeed, but it can result in arbitrary code execution. Do it only if you got the file from a trusted source.
	(2) Alternatively, to load with `weights_only=True` please check the recommended steps in the following error message.
	WeightsUnpickler error: Unsupported global: GLOBAL numpy.core.multiarray._reconstruct was not an allowed global by default. Please use `torch.serialization.add_safe_globals([numpy.core.multiarray._reconstruct])` or the `torch.serialization.safe_globals([numpy.core.multiarray._reconstruct])` context manager to allowlist this global if you trust this class/function.

Check the documentation of torch.load to learn more about types accepted by default with weights_only https://pytorch.org/docs/stable/generated/torch.load.html.
[2026-09-14 05:46:07] Sleeping for 1800s until next check...
[2026-09-14 06:16:07] --- Periodic Check Tick (2026-09-14 06:16:07) ---
[2026-09-14 06:16:07] Evaluating Push-T latest checkpoint...
[2026-09-14 06:16:07] Error evaluating Push-T: Weights only load failed. This file can still be loaded, to do so you have two options, [1mdo those steps only if you trust the source of the checkpoint[0m. 
	(1) In PyTorch 2.6, we changed the default value of the `weights_only` argument in `torch.load` from `False` to `True`. Re-running `torch.load` with `weights_only` set to `False` will likely succeed, but it can result in arbitrary code execution. Do it only if you got the file from a trusted source.
	(2) Alternatively, to load with `weights_only=True` please check the recommended steps in the following error message.
	WeightsUnpickler error: Unsupported global: GLOBAL numpy._core.multiarray._reconstruct was not an allowed global by default. Please use `torch.serialization.add_safe_globals([numpy._core.multiarray._reconstruct])` or the `torch.serialization.safe_globals([numpy._core.multiarray._reconstruct])` context manager to allowlist this global if you trust this class/function.

Check the documentation of torch.load to learn more about types accepted by default with weights_only https://pytorch.org/docs/stable/generated/torch.load.html.
[2026-09-14 06:16:07] Evaluating RoboCasa CloseSingleDoor latest checkpoint...
[2026-09-14 06:16:07] Error evaluating RC-CloseSingleDoor: Weights only load failed. This file can still be loaded, to do so you have two options, [1mdo those steps only if you trust the source of the checkpoint[0m. 
	(1) In PyTorch 2.6, we changed the default value of the `weights_only` argument in `torch.load` from `False` to `True`. Re-running `torch.load` with `weights_only` set to `False` will likely succeed, but it can result in arbitrary code execution. Do it only if you got the file from a trusted source.
	(2) Alternatively, to load with `weights_only=True` please check the recommended steps in the following error message.
	WeightsUnpickler error: Unsupported global: GLOBAL numpy.core.multiarray._reconstruct was not an allowed global by default. Please use `torch.serialization.add_safe_globals([numpy.core.multiarray._reconstruct])` or the `torch.serialization.safe_globals([numpy.core.multiarray._reconstruct])` context manager to allowlist this global if you trust this class/function.

Check the documentation of torch.load to learn more about types accepted by default with weights_only https://pytorch.org/docs/stable/generated/torch.load.html.
[2026-09-14 06:16:07] Sleeping for 1800s until next check...
[2026-09-14 06:46:07] --- Periodic Check Tick (2026-09-14 06:46:07) ---
[2026-09-14 06:46:07] Evaluating Push-T latest checkpoint...
[2026-09-14 06:46:07] Error evaluating Push-T: Weights only load failed. This file can still be loaded, to do so you have two options, [1mdo those steps only if you trust the source of the checkpoint[0m. 
	(1) In PyTorch 2.6, we changed the default value of the `weights_only` argument in `torch.load` from `False` to `True`. Re-running `torch.load` with `weights_only` set to `False` will likely succeed, but it can result in arbitrary code execution. Do it only if you got the file from a trusted source.
	(2) Alternatively, to load with `weights_only=True` please check the recommended steps in the following error message.
	WeightsUnpickler error: Unsupported global: GLOBAL numpy._core.multiarray._reconstruct was not an allowed global by default. Please use `torch.serialization.add_safe_globals([numpy._core.multiarray._reconstruct])` or the `torch.serialization.safe_globals([numpy._core.multiarray._reconstruct])` context manager to allowlist this global if you trust this class/function.

Check the documentation of torch.load to learn more about types accepted by default with weights_only https://pytorch.org/docs/stable/generated/torch.load.html.
[2026-09-14 06:46:07] Evaluating RoboCasa CloseSingleDoor latest checkpoint...
[2026-09-14 06:46:07] Error evaluating RC-CloseSingleDoor: Weights only load failed. This file can still be loaded, to do so you have two options, [1mdo those steps only if you trust the source of the checkpoint[0m. 
	(1) In PyTorch 2.6, we changed the default value of the `weights_only` argument in `torch.load` from `False` to `True`. Re-running `torch.load` with `weights_only` set to `False` will likely succeed, but it can result in arbitrary code execution. Do it only if you got the file from a trusted source.
	(2) Alternatively, to load with `weights_only=True` please check the recommended steps in the following error message.
	WeightsUnpickler error: Unsupported global: GLOBAL numpy.core.multiarray._reconstruct was not an allowed global by default. Please use `torch.serialization.add_safe_globals([numpy.core.multiarray._reconstruct])` or the `torch.serialization.safe_globals([numpy.core.multiarray._reconstruct])` context manager to allowlist this global if you trust this class/function.

Check the documentation of torch.load to learn more about types accepted by default with weights_only https://pytorch.org/docs/stable/generated/torch.load.html.
[2026-09-14 06:46:07] Sleeping for 1800s until next check...
[2026-09-14 07:16:07] --- Periodic Check Tick (2026-09-14 07:16:07) ---
[2026-09-14 07:16:07] Evaluating Push-T latest checkpoint...
[2026-09-14 07:16:07] Error evaluating Push-T: Weights only load failed. This file can still be loaded, to do so you have two options, [1mdo those steps only if you trust the source of the checkpoint[0m. 
	(1) In PyTorch 2.6, we changed the default value of the `weights_only` argument in `torch.load` from `False` to `True`. Re-running `torch.load` with `weights_only` set to `False` will likely succeed, but it can result in arbitrary code execution. Do it only if you got the file from a trusted source.
	(2) Alternatively, to load with `weights_only=True` please check the recommended steps in the following error message.
	WeightsUnpickler error: Unsupported global: GLOBAL numpy._core.multiarray._reconstruct was not an allowed global by default. Please use `torch.serialization.add_safe_globals([numpy._core.multiarray._reconstruct])` or the `torch.serialization.safe_globals([numpy._core.multiarray._reconstruct])` context manager to allowlist this global if you trust this class/function.

Check the documentation of torch.load to learn more about types accepted by default with weights_only https://pytorch.org/docs/stable/generated/torch.load.html.
[2026-09-14 07:16:07] Evaluating RoboCasa CloseSingleDoor latest checkpoint...
[2026-09-14 07:16:07] Error evaluating RC-CloseSingleDoor: Weights only load failed. This file can still be loaded, to do so you have two options, [1mdo those steps only if you trust the source of the checkpoint[0m. 
	(1) In PyTorch 2.6, we changed the default value of the `weights_only` argument in `torch.load` from `False` to `True`. Re-running `torch.load` with `weights_only` set to `False` will likely succeed, but it can result in arbitrary code execution. Do it only if you got the file from a trusted source.
	(2) Alternatively, to load with `weights_only=True` please check the recommended steps in the following error message.
	WeightsUnpickler error: Unsupported global: GLOBAL numpy.core.multiarray._reconstruct was not an allowed global by default. Please use `torch.serialization.add_safe_globals([numpy.core.multiarray._reconstruct])` or the `torch.serialization.safe_globals([numpy.core.multiarray._reconstruct])` context manager to allowlist this global if you trust this class/function.

Check the documentation of torch.load to learn more about types accepted by default with weights_only https://pytorch.org/docs/stable/generated/torch.load.html.
[2026-09-14 07:16:07] Sleeping for 1800s until next check...
[2026-09-14 07:46:07] --- Periodic Check Tick (2026-09-14 07:46:07) ---
[2026-09-14 07:46:07] Evaluating Push-T latest checkpoint...
[2026-09-14 07:46:07] Error evaluating Push-T: Weights only load failed. This file can still be loaded, to do so you have two options, [1mdo those steps only if you trust the source of the checkpoint[0m. 
	(1) In PyTorch 2.6, we changed the default value of the `weights_only` argument in `torch.load` from `False` to `True`. Re-running `torch.load` with `weights_only` set to `False` will likely succeed, but it can result in arbitrary code execution. Do it only if you got the file from a trusted source.
	(2) Alternatively, to load with `weights_only=True` please check the recommended steps in the following error message.
	WeightsUnpickler error: Unsupported global: GLOBAL numpy._core.multiarray._reconstruct was not an allowed global by default. Please use `torch.serialization.add_safe_globals([numpy._core.multiarray._reconstruct])` or the `torch.serialization.safe_globals([numpy._core.multiarray._reconstruct])` context manager to allowlist this global if you trust this class/function.

Check the documentation of torch.load to learn more about types accepted by default with weights_only https://pytorch.org/docs/stable/generated/torch.load.html.
[2026-09-14 07:46:07] Evaluating RoboCasa CloseSingleDoor latest checkpoint...
[2026-09-14 07:46:07] Error evaluating RC-CloseSingleDoor: Weights only load failed. This file can still be loaded, to do so you have two options, [1mdo those steps only if you trust the source of the checkpoint[0m. 
	(1) In PyTorch 2.6, we changed the default value of the `weights_only` argument in `torch.load` from `False` to `True`. Re-running `torch.load` with `weights_only` set to `False` will likely succeed, but it can result in arbitrary code execution. Do it only if you got the file from a trusted source.
	(2) Alternatively, to load with `weights_only=True` please check the recommended steps in the following error message.
	WeightsUnpickler error: Unsupported global: GLOBAL numpy.core.multiarray._reconstruct was not an allowed global by default. Please use `torch.serialization.add_safe_globals([numpy.core.multiarray._reconstruct])` or the `torch.serialization.safe_globals([numpy.core.multiarray._reconstruct])` context manager to allowlist this global if you trust this class/function.

Check the documentation of torch.load to learn more about types accepted by default with weights_only https://pytorch.org/docs/stable/generated/torch.load.html.
[2026-09-14 07:46:07] Sleeping for 1800s until next check...
[2026-09-14 08:16:07] --- Periodic Check Tick (2026-09-14 08:16:07) ---
[2026-09-14 08:16:07] Evaluating Push-T latest checkpoint...
[2026-09-14 08:16:07] Error evaluating Push-T: Weights only load failed. This file can still be loaded, to do so you have two options, [1mdo those steps only if you trust the source of the checkpoint[0m. 
	(1) In PyTorch 2.6, we changed the default value of the `weights_only` argument in `torch.load` from `False` to `True`. Re-running `torch.load` with `weights_only` set to `False` will likely succeed, but it can result in arbitrary code execution. Do it only if you got the file from a trusted source.
	(2) Alternatively, to load with `weights_only=True` please check the recommended steps in the following error message.
	WeightsUnpickler error: Unsupported global: GLOBAL numpy._core.multiarray._reconstruct was not an allowed global by default. Please use `torch.serialization.add_safe_globals([numpy._core.multiarray._reconstruct])` or the `torch.serialization.safe_globals([numpy._core.multiarray._reconstruct])` context manager to allowlist this global if you trust this class/function.

Check the documentation of torch.load to learn more about types accepted by default with weights_only https://pytorch.org/docs/stable/generated/torch.load.html.
[2026-09-14 08:16:07] Evaluating RoboCasa CloseSingleDoor latest checkpoint...
[2026-09-14 08:16:07] Error evaluating RC-CloseSingleDoor: Weights only load failed. This file can still be loaded, to do so you have two options, [1mdo those steps only if you trust the source of the checkpoint[0m. 
	(1) In PyTorch 2.6, we changed the default value of the `weights_only` argument in `torch.load` from `False` to `True`. Re-running `torch.load` with `weights_only` set to `False` will likely succeed, but it can result in arbitrary code execution. Do it only if you got the file from a trusted source.
	(2) Alternatively, to load with `weights_only=True` please check the recommended steps in the following error message.
	WeightsUnpickler error: Unsupported global: GLOBAL numpy.core.multiarray._reconstruct was not an allowed global by default. Please use `torch.serialization.add_safe_globals([numpy.core.multiarray._reconstruct])` or the `torch.serialization.safe_globals([numpy.core.multiarray._reconstruct])` context manager to allowlist this global if you trust this class/function.

Check the documentation of torch.load to learn more about types accepted by default with weights_only https://pytorch.org/docs/stable/generated/torch.load.html.
[2026-09-14 08:16:07] Sleeping for 1800s until next check...
[2026-09-14 08:46:07] --- Periodic Check Tick (2026-09-14 08:46:07) ---
[2026-09-14 08:46:07] Evaluating Push-T latest checkpoint...
[2026-09-14 08:46:07] Error evaluating Push-T: Weights only load failed. This file can still be loaded, to do so you have two options, [1mdo those steps only if you trust the source of the checkpoint[0m. 
	(1) In PyTorch 2.6, we changed the default value of the `weights_only` argument in `torch.load` from `False` to `True`. Re-running `torch.load` with `weights_only` set to `False` will likely succeed, but it can result in arbitrary code execution. Do it only if you got the file from a trusted source.
	(2) Alternatively, to load with `weights_only=True` please check the recommended steps in the following error message.
	WeightsUnpickler error: Unsupported global: GLOBAL numpy._core.multiarray._reconstruct was not an allowed global by default. Please use `torch.serialization.add_safe_globals([numpy._core.multiarray._reconstruct])` or the `torch.serialization.safe_globals([numpy._core.multiarray._reconstruct])` context manager to allowlist this global if you trust this class/function.

Check the documentation of torch.load to learn more about types accepted by default with weights_only https://pytorch.org/docs/stable/generated/torch.load.html.
[2026-09-14 08:46:07] Evaluating RoboCasa CloseSingleDoor latest checkpoint...
[2026-09-14 08:46:07] Error evaluating RC-CloseSingleDoor: Weights only load failed. This file can still be loaded, to do so you have two options, [1mdo those steps only if you trust the source of the checkpoint[0m. 
	(1) In PyTorch 2.6, we changed the default value of the `weights_only` argument in `torch.load` from `False` to `True`. Re-running `torch.load` with `weights_only` set to `False` will likely succeed, but it can result in arbitrary code execution. Do it only if you got the file from a trusted source.
	(2) Alternatively, to load with `weights_only=True` please check the recommended steps in the following error message.
	WeightsUnpickler error: Unsupported global: GLOBAL numpy.core.multiarray._reconstruct was not an allowed global by default. Please use `torch.serialization.add_safe_globals([numpy.core.multiarray._reconstruct])` or the `torch.serialization.safe_globals([numpy.core.multiarray._reconstruct])` context manager to allowlist this global if you trust this class/function.

Check the documentation of torch.load to learn more about types accepted by default with weights_only https://pytorch.org/docs/stable/generated/torch.load.html.
[2026-09-14 08:46:07] Sleeping for 1800s until next check...
[2026-09-14 09:16:07] --- Periodic Check Tick (2026-09-14 09:16:07) ---
[2026-09-14 09:16:07] Evaluating Push-T latest checkpoint...
[2026-09-14 09:16:07] Error evaluating Push-T: Weights only load failed. This file can still be loaded, to do so you have two options, [1mdo those steps only if you trust the source of the checkpoint[0m. 
	(1) In PyTorch 2.6, we changed the default value of the `weights_only` argument in `torch.load` from `False` to `True`. Re-running `torch.load` with `weights_only` set to `False` will likely succeed, but it can result in arbitrary code execution. Do it only if you got the file from a trusted source.
	(2) Alternatively, to load with `weights_only=True` please check the recommended steps in the following error message.
	WeightsUnpickler error: Unsupported global: GLOBAL numpy._core.multiarray._reconstruct was not an allowed global by default. Please use `torch.serialization.add_safe_globals([numpy._core.multiarray._reconstruct])` or the `torch.serialization.safe_globals([numpy._core.multiarray._reconstruct])` context manager to allowlist this global if you trust this class/function.

Check the documentation of torch.load to learn more about types accepted by default with weights_only https://pytorch.org/docs/stable/generated/torch.load.html.
[2026-09-14 09:16:07] Evaluating RoboCasa CloseSingleDoor latest checkpoint...
[2026-09-14 09:16:07] Error evaluating RC-CloseSingleDoor: Weights only load failed. This file can still be loaded, to do so you have two options, [1mdo those steps only if you trust the source of the checkpoint[0m. 
	(1) In PyTorch 2.6, we changed the default value of the `weights_only` argument in `torch.load` from `False` to `True`. Re-running `torch.load` with `weights_only` set to `False` will likely succeed, but it can result in arbitrary code execution. Do it only if you got the file from a trusted source.
	(2) Alternatively, to load with `weights_only=True` please check the recommended steps in the following error message.
	WeightsUnpickler error: Unsupported global: GLOBAL numpy.core.multiarray._reconstruct was not an allowed global by default. Please use `torch.serialization.add_safe_globals([numpy.core.multiarray._reconstruct])` or the `torch.serialization.safe_globals([numpy.core.multiarray._reconstruct])` context manager to allowlist this global if you trust this class/function.

Check the documentation of torch.load to learn more about types accepted by default with weights_only https://pytorch.org/docs/stable/generated/torch.load.html.
[2026-09-14 09:16:07] Sleeping for 1800s until next check...
[2026-09-14 09:46:07] --- Periodic Check Tick (2026-09-14 09:46:07) ---
[2026-09-14 09:46:07] Evaluating Push-T latest checkpoint...
[2026-09-14 09:46:07] Error evaluating Push-T: Weights only load failed. This file can still be loaded, to do so you have two options, [1mdo those steps only if you trust the source of the checkpoint[0m. 
	(1) In PyTorch 2.6, we changed the default value of the `weights_only` argument in `torch.load` from `False` to `True`. Re-running `torch.load` with `weights_only` set to `False` will likely succeed, but it can result in arbitrary code execution. Do it only if you got the file from a trusted source.
	(2) Alternatively, to load with `weights_only=True` please check the recommended steps in the following error message.
	WeightsUnpickler error: Unsupported global: GLOBAL numpy._core.multiarray._reconstruct was not an allowed global by default. Please use `torch.serialization.add_safe_globals([numpy._core.multiarray._reconstruct])` or the `torch.serialization.safe_globals([numpy._core.multiarray._reconstruct])` context manager to allowlist this global if you trust this class/function.

Check the documentation of torch.load to learn more about types accepted by default with weights_only https://pytorch.org/docs/stable/generated/torch.load.html.
[2026-09-14 09:46:07] Evaluating RoboCasa CloseSingleDoor latest checkpoint...
[2026-09-14 09:46:07] Error evaluating RC-CloseSingleDoor: Weights only load failed. This file can still be loaded, to do so you have two options, [1mdo those steps only if you trust the source of the checkpoint[0m. 
	(1) In PyTorch 2.6, we changed the default value of the `weights_only` argument in `torch.load` from `False` to `True`. Re-running `torch.load` with `weights_only` set to `False` will likely succeed, but it can result in arbitrary code execution. Do it only if you got the file from a trusted source.
	(2) Alternatively, to load with `weights_only=True` please check the recommended steps in the following error message.
	WeightsUnpickler error: Unsupported global: GLOBAL numpy.core.multiarray._reconstruct was not an allowed global by default. Please use `torch.serialization.add_safe_globals([numpy.core.multiarray._reconstruct])` or the `torch.serialization.safe_globals([numpy.core.multiarray._reconstruct])` context manager to allowlist this global if you trust this class/function.

Check the documentation of torch.load to learn more about types accepted by default with weights_only https://pytorch.org/docs/stable/generated/torch.load.html.
[2026-09-14 09:46:07] Sleeping for 1800s until next check...
[2026-09-14 10:16:07] --- Periodic Check Tick (2026-09-14 10:16:07) ---
[2026-09-14 10:16:07] Evaluating Push-T latest checkpoint...
[2026-09-14 10:16:07] Error evaluating Push-T: Weights only load failed. This file can still be loaded, to do so you have two options, [1mdo those steps only if you trust the source of the checkpoint[0m. 
	(1) In PyTorch 2.6, we changed the default value of the `weights_only` argument in `torch.load` from `False` to `True`. Re-running `torch.load` with `weights_only` set to `False` will likely succeed, but it can result in arbitrary code execution. Do it only if you got the file from a trusted source.
	(2) Alternatively, to load with `weights_only=True` please check the recommended steps in the following error message.
	WeightsUnpickler error: Unsupported global: GLOBAL numpy._core.multiarray._reconstruct was not an allowed global by default. Please use `torch.serialization.add_safe_globals([numpy._core.multiarray._reconstruct])` or the `torch.serialization.safe_globals([numpy._core.multiarray._reconstruct])` context manager to allowlist this global if you trust this class/function.

Check the documentation of torch.load to learn more about types accepted by default with weights_only https://pytorch.org/docs/stable/generated/torch.load.html.
[2026-09-14 10:16:07] Evaluating RoboCasa CloseSingleDoor latest checkpoint...
[2026-09-14 10:16:07] Error evaluating RC-CloseSingleDoor: Weights only load failed. This file can still be loaded, to do so you have two options, [1mdo those steps only if you trust the source of the checkpoint[0m. 
	(1) In PyTorch 2.6, we changed the default value of the `weights_only` argument in `torch.load` from `False` to `True`. Re-running `torch.load` with `weights_only` set to `False` will likely succeed, but it can result in arbitrary code execution. Do it only if you got the file from a trusted source.
	(2) Alternatively, to load with `weights_only=True` please check the recommended steps in the following error message.
	WeightsUnpickler error: Unsupported global: GLOBAL numpy.core.multiarray._reconstruct was not an allowed global by default. Please use `torch.serialization.add_safe_globals([numpy.core.multiarray._reconstruct])` or the `torch.serialization.safe_globals([numpy.core.multiarray._reconstruct])` context manager to allowlist this global if you trust this class/function.

Check the documentation of torch.load to learn more about types accepted by default with weights_only https://pytorch.org/docs/stable/generated/torch.load.html.
[2026-09-14 10:16:07] Sleeping for 1800s until next check...
[2026-09-14 10:46:07] --- Periodic Check Tick (2026-09-14 10:46:07) ---
[2026-09-14 10:46:07] Evaluating Push-T latest checkpoint...
[2026-09-14 10:46:07] Error evaluating Push-T: Weights only load failed. This file can still be loaded, to do so you have two options, [1mdo those steps only if you trust the source of the checkpoint[0m. 
	(1) In PyTorch 2.6, we changed the default value of the `weights_only` argument in `torch.load` from `False` to `True`. Re-running `torch.load` with `weights_only` set to `False` will likely succeed, but it can result in arbitrary code execution. Do it only if you got the file from a trusted source.
	(2) Alternatively, to load with `weights_only=True` please check the recommended steps in the following error message.
	WeightsUnpickler error: Unsupported global: GLOBAL numpy._core.multiarray._reconstruct was not an allowed global by default. Please use `torch.serialization.add_safe_globals([numpy._core.multiarray._reconstruct])` or the `torch.serialization.safe_globals([numpy._core.multiarray._reconstruct])` context manager to allowlist this global if you trust this class/function.

Check the documentation of torch.load to learn more about types accepted by default with weights_only https://pytorch.org/docs/stable/generated/torch.load.html.
[2026-09-14 10:46:07] Evaluating RoboCasa CloseSingleDoor latest checkpoint...
[2026-09-14 10:46:07] Error evaluating RC-CloseSingleDoor: Weights only load failed. This file can still be loaded, to do so you have two options, [1mdo those steps only if you trust the source of the checkpoint[0m. 
	(1) In PyTorch 2.6, we changed the default value of the `weights_only` argument in `torch.load` from `False` to `True`. Re-running `torch.load` with `weights_only` set to `False` will likely succeed, but it can result in arbitrary code execution. Do it only if you got the file from a trusted source.
	(2) Alternatively, to load with `weights_only=True` please check the recommended steps in the following error message.
	WeightsUnpickler error: Unsupported global: GLOBAL numpy.core.multiarray._reconstruct was not an allowed global by default. Please use `torch.serialization.add_safe_globals([numpy.core.multiarray._reconstruct])` or the `torch.serialization.safe_globals([numpy.core.multiarray._reconstruct])` context manager to allowlist this global if you trust this class/function.

Check the documentation of torch.load to learn more about types accepted by default with weights_only https://pytorch.org/docs/stable/generated/torch.load.html.
[2026-09-14 10:46:07] Sleeping for 1800s until next check...
[2026-09-14 11:16:07] --- Periodic Check Tick (2026-09-14 11:16:07) ---
[2026-09-14 11:16:07] Evaluating Push-T latest checkpoint...
[2026-09-14 11:16:07] Error evaluating Push-T: Weights only load failed. This file can still be loaded, to do so you have two options, [1mdo those steps only if you trust the source of the checkpoint[0m. 
	(1) In PyTorch 2.6, we changed the default value of the `weights_only` argument in `torch.load` from `False` to `True`. Re-running `torch.load` with `weights_only` set to `False` will likely succeed, but it can result in arbitrary code execution. Do it only if you got the file from a trusted source.
	(2) Alternatively, to load with `weights_only=True` please check the recommended steps in the following error message.
	WeightsUnpickler error: Unsupported global: GLOBAL numpy._core.multiarray._reconstruct was not an allowed global by default. Please use `torch.serialization.add_safe_globals([numpy._core.multiarray._reconstruct])` or the `torch.serialization.safe_globals([numpy._core.multiarray._reconstruct])` context manager to allowlist this global if you trust this class/function.

Check the documentation of torch.load to learn more about types accepted by default with weights_only https://pytorch.org/docs/stable/generated/torch.load.html.
[2026-09-14 11:16:07] Evaluating RoboCasa CloseSingleDoor latest checkpoint...
[2026-09-14 11:16:07] Error evaluating RC-CloseSingleDoor: Weights only load failed. This file can still be loaded, to do so you have two options, [1mdo those steps only if you trust the source of the checkpoint[0m. 
	(1) In PyTorch 2.6, we changed the default value of the `weights_only` argument in `torch.load` from `False` to `True`. Re-running `torch.load` with `weights_only` set to `False` will likely succeed, but it can result in arbitrary code execution. Do it only if you got the file from a trusted source.
	(2) Alternatively, to load with `weights_only=True` please check the recommended steps in the following error message.
	WeightsUnpickler error: Unsupported global: GLOBAL numpy.core.multiarray._reconstruct was not an allowed global by default. Please use `torch.serialization.add_safe_globals([numpy.core.multiarray._reconstruct])` or the `torch.serialization.safe_globals([numpy.core.multiarray._reconstruct])` context manager to allowlist this global if you trust this class/function.

Check the documentation of torch.load to learn more about types accepted by default with weights_only https://pytorch.org/docs/stable/generated/torch.load.html.
[2026-09-14 11:16:07] Sleeping for 1800s until next check...
[2026-09-14 11:46:07] --- Periodic Check Tick (2026-09-14 11:46:07) ---
[2026-09-14 11:46:07] Evaluating Push-T latest checkpoint...
[2026-09-14 11:46:07] Error evaluating Push-T: Weights only load failed. This file can still be loaded, to do so you have two options, [1mdo those steps only if you trust the source of the checkpoint[0m. 
	(1) In PyTorch 2.6, we changed the default value of the `weights_only` argument in `torch.load` from `False` to `True`. Re-running `torch.load` with `weights_only` set to `False` will likely succeed, but it can result in arbitrary code execution. Do it only if you got the file from a trusted source.
	(2) Alternatively, to load with `weights_only=True` please check the recommended steps in the following error message.
	WeightsUnpickler error: Unsupported global: GLOBAL numpy._core.multiarray._reconstruct was not an allowed global by default. Please use `torch.serialization.add_safe_globals([numpy._core.multiarray._reconstruct])` or the `torch.serialization.safe_globals([numpy._core.multiarray._reconstruct])` context manager to allowlist this global if you trust this class/function.

Check the documentation of torch.load to learn more about types accepted by default with weights_only https://pytorch.org/docs/stable/generated/torch.load.html.
[2026-09-14 11:46:07] Evaluating RoboCasa CloseSingleDoor latest checkpoint...
[2026-09-14 11:46:07] Error evaluating RC-CloseSingleDoor: Weights only load failed. This file can still be loaded, to do so you have two options, [1mdo those steps only if you trust the source of the checkpoint[0m. 
	(1) In PyTorch 2.6, we changed the default value of the `weights_only` argument in `torch.load` from `False` to `True`. Re-running `torch.load` with `weights_only` set to `False` will likely succeed, but it can result in arbitrary code execution. Do it only if you got the file from a trusted source.
	(2) Alternatively, to load with `weights_only=True` please check the recommended steps in the following error message.
	WeightsUnpickler error: Unsupported global: GLOBAL numpy.core.multiarray._reconstruct was not an allowed global by default. Please use `torch.serialization.add_safe_globals([numpy.core.multiarray._reconstruct])` or the `torch.serialization.safe_globals([numpy.core.multiarray._reconstruct])` context manager to allowlist this global if you trust this class/function.

Check the documentation of torch.load to learn more about types accepted by default with weights_only https://pytorch.org/docs/stable/generated/torch.load.html.
[2026-09-14 11:46:07] Sleeping for 1800s until next check...
[2026-09-14 12:16:07] --- Periodic Check Tick (2026-09-14 12:16:07) ---
[2026-09-14 12:16:07] Evaluating Push-T latest checkpoint...
[2026-09-14 12:16:07] Error evaluating Push-T: Weights only load failed. This file can still be loaded, to do so you have two options, [1mdo those steps only if you trust the source of the checkpoint[0m. 
	(1) In PyTorch 2.6, we changed the default value of the `weights_only` argument in `torch.load` from `False` to `True`. Re-running `torch.load` with `weights_only` set to `False` will likely succeed, but it can result in arbitrary code execution. Do it only if you got the file from a trusted source.
	(2) Alternatively, to load with `weights_only=True` please check the recommended steps in the following error message.
	WeightsUnpickler error: Unsupported global: GLOBAL numpy._core.multiarray._reconstruct was not an allowed global by default. Please use `torch.serialization.add_safe_globals([numpy._core.multiarray._reconstruct])` or the `torch.serialization.safe_globals([numpy._core.multiarray._reconstruct])` context manager to allowlist this global if you trust this class/function.

Check the documentation of torch.load to learn more about types accepted by default with weights_only https://pytorch.org/docs/stable/generated/torch.load.html.
[2026-09-14 12:16:07] Evaluating RoboCasa CloseSingleDoor latest checkpoint...
[2026-09-14 12:16:07] Error evaluating RC-CloseSingleDoor: Weights only load failed. This file can still be loaded, to do so you have two options, [1mdo those steps only if you trust the source of the checkpoint[0m. 
	(1) In PyTorch 2.6, we changed the default value of the `weights_only` argument in `torch.load` from `False` to `True`. Re-running `torch.load` with `weights_only` set to `False` will likely succeed, but it can result in arbitrary code execution. Do it only if you got the file from a trusted source.
	(2) Alternatively, to load with `weights_only=True` please check the recommended steps in the following error message.
	WeightsUnpickler error: Unsupported global: GLOBAL numpy.core.multiarray._reconstruct was not an allowed global by default. Please use `torch.serialization.add_safe_globals([numpy.core.multiarray._reconstruct])` or the `torch.serialization.safe_globals([numpy.core.multiarray._reconstruct])` context manager to allowlist this global if you trust this class/function.

Check the documentation of torch.load to learn more about types accepted by default with weights_only https://pytorch.org/docs/stable/generated/torch.load.html.
[2026-09-14 12:16:07] Sleeping for 1800s until next check...
[2026-09-14 12:46:07] --- Periodic Check Tick (2026-09-14 12:46:07) ---
[2026-09-14 12:46:07] Evaluating Push-T latest checkpoint...
[2026-09-14 12:46:07] Error evaluating Push-T: Weights only load failed. This file can still be loaded, to do so you have two options, [1mdo those steps only if you trust the source of the checkpoint[0m. 
	(1) In PyTorch 2.6, we changed the default value of the `weights_only` argument in `torch.load` from `False` to `True`. Re-running `torch.load` with `weights_only` set to `False` will likely succeed, but it can result in arbitrary code execution. Do it only if you got the file from a trusted source.
	(2) Alternatively, to load with `weights_only=True` please check the recommended steps in the following error message.
	WeightsUnpickler error: Unsupported global: GLOBAL numpy._core.multiarray._reconstruct was not an allowed global by default. Please use `torch.serialization.add_safe_globals([numpy._core.multiarray._reconstruct])` or the `torch.serialization.safe_globals([numpy._core.multiarray._reconstruct])` context manager to allowlist this global if you trust this class/function.

Check the documentation of torch.load to learn more about types accepted by default with weights_only https://pytorch.org/docs/stable/generated/torch.load.html.
[2026-09-14 12:46:07] Evaluating RoboCasa CloseSingleDoor latest checkpoint...
[2026-09-14 12:46:07] Error evaluating RC-CloseSingleDoor: Weights only load failed. This file can still be loaded, to do so you have two options, [1mdo those steps only if you trust the source of the checkpoint[0m. 
	(1) In PyTorch 2.6, we changed the default value of the `weights_only` argument in `torch.load` from `False` to `True`. Re-running `torch.load` with `weights_only` set to `False` will likely succeed, but it can result in arbitrary code execution. Do it only if you got the file from a trusted source.
	(2) Alternatively, to load with `weights_only=True` please check the recommended steps in the following error message.
	WeightsUnpickler error: Unsupported global: GLOBAL numpy.core.multiarray._reconstruct was not an allowed global by default. Please use `torch.serialization.add_safe_globals([numpy.core.multiarray._reconstruct])` or the `torch.serialization.safe_globals([numpy.core.multiarray._reconstruct])` context manager to allowlist this global if you trust this class/function.

Check the documentation of torch.load to learn more about types accepted by default with weights_only https://pytorch.org/docs/stable/generated/torch.load.html.
[2026-09-14 12:46:07] Sleeping for 1800s until next check...
[2026-09-14 13:16:07] --- Periodic Check Tick (2026-09-14 13:16:07) ---
[2026-09-14 13:16:07] Evaluating Push-T latest checkpoint...
[2026-09-14 13:16:07] Error evaluating Push-T: Weights only load failed. This file can still be loaded, to do so you have two options, [1mdo those steps only if you trust the source of the checkpoint[0m. 
	(1) In PyTorch 2.6, we changed the default value of the `weights_only` argument in `torch.load` from `False` to `True`. Re-running `torch.load` with `weights_only` set to `False` will likely succeed, but it can result in arbitrary code execution. Do it only if you got the file from a trusted source.
	(2) Alternatively, to load with `weights_only=True` please check the recommended steps in the following error message.
	WeightsUnpickler error: Unsupported global: GLOBAL numpy._core.multiarray._reconstruct was not an allowed global by default. Please use `torch.serialization.add_safe_globals([numpy._core.multiarray._reconstruct])` or the `torch.serialization.safe_globals([numpy._core.multiarray._reconstruct])` context manager to allowlist this global if you trust this class/function.

Check the documentation of torch.load to learn more about types accepted by default with weights_only https://pytorch.org/docs/stable/generated/torch.load.html.
[2026-09-14 13:16:07] Evaluating RoboCasa CloseSingleDoor latest checkpoint...
[2026-09-14 13:16:07] Error evaluating RC-CloseSingleDoor: Weights only load failed. This file can still be loaded, to do so you have two options, [1mdo those steps only if you trust the source of the checkpoint[0m. 
	(1) In PyTorch 2.6, we changed the default value of the `weights_only` argument in `torch.load` from `False` to `True`. Re-running `torch.load` with `weights_only` set to `False` will likely succeed, but it can result in arbitrary code execution. Do it only if you got the file from a trusted source.
	(2) Alternatively, to load with `weights_only=True` please check the recommended steps in the following error message.
	WeightsUnpickler error: Unsupported global: GLOBAL numpy.core.multiarray._reconstruct was not an allowed global by default. Please use `torch.serialization.add_safe_globals([numpy.core.multiarray._reconstruct])` or the `torch.serialization.safe_globals([numpy.core.multiarray._reconstruct])` context manager to allowlist this global if you trust this class/function.

Check the documentation of torch.load to learn more about types accepted by default with weights_only https://pytorch.org/docs/stable/generated/torch.load.html.
[2026-09-14 13:16:08] Sleeping for 1800s until next check...
[2026-09-14 13:46:08] --- Periodic Check Tick (2026-09-14 13:46:08) ---
[2026-09-14 13:46:08] Evaluating Push-T latest checkpoint...
[2026-09-14 13:46:08] Error evaluating Push-T: Weights only load failed. This file can still be loaded, to do so you have two options, [1mdo those steps only if you trust the source of the checkpoint[0m. 
	(1) In PyTorch 2.6, we changed the default value of the `weights_only` argument in `torch.load` from `False` to `True`. Re-running `torch.load` with `weights_only` set to `False` will likely succeed, but it can result in arbitrary code execution. Do it only if you got the file from a trusted source.
	(2) Alternatively, to load with `weights_only=True` please check the recommended steps in the following error message.
	WeightsUnpickler error: Unsupported global: GLOBAL numpy._core.multiarray._reconstruct was not an allowed global by default. Please use `torch.serialization.add_safe_globals([numpy._core.multiarray._reconstruct])` or the `torch.serialization.safe_globals([numpy._core.multiarray._reconstruct])` context manager to allowlist this global if you trust this class/function.

Check the documentation of torch.load to learn more about types accepted by default with weights_only https://pytorch.org/docs/stable/generated/torch.load.html.
[2026-09-14 13:46:08] Evaluating RoboCasa CloseSingleDoor latest checkpoint...
[2026-09-14 13:46:08] Error evaluating RC-CloseSingleDoor: Weights only load failed. This file can still be loaded, to do so you have two options, [1mdo those steps only if you trust the source of the checkpoint[0m. 
	(1) In PyTorch 2.6, we changed the default value of the `weights_only` argument in `torch.load` from `False` to `True`. Re-running `torch.load` with `weights_only` set to `False` will likely succeed, but it can result in arbitrary code execution. Do it only if you got the file from a trusted source.
	(2) Alternatively, to load with `weights_only=True` please check the recommended steps in the following error message.
	WeightsUnpickler error: Unsupported global: GLOBAL numpy.core.multiarray._reconstruct was not an allowed global by default. Please use `torch.serialization.add_safe_globals([numpy.core.multiarray._reconstruct])` or the `torch.serialization.safe_globals([numpy.core.multiarray._reconstruct])` context manager to allowlist this global if you trust this class/function.

Check the documentation of torch.load to learn more about types accepted by default with weights_only https://pytorch.org/docs/stable/generated/torch.load.html.
[2026-09-14 13:46:08] Sleeping for 1800s until next check...
[2026-09-14 14:16:08] --- Periodic Check Tick (2026-09-14 14:16:08) ---
[2026-09-14 14:16:08] Evaluating Push-T latest checkpoint...
[2026-09-14 14:16:08] Error evaluating Push-T: Weights only load failed. This file can still be loaded, to do so you have two options, [1mdo those steps only if you trust the source of the checkpoint[0m. 
	(1) In PyTorch 2.6, we changed the default value of the `weights_only` argument in `torch.load` from `False` to `True`. Re-running `torch.load` with `weights_only` set to `False` will likely succeed, but it can result in arbitrary code execution. Do it only if you got the file from a trusted source.
	(2) Alternatively, to load with `weights_only=True` please check the recommended steps in the following error message.
	WeightsUnpickler error: Unsupported global: GLOBAL numpy._core.multiarray._reconstruct was not an allowed global by default. Please use `torch.serialization.add_safe_globals([numpy._core.multiarray._reconstruct])` or the `torch.serialization.safe_globals([numpy._core.multiarray._reconstruct])` context manager to allowlist this global if you trust this class/function.

Check the documentation of torch.load to learn more about types accepted by default with weights_only https://pytorch.org/docs/stable/generated/torch.load.html.
[2026-09-14 14:16:08] Evaluating RoboCasa CloseSingleDoor latest checkpoint...
[2026-09-14 14:16:08] Error evaluating RC-CloseSingleDoor: Weights only load failed. This file can still be loaded, to do so you have two options, [1mdo those steps only if you trust the source of the checkpoint[0m. 
	(1) In PyTorch 2.6, we changed the default value of the `weights_only` argument in `torch.load` from `False` to `True`. Re-running `torch.load` with `weights_only` set to `False` will likely succeed, but it can result in arbitrary code execution. Do it only if you got the file from a trusted source.
	(2) Alternatively, to load with `weights_only=True` please check the recommended steps in the following error message.
	WeightsUnpickler error: Unsupported global: GLOBAL numpy.core.multiarray._reconstruct was not an allowed global by default. Please use `torch.serialization.add_safe_globals([numpy.core.multiarray._reconstruct])` or the `torch.serialization.safe_globals([numpy.core.multiarray._reconstruct])` context manager to allowlist this global if you trust this class/function.

Check the documentation of torch.load to learn more about types accepted by default with weights_only https://pytorch.org/docs/stable/generated/torch.load.html.
[2026-09-14 14:16:08] Sleeping for 1800s until next check...
[2026-09-14 14:46:08] --- Periodic Check Tick (2026-09-14 14:46:08) ---
[2026-09-14 14:46:08] Evaluating Push-T latest checkpoint...
[2026-09-14 14:46:08] Error evaluating Push-T: Weights only load failed. This file can still be loaded, to do so you have two options, [1mdo those steps only if you trust the source of the checkpoint[0m. 
	(1) In PyTorch 2.6, we changed the default value of the `weights_only` argument in `torch.load` from `False` to `True`. Re-running `torch.load` with `weights_only` set to `False` will likely succeed, but it can result in arbitrary code execution. Do it only if you got the file from a trusted source.
	(2) Alternatively, to load with `weights_only=True` please check the recommended steps in the following error message.
	WeightsUnpickler error: Unsupported global: GLOBAL numpy._core.multiarray._reconstruct was not an allowed global by default. Please use `torch.serialization.add_safe_globals([numpy._core.multiarray._reconstruct])` or the `torch.serialization.safe_globals([numpy._core.multiarray._reconstruct])` context manager to allowlist this global if you trust this class/function.

Check the documentation of torch.load to learn more about types accepted by default with weights_only https://pytorch.org/docs/stable/generated/torch.load.html.
[2026-09-14 14:46:08] Evaluating RoboCasa CloseSingleDoor latest checkpoint...
[2026-09-14 14:46:08] Error evaluating RC-CloseSingleDoor: Weights only load failed. This file can still be loaded, to do so you have two options, [1mdo those steps only if you trust the source of the checkpoint[0m. 
	(1) In PyTorch 2.6, we changed the default value of the `weights_only` argument in `torch.load` from `False` to `True`. Re-running `torch.load` with `weights_only` set to `False` will likely succeed, but it can result in arbitrary code execution. Do it only if you got the file from a trusted source.
	(2) Alternatively, to load with `weights_only=True` please check the recommended steps in the following error message.
	WeightsUnpickler error: Unsupported global: GLOBAL numpy.core.multiarray._reconstruct was not an allowed global by default. Please use `torch.serialization.add_safe_globals([numpy.core.multiarray._reconstruct])` or the `torch.serialization.safe_globals([numpy.core.multiarray._reconstruct])` context manager to allowlist this global if you trust this class/function.

Check the documentation of torch.load to learn more about types accepted by default with weights_only https://pytorch.org/docs/stable/generated/torch.load.html.
[2026-09-14 14:46:08] Sleeping for 1800s until next check...
[2026-09-14 15:16:08] --- Periodic Check Tick (2026-09-14 15:16:08) ---
[2026-09-14 15:16:08] Evaluating Push-T latest checkpoint...
[2026-09-14 15:16:08] Error evaluating Push-T: Weights only load failed. This file can still be loaded, to do so you have two options, [1mdo those steps only if you trust the source of the checkpoint[0m. 
	(1) In PyTorch 2.6, we changed the default value of the `weights_only` argument in `torch.load` from `False` to `True`. Re-running `torch.load` with `weights_only` set to `False` will likely succeed, but it can result in arbitrary code execution. Do it only if you got the file from a trusted source.
	(2) Alternatively, to load with `weights_only=True` please check the recommended steps in the following error message.
	WeightsUnpickler error: Unsupported global: GLOBAL numpy._core.multiarray._reconstruct was not an allowed global by default. Please use `torch.serialization.add_safe_globals([numpy._core.multiarray._reconstruct])` or the `torch.serialization.safe_globals([numpy._core.multiarray._reconstruct])` context manager to allowlist this global if you trust this class/function.

Check the documentation of torch.load to learn more about types accepted by default with weights_only https://pytorch.org/docs/stable/generated/torch.load.html.
[2026-09-14 15:16:08] Evaluating RoboCasa CloseSingleDoor latest checkpoint...
[2026-09-14 15:16:08] Error evaluating RC-CloseSingleDoor: Weights only load failed. This file can still be loaded, to do so you have two options, [1mdo those steps only if you trust the source of the checkpoint[0m. 
	(1) In PyTorch 2.6, we changed the default value of the `weights_only` argument in `torch.load` from `False` to `True`. Re-running `torch.load` with `weights_only` set to `False` will likely succeed, but it can result in arbitrary code execution. Do it only if you got the file from a trusted source.
	(2) Alternatively, to load with `weights_only=True` please check the recommended steps in the following error message.
	WeightsUnpickler error: Unsupported global: GLOBAL numpy.core.multiarray._reconstruct was not an allowed global by default. Please use `torch.serialization.add_safe_globals([numpy.core.multiarray._reconstruct])` or the `torch.serialization.safe_globals([numpy.core.multiarray._reconstruct])` context manager to allowlist this global if you trust this class/function.

Check the documentation of torch.load to learn more about types accepted by default with weights_only https://pytorch.org/docs/stable/generated/torch.load.html.
[2026-09-14 15:16:08] Sleeping for 1800s until next check...
[2026-09-14 15:46:08] --- Periodic Check Tick (2026-09-14 15:46:08) ---
[2026-09-14 15:46:08] Evaluating Push-T latest checkpoint...
[2026-09-14 15:46:08] Error evaluating Push-T: Weights only load failed. This file can still be loaded, to do so you have two options, [1mdo those steps only if you trust the source of the checkpoint[0m. 
	(1) In PyTorch 2.6, we changed the default value of the `weights_only` argument in `torch.load` from `False` to `True`. Re-running `torch.load` with `weights_only` set to `False` will likely succeed, but it can result in arbitrary code execution. Do it only if you got the file from a trusted source.
	(2) Alternatively, to load with `weights_only=True` please check the recommended steps in the following error message.
	WeightsUnpickler error: Unsupported global: GLOBAL numpy._core.multiarray._reconstruct was not an allowed global by default. Please use `torch.serialization.add_safe_globals([numpy._core.multiarray._reconstruct])` or the `torch.serialization.safe_globals([numpy._core.multiarray._reconstruct])` context manager to allowlist this global if you trust this class/function.

Check the documentation of torch.load to learn more about types accepted by default with weights_only https://pytorch.org/docs/stable/generated/torch.load.html.
[2026-09-14 15:46:08] Evaluating RoboCasa CloseSingleDoor latest checkpoint...
[2026-09-14 15:46:08] Error evaluating RC-CloseSingleDoor: Weights only load failed. This file can still be loaded, to do so you have two options, [1mdo those steps only if you trust the source of the checkpoint[0m. 
	(1) In PyTorch 2.6, we changed the default value of the `weights_only` argument in `torch.load` from `False` to `True`. Re-running `torch.load` with `weights_only` set to `False` will likely succeed, but it can result in arbitrary code execution. Do it only if you got the file from a trusted source.
	(2) Alternatively, to load with `weights_only=True` please check the recommended steps in the following error message.
	WeightsUnpickler error: Unsupported global: GLOBAL numpy.core.multiarray._reconstruct was not an allowed global by default. Please use `torch.serialization.add_safe_globals([numpy.core.multiarray._reconstruct])` or the `torch.serialization.safe_globals([numpy.core.multiarray._reconstruct])` context manager to allowlist this global if you trust this class/function.

Check the documentation of torch.load to learn more about types accepted by default with weights_only https://pytorch.org/docs/stable/generated/torch.load.html.
[2026-09-14 15:46:08] Sleeping for 1800s until next check...
[2026-09-14 16:16:08] --- Periodic Check Tick (2026-09-14 16:16:08) ---
[2026-09-14 16:16:08] Evaluating Push-T latest checkpoint...
[2026-09-14 16:16:08] Error evaluating Push-T: Weights only load failed. This file can still be loaded, to do so you have two options, [1mdo those steps only if you trust the source of the checkpoint[0m. 
	(1) In PyTorch 2.6, we changed the default value of the `weights_only` argument in `torch.load` from `False` to `True`. Re-running `torch.load` with `weights_only` set to `False` will likely succeed, but it can result in arbitrary code execution. Do it only if you got the file from a trusted source.
	(2) Alternatively, to load with `weights_only=True` please check the recommended steps in the following error message.
	WeightsUnpickler error: Unsupported global: GLOBAL numpy._core.multiarray._reconstruct was not an allowed global by default. Please use `torch.serialization.add_safe_globals([numpy._core.multiarray._reconstruct])` or the `torch.serialization.safe_globals([numpy._core.multiarray._reconstruct])` context manager to allowlist this global if you trust this class/function.

Check the documentation of torch.load to learn more about types accepted by default with weights_only https://pytorch.org/docs/stable/generated/torch.load.html.
[2026-09-14 16:16:08] Evaluating RoboCasa CloseSingleDoor latest checkpoint...
[2026-09-14 16:16:08] Error evaluating RC-CloseSingleDoor: Weights only load failed. This file can still be loaded, to do so you have two options, [1mdo those steps only if you trust the source of the checkpoint[0m. 
	(1) In PyTorch 2.6, we changed the default value of the `weights_only` argument in `torch.load` from `False` to `True`. Re-running `torch.load` with `weights_only` set to `False` will likely succeed, but it can result in arbitrary code execution. Do it only if you got the file from a trusted source.
	(2) Alternatively, to load with `weights_only=True` please check the recommended steps in the following error message.
	WeightsUnpickler error: Unsupported global: GLOBAL numpy.core.multiarray._reconstruct was not an allowed global by default. Please use `torch.serialization.add_safe_globals([numpy.core.multiarray._reconstruct])` or the `torch.serialization.safe_globals([numpy.core.multiarray._reconstruct])` context manager to allowlist this global if you trust this class/function.

Check the documentation of torch.load to learn more about types accepted by default with weights_only https://pytorch.org/docs/stable/generated/torch.load.html.
[2026-09-14 16:16:08] Sleeping for 1800s until next check...
[2026-09-14 16:46:08] --- Periodic Check Tick (2026-09-14 16:46:08) ---
[2026-09-14 16:46:08] Evaluating Push-T latest checkpoint...
[2026-09-14 16:46:08] Error evaluating Push-T: Weights only load failed. This file can still be loaded, to do so you have two options, [1mdo those steps only if you trust the source of the checkpoint[0m. 
	(1) In PyTorch 2.6, we changed the default value of the `weights_only` argument in `torch.load` from `False` to `True`. Re-running `torch.load` with `weights_only` set to `False` will likely succeed, but it can result in arbitrary code execution. Do it only if you got the file from a trusted source.
	(2) Alternatively, to load with `weights_only=True` please check the recommended steps in the following error message.
	WeightsUnpickler error: Unsupported global: GLOBAL numpy._core.multiarray._reconstruct was not an allowed global by default. Please use `torch.serialization.add_safe_globals([numpy._core.multiarray._reconstruct])` or the `torch.serialization.safe_globals([numpy._core.multiarray._reconstruct])` context manager to allowlist this global if you trust this class/function.

Check the documentation of torch.load to learn more about types accepted by default with weights_only https://pytorch.org/docs/stable/generated/torch.load.html.
[2026-09-14 16:46:08] Evaluating RoboCasa CloseSingleDoor latest checkpoint...
[2026-09-14 16:46:08] Error evaluating RC-CloseSingleDoor: Weights only load failed. This file can still be loaded, to do so you have two options, [1mdo those steps only if you trust the source of the checkpoint[0m. 
	(1) In PyTorch 2.6, we changed the default value of the `weights_only` argument in `torch.load` from `False` to `True`. Re-running `torch.load` with `weights_only` set to `False` will likely succeed, but it can result in arbitrary code execution. Do it only if you got the file from a trusted source.
	(2) Alternatively, to load with `weights_only=True` please check the recommended steps in the following error message.
	WeightsUnpickler error: Unsupported global: GLOBAL numpy.core.multiarray._reconstruct was not an allowed global by default. Please use `torch.serialization.add_safe_globals([numpy.core.multiarray._reconstruct])` or the `torch.serialization.safe_globals([numpy.core.multiarray._reconstruct])` context manager to allowlist this global if you trust this class/function.

Check the documentation of torch.load to learn more about types accepted by default with weights_only https://pytorch.org/docs/stable/generated/torch.load.html.
[2026-09-14 16:46:08] Sleeping for 1800s until next check...
[2026-09-14 17:16:08] --- Periodic Check Tick (2026-09-14 17:16:08) ---
[2026-09-14 17:16:08] Evaluating Push-T latest checkpoint...
[2026-09-14 17:16:08] Error evaluating Push-T: Weights only load failed. This file can still be loaded, to do so you have two options, [1mdo those steps only if you trust the source of the checkpoint[0m. 
	(1) In PyTorch 2.6, we changed the default value of the `weights_only` argument in `torch.load` from `False` to `True`. Re-running `torch.load` with `weights_only` set to `False` will likely succeed, but it can result in arbitrary code execution. Do it only if you got the file from a trusted source.
	(2) Alternatively, to load with `weights_only=True` please check the recommended steps in the following error message.
	WeightsUnpickler error: Unsupported global: GLOBAL numpy._core.multiarray._reconstruct was not an allowed global by default. Please use `torch.serialization.add_safe_globals([numpy._core.multiarray._reconstruct])` or the `torch.serialization.safe_globals([numpy._core.multiarray._reconstruct])` context manager to allowlist this global if you trust this class/function.

Check the documentation of torch.load to learn more about types accepted by default with weights_only https://pytorch.org/docs/stable/generated/torch.load.html.
[2026-09-14 17:16:08] Evaluating RoboCasa CloseSingleDoor latest checkpoint...
[2026-09-14 17:16:08] Error evaluating RC-CloseSingleDoor: Weights only load failed. This file can still be loaded, to do so you have two options, [1mdo those steps only if you trust the source of the checkpoint[0m. 
	(1) In PyTorch 2.6, we changed the default value of the `weights_only` argument in `torch.load` from `False` to `True`. Re-running `torch.load` with `weights_only` set to `False` will likely succeed, but it can result in arbitrary code execution. Do it only if you got the file from a trusted source.
	(2) Alternatively, to load with `weights_only=True` please check the recommended steps in the following error message.
	WeightsUnpickler error: Unsupported global: GLOBAL numpy.core.multiarray._reconstruct was not an allowed global by default. Please use `torch.serialization.add_safe_globals([numpy.core.multiarray._reconstruct])` or the `torch.serialization.safe_globals([numpy.core.multiarray._reconstruct])` context manager to allowlist this global if you trust this class/function.

Check the documentation of torch.load to learn more about types accepted by default with weights_only https://pytorch.org/docs/stable/generated/torch.load.html.
[2026-09-14 17:16:08] Sleeping for 1800s until next check...
[2026-09-14 17:46:08] --- Periodic Check Tick (2026-09-14 17:46:08) ---
[2026-09-14 17:46:08] Evaluating Push-T latest checkpoint...
[2026-09-14 17:46:08] Error evaluating Push-T: Weights only load failed. This file can still be loaded, to do so you have two options, [1mdo those steps only if you trust the source of the checkpoint[0m. 
	(1) In PyTorch 2.6, we changed the default value of the `weights_only` argument in `torch.load` from `False` to `True`. Re-running `torch.load` with `weights_only` set to `False` will likely succeed, but it can result in arbitrary code execution. Do it only if you got the file from a trusted source.
	(2) Alternatively, to load with `weights_only=True` please check the recommended steps in the following error message.
	WeightsUnpickler error: Unsupported global: GLOBAL numpy._core.multiarray._reconstruct was not an allowed global by default. Please use `torch.serialization.add_safe_globals([numpy._core.multiarray._reconstruct])` or the `torch.serialization.safe_globals([numpy._core.multiarray._reconstruct])` context manager to allowlist this global if you trust this class/function.

Check the documentation of torch.load to learn more about types accepted by default with weights_only https://pytorch.org/docs/stable/generated/torch.load.html.
[2026-09-14 17:46:08] Evaluating RoboCasa CloseSingleDoor latest checkpoint...
[2026-09-14 17:46:08] Error evaluating RC-CloseSingleDoor: Weights only load failed. This file can still be loaded, to do so you have two options, [1mdo those steps only if you trust the source of the checkpoint[0m. 
	(1) In PyTorch 2.6, we changed the default value of the `weights_only` argument in `torch.load` from `False` to `True`. Re-running `torch.load` with `weights_only` set to `False` will likely succeed, but it can result in arbitrary code execution. Do it only if you got the file from a trusted source.
	(2) Alternatively, to load with `weights_only=True` please check the recommended steps in the following error message.
	WeightsUnpickler error: Unsupported global: GLOBAL numpy.core.multiarray._reconstruct was not an allowed global by default. Please use `torch.serialization.add_safe_globals([numpy.core.multiarray._reconstruct])` or the `torch.serialization.safe_globals([numpy.core.multiarray._reconstruct])` context manager to allowlist this global if you trust this class/function.

Check the documentation of torch.load to learn more about types accepted by default with weights_only https://pytorch.org/docs/stable/generated/torch.load.html.
[2026-09-14 17:46:08] Sleeping for 1800s until next check...
[2026-09-14 18:16:08] --- Periodic Check Tick (2026-09-14 18:16:08) ---
[2026-09-14 18:16:08] Evaluating Push-T latest checkpoint...
[2026-09-14 18:16:08] Error evaluating Push-T: Weights only load failed. This file can still be loaded, to do so you have two options, [1mdo those steps only if you trust the source of the checkpoint[0m. 
	(1) In PyTorch 2.6, we changed the default value of the `weights_only` argument in `torch.load` from `False` to `True`. Re-running `torch.load` with `weights_only` set to `False` will likely succeed, but it can result in arbitrary code execution. Do it only if you got the file from a trusted source.
	(2) Alternatively, to load with `weights_only=True` please check the recommended steps in the following error message.
	WeightsUnpickler error: Unsupported global: GLOBAL numpy._core.multiarray._reconstruct was not an allowed global by default. Please use `torch.serialization.add_safe_globals([numpy._core.multiarray._reconstruct])` or the `torch.serialization.safe_globals([numpy._core.multiarray._reconstruct])` context manager to allowlist this global if you trust this class/function.

Check the documentation of torch.load to learn more about types accepted by default with weights_only https://pytorch.org/docs/stable/generated/torch.load.html.
[2026-09-14 18:16:08] Evaluating RoboCasa CloseSingleDoor latest checkpoint...
[2026-09-14 18:16:08] Error evaluating RC-CloseSingleDoor: Weights only load failed. This file can still be loaded, to do so you have two options, [1mdo those steps only if you trust the source of the checkpoint[0m. 
	(1) In PyTorch 2.6, we changed the default value of the `weights_only` argument in `torch.load` from `False` to `True`. Re-running `torch.load` with `weights_only` set to `False` will likely succeed, but it can result in arbitrary code execution. Do it only if you got the file from a trusted source.
	(2) Alternatively, to load with `weights_only=True` please check the recommended steps in the following error message.
	WeightsUnpickler error: Unsupported global: GLOBAL numpy.core.multiarray._reconstruct was not an allowed global by default. Please use `torch.serialization.add_safe_globals([numpy.core.multiarray._reconstruct])` or the `torch.serialization.safe_globals([numpy.core.multiarray._reconstruct])` context manager to allowlist this global if you trust this class/function.

Check the documentation of torch.load to learn more about types accepted by default with weights_only https://pytorch.org/docs/stable/generated/torch.load.html.
[2026-09-14 18:16:08] Sleeping for 1800s until next check...
[2026-09-14 18:46:08] --- Periodic Check Tick (2026-09-14 18:46:08) ---
[2026-09-14 18:46:08] Evaluating Push-T latest checkpoint...
[2026-09-14 18:46:08] Error evaluating Push-T: Weights only load failed. This file can still be loaded, to do so you have two options, [1mdo those steps only if you trust the source of the checkpoint[0m. 
	(1) In PyTorch 2.6, we changed the default value of the `weights_only` argument in `torch.load` from `False` to `True`. Re-running `torch.load` with `weights_only` set to `False` will likely succeed, but it can result in arbitrary code execution. Do it only if you got the file from a trusted source.
	(2) Alternatively, to load with `weights_only=True` please check the recommended steps in the following error message.
	WeightsUnpickler error: Unsupported global: GLOBAL numpy._core.multiarray._reconstruct was not an allowed global by default. Please use `torch.serialization.add_safe_globals([numpy._core.multiarray._reconstruct])` or the `torch.serialization.safe_globals([numpy._core.multiarray._reconstruct])` context manager to allowlist this global if you trust this class/function.

Check the documentation of torch.load to learn more about types accepted by default with weights_only https://pytorch.org/docs/stable/generated/torch.load.html.
[2026-09-14 18:46:08] Evaluating RoboCasa CloseSingleDoor latest checkpoint...
[2026-09-14 18:46:08] Error evaluating RC-CloseSingleDoor: Weights only load failed. This file can still be loaded, to do so you have two options, [1mdo those steps only if you trust the source of the checkpoint[0m. 
	(1) In PyTorch 2.6, we changed the default value of the `weights_only` argument in `torch.load` from `False` to `True`. Re-running `torch.load` with `weights_only` set to `False` will likely succeed, but it can result in arbitrary code execution. Do it only if you got the file from a trusted source.
	(2) Alternatively, to load with `weights_only=True` please check the recommended steps in the following error message.
	WeightsUnpickler error: Unsupported global: GLOBAL numpy.core.multiarray._reconstruct was not an allowed global by default. Please use `torch.serialization.add_safe_globals([numpy.core.multiarray._reconstruct])` or the `torch.serialization.safe_globals([numpy.core.multiarray._reconstruct])` context manager to allowlist this global if you trust this class/function.

Check the documentation of torch.load to learn more about types accepted by default with weights_only https://pytorch.org/docs/stable/generated/torch.load.html.
[2026-09-14 18:46:08] Sleeping for 1800s until next check...
[2026-09-14 19:16:08] --- Periodic Check Tick (2026-09-14 19:16:08) ---
[2026-09-14 19:16:08] Evaluating Push-T latest checkpoint...
[2026-09-14 19:16:08] Error evaluating Push-T: Weights only load failed. This file can still be loaded, to do so you have two options, [1mdo those steps only if you trust the source of the checkpoint[0m. 
	(1) In PyTorch 2.6, we changed the default value of the `weights_only` argument in `torch.load` from `False` to `True`. Re-running `torch.load` with `weights_only` set to `False` will likely succeed, but it can result in arbitrary code execution. Do it only if you got the file from a trusted source.
	(2) Alternatively, to load with `weights_only=True` please check the recommended steps in the following error message.
	WeightsUnpickler error: Unsupported global: GLOBAL numpy._core.multiarray._reconstruct was not an allowed global by default. Please use `torch.serialization.add_safe_globals([numpy._core.multiarray._reconstruct])` or the `torch.serialization.safe_globals([numpy._core.multiarray._reconstruct])` context manager to allowlist this global if you trust this class/function.

Check the documentation of torch.load to learn more about types accepted by default with weights_only https://pytorch.org/docs/stable/generated/torch.load.html.
[2026-09-14 19:16:08] Evaluating RoboCasa CloseSingleDoor latest checkpoint...
[2026-09-14 19:16:08] Error evaluating RC-CloseSingleDoor: Weights only load failed. This file can still be loaded, to do so you have two options, [1mdo those steps only if you trust the source of the checkpoint[0m. 
	(1) In PyTorch 2.6, we changed the default value of the `weights_only` argument in `torch.load` from `False` to `True`. Re-running `torch.load` with `weights_only` set to `False` will likely succeed, but it can result in arbitrary code execution. Do it only if you got the file from a trusted source.
	(2) Alternatively, to load with `weights_only=True` please check the recommended steps in the following error message.
	WeightsUnpickler error: Unsupported global: GLOBAL numpy.core.multiarray._reconstruct was not an allowed global by default. Please use `torch.serialization.add_safe_globals([numpy.core.multiarray._reconstruct])` or the `torch.serialization.safe_globals([numpy.core.multiarray._reconstruct])` context manager to allowlist this global if you trust this class/function.

Check the documentation of torch.load to learn more about types accepted by default with weights_only https://pytorch.org/docs/stable/generated/torch.load.html.
[2026-09-14 19:16:08] Sleeping for 1800s until next check...
[2026-09-14 19:46:08] --- Periodic Check Tick (2026-09-14 19:46:08) ---
[2026-09-14 19:46:08] Evaluating Push-T latest checkpoint...
[2026-09-14 19:46:08] Error evaluating Push-T: Weights only load failed. This file can still be loaded, to do so you have two options, [1mdo those steps only if you trust the source of the checkpoint[0m. 
	(1) In PyTorch 2.6, we changed the default value of the `weights_only` argument in `torch.load` from `False` to `True`. Re-running `torch.load` with `weights_only` set to `False` will likely succeed, but it can result in arbitrary code execution. Do it only if you got the file from a trusted source.
	(2) Alternatively, to load with `weights_only=True` please check the recommended steps in the following error message.
	WeightsUnpickler error: Unsupported global: GLOBAL numpy._core.multiarray._reconstruct was not an allowed global by default. Please use `torch.serialization.add_safe_globals([numpy._core.multiarray._reconstruct])` or the `torch.serialization.safe_globals([numpy._core.multiarray._reconstruct])` context manager to allowlist this global if you trust this class/function.

Check the documentation of torch.load to learn more about types accepted by default with weights_only https://pytorch.org/docs/stable/generated/torch.load.html.
[2026-09-14 19:46:08] Evaluating RoboCasa CloseSingleDoor latest checkpoint...
[2026-09-14 19:46:08] Error evaluating RC-CloseSingleDoor: Weights only load failed. This file can still be loaded, to do so you have two options, [1mdo those steps only if you trust the source of the checkpoint[0m. 
	(1) In PyTorch 2.6, we changed the default value of the `weights_only` argument in `torch.load` from `False` to `True`. Re-running `torch.load` with `weights_only` set to `False` will likely succeed, but it can result in arbitrary code execution. Do it only if you got the file from a trusted source.
	(2) Alternatively, to load with `weights_only=True` please check the recommended steps in the following error message.
	WeightsUnpickler error: Unsupported global: GLOBAL numpy.core.multiarray._reconstruct was not an allowed global by default. Please use `torch.serialization.add_safe_globals([numpy.core.multiarray._reconstruct])` or the `torch.serialization.safe_globals([numpy.core.multiarray._reconstruct])` context manager to allowlist this global if you trust this class/function.

Check the documentation of torch.load to learn more about types accepted by default with weights_only https://pytorch.org/docs/stable/generated/torch.load.html.
[2026-09-14 19:46:08] Sleeping for 1800s until next check...
[2026-09-14 20:16:08] --- Periodic Check Tick (2026-09-14 20:16:08) ---
[2026-09-14 20:16:08] Evaluating Push-T latest checkpoint...
[2026-09-14 20:16:08] Error evaluating Push-T: Weights only load failed. This file can still be loaded, to do so you have two options, [1mdo those steps only if you trust the source of the checkpoint[0m. 
	(1) In PyTorch 2.6, we changed the default value of the `weights_only` argument in `torch.load` from `False` to `True`. Re-running `torch.load` with `weights_only` set to `False` will likely succeed, but it can result in arbitrary code execution. Do it only if you got the file from a trusted source.
	(2) Alternatively, to load with `weights_only=True` please check the recommended steps in the following error message.
	WeightsUnpickler error: Unsupported global: GLOBAL numpy._core.multiarray._reconstruct was not an allowed global by default. Please use `torch.serialization.add_safe_globals([numpy._core.multiarray._reconstruct])` or the `torch.serialization.safe_globals([numpy._core.multiarray._reconstruct])` context manager to allowlist this global if you trust this class/function.

Check the documentation of torch.load to learn more about types accepted by default with weights_only https://pytorch.org/docs/stable/generated/torch.load.html.
[2026-09-14 20:16:08] Evaluating RoboCasa CloseSingleDoor latest checkpoint...
[2026-09-14 20:16:08] Error evaluating RC-CloseSingleDoor: Weights only load failed. This file can still be loaded, to do so you have two options, [1mdo those steps only if you trust the source of the checkpoint[0m. 
	(1) In PyTorch 2.6, we changed the default value of the `weights_only` argument in `torch.load` from `False` to `True`. Re-running `torch.load` with `weights_only` set to `False` will likely succeed, but it can result in arbitrary code execution. Do it only if you got the file from a trusted source.
	(2) Alternatively, to load with `weights_only=True` please check the recommended steps in the following error message.
	WeightsUnpickler error: Unsupported global: GLOBAL numpy.core.multiarray._reconstruct was not an allowed global by default. Please use `torch.serialization.add_safe_globals([numpy.core.multiarray._reconstruct])` or the `torch.serialization.safe_globals([numpy.core.multiarray._reconstruct])` context manager to allowlist this global if you trust this class/function.

Check the documentation of torch.load to learn more about types accepted by default with weights_only https://pytorch.org/docs/stable/generated/torch.load.html.
[2026-09-14 20:16:08] Sleeping for 1800s until next check...
[2026-09-14 20:46:08] --- Periodic Check Tick (2026-09-14 20:46:08) ---
[2026-09-14 20:46:08] Evaluating Push-T latest checkpoint...
[2026-09-14 20:46:08] Error evaluating Push-T: Weights only load failed. This file can still be loaded, to do so you have two options, [1mdo those steps only if you trust the source of the checkpoint[0m. 
	(1) In PyTorch 2.6, we changed the default value of the `weights_only` argument in `torch.load` from `False` to `True`. Re-running `torch.load` with `weights_only` set to `False` will likely succeed, but it can result in arbitrary code execution. Do it only if you got the file from a trusted source.
	(2) Alternatively, to load with `weights_only=True` please check the recommended steps in the following error message.
	WeightsUnpickler error: Unsupported global: GLOBAL numpy._core.multiarray._reconstruct was not an allowed global by default. Please use `torch.serialization.add_safe_globals([numpy._core.multiarray._reconstruct])` or the `torch.serialization.safe_globals([numpy._core.multiarray._reconstruct])` context manager to allowlist this global if you trust this class/function.

Check the documentation of torch.load to learn more about types accepted by default with weights_only https://pytorch.org/docs/stable/generated/torch.load.html.
[2026-09-14 20:46:08] Evaluating RoboCasa CloseSingleDoor latest checkpoint...
[2026-09-14 20:46:08] Error evaluating RC-CloseSingleDoor: Weights only load failed. This file can still be loaded, to do so you have two options, [1mdo those steps only if you trust the source of the checkpoint[0m. 
	(1) In PyTorch 2.6, we changed the default value of the `weights_only` argument in `torch.load` from `False` to `True`. Re-running `torch.load` with `weights_only` set to `False` will likely succeed, but it can result in arbitrary code execution. Do it only if you got the file from a trusted source.
	(2) Alternatively, to load with `weights_only=True` please check the recommended steps in the following error message.
	WeightsUnpickler error: Unsupported global: GLOBAL numpy.core.multiarray._reconstruct was not an allowed global by default. Please use `torch.serialization.add_safe_globals([numpy.core.multiarray._reconstruct])` or the `torch.serialization.safe_globals([numpy.core.multiarray._reconstruct])` context manager to allowlist this global if you trust this class/function.

Check the documentation of torch.load to learn more about types accepted by default with weights_only https://pytorch.org/docs/stable/generated/torch.load.html.
[2026-09-14 20:46:08] Sleeping for 1800s until next check...
[2026-09-14 21:16:08] --- Periodic Check Tick (2026-09-14 21:16:08) ---
[2026-09-14 21:16:08] Evaluating Push-T latest checkpoint...
[2026-09-14 21:16:08] Error evaluating Push-T: Weights only load failed. This file can still be loaded, to do so you have two options, [1mdo those steps only if you trust the source of the checkpoint[0m. 
	(1) In PyTorch 2.6, we changed the default value of the `weights_only` argument in `torch.load` from `False` to `True`. Re-running `torch.load` with `weights_only` set to `False` will likely succeed, but it can result in arbitrary code execution. Do it only if you got the file from a trusted source.
	(2) Alternatively, to load with `weights_only=True` please check the recommended steps in the following error message.
	WeightsUnpickler error: Unsupported global: GLOBAL numpy._core.multiarray._reconstruct was not an allowed global by default. Please use `torch.serialization.add_safe_globals([numpy._core.multiarray._reconstruct])` or the `torch.serialization.safe_globals([numpy._core.multiarray._reconstruct])` context manager to allowlist this global if you trust this class/function.

Check the documentation of torch.load to learn more about types accepted by default with weights_only https://pytorch.org/docs/stable/generated/torch.load.html.
[2026-09-14 21:16:08] Evaluating RoboCasa CloseSingleDoor latest checkpoint...
[2026-09-14 21:16:08] Error evaluating RC-CloseSingleDoor: Weights only load failed. This file can still be loaded, to do so you have two options, [1mdo those steps only if you trust the source of the checkpoint[0m. 
	(1) In PyTorch 2.6, we changed the default value of the `weights_only` argument in `torch.load` from `False` to `True`. Re-running `torch.load` with `weights_only` set to `False` will likely succeed, but it can result in arbitrary code execution. Do it only if you got the file from a trusted source.
	(2) Alternatively, to load with `weights_only=True` please check the recommended steps in the following error message.
	WeightsUnpickler error: Unsupported global: GLOBAL numpy.core.multiarray._reconstruct was not an allowed global by default. Please use `torch.serialization.add_safe_globals([numpy.core.multiarray._reconstruct])` or the `torch.serialization.safe_globals([numpy.core.multiarray._reconstruct])` context manager to allowlist this global if you trust this class/function.

Check the documentation of torch.load to learn more about types accepted by default with weights_only https://pytorch.org/docs/stable/generated/torch.load.html.
[2026-09-14 21:16:08] Sleeping for 1800s until next check...
[2026-09-14 21:46:08] --- Periodic Check Tick (2026-09-14 21:46:08) ---
[2026-09-14 21:46:08] Evaluating Push-T latest checkpoint...
[2026-09-14 21:46:08] Error evaluating Push-T: Weights only load failed. This file can still be loaded, to do so you have two options, [1mdo those steps only if you trust the source of the checkpoint[0m. 
	(1) In PyTorch 2.6, we changed the default value of the `weights_only` argument in `torch.load` from `False` to `True`. Re-running `torch.load` with `weights_only` set to `False` will likely succeed, but it can result in arbitrary code execution. Do it only if you got the file from a trusted source.
	(2) Alternatively, to load with `weights_only=True` please check the recommended steps in the following error message.
	WeightsUnpickler error: Unsupported global: GLOBAL numpy._core.multiarray._reconstruct was not an allowed global by default. Please use `torch.serialization.add_safe_globals([numpy._core.multiarray._reconstruct])` or the `torch.serialization.safe_globals([numpy._core.multiarray._reconstruct])` context manager to allowlist this global if you trust this class/function.

Check the documentation of torch.load to learn more about types accepted by default with weights_only https://pytorch.org/docs/stable/generated/torch.load.html.
[2026-09-14 21:46:08] Evaluating RoboCasa CloseSingleDoor latest checkpoint...
[2026-09-14 21:46:08] Error evaluating RC-CloseSingleDoor: Weights only load failed. This file can still be loaded, to do so you have two options, [1mdo those steps only if you trust the source of the checkpoint[0m. 
	(1) In PyTorch 2.6, we changed the default value of the `weights_only` argument in `torch.load` from `False` to `True`. Re-running `torch.load` with `weights_only` set to `False` will likely succeed, but it can result in arbitrary code execution. Do it only if you got the file from a trusted source.
	(2) Alternatively, to load with `weights_only=True` please check the recommended steps in the following error message.
	WeightsUnpickler error: Unsupported global: GLOBAL numpy.core.multiarray._reconstruct was not an allowed global by default. Please use `torch.serialization.add_safe_globals([numpy.core.multiarray._reconstruct])` or the `torch.serialization.safe_globals([numpy.core.multiarray._reconstruct])` context manager to allowlist this global if you trust this class/function.

Check the documentation of torch.load to learn more about types accepted by default with weights_only https://pytorch.org/docs/stable/generated/torch.load.html.
[2026-09-14 21:46:08] Sleeping for 1800s until next check...
[2026-09-14 22:16:08] --- Periodic Check Tick (2026-09-14 22:16:08) ---
[2026-09-14 22:16:08] Evaluating Push-T latest checkpoint...
[2026-09-14 22:16:08] Error evaluating Push-T: Weights only load failed. This file can still be loaded, to do so you have two options, [1mdo those steps only if you trust the source of the checkpoint[0m. 
	(1) In PyTorch 2.6, we changed the default value of the `weights_only` argument in `torch.load` from `False` to `True`. Re-running `torch.load` with `weights_only` set to `False` will likely succeed, but it can result in arbitrary code execution. Do it only if you got the file from a trusted source.
	(2) Alternatively, to load with `weights_only=True` please check the recommended steps in the following error message.
	WeightsUnpickler error: Unsupported global: GLOBAL numpy._core.multiarray._reconstruct was not an allowed global by default. Please use `torch.serialization.add_safe_globals([numpy._core.multiarray._reconstruct])` or the `torch.serialization.safe_globals([numpy._core.multiarray._reconstruct])` context manager to allowlist this global if you trust this class/function.

Check the documentation of torch.load to learn more about types accepted by default with weights_only https://pytorch.org/docs/stable/generated/torch.load.html.
[2026-09-14 22:16:08] Evaluating RoboCasa CloseSingleDoor latest checkpoint...
[2026-09-14 22:16:08] Error evaluating RC-CloseSingleDoor: Weights only load failed. This file can still be loaded, to do so you have two options, [1mdo those steps only if you trust the source of the checkpoint[0m. 
	(1) In PyTorch 2.6, we changed the default value of the `weights_only` argument in `torch.load` from `False` to `True`. Re-running `torch.load` with `weights_only` set to `False` will likely succeed, but it can result in arbitrary code execution. Do it only if you got the file from a trusted source.
	(2) Alternatively, to load with `weights_only=True` please check the recommended steps in the following error message.
	WeightsUnpickler error: Unsupported global: GLOBAL numpy.core.multiarray._reconstruct was not an allowed global by default. Please use `torch.serialization.add_safe_globals([numpy.core.multiarray._reconstruct])` or the `torch.serialization.safe_globals([numpy.core.multiarray._reconstruct])` context manager to allowlist this global if you trust this class/function.

Check the documentation of torch.load to learn more about types accepted by default with weights_only https://pytorch.org/docs/stable/generated/torch.load.html.
[2026-09-14 22:16:08] Sleeping for 1800s until next check...
[2026-09-14 22:46:08] --- Periodic Check Tick (2026-09-14 22:46:08) ---
[2026-09-14 22:46:08] Evaluating Push-T latest checkpoint...
[2026-09-14 22:46:08] Error evaluating Push-T: Weights only load failed. This file can still be loaded, to do so you have two options, [1mdo those steps only if you trust the source of the checkpoint[0m. 
	(1) In PyTorch 2.6, we changed the default value of the `weights_only` argument in `torch.load` from `False` to `True`. Re-running `torch.load` with `weights_only` set to `False` will likely succeed, but it can result in arbitrary code execution. Do it only if you got the file from a trusted source.
	(2) Alternatively, to load with `weights_only=True` please check the recommended steps in the following error message.
	WeightsUnpickler error: Unsupported global: GLOBAL numpy._core.multiarray._reconstruct was not an allowed global by default. Please use `torch.serialization.add_safe_globals([numpy._core.multiarray._reconstruct])` or the `torch.serialization.safe_globals([numpy._core.multiarray._reconstruct])` context manager to allowlist this global if you trust this class/function.

Check the documentation of torch.load to learn more about types accepted by default with weights_only https://pytorch.org/docs/stable/generated/torch.load.html.
[2026-09-14 22:46:08] Evaluating RoboCasa CloseSingleDoor latest checkpoint...
[2026-09-14 22:46:08] Error evaluating RC-CloseSingleDoor: Weights only load failed. This file can still be loaded, to do so you have two options, [1mdo those steps only if you trust the source of the checkpoint[0m. 
	(1) In PyTorch 2.6, we changed the default value of the `weights_only` argument in `torch.load` from `False` to `True`. Re-running `torch.load` with `weights_only` set to `False` will likely succeed, but it can result in arbitrary code execution. Do it only if you got the file from a trusted source.
	(2) Alternatively, to load with `weights_only=True` please check the recommended steps in the following error message.
	WeightsUnpickler error: Unsupported global: GLOBAL numpy.core.multiarray._reconstruct was not an allowed global by default. Please use `torch.serialization.add_safe_globals([numpy.core.multiarray._reconstruct])` or the `torch.serialization.safe_globals([numpy.core.multiarray._reconstruct])` context manager to allowlist this global if you trust this class/function.

Check the documentation of torch.load to learn more about types accepted by default with weights_only https://pytorch.org/docs/stable/generated/torch.load.html.
[2026-09-14 22:46:08] Sleeping for 1800s until next check...
[2026-09-14 23:16:08] --- Periodic Check Tick (2026-09-14 23:16:08) ---
[2026-09-14 23:16:08] Evaluating Push-T latest checkpoint...
[2026-09-14 23:16:08] Error evaluating Push-T: Weights only load failed. This file can still be loaded, to do so you have two options, [1mdo those steps only if you trust the source of the checkpoint[0m. 
	(1) In PyTorch 2.6, we changed the default value of the `weights_only` argument in `torch.load` from `False` to `True`. Re-running `torch.load` with `weights_only` set to `False` will likely succeed, but it can result in arbitrary code execution. Do it only if you got the file from a trusted source.
	(2) Alternatively, to load with `weights_only=True` please check the recommended steps in the following error message.
	WeightsUnpickler error: Unsupported global: GLOBAL numpy._core.multiarray._reconstruct was not an allowed global by default. Please use `torch.serialization.add_safe_globals([numpy._core.multiarray._reconstruct])` or the `torch.serialization.safe_globals([numpy._core.multiarray._reconstruct])` context manager to allowlist this global if you trust this class/function.

Check the documentation of torch.load to learn more about types accepted by default with weights_only https://pytorch.org/docs/stable/generated/torch.load.html.
[2026-09-14 23:16:08] Evaluating RoboCasa CloseSingleDoor latest checkpoint...
[2026-09-14 23:16:08] Error evaluating RC-CloseSingleDoor: Weights only load failed. This file can still be loaded, to do so you have two options, [1mdo those steps only if you trust the source of the checkpoint[0m. 
	(1) In PyTorch 2.6, we changed the default value of the `weights_only` argument in `torch.load` from `False` to `True`. Re-running `torch.load` with `weights_only` set to `False` will likely succeed, but it can result in arbitrary code execution. Do it only if you got the file from a trusted source.
	(2) Alternatively, to load with `weights_only=True` please check the recommended steps in the following error message.
	WeightsUnpickler error: Unsupported global: GLOBAL numpy.core.multiarray._reconstruct was not an allowed global by default. Please use `torch.serialization.add_safe_globals([numpy.core.multiarray._reconstruct])` or the `torch.serialization.safe_globals([numpy.core.multiarray._reconstruct])` context manager to allowlist this global if you trust this class/function.

Check the documentation of torch.load to learn more about types accepted by default with weights_only https://pytorch.org/docs/stable/generated/torch.load.html.
[2026-09-14 23:16:08] Sleeping for 1800s until next check...
[2026-09-14 23:46:08] --- Periodic Check Tick (2026-09-14 23:46:08) ---
[2026-09-14 23:46:08] Evaluating Push-T latest checkpoint...
[2026-09-14 23:46:08] Error evaluating Push-T: Weights only load failed. This file can still be loaded, to do so you have two options, [1mdo those steps only if you trust the source of the checkpoint[0m. 
	(1) In PyTorch 2.6, we changed the default value of the `weights_only` argument in `torch.load` from `False` to `True`. Re-running `torch.load` with `weights_only` set to `False` will likely succeed, but it can result in arbitrary code execution. Do it only if you got the file from a trusted source.
	(2) Alternatively, to load with `weights_only=True` please check the recommended steps in the following error message.
	WeightsUnpickler error: Unsupported global: GLOBAL numpy._core.multiarray._reconstruct was not an allowed global by default. Please use `torch.serialization.add_safe_globals([numpy._core.multiarray._reconstruct])` or the `torch.serialization.safe_globals([numpy._core.multiarray._reconstruct])` context manager to allowlist this global if you trust this class/function.

Check the documentation of torch.load to learn more about types accepted by default with weights_only https://pytorch.org/docs/stable/generated/torch.load.html.
[2026-09-14 23:46:08] Evaluating RoboCasa CloseSingleDoor latest checkpoint...
[2026-09-14 23:46:08] Error evaluating RC-CloseSingleDoor: Weights only load failed. This file can still be loaded, to do so you have two options, [1mdo those steps only if you trust the source of the checkpoint[0m. 
	(1) In PyTorch 2.6, we changed the default value of the `weights_only` argument in `torch.load` from `False` to `True`. Re-running `torch.load` with `weights_only` set to `False` will likely succeed, but it can result in arbitrary code execution. Do it only if you got the file from a trusted source.
	(2) Alternatively, to load with `weights_only=True` please check the recommended steps in the following error message.
	WeightsUnpickler error: Unsupported global: GLOBAL numpy.core.multiarray._reconstruct was not an allowed global by default. Please use `torch.serialization.add_safe_globals([numpy.core.multiarray._reconstruct])` or the `torch.serialization.safe_globals([numpy.core.multiarray._reconstruct])` context manager to allowlist this global if you trust this class/function.

Check the documentation of torch.load to learn more about types accepted by default with weights_only https://pytorch.org/docs/stable/generated/torch.load.html.
[2026-09-14 23:46:08] Sleeping for 1800s until next check...
[2026-09-15 00:16:08] --- Periodic Check Tick (2026-09-15 00:16:08) ---
[2026-09-15 00:16:08] Evaluating Push-T latest checkpoint...
[2026-09-15 00:16:08] Error evaluating Push-T: Weights only load failed. This file can still be loaded, to do so you have two options, [1mdo those steps only if you trust the source of the checkpoint[0m. 
	(1) In PyTorch 2.6, we changed the default value of the `weights_only` argument in `torch.load` from `False` to `True`. Re-running `torch.load` with `weights_only` set to `False` will likely succeed, but it can result in arbitrary code execution. Do it only if you got the file from a trusted source.
	(2) Alternatively, to load with `weights_only=True` please check the recommended steps in the following error message.
	WeightsUnpickler error: Unsupported global: GLOBAL numpy._core.multiarray._reconstruct was not an allowed global by default. Please use `torch.serialization.add_safe_globals([numpy._core.multiarray._reconstruct])` or the `torch.serialization.safe_globals([numpy._core.multiarray._reconstruct])` context manager to allowlist this global if you trust this class/function.

Check the documentation of torch.load to learn more about types accepted by default with weights_only https://pytorch.org/docs/stable/generated/torch.load.html.
[2026-09-15 00:16:08] Evaluating RoboCasa CloseSingleDoor latest checkpoint...
[2026-09-15 00:16:08] Error evaluating RC-CloseSingleDoor: Weights only load failed. This file can still be loaded, to do so you have two options, [1mdo those steps only if you trust the source of the checkpoint[0m. 
	(1) In PyTorch 2.6, we changed the default value of the `weights_only` argument in `torch.load` from `False` to `True`. Re-running `torch.load` with `weights_only` set to `False` will likely succeed, but it can result in arbitrary code execution. Do it only if you got the file from a trusted source.
	(2) Alternatively, to load with `weights_only=True` please check the recommended steps in the following error message.
	WeightsUnpickler error: Unsupported global: GLOBAL numpy.core.multiarray._reconstruct was not an allowed global by default. Please use `torch.serialization.add_safe_globals([numpy.core.multiarray._reconstruct])` or the `torch.serialization.safe_globals([numpy.core.multiarray._reconstruct])` context manager to allowlist this global if you trust this class/function.

Check the documentation of torch.load to learn more about types accepted by default with weights_only https://pytorch.org/docs/stable/generated/torch.load.html.
[2026-09-15 00:16:08] Sleeping for 1800s until next check...
[2026-09-15 00:46:08] --- Periodic Check Tick (2026-09-15 00:46:08) ---
[2026-09-15 00:46:08] Evaluating Push-T latest checkpoint...
[2026-09-15 00:46:08] Error evaluating Push-T: Weights only load failed. This file can still be loaded, to do so you have two options, [1mdo those steps only if you trust the source of the checkpoint[0m. 
	(1) In PyTorch 2.6, we changed the default value of the `weights_only` argument in `torch.load` from `False` to `True`. Re-running `torch.load` with `weights_only` set to `False` will likely succeed, but it can result in arbitrary code execution. Do it only if you got the file from a trusted source.
	(2) Alternatively, to load with `weights_only=True` please check the recommended steps in the following error message.
	WeightsUnpickler error: Unsupported global: GLOBAL numpy._core.multiarray._reconstruct was not an allowed global by default. Please use `torch.serialization.add_safe_globals([numpy._core.multiarray._reconstruct])` or the `torch.serialization.safe_globals([numpy._core.multiarray._reconstruct])` context manager to allowlist this global if you trust this class/function.

Check the documentation of torch.load to learn more about types accepted by default with weights_only https://pytorch.org/docs/stable/generated/torch.load.html.
[2026-09-15 00:46:08] Evaluating RoboCasa CloseSingleDoor latest checkpoint...
[2026-09-15 00:46:08] Error evaluating RC-CloseSingleDoor: Weights only load failed. This file can still be loaded, to do so you have two options, [1mdo those steps only if you trust the source of the checkpoint[0m. 
	(1) In PyTorch 2.6, we changed the default value of the `weights_only` argument in `torch.load` from `False` to `True`. Re-running `torch.load` with `weights_only` set to `False` will likely succeed, but it can result in arbitrary code execution. Do it only if you got the file from a trusted source.
	(2) Alternatively, to load with `weights_only=True` please check the recommended steps in the following error message.
	WeightsUnpickler error: Unsupported global: GLOBAL numpy.core.multiarray._reconstruct was not an allowed global by default. Please use `torch.serialization.add_safe_globals([numpy.core.multiarray._reconstruct])` or the `torch.serialization.safe_globals([numpy.core.multiarray._reconstruct])` context manager to allowlist this global if you trust this class/function.

Check the documentation of torch.load to learn more about types accepted by default with weights_only https://pytorch.org/docs/stable/generated/torch.load.html.
[2026-09-15 00:46:08] Sleeping for 1800s until next check...
[2026-09-15 01:16:08] --- Periodic Check Tick (2026-09-15 01:16:08) ---
[2026-09-15 01:16:08] Evaluating Push-T latest checkpoint...
[2026-09-15 01:16:08] Error evaluating Push-T: Weights only load failed. This file can still be loaded, to do so you have two options, [1mdo those steps only if you trust the source of the checkpoint[0m. 
	(1) In PyTorch 2.6, we changed the default value of the `weights_only` argument in `torch.load` from `False` to `True`. Re-running `torch.load` with `weights_only` set to `False` will likely succeed, but it can result in arbitrary code execution. Do it only if you got the file from a trusted source.
	(2) Alternatively, to load with `weights_only=True` please check the recommended steps in the following error message.
	WeightsUnpickler error: Unsupported global: GLOBAL numpy._core.multiarray._reconstruct was not an allowed global by default. Please use `torch.serialization.add_safe_globals([numpy._core.multiarray._reconstruct])` or the `torch.serialization.safe_globals([numpy._core.multiarray._reconstruct])` context manager to allowlist this global if you trust this class/function.

Check the documentation of torch.load to learn more about types accepted by default with weights_only https://pytorch.org/docs/stable/generated/torch.load.html.
[2026-09-15 01:16:08] Evaluating RoboCasa CloseSingleDoor latest checkpoint...
[2026-09-15 01:16:08] Error evaluating RC-CloseSingleDoor: Weights only load failed. This file can still be loaded, to do so you have two options, [1mdo those steps only if you trust the source of the checkpoint[0m. 
	(1) In PyTorch 2.6, we changed the default value of the `weights_only` argument in `torch.load` from `False` to `True`. Re-running `torch.load` with `weights_only` set to `False` will likely succeed, but it can result in arbitrary code execution. Do it only if you got the file from a trusted source.
	(2) Alternatively, to load with `weights_only=True` please check the recommended steps in the following error message.
	WeightsUnpickler error: Unsupported global: GLOBAL numpy.core.multiarray._reconstruct was not an allowed global by default. Please use `torch.serialization.add_safe_globals([numpy.core.multiarray._reconstruct])` or the `torch.serialization.safe_globals([numpy.core.multiarray._reconstruct])` context manager to allowlist this global if you trust this class/function.

Check the documentation of torch.load to learn more about types accepted by default with weights_only https://pytorch.org/docs/stable/generated/torch.load.html.
[2026-09-15 01:16:08] Sleeping for 1800s until next check...
[2026-09-15 01:46:08] --- Periodic Check Tick (2026-09-15 01:46:08) ---
[2026-09-15 01:46:08] Evaluating Push-T latest checkpoint...
[2026-09-15 01:46:08] Error evaluating Push-T: Weights only load failed. This file can still be loaded, to do so you have two options, [1mdo those steps only if you trust the source of the checkpoint[0m. 
	(1) In PyTorch 2.6, we changed the default value of the `weights_only` argument in `torch.load` from `False` to `True`. Re-running `torch.load` with `weights_only` set to `False` will likely succeed, but it can result in arbitrary code execution. Do it only if you got the file from a trusted source.
	(2) Alternatively, to load with `weights_only=True` please check the recommended steps in the following error message.
	WeightsUnpickler error: Unsupported global: GLOBAL numpy._core.multiarray._reconstruct was not an allowed global by default. Please use `torch.serialization.add_safe_globals([numpy._core.multiarray._reconstruct])` or the `torch.serialization.safe_globals([numpy._core.multiarray._reconstruct])` context manager to allowlist this global if you trust this class/function.

Check the documentation of torch.load to learn more about types accepted by default with weights_only https://pytorch.org/docs/stable/generated/torch.load.html.
[2026-09-15 01:46:08] Evaluating RoboCasa CloseSingleDoor latest checkpoint...
[2026-09-15 01:46:08] Error evaluating RC-CloseSingleDoor: Weights only load failed. This file can still be loaded, to do so you have two options, [1mdo those steps only if you trust the source of the checkpoint[0m. 
	(1) In PyTorch 2.6, we changed the default value of the `weights_only` argument in `torch.load` from `False` to `True`. Re-running `torch.load` with `weights_only` set to `False` will likely succeed, but it can result in arbitrary code execution. Do it only if you got the file from a trusted source.
	(2) Alternatively, to load with `weights_only=True` please check the recommended steps in the following error message.
	WeightsUnpickler error: Unsupported global: GLOBAL numpy.core.multiarray._reconstruct was not an allowed global by default. Please use `torch.serialization.add_safe_globals([numpy.core.multiarray._reconstruct])` or the `torch.serialization.safe_globals([numpy.core.multiarray._reconstruct])` context manager to allowlist this global if you trust this class/function.

Check the documentation of torch.load to learn more about types accepted by default with weights_only https://pytorch.org/docs/stable/generated/torch.load.html.
[2026-09-15 01:46:08] Sleeping for 1800s until next check...
[2026-09-15 02:16:08] --- Periodic Check Tick (2026-09-15 02:16:08) ---
[2026-09-15 02:16:08] Evaluating Push-T latest checkpoint...
[2026-09-15 02:16:08] Error evaluating Push-T: Weights only load failed. This file can still be loaded, to do so you have two options, [1mdo those steps only if you trust the source of the checkpoint[0m. 
	(1) In PyTorch 2.6, we changed the default value of the `weights_only` argument in `torch.load` from `False` to `True`. Re-running `torch.load` with `weights_only` set to `False` will likely succeed, but it can result in arbitrary code execution. Do it only if you got the file from a trusted source.
	(2) Alternatively, to load with `weights_only=True` please check the recommended steps in the following error message.
	WeightsUnpickler error: Unsupported global: GLOBAL numpy._core.multiarray._reconstruct was not an allowed global by default. Please use `torch.serialization.add_safe_globals([numpy._core.multiarray._reconstruct])` or the `torch.serialization.safe_globals([numpy._core.multiarray._reconstruct])` context manager to allowlist this global if you trust this class/function.

Check the documentation of torch.load to learn more about types accepted by default with weights_only https://pytorch.org/docs/stable/generated/torch.load.html.
[2026-09-15 02:16:08] Evaluating RoboCasa CloseSingleDoor latest checkpoint...
[2026-09-15 02:16:08] Error evaluating RC-CloseSingleDoor: Weights only load failed. This file can still be loaded, to do so you have two options, [1mdo those steps only if you trust the source of the checkpoint[0m. 
	(1) In PyTorch 2.6, we changed the default value of the `weights_only` argument in `torch.load` from `False` to `True`. Re-running `torch.load` with `weights_only` set to `False` will likely succeed, but it can result in arbitrary code execution. Do it only if you got the file from a trusted source.
	(2) Alternatively, to load with `weights_only=True` please check the recommended steps in the following error message.
	WeightsUnpickler error: Unsupported global: GLOBAL numpy.core.multiarray._reconstruct was not an allowed global by default. Please use `torch.serialization.add_safe_globals([numpy.core.multiarray._reconstruct])` or the `torch.serialization.safe_globals([numpy.core.multiarray._reconstruct])` context manager to allowlist this global if you trust this class/function.

Check the documentation of torch.load to learn more about types accepted by default with weights_only https://pytorch.org/docs/stable/generated/torch.load.html.
[2026-09-15 02:16:08] Sleeping for 1800s until next check...
[2026-09-15 02:46:08] --- Periodic Check Tick (2026-09-15 02:46:08) ---
[2026-09-15 02:46:08] Evaluating Push-T latest checkpoint...
[2026-09-15 02:46:08] Error evaluating Push-T: Weights only load failed. This file can still be loaded, to do so you have two options, [1mdo those steps only if you trust the source of the checkpoint[0m. 
	(1) In PyTorch 2.6, we changed the default value of the `weights_only` argument in `torch.load` from `False` to `True`. Re-running `torch.load` with `weights_only` set to `False` will likely succeed, but it can result in arbitrary code execution. Do it only if you got the file from a trusted source.
	(2) Alternatively, to load with `weights_only=True` please check the recommended steps in the following error message.
	WeightsUnpickler error: Unsupported global: GLOBAL numpy._core.multiarray._reconstruct was not an allowed global by default. Please use `torch.serialization.add_safe_globals([numpy._core.multiarray._reconstruct])` or the `torch.serialization.safe_globals([numpy._core.multiarray._reconstruct])` context manager to allowlist this global if you trust this class/function.

Check the documentation of torch.load to learn more about types accepted by default with weights_only https://pytorch.org/docs/stable/generated/torch.load.html.
[2026-09-15 02:46:08] Evaluating RoboCasa CloseSingleDoor latest checkpoint...
[2026-09-15 02:46:08] Error evaluating RC-CloseSingleDoor: Weights only load failed. This file can still be loaded, to do so you have two options, [1mdo those steps only if you trust the source of the checkpoint[0m. 
	(1) In PyTorch 2.6, we changed the default value of the `weights_only` argument in `torch.load` from `False` to `True`. Re-running `torch.load` with `weights_only` set to `False` will likely succeed, but it can result in arbitrary code execution. Do it only if you got the file from a trusted source.
	(2) Alternatively, to load with `weights_only=True` please check the recommended steps in the following error message.
	WeightsUnpickler error: Unsupported global: GLOBAL numpy.core.multiarray._reconstruct was not an allowed global by default. Please use `torch.serialization.add_safe_globals([numpy.core.multiarray._reconstruct])` or the `torch.serialization.safe_globals([numpy.core.multiarray._reconstruct])` context manager to allowlist this global if you trust this class/function.

Check the documentation of torch.load to learn more about types accepted by default with weights_only https://pytorch.org/docs/stable/generated/torch.load.html.
[2026-09-15 02:46:08] Sleeping for 1800s until next check...
[2026-09-15 03:16:08] --- Periodic Check Tick (2026-09-15 03:16:08) ---
[2026-09-15 03:16:08] Evaluating Push-T latest checkpoint...
[2026-09-15 03:16:08] Error evaluating Push-T: Weights only load failed. This file can still be loaded, to do so you have two options, [1mdo those steps only if you trust the source of the checkpoint[0m. 
	(1) In PyTorch 2.6, we changed the default value of the `weights_only` argument in `torch.load` from `False` to `True`. Re-running `torch.load` with `weights_only` set to `False` will likely succeed, but it can result in arbitrary code execution. Do it only if you got the file from a trusted source.
	(2) Alternatively, to load with `weights_only=True` please check the recommended steps in the following error message.
	WeightsUnpickler error: Unsupported global: GLOBAL numpy._core.multiarray._reconstruct was not an allowed global by default. Please use `torch.serialization.add_safe_globals([numpy._core.multiarray._reconstruct])` or the `torch.serialization.safe_globals([numpy._core.multiarray._reconstruct])` context manager to allowlist this global if you trust this class/function.

Check the documentation of torch.load to learn more about types accepted by default with weights_only https://pytorch.org/docs/stable/generated/torch.load.html.
[2026-09-15 03:16:08] Evaluating RoboCasa CloseSingleDoor latest checkpoint...
[2026-09-15 03:16:08] Error evaluating RC-CloseSingleDoor: Weights only load failed. This file can still be loaded, to do so you have two options, [1mdo those steps only if you trust the source of the checkpoint[0m. 
	(1) In PyTorch 2.6, we changed the default value of the `weights_only` argument in `torch.load` from `False` to `True`. Re-running `torch.load` with `weights_only` set to `False` will likely succeed, but it can result in arbitrary code execution. Do it only if you got the file from a trusted source.
	(2) Alternatively, to load with `weights_only=True` please check the recommended steps in the following error message.
	WeightsUnpickler error: Unsupported global: GLOBAL numpy.core.multiarray._reconstruct was not an allowed global by default. Please use `torch.serialization.add_safe_globals([numpy.core.multiarray._reconstruct])` or the `torch.serialization.safe_globals([numpy.core.multiarray._reconstruct])` context manager to allowlist this global if you trust this class/function.

Check the documentation of torch.load to learn more about types accepted by default with weights_only https://pytorch.org/docs/stable/generated/torch.load.html.
[2026-09-15 03:16:08] Sleeping for 1800s until next check...
[2026-09-15 03:46:08] --- Periodic Check Tick (2026-09-15 03:46:08) ---
[2026-09-15 03:46:08] Evaluating Push-T latest checkpoint...
[2026-09-15 03:46:08] Error evaluating Push-T: Weights only load failed. This file can still be loaded, to do so you have two options, [1mdo those steps only if you trust the source of the checkpoint[0m. 
	(1) In PyTorch 2.6, we changed the default value of the `weights_only` argument in `torch.load` from `False` to `True`. Re-running `torch.load` with `weights_only` set to `False` will likely succeed, but it can result in arbitrary code execution. Do it only if you got the file from a trusted source.
	(2) Alternatively, to load with `weights_only=True` please check the recommended steps in the following error message.
	WeightsUnpickler error: Unsupported global: GLOBAL numpy._core.multiarray._reconstruct was not an allowed global by default. Please use `torch.serialization.add_safe_globals([numpy._core.multiarray._reconstruct])` or the `torch.serialization.safe_globals([numpy._core.multiarray._reconstruct])` context manager to allowlist this global if you trust this class/function.

Check the documentation of torch.load to learn more about types accepted by default with weights_only https://pytorch.org/docs/stable/generated/torch.load.html.
[2026-09-15 03:46:08] Evaluating RoboCasa CloseSingleDoor latest checkpoint...
[2026-09-15 03:46:08] Error evaluating RC-CloseSingleDoor: Weights only load failed. This file can still be loaded, to do so you have two options, [1mdo those steps only if you trust the source of the checkpoint[0m. 
	(1) In PyTorch 2.6, we changed the default value of the `weights_only` argument in `torch.load` from `False` to `True`. Re-running `torch.load` with `weights_only` set to `False` will likely succeed, but it can result in arbitrary code execution. Do it only if you got the file from a trusted source.
	(2) Alternatively, to load with `weights_only=True` please check the recommended steps in the following error message.
	WeightsUnpickler error: Unsupported global: GLOBAL numpy.core.multiarray._reconstruct was not an allowed global by default. Please use `torch.serialization.add_safe_globals([numpy.core.multiarray._reconstruct])` or the `torch.serialization.safe_globals([numpy.core.multiarray._reconstruct])` context manager to allowlist this global if you trust this class/function.

Check the documentation of torch.load to learn more about types accepted by default with weights_only https://pytorch.org/docs/stable/generated/torch.load.html.
[2026-09-15 03:46:08] Sleeping for 1800s until next check...
[2026-09-15 04:16:08] --- Periodic Check Tick (2026-09-15 04:16:08) ---
[2026-09-15 04:16:08] Evaluating Push-T latest checkpoint...
[2026-09-15 04:16:08] Error evaluating Push-T: Weights only load failed. This file can still be loaded, to do so you have two options, [1mdo those steps only if you trust the source of the checkpoint[0m. 
	(1) In PyTorch 2.6, we changed the default value of the `weights_only` argument in `torch.load` from `False` to `True`. Re-running `torch.load` with `weights_only` set to `False` will likely succeed, but it can result in arbitrary code execution. Do it only if you got the file from a trusted source.
	(2) Alternatively, to load with `weights_only=True` please check the recommended steps in the following error message.
	WeightsUnpickler error: Unsupported global: GLOBAL numpy._core.multiarray._reconstruct was not an allowed global by default. Please use `torch.serialization.add_safe_globals([numpy._core.multiarray._reconstruct])` or the `torch.serialization.safe_globals([numpy._core.multiarray._reconstruct])` context manager to allowlist this global if you trust this class/function.

Check the documentation of torch.load to learn more about types accepted by default with weights_only https://pytorch.org/docs/stable/generated/torch.load.html.
[2026-09-15 04:16:08] Evaluating RoboCasa CloseSingleDoor latest checkpoint...
[2026-09-15 04:16:08] Error evaluating RC-CloseSingleDoor: Weights only load failed. This file can still be loaded, to do so you have two options, [1mdo those steps only if you trust the source of the checkpoint[0m. 
	(1) In PyTorch 2.6, we changed the default value of the `weights_only` argument in `torch.load` from `False` to `True`. Re-running `torch.load` with `weights_only` set to `False` will likely succeed, but it can result in arbitrary code execution. Do it only if you got the file from a trusted source.
	(2) Alternatively, to load with `weights_only=True` please check the recommended steps in the following error message.
	WeightsUnpickler error: Unsupported global: GLOBAL numpy.core.multiarray._reconstruct was not an allowed global by default. Please use `torch.serialization.add_safe_globals([numpy.core.multiarray._reconstruct])` or the `torch.serialization.safe_globals([numpy.core.multiarray._reconstruct])` context manager to allowlist this global if you trust this class/function.

Check the documentation of torch.load to learn more about types accepted by default with weights_only https://pytorch.org/docs/stable/generated/torch.load.html.
[2026-09-15 04:16:08] Sleeping for 1800s until next check...
[2026-09-15 04:46:08] --- Periodic Check Tick (2026-09-15 04:46:08) ---
[2026-09-15 04:46:08] Evaluating Push-T latest checkpoint...
[2026-09-15 04:46:08] Error evaluating Push-T: Weights only load failed. This file can still be loaded, to do so you have two options, [1mdo those steps only if you trust the source of the checkpoint[0m. 
	(1) In PyTorch 2.6, we changed the default value of the `weights_only` argument in `torch.load` from `False` to `True`. Re-running `torch.load` with `weights_only` set to `False` will likely succeed, but it can result in arbitrary code execution. Do it only if you got the file from a trusted source.
	(2) Alternatively, to load with `weights_only=True` please check the recommended steps in the following error message.
	WeightsUnpickler error: Unsupported global: GLOBAL numpy._core.multiarray._reconstruct was not an allowed global by default. Please use `torch.serialization.add_safe_globals([numpy._core.multiarray._reconstruct])` or the `torch.serialization.safe_globals([numpy._core.multiarray._reconstruct])` context manager to allowlist this global if you trust this class/function.

Check the documentation of torch.load to learn more about types accepted by default with weights_only https://pytorch.org/docs/stable/generated/torch.load.html.
[2026-09-15 04:46:08] Evaluating RoboCasa CloseSingleDoor latest checkpoint...
[2026-09-15 04:46:08] Error evaluating RC-CloseSingleDoor: Weights only load failed. This file can still be loaded, to do so you have two options, [1mdo those steps only if you trust the source of the checkpoint[0m. 
	(1) In PyTorch 2.6, we changed the default value of the `weights_only` argument in `torch.load` from `False` to `True`. Re-running `torch.load` with `weights_only` set to `False` will likely succeed, but it can result in arbitrary code execution. Do it only if you got the file from a trusted source.
	(2) Alternatively, to load with `weights_only=True` please check the recommended steps in the following error message.
	WeightsUnpickler error: Unsupported global: GLOBAL numpy.core.multiarray._reconstruct was not an allowed global by default. Please use `torch.serialization.add_safe_globals([numpy.core.multiarray._reconstruct])` or the `torch.serialization.safe_globals([numpy.core.multiarray._reconstruct])` context manager to allowlist this global if you trust this class/function.

Check the documentation of torch.load to learn more about types accepted by default with weights_only https://pytorch.org/docs/stable/generated/torch.load.html.
[2026-09-15 04:46:08] Sleeping for 1800s until next check...
[2026-09-15 05:16:08] --- Periodic Check Tick (2026-09-15 05:16:08) ---
[2026-09-15 05:16:08] Evaluating Push-T latest checkpoint...
[2026-09-15 05:16:08] Error evaluating Push-T: Weights only load failed. This file can still be loaded, to do so you have two options, [1mdo those steps only if you trust the source of the checkpoint[0m. 
	(1) In PyTorch 2.6, we changed the default value of the `weights_only` argument in `torch.load` from `False` to `True`. Re-running `torch.load` with `weights_only` set to `False` will likely succeed, but it can result in arbitrary code execution. Do it only if you got the file from a trusted source.
	(2) Alternatively, to load with `weights_only=True` please check the recommended steps in the following error message.
	WeightsUnpickler error: Unsupported global: GLOBAL numpy._core.multiarray._reconstruct was not an allowed global by default. Please use `torch.serialization.add_safe_globals([numpy._core.multiarray._reconstruct])` or the `torch.serialization.safe_globals([numpy._core.multiarray._reconstruct])` context manager to allowlist this global if you trust this class/function.

Check the documentation of torch.load to learn more about types accepted by default with weights_only https://pytorch.org/docs/stable/generated/torch.load.html.
[2026-09-15 05:16:08] Evaluating RoboCasa CloseSingleDoor latest checkpoint...
[2026-09-15 05:16:08] Error evaluating RC-CloseSingleDoor: Weights only load failed. This file can still be loaded, to do so you have two options, [1mdo those steps only if you trust the source of the checkpoint[0m. 
	(1) In PyTorch 2.6, we changed the default value of the `weights_only` argument in `torch.load` from `False` to `True`. Re-running `torch.load` with `weights_only` set to `False` will likely succeed, but it can result in arbitrary code execution. Do it only if you got the file from a trusted source.
	(2) Alternatively, to load with `weights_only=True` please check the recommended steps in the following error message.
	WeightsUnpickler error: Unsupported global: GLOBAL numpy.core.multiarray._reconstruct was not an allowed global by default. Please use `torch.serialization.add_safe_globals([numpy.core.multiarray._reconstruct])` or the `torch.serialization.safe_globals([numpy.core.multiarray._reconstruct])` context manager to allowlist this global if you trust this class/function.

Check the documentation of torch.load to learn more about types accepted by default with weights_only https://pytorch.org/docs/stable/generated/torch.load.html.
[2026-09-15 05:16:08] Sleeping for 1800s until next check...
[2026-09-15 05:46:08] --- Periodic Check Tick (2026-09-15 05:46:08) ---
[2026-09-15 05:46:08] Evaluating Push-T latest checkpoint...
[2026-09-15 05:46:08] Error evaluating Push-T: Weights only load failed. This file can still be loaded, to do so you have two options, [1mdo those steps only if you trust the source of the checkpoint[0m. 
	(1) In PyTorch 2.6, we changed the default value of the `weights_only` argument in `torch.load` from `False` to `True`. Re-running `torch.load` with `weights_only` set to `False` will likely succeed, but it can result in arbitrary code execution. Do it only if you got the file from a trusted source.
	(2) Alternatively, to load with `weights_only=True` please check the recommended steps in the following error message.
	WeightsUnpickler error: Unsupported global: GLOBAL numpy._core.multiarray._reconstruct was not an allowed global by default. Please use `torch.serialization.add_safe_globals([numpy._core.multiarray._reconstruct])` or the `torch.serialization.safe_globals([numpy._core.multiarray._reconstruct])` context manager to allowlist this global if you trust this class/function.

Check the documentation of torch.load to learn more about types accepted by default with weights_only https://pytorch.org/docs/stable/generated/torch.load.html.
[2026-09-15 05:46:08] Evaluating RoboCasa CloseSingleDoor latest checkpoint...
[2026-09-15 05:46:08] Error evaluating RC-CloseSingleDoor: Weights only load failed. This file can still be loaded, to do so you have two options, [1mdo those steps only if you trust the source of the checkpoint[0m. 
	(1) In PyTorch 2.6, we changed the default value of the `weights_only` argument in `torch.load` from `False` to `True`. Re-running `torch.load` with `weights_only` set to `False` will likely succeed, but it can result in arbitrary code execution. Do it only if you got the file from a trusted source.
	(2) Alternatively, to load with `weights_only=True` please check the recommended steps in the following error message.
	WeightsUnpickler error: Unsupported global: GLOBAL numpy.core.multiarray._reconstruct was not an allowed global by default. Please use `torch.serialization.add_safe_globals([numpy.core.multiarray._reconstruct])` or the `torch.serialization.safe_globals([numpy.core.multiarray._reconstruct])` context manager to allowlist this global if you trust this class/function.

Check the documentation of torch.load to learn more about types accepted by default with weights_only https://pytorch.org/docs/stable/generated/torch.load.html.
[2026-09-15 05:46:08] Sleeping for 1800s until next check...
[2026-09-15 06:16:08] --- Periodic Check Tick (2026-09-15 06:16:08) ---
[2026-09-15 06:16:08] Evaluating Push-T latest checkpoint...
[2026-09-15 06:16:08] Error evaluating Push-T: Weights only load failed. This file can still be loaded, to do so you have two options, [1mdo those steps only if you trust the source of the checkpoint[0m. 
	(1) In PyTorch 2.6, we changed the default value of the `weights_only` argument in `torch.load` from `False` to `True`. Re-running `torch.load` with `weights_only` set to `False` will likely succeed, but it can result in arbitrary code execution. Do it only if you got the file from a trusted source.
	(2) Alternatively, to load with `weights_only=True` please check the recommended steps in the following error message.
	WeightsUnpickler error: Unsupported global: GLOBAL numpy._core.multiarray._reconstruct was not an allowed global by default. Please use `torch.serialization.add_safe_globals([numpy._core.multiarray._reconstruct])` or the `torch.serialization.safe_globals([numpy._core.multiarray._reconstruct])` context manager to allowlist this global if you trust this class/function.

Check the documentation of torch.load to learn more about types accepted by default with weights_only https://pytorch.org/docs/stable/generated/torch.load.html.
[2026-09-15 06:16:08] Evaluating RoboCasa CloseSingleDoor latest checkpoint...
[2026-09-15 06:16:08] Error evaluating RC-CloseSingleDoor: Weights only load failed. This file can still be loaded, to do so you have two options, [1mdo those steps only if you trust the source of the checkpoint[0m. 
	(1) In PyTorch 2.6, we changed the default value of the `weights_only` argument in `torch.load` from `False` to `True`. Re-running `torch.load` with `weights_only` set to `False` will likely succeed, but it can result in arbitrary code execution. Do it only if you got the file from a trusted source.
	(2) Alternatively, to load with `weights_only=True` please check the recommended steps in the following error message.
	WeightsUnpickler error: Unsupported global: GLOBAL numpy.core.multiarray._reconstruct was not an allowed global by default. Please use `torch.serialization.add_safe_globals([numpy.core.multiarray._reconstruct])` or the `torch.serialization.safe_globals([numpy.core.multiarray._reconstruct])` context manager to allowlist this global if you trust this class/function.

Check the documentation of torch.load to learn more about types accepted by default with weights_only https://pytorch.org/docs/stable/generated/torch.load.html.
[2026-09-15 06:16:08] Sleeping for 1800s until next check...
[2026-09-15 06:46:08] --- Periodic Check Tick (2026-09-15 06:46:08) ---
[2026-09-15 06:46:08] Evaluating Push-T latest checkpoint...
[2026-09-15 06:46:08] Error evaluating Push-T: Weights only load failed. This file can still be loaded, to do so you have two options, [1mdo those steps only if you trust the source of the checkpoint[0m. 
	(1) In PyTorch 2.6, we changed the default value of the `weights_only` argument in `torch.load` from `False` to `True`. Re-running `torch.load` with `weights_only` set to `False` will likely succeed, but it can result in arbitrary code execution. Do it only if you got the file from a trusted source.
	(2) Alternatively, to load with `weights_only=True` please check the recommended steps in the following error message.
	WeightsUnpickler error: Unsupported global: GLOBAL numpy._core.multiarray._reconstruct was not an allowed global by default. Please use `torch.serialization.add_safe_globals([numpy._core.multiarray._reconstruct])` or the `torch.serialization.safe_globals([numpy._core.multiarray._reconstruct])` context manager to allowlist this global if you trust this class/function.

Check the documentation of torch.load to learn more about types accepted by default with weights_only https://pytorch.org/docs/stable/generated/torch.load.html.
[2026-09-15 06:46:08] Evaluating RoboCasa CloseSingleDoor latest checkpoint...
[2026-09-15 06:46:08] Error evaluating RC-CloseSingleDoor: Weights only load failed. This file can still be loaded, to do so you have two options, [1mdo those steps only if you trust the source of the checkpoint[0m. 
	(1) In PyTorch 2.6, we changed the default value of the `weights_only` argument in `torch.load` from `False` to `True`. Re-running `torch.load` with `weights_only` set to `False` will likely succeed, but it can result in arbitrary code execution. Do it only if you got the file from a trusted source.
	(2) Alternatively, to load with `weights_only=True` please check the recommended steps in the following error message.
	WeightsUnpickler error: Unsupported global: GLOBAL numpy.core.multiarray._reconstruct was not an allowed global by default. Please use `torch.serialization.add_safe_globals([numpy.core.multiarray._reconstruct])` or the `torch.serialization.safe_globals([numpy.core.multiarray._reconstruct])` context manager to allowlist this global if you trust this class/function.

Check the documentation of torch.load to learn more about types accepted by default with weights_only https://pytorch.org/docs/stable/generated/torch.load.html.
[2026-09-15 06:46:08] Sleeping for 1800s until next check...
[2026-09-15 07:16:08] --- Periodic Check Tick (2026-09-15 07:16:08) ---
[2026-09-15 07:16:08] Evaluating Push-T latest checkpoint...
[2026-09-15 07:16:08] Error evaluating Push-T: Weights only load failed. This file can still be loaded, to do so you have two options, [1mdo those steps only if you trust the source of the checkpoint[0m. 
	(1) In PyTorch 2.6, we changed the default value of the `weights_only` argument in `torch.load` from `False` to `True`. Re-running `torch.load` with `weights_only` set to `False` will likely succeed, but it can result in arbitrary code execution. Do it only if you got the file from a trusted source.
	(2) Alternatively, to load with `weights_only=True` please check the recommended steps in the following error message.
	WeightsUnpickler error: Unsupported global: GLOBAL numpy._core.multiarray._reconstruct was not an allowed global by default. Please use `torch.serialization.add_safe_globals([numpy._core.multiarray._reconstruct])` or the `torch.serialization.safe_globals([numpy._core.multiarray._reconstruct])` context manager to allowlist this global if you trust this class/function.

Check the documentation of torch.load to learn more about types accepted by default with weights_only https://pytorch.org/docs/stable/generated/torch.load.html.
[2026-09-15 07:16:08] Evaluating RoboCasa CloseSingleDoor latest checkpoint...
[2026-09-15 07:16:08] Error evaluating RC-CloseSingleDoor: Weights only load failed. This file can still be loaded, to do so you have two options, [1mdo those steps only if you trust the source of the checkpoint[0m. 
	(1) In PyTorch 2.6, we changed the default value of the `weights_only` argument in `torch.load` from `False` to `True`. Re-running `torch.load` with `weights_only` set to `False` will likely succeed, but it can result in arbitrary code execution. Do it only if you got the file from a trusted source.
	(2) Alternatively, to load with `weights_only=True` please check the recommended steps in the following error message.
	WeightsUnpickler error: Unsupported global: GLOBAL numpy.core.multiarray._reconstruct was not an allowed global by default. Please use `torch.serialization.add_safe_globals([numpy.core.multiarray._reconstruct])` or the `torch.serialization.safe_globals([numpy.core.multiarray._reconstruct])` context manager to allowlist this global if you trust this class/function.

Check the documentation of torch.load to learn more about types accepted by default with weights_only https://pytorch.org/docs/stable/generated/torch.load.html.
[2026-09-15 07:16:08] Sleeping for 1800s until next check...
[2026-09-15 07:46:08] --- Periodic Check Tick (2026-09-15 07:46:08) ---
[2026-09-15 07:46:08] Evaluating Push-T latest checkpoint...
[2026-09-15 07:46:08] Error evaluating Push-T: Weights only load failed. This file can still be loaded, to do so you have two options, [1mdo those steps only if you trust the source of the checkpoint[0m. 
	(1) In PyTorch 2.6, we changed the default value of the `weights_only` argument in `torch.load` from `False` to `True`. Re-running `torch.load` with `weights_only` set to `False` will likely succeed, but it can result in arbitrary code execution. Do it only if you got the file from a trusted source.
	(2) Alternatively, to load with `weights_only=True` please check the recommended steps in the following error message.
	WeightsUnpickler error: Unsupported global: GLOBAL numpy._core.multiarray._reconstruct was not an allowed global by default. Please use `torch.serialization.add_safe_globals([numpy._core.multiarray._reconstruct])` or the `torch.serialization.safe_globals([numpy._core.multiarray._reconstruct])` context manager to allowlist this global if you trust this class/function.

Check the documentation of torch.load to learn more about types accepted by default with weights_only https://pytorch.org/docs/stable/generated/torch.load.html.
[2026-09-15 07:46:08] Evaluating RoboCasa CloseSingleDoor latest checkpoint...
[2026-09-15 07:46:08] Error evaluating RC-CloseSingleDoor: Weights only load failed. This file can still be loaded, to do so you have two options, [1mdo those steps only if you trust the source of the checkpoint[0m. 
	(1) In PyTorch 2.6, we changed the default value of the `weights_only` argument in `torch.load` from `False` to `True`. Re-running `torch.load` with `weights_only` set to `False` will likely succeed, but it can result in arbitrary code execution. Do it only if you got the file from a trusted source.
	(2) Alternatively, to load with `weights_only=True` please check the recommended steps in the following error message.
	WeightsUnpickler error: Unsupported global: GLOBAL numpy.core.multiarray._reconstruct was not an allowed global by default. Please use `torch.serialization.add_safe_globals([numpy.core.multiarray._reconstruct])` or the `torch.serialization.safe_globals([numpy.core.multiarray._reconstruct])` context manager to allowlist this global if you trust this class/function.

Check the documentation of torch.load to learn more about types accepted by default with weights_only https://pytorch.org/docs/stable/generated/torch.load.html.
[2026-09-15 07:46:08] Sleeping for 1800s until next check...
[2026-09-15 08:16:08] --- Periodic Check Tick (2026-09-15 08:16:08) ---
[2026-09-15 08:16:08] Evaluating Push-T latest checkpoint...
[2026-09-15 08:16:08] Error evaluating Push-T: Weights only load failed. This file can still be loaded, to do so you have two options, [1mdo those steps only if you trust the source of the checkpoint[0m. 
	(1) In PyTorch 2.6, we changed the default value of the `weights_only` argument in `torch.load` from `False` to `True`. Re-running `torch.load` with `weights_only` set to `False` will likely succeed, but it can result in arbitrary code execution. Do it only if you got the file from a trusted source.
	(2) Alternatively, to load with `weights_only=True` please check the recommended steps in the following error message.
	WeightsUnpickler error: Unsupported global: GLOBAL numpy._core.multiarray._reconstruct was not an allowed global by default. Please use `torch.serialization.add_safe_globals([numpy._core.multiarray._reconstruct])` or the `torch.serialization.safe_globals([numpy._core.multiarray._reconstruct])` context manager to allowlist this global if you trust this class/function.

Check the documentation of torch.load to learn more about types accepted by default with weights_only https://pytorch.org/docs/stable/generated/torch.load.html.
[2026-09-15 08:16:08] Evaluating RoboCasa CloseSingleDoor latest checkpoint...
[2026-09-15 08:16:08] Error evaluating RC-CloseSingleDoor: Weights only load failed. This file can still be loaded, to do so you have two options, [1mdo those steps only if you trust the source of the checkpoint[0m. 
	(1) In PyTorch 2.6, we changed the default value of the `weights_only` argument in `torch.load` from `False` to `True`. Re-running `torch.load` with `weights_only` set to `False` will likely succeed, but it can result in arbitrary code execution. Do it only if you got the file from a trusted source.
	(2) Alternatively, to load with `weights_only=True` please check the recommended steps in the following error message.
	WeightsUnpickler error: Unsupported global: GLOBAL numpy.core.multiarray._reconstruct was not an allowed global by default. Please use `torch.serialization.add_safe_globals([numpy.core.multiarray._reconstruct])` or the `torch.serialization.safe_globals([numpy.core.multiarray._reconstruct])` context manager to allowlist this global if you trust this class/function.

Check the documentation of torch.load to learn more about types accepted by default with weights_only https://pytorch.org/docs/stable/generated/torch.load.html.
[2026-09-15 08:16:08] Sleeping for 1800s until next check...
[2026-09-15 08:46:08] --- Periodic Check Tick (2026-09-15 08:46:08) ---
[2026-09-15 08:46:08] Evaluating Push-T latest checkpoint...
[2026-09-15 08:46:08] Error evaluating Push-T: Weights only load failed. This file can still be loaded, to do so you have two options, [1mdo those steps only if you trust the source of the checkpoint[0m. 
	(1) In PyTorch 2.6, we changed the default value of the `weights_only` argument in `torch.load` from `False` to `True`. Re-running `torch.load` with `weights_only` set to `False` will likely succeed, but it can result in arbitrary code execution. Do it only if you got the file from a trusted source.
	(2) Alternatively, to load with `weights_only=True` please check the recommended steps in the following error message.
	WeightsUnpickler error: Unsupported global: GLOBAL numpy._core.multiarray._reconstruct was not an allowed global by default. Please use `torch.serialization.add_safe_globals([numpy._core.multiarray._reconstruct])` or the `torch.serialization.safe_globals([numpy._core.multiarray._reconstruct])` context manager to allowlist this global if you trust this class/function.

Check the documentation of torch.load to learn more about types accepted by default with weights_only https://pytorch.org/docs/stable/generated/torch.load.html.
[2026-09-15 08:46:08] Evaluating RoboCasa CloseSingleDoor latest checkpoint...
[2026-09-15 08:46:08] Error evaluating RC-CloseSingleDoor: Weights only load failed. This file can still be loaded, to do so you have two options, [1mdo those steps only if you trust the source of the checkpoint[0m. 
	(1) In PyTorch 2.6, we changed the default value of the `weights_only` argument in `torch.load` from `False` to `True`. Re-running `torch.load` with `weights_only` set to `False` will likely succeed, but it can result in arbitrary code execution. Do it only if you got the file from a trusted source.
	(2) Alternatively, to load with `weights_only=True` please check the recommended steps in the following error message.
	WeightsUnpickler error: Unsupported global: GLOBAL numpy.core.multiarray._reconstruct was not an allowed global by default. Please use `torch.serialization.add_safe_globals([numpy.core.multiarray._reconstruct])` or the `torch.serialization.safe_globals([numpy.core.multiarray._reconstruct])` context manager to allowlist this global if you trust this class/function.

Check the documentation of torch.load to learn more about types accepted by default with weights_only https://pytorch.org/docs/stable/generated/torch.load.html.
[2026-09-15 08:46:08] Sleeping for 1800s until next check...
[2026-09-15 09:16:08] --- Periodic Check Tick (2026-09-15 09:16:08) ---
[2026-09-15 09:16:08] Evaluating Push-T latest checkpoint...
[2026-09-15 09:16:08] Error evaluating Push-T: Weights only load failed. This file can still be loaded, to do so you have two options, [1mdo those steps only if you trust the source of the checkpoint[0m. 
	(1) In PyTorch 2.6, we changed the default value of the `weights_only` argument in `torch.load` from `False` to `True`. Re-running `torch.load` with `weights_only` set to `False` will likely succeed, but it can result in arbitrary code execution. Do it only if you got the file from a trusted source.
	(2) Alternatively, to load with `weights_only=True` please check the recommended steps in the following error message.
	WeightsUnpickler error: Unsupported global: GLOBAL numpy._core.multiarray._reconstruct was not an allowed global by default. Please use `torch.serialization.add_safe_globals([numpy._core.multiarray._reconstruct])` or the `torch.serialization.safe_globals([numpy._core.multiarray._reconstruct])` context manager to allowlist this global if you trust this class/function.

Check the documentation of torch.load to learn more about types accepted by default with weights_only https://pytorch.org/docs/stable/generated/torch.load.html.
[2026-09-15 09:16:08] Evaluating RoboCasa CloseSingleDoor latest checkpoint...
[2026-09-15 09:16:08] Error evaluating RC-CloseSingleDoor: Weights only load failed. This file can still be loaded, to do so you have two options, [1mdo those steps only if you trust the source of the checkpoint[0m. 
	(1) In PyTorch 2.6, we changed the default value of the `weights_only` argument in `torch.load` from `False` to `True`. Re-running `torch.load` with `weights_only` set to `False` will likely succeed, but it can result in arbitrary code execution. Do it only if you got the file from a trusted source.
	(2) Alternatively, to load with `weights_only=True` please check the recommended steps in the following error message.
	WeightsUnpickler error: Unsupported global: GLOBAL numpy.core.multiarray._reconstruct was not an allowed global by default. Please use `torch.serialization.add_safe_globals([numpy.core.multiarray._reconstruct])` or the `torch.serialization.safe_globals([numpy.core.multiarray._reconstruct])` context manager to allowlist this global if you trust this class/function.

Check the documentation of torch.load to learn more about types accepted by default with weights_only https://pytorch.org/docs/stable/generated/torch.load.html.
[2026-09-15 09:16:08] Sleeping for 1800s until next check...
[2026-09-15 09:46:08] --- Periodic Check Tick (2026-09-15 09:46:08) ---
[2026-09-15 09:46:08] Evaluating Push-T latest checkpoint...
[2026-09-15 09:46:08] Error evaluating Push-T: Weights only load failed. This file can still be loaded, to do so you have two options, [1mdo those steps only if you trust the source of the checkpoint[0m. 
	(1) In PyTorch 2.6, we changed the default value of the `weights_only` argument in `torch.load` from `False` to `True`. Re-running `torch.load` with `weights_only` set to `False` will likely succeed, but it can result in arbitrary code execution. Do it only if you got the file from a trusted source.
	(2) Alternatively, to load with `weights_only=True` please check the recommended steps in the following error message.
	WeightsUnpickler error: Unsupported global: GLOBAL numpy._core.multiarray._reconstruct was not an allowed global by default. Please use `torch.serialization.add_safe_globals([numpy._core.multiarray._reconstruct])` or the `torch.serialization.safe_globals([numpy._core.multiarray._reconstruct])` context manager to allowlist this global if you trust this class/function.

Check the documentation of torch.load to learn more about types accepted by default with weights_only https://pytorch.org/docs/stable/generated/torch.load.html.
[2026-09-15 09:46:08] Evaluating RoboCasa CloseSingleDoor latest checkpoint...
[2026-09-15 09:46:08] Error evaluating RC-CloseSingleDoor: Weights only load failed. This file can still be loaded, to do so you have two options, [1mdo those steps only if you trust the source of the checkpoint[0m. 
	(1) In PyTorch 2.6, we changed the default value of the `weights_only` argument in `torch.load` from `False` to `True`. Re-running `torch.load` with `weights_only` set to `False` will likely succeed, but it can result in arbitrary code execution. Do it only if you got the file from a trusted source.
	(2) Alternatively, to load with `weights_only=True` please check the recommended steps in the following error message.
	WeightsUnpickler error: Unsupported global: GLOBAL numpy.core.multiarray._reconstruct was not an allowed global by default. Please use `torch.serialization.add_safe_globals([numpy.core.multiarray._reconstruct])` or the `torch.serialization.safe_globals([numpy.core.multiarray._reconstruct])` context manager to allowlist this global if you trust this class/function.

Check the documentation of torch.load to learn more about types accepted by default with weights_only https://pytorch.org/docs/stable/generated/torch.load.html.
[2026-09-15 09:46:08] Sleeping for 1800s until next check...
[2026-09-15 10:16:08] --- Periodic Check Tick (2026-09-15 10:16:08) ---
[2026-09-15 10:16:08] Evaluating Push-T latest checkpoint...
[2026-09-15 10:16:08] Error evaluating Push-T: Weights only load failed. This file can still be loaded, to do so you have two options, [1mdo those steps only if you trust the source of the checkpoint[0m. 
	(1) In PyTorch 2.6, we changed the default value of the `weights_only` argument in `torch.load` from `False` to `True`. Re-running `torch.load` with `weights_only` set to `False` will likely succeed, but it can result in arbitrary code execution. Do it only if you got the file from a trusted source.
	(2) Alternatively, to load with `weights_only=True` please check the recommended steps in the following error message.
	WeightsUnpickler error: Unsupported global: GLOBAL numpy._core.multiarray._reconstruct was not an allowed global by default. Please use `torch.serialization.add_safe_globals([numpy._core.multiarray._reconstruct])` or the `torch.serialization.safe_globals([numpy._core.multiarray._reconstruct])` context manager to allowlist this global if you trust this class/function.

Check the documentation of torch.load to learn more about types accepted by default with weights_only https://pytorch.org/docs/stable/generated/torch.load.html.
[2026-09-15 10:16:08] Evaluating RoboCasa CloseSingleDoor latest checkpoint...
[2026-09-15 10:16:08] Error evaluating RC-CloseSingleDoor: Weights only load failed. This file can still be loaded, to do so you have two options, [1mdo those steps only if you trust the source of the checkpoint[0m. 
	(1) In PyTorch 2.6, we changed the default value of the `weights_only` argument in `torch.load` from `False` to `True`. Re-running `torch.load` with `weights_only` set to `False` will likely succeed, but it can result in arbitrary code execution. Do it only if you got the file from a trusted source.
	(2) Alternatively, to load with `weights_only=True` please check the recommended steps in the following error message.
	WeightsUnpickler error: Unsupported global: GLOBAL numpy.core.multiarray._reconstruct was not an allowed global by default. Please use `torch.serialization.add_safe_globals([numpy.core.multiarray._reconstruct])` or the `torch.serialization.safe_globals([numpy.core.multiarray._reconstruct])` context manager to allowlist this global if you trust this class/function.

Check the documentation of torch.load to learn more about types accepted by default with weights_only https://pytorch.org/docs/stable/generated/torch.load.html.
[2026-09-15 10:16:08] Sleeping for 1800s until next check...
[2026-09-15 10:46:08] --- Periodic Check Tick (2026-09-15 10:46:08) ---
[2026-09-15 10:46:08] Evaluating Push-T latest checkpoint...
[2026-09-15 10:46:08] Error evaluating Push-T: Weights only load failed. This file can still be loaded, to do so you have two options, [1mdo those steps only if you trust the source of the checkpoint[0m. 
	(1) In PyTorch 2.6, we changed the default value of the `weights_only` argument in `torch.load` from `False` to `True`. Re-running `torch.load` with `weights_only` set to `False` will likely succeed, but it can result in arbitrary code execution. Do it only if you got the file from a trusted source.
	(2) Alternatively, to load with `weights_only=True` please check the recommended steps in the following error message.
	WeightsUnpickler error: Unsupported global: GLOBAL numpy._core.multiarray._reconstruct was not an allowed global by default. Please use `torch.serialization.add_safe_globals([numpy._core.multiarray._reconstruct])` or the `torch.serialization.safe_globals([numpy._core.multiarray._reconstruct])` context manager to allowlist this global if you trust this class/function.

Check the documentation of torch.load to learn more about types accepted by default with weights_only https://pytorch.org/docs/stable/generated/torch.load.html.
[2026-09-15 10:46:08] Evaluating RoboCasa CloseSingleDoor latest checkpoint...
[2026-09-15 10:46:08] Error evaluating RC-CloseSingleDoor: Weights only load failed. This file can still be loaded, to do so you have two options, [1mdo those steps only if you trust the source of the checkpoint[0m. 
	(1) In PyTorch 2.6, we changed the default value of the `weights_only` argument in `torch.load` from `False` to `True`. Re-running `torch.load` with `weights_only` set to `False` will likely succeed, but it can result in arbitrary code execution. Do it only if you got the file from a trusted source.
	(2) Alternatively, to load with `weights_only=True` please check the recommended steps in the following error message.
	WeightsUnpickler error: Unsupported global: GLOBAL numpy.core.multiarray._reconstruct was not an allowed global by default. Please use `torch.serialization.add_safe_globals([numpy.core.multiarray._reconstruct])` or the `torch.serialization.safe_globals([numpy.core.multiarray._reconstruct])` context manager to allowlist this global if you trust this class/function.

Check the documentation of torch.load to learn more about types accepted by default with weights_only https://pytorch.org/docs/stable/generated/torch.load.html.
[2026-09-15 10:46:08] Sleeping for 1800s until next check...
[2026-09-15 11:16:08] --- Periodic Check Tick (2026-09-15 11:16:08) ---
[2026-09-15 11:16:08] Evaluating Push-T latest checkpoint...
[2026-09-15 11:16:08] Error evaluating Push-T: Weights only load failed. This file can still be loaded, to do so you have two options, [1mdo those steps only if you trust the source of the checkpoint[0m. 
	(1) In PyTorch 2.6, we changed the default value of the `weights_only` argument in `torch.load` from `False` to `True`. Re-running `torch.load` with `weights_only` set to `False` will likely succeed, but it can result in arbitrary code execution. Do it only if you got the file from a trusted source.
	(2) Alternatively, to load with `weights_only=True` please check the recommended steps in the following error message.
	WeightsUnpickler error: Unsupported global: GLOBAL numpy._core.multiarray._reconstruct was not an allowed global by default. Please use `torch.serialization.add_safe_globals([numpy._core.multiarray._reconstruct])` or the `torch.serialization.safe_globals([numpy._core.multiarray._reconstruct])` context manager to allowlist this global if you trust this class/function.

Check the documentation of torch.load to learn more about types accepted by default with weights_only https://pytorch.org/docs/stable/generated/torch.load.html.
[2026-09-15 11:16:08] Evaluating RoboCasa CloseSingleDoor latest checkpoint...
[2026-09-15 11:16:08] Error evaluating RC-CloseSingleDoor: Weights only load failed. This file can still be loaded, to do so you have two options, [1mdo those steps only if you trust the source of the checkpoint[0m. 
	(1) In PyTorch 2.6, we changed the default value of the `weights_only` argument in `torch.load` from `False` to `True`. Re-running `torch.load` with `weights_only` set to `False` will likely succeed, but it can result in arbitrary code execution. Do it only if you got the file from a trusted source.
	(2) Alternatively, to load with `weights_only=True` please check the recommended steps in the following error message.
	WeightsUnpickler error: Unsupported global: GLOBAL numpy.core.multiarray._reconstruct was not an allowed global by default. Please use `torch.serialization.add_safe_globals([numpy.core.multiarray._reconstruct])` or the `torch.serialization.safe_globals([numpy.core.multiarray._reconstruct])` context manager to allowlist this global if you trust this class/function.

Check the documentation of torch.load to learn more about types accepted by default with weights_only https://pytorch.org/docs/stable/generated/torch.load.html.
[2026-09-15 11:16:08] Sleeping for 1800s until next check...
[2026-09-15 11:46:08] --- Periodic Check Tick (2026-09-15 11:46:08) ---
[2026-09-15 11:46:08] Evaluating Push-T latest checkpoint...
[2026-09-15 11:46:08] Error evaluating Push-T: Weights only load failed. This file can still be loaded, to do so you have two options, [1mdo those steps only if you trust the source of the checkpoint[0m. 
	(1) In PyTorch 2.6, we changed the default value of the `weights_only` argument in `torch.load` from `False` to `True`. Re-running `torch.load` with `weights_only` set to `False` will likely succeed, but it can result in arbitrary code execution. Do it only if you got the file from a trusted source.
	(2) Alternatively, to load with `weights_only=True` please check the recommended steps in the following error message.
	WeightsUnpickler error: Unsupported global: GLOBAL numpy._core.multiarray._reconstruct was not an allowed global by default. Please use `torch.serialization.add_safe_globals([numpy._core.multiarray._reconstruct])` or the `torch.serialization.safe_globals([numpy._core.multiarray._reconstruct])` context manager to allowlist this global if you trust this class/function.

Check the documentation of torch.load to learn more about types accepted by default with weights_only https://pytorch.org/docs/stable/generated/torch.load.html.
[2026-09-15 11:46:08] Evaluating RoboCasa CloseSingleDoor latest checkpoint...
[2026-09-15 11:46:08] Error evaluating RC-CloseSingleDoor: Weights only load failed. This file can still be loaded, to do so you have two options, [1mdo those steps only if you trust the source of the checkpoint[0m. 
	(1) In PyTorch 2.6, we changed the default value of the `weights_only` argument in `torch.load` from `False` to `True`. Re-running `torch.load` with `weights_only` set to `False` will likely succeed, but it can result in arbitrary code execution. Do it only if you got the file from a trusted source.
	(2) Alternatively, to load with `weights_only=True` please check the recommended steps in the following error message.
	WeightsUnpickler error: Unsupported global: GLOBAL numpy.core.multiarray._reconstruct was not an allowed global by default. Please use `torch.serialization.add_safe_globals([numpy.core.multiarray._reconstruct])` or the `torch.serialization.safe_globals([numpy.core.multiarray._reconstruct])` context manager to allowlist this global if you trust this class/function.

Check the documentation of torch.load to learn more about types accepted by default with weights_only https://pytorch.org/docs/stable/generated/torch.load.html.
[2026-09-15 11:46:08] Sleeping for 1800s until next check...
[2026-09-15 12:16:08] --- Periodic Check Tick (2026-09-15 12:16:08) ---
[2026-09-15 12:16:08] Evaluating Push-T latest checkpoint...
[2026-09-15 12:16:08] Error evaluating Push-T: Weights only load failed. This file can still be loaded, to do so you have two options, [1mdo those steps only if you trust the source of the checkpoint[0m. 
	(1) In PyTorch 2.6, we changed the default value of the `weights_only` argument in `torch.load` from `False` to `True`. Re-running `torch.load` with `weights_only` set to `False` will likely succeed, but it can result in arbitrary code execution. Do it only if you got the file from a trusted source.
	(2) Alternatively, to load with `weights_only=True` please check the recommended steps in the following error message.
	WeightsUnpickler error: Unsupported global: GLOBAL numpy._core.multiarray._reconstruct was not an allowed global by default. Please use `torch.serialization.add_safe_globals([numpy._core.multiarray._reconstruct])` or the `torch.serialization.safe_globals([numpy._core.multiarray._reconstruct])` context manager to allowlist this global if you trust this class/function.

Check the documentation of torch.load to learn more about types accepted by default with weights_only https://pytorch.org/docs/stable/generated/torch.load.html.
[2026-09-15 12:16:08] Evaluating RoboCasa CloseSingleDoor latest checkpoint...
[2026-09-15 12:16:08] Error evaluating RC-CloseSingleDoor: Weights only load failed. This file can still be loaded, to do so you have two options, [1mdo those steps only if you trust the source of the checkpoint[0m. 
	(1) In PyTorch 2.6, we changed the default value of the `weights_only` argument in `torch.load` from `False` to `True`. Re-running `torch.load` with `weights_only` set to `False` will likely succeed, but it can result in arbitrary code execution. Do it only if you got the file from a trusted source.
	(2) Alternatively, to load with `weights_only=True` please check the recommended steps in the following error message.
	WeightsUnpickler error: Unsupported global: GLOBAL numpy.core.multiarray._reconstruct was not an allowed global by default. Please use `torch.serialization.add_safe_globals([numpy.core.multiarray._reconstruct])` or the `torch.serialization.safe_globals([numpy.core.multiarray._reconstruct])` context manager to allowlist this global if you trust this class/function.

Check the documentation of torch.load to learn more about types accepted by default with weights_only https://pytorch.org/docs/stable/generated/torch.load.html.
[2026-09-15 12:16:08] Sleeping for 1800s until next check...
[2026-09-15 12:46:08] --- Periodic Check Tick (2026-09-15 12:46:08) ---
[2026-09-15 12:46:08] Evaluating Push-T latest checkpoint...
[2026-09-15 12:46:08] Error evaluating Push-T: Weights only load failed. This file can still be loaded, to do so you have two options, [1mdo those steps only if you trust the source of the checkpoint[0m. 
	(1) In PyTorch 2.6, we changed the default value of the `weights_only` argument in `torch.load` from `False` to `True`. Re-running `torch.load` with `weights_only` set to `False` will likely succeed, but it can result in arbitrary code execution. Do it only if you got the file from a trusted source.
	(2) Alternatively, to load with `weights_only=True` please check the recommended steps in the following error message.
	WeightsUnpickler error: Unsupported global: GLOBAL numpy._core.multiarray._reconstruct was not an allowed global by default. Please use `torch.serialization.add_safe_globals([numpy._core.multiarray._reconstruct])` or the `torch.serialization.safe_globals([numpy._core.multiarray._reconstruct])` context manager to allowlist this global if you trust this class/function.

Check the documentation of torch.load to learn more about types accepted by default with weights_only https://pytorch.org/docs/stable/generated/torch.load.html.
[2026-09-15 12:46:08] Evaluating RoboCasa CloseSingleDoor latest checkpoint...
[2026-09-15 12:46:08] Error evaluating RC-CloseSingleDoor: Weights only load failed. This file can still be loaded, to do so you have two options, [1mdo those steps only if you trust the source of the checkpoint[0m. 
	(1) In PyTorch 2.6, we changed the default value of the `weights_only` argument in `torch.load` from `False` to `True`. Re-running `torch.load` with `weights_only` set to `False` will likely succeed, but it can result in arbitrary code execution. Do it only if you got the file from a trusted source.
	(2) Alternatively, to load with `weights_only=True` please check the recommended steps in the following error message.
	WeightsUnpickler error: Unsupported global: GLOBAL numpy.core.multiarray._reconstruct was not an allowed global by default. Please use `torch.serialization.add_safe_globals([numpy.core.multiarray._reconstruct])` or the `torch.serialization.safe_globals([numpy.core.multiarray._reconstruct])` context manager to allowlist this global if you trust this class/function.

Check the documentation of torch.load to learn more about types accepted by default with weights_only https://pytorch.org/docs/stable/generated/torch.load.html.
[2026-09-15 12:46:09] Sleeping for 1800s until next check...
[2026-09-15 13:16:09] --- Periodic Check Tick (2026-09-15 13:16:09) ---
[2026-09-15 13:16:09] Evaluating Push-T latest checkpoint...
[2026-09-15 13:16:09] Error evaluating Push-T: Weights only load failed. This file can still be loaded, to do so you have two options, [1mdo those steps only if you trust the source of the checkpoint[0m. 
	(1) In PyTorch 2.6, we changed the default value of the `weights_only` argument in `torch.load` from `False` to `True`. Re-running `torch.load` with `weights_only` set to `False` will likely succeed, but it can result in arbitrary code execution. Do it only if you got the file from a trusted source.
	(2) Alternatively, to load with `weights_only=True` please check the recommended steps in the following error message.
	WeightsUnpickler error: Unsupported global: GLOBAL numpy._core.multiarray._reconstruct was not an allowed global by default. Please use `torch.serialization.add_safe_globals([numpy._core.multiarray._reconstruct])` or the `torch.serialization.safe_globals([numpy._core.multiarray._reconstruct])` context manager to allowlist this global if you trust this class/function.

Check the documentation of torch.load to learn more about types accepted by default with weights_only https://pytorch.org/docs/stable/generated/torch.load.html.
[2026-09-15 13:16:09] Evaluating RoboCasa CloseSingleDoor latest checkpoint...
[2026-09-15 13:16:09] Error evaluating RC-CloseSingleDoor: Weights only load failed. This file can still be loaded, to do so you have two options, [1mdo those steps only if you trust the source of the checkpoint[0m. 
	(1) In PyTorch 2.6, we changed the default value of the `weights_only` argument in `torch.load` from `False` to `True`. Re-running `torch.load` with `weights_only` set to `False` will likely succeed, but it can result in arbitrary code execution. Do it only if you got the file from a trusted source.
	(2) Alternatively, to load with `weights_only=True` please check the recommended steps in the following error message.
	WeightsUnpickler error: Unsupported global: GLOBAL numpy.core.multiarray._reconstruct was not an allowed global by default. Please use `torch.serialization.add_safe_globals([numpy.core.multiarray._reconstruct])` or the `torch.serialization.safe_globals([numpy.core.multiarray._reconstruct])` context manager to allowlist this global if you trust this class/function.

Check the documentation of torch.load to learn more about types accepted by default with weights_only https://pytorch.org/docs/stable/generated/torch.load.html.
[2026-09-15 13:16:09] Sleeping for 1800s until next check...
[2026-09-15 13:46:09] --- Periodic Check Tick (2026-09-15 13:46:09) ---
[2026-09-15 13:46:09] Evaluating Push-T latest checkpoint...
[2026-09-15 13:46:09] Error evaluating Push-T: Weights only load failed. This file can still be loaded, to do so you have two options, [1mdo those steps only if you trust the source of the checkpoint[0m. 
	(1) In PyTorch 2.6, we changed the default value of the `weights_only` argument in `torch.load` from `False` to `True`. Re-running `torch.load` with `weights_only` set to `False` will likely succeed, but it can result in arbitrary code execution. Do it only if you got the file from a trusted source.
	(2) Alternatively, to load with `weights_only=True` please check the recommended steps in the following error message.
	WeightsUnpickler error: Unsupported global: GLOBAL numpy._core.multiarray._reconstruct was not an allowed global by default. Please use `torch.serialization.add_safe_globals([numpy._core.multiarray._reconstruct])` or the `torch.serialization.safe_globals([numpy._core.multiarray._reconstruct])` context manager to allowlist this global if you trust this class/function.

Check the documentation of torch.load to learn more about types accepted by default with weights_only https://pytorch.org/docs/stable/generated/torch.load.html.
[2026-09-15 13:46:09] Evaluating RoboCasa CloseSingleDoor latest checkpoint...
[2026-09-15 13:46:09] Error evaluating RC-CloseSingleDoor: Weights only load failed. This file can still be loaded, to do so you have two options, [1mdo those steps only if you trust the source of the checkpoint[0m. 
	(1) In PyTorch 2.6, we changed the default value of the `weights_only` argument in `torch.load` from `False` to `True`. Re-running `torch.load` with `weights_only` set to `False` will likely succeed, but it can result in arbitrary code execution. Do it only if you got the file from a trusted source.
	(2) Alternatively, to load with `weights_only=True` please check the recommended steps in the following error message.
	WeightsUnpickler error: Unsupported global: GLOBAL numpy.core.multiarray._reconstruct was not an allowed global by default. Please use `torch.serialization.add_safe_globals([numpy.core.multiarray._reconstruct])` or the `torch.serialization.safe_globals([numpy.core.multiarray._reconstruct])` context manager to allowlist this global if you trust this class/function.

Check the documentation of torch.load to learn more about types accepted by default with weights_only https://pytorch.org/docs/stable/generated/torch.load.html.
[2026-09-15 13:46:09] Sleeping for 1800s until next check...
[2026-09-15 14:16:09] --- Periodic Check Tick (2026-09-15 14:16:09) ---
[2026-09-15 14:16:09] Evaluating Push-T latest checkpoint...
[2026-09-15 14:16:09] Error evaluating Push-T: Weights only load failed. This file can still be loaded, to do so you have two options, [1mdo those steps only if you trust the source of the checkpoint[0m. 
	(1) In PyTorch 2.6, we changed the default value of the `weights_only` argument in `torch.load` from `False` to `True`. Re-running `torch.load` with `weights_only` set to `False` will likely succeed, but it can result in arbitrary code execution. Do it only if you got the file from a trusted source.
	(2) Alternatively, to load with `weights_only=True` please check the recommended steps in the following error message.
	WeightsUnpickler error: Unsupported global: GLOBAL numpy._core.multiarray._reconstruct was not an allowed global by default. Please use `torch.serialization.add_safe_globals([numpy._core.multiarray._reconstruct])` or the `torch.serialization.safe_globals([numpy._core.multiarray._reconstruct])` context manager to allowlist this global if you trust this class/function.

Check the documentation of torch.load to learn more about types accepted by default with weights_only https://pytorch.org/docs/stable/generated/torch.load.html.
[2026-09-15 14:16:09] Evaluating RoboCasa CloseSingleDoor latest checkpoint...
[2026-09-15 14:16:09] Error evaluating RC-CloseSingleDoor: Weights only load failed. This file can still be loaded, to do so you have two options, [1mdo those steps only if you trust the source of the checkpoint[0m. 
	(1) In PyTorch 2.6, we changed the default value of the `weights_only` argument in `torch.load` from `False` to `True`. Re-running `torch.load` with `weights_only` set to `False` will likely succeed, but it can result in arbitrary code execution. Do it only if you got the file from a trusted source.
	(2) Alternatively, to load with `weights_only=True` please check the recommended steps in the following error message.
	WeightsUnpickler error: Unsupported global: GLOBAL numpy.core.multiarray._reconstruct was not an allowed global by default. Please use `torch.serialization.add_safe_globals([numpy.core.multiarray._reconstruct])` or the `torch.serialization.safe_globals([numpy.core.multiarray._reconstruct])` context manager to allowlist this global if you trust this class/function.

Check the documentation of torch.load to learn more about types accepted by default with weights_only https://pytorch.org/docs/stable/generated/torch.load.html.
[2026-09-15 14:16:09] Sleeping for 1800s until next check...
[2026-09-15 14:46:09] --- Periodic Check Tick (2026-09-15 14:46:09) ---
[2026-09-15 14:46:09] Evaluating Push-T latest checkpoint...
[2026-09-15 14:46:09] Error evaluating Push-T: Weights only load failed. This file can still be loaded, to do so you have two options, [1mdo those steps only if you trust the source of the checkpoint[0m. 
	(1) In PyTorch 2.6, we changed the default value of the `weights_only` argument in `torch.load` from `False` to `True`. Re-running `torch.load` with `weights_only` set to `False` will likely succeed, but it can result in arbitrary code execution. Do it only if you got the file from a trusted source.
	(2) Alternatively, to load with `weights_only=True` please check the recommended steps in the following error message.
	WeightsUnpickler error: Unsupported global: GLOBAL numpy._core.multiarray._reconstruct was not an allowed global by default. Please use `torch.serialization.add_safe_globals([numpy._core.multiarray._reconstruct])` or the `torch.serialization.safe_globals([numpy._core.multiarray._reconstruct])` context manager to allowlist this global if you trust this class/function.

Check the documentation of torch.load to learn more about types accepted by default with weights_only https://pytorch.org/docs/stable/generated/torch.load.html.
[2026-09-15 14:46:09] Evaluating RoboCasa CloseSingleDoor latest checkpoint...
[2026-09-15 14:46:09] Error evaluating RC-CloseSingleDoor: Weights only load failed. This file can still be loaded, to do so you have two options, [1mdo those steps only if you trust the source of the checkpoint[0m. 
	(1) In PyTorch 2.6, we changed the default value of the `weights_only` argument in `torch.load` from `False` to `True`. Re-running `torch.load` with `weights_only` set to `False` will likely succeed, but it can result in arbitrary code execution. Do it only if you got the file from a trusted source.
	(2) Alternatively, to load with `weights_only=True` please check the recommended steps in the following error message.
	WeightsUnpickler error: Unsupported global: GLOBAL numpy.core.multiarray._reconstruct was not an allowed global by default. Please use `torch.serialization.add_safe_globals([numpy.core.multiarray._reconstruct])` or the `torch.serialization.safe_globals([numpy.core.multiarray._reconstruct])` context manager to allowlist this global if you trust this class/function.

Check the documentation of torch.load to learn more about types accepted by default with weights_only https://pytorch.org/docs/stable/generated/torch.load.html.
[2026-09-15 14:46:09] Sleeping for 1800s until next check...
[2026-09-15 15:16:09] --- Periodic Check Tick (2026-09-15 15:16:09) ---
[2026-09-15 15:16:09] Evaluating Push-T latest checkpoint...
[2026-09-15 15:16:09] Error evaluating Push-T: Weights only load failed. This file can still be loaded, to do so you have two options, [1mdo those steps only if you trust the source of the checkpoint[0m. 
	(1) In PyTorch 2.6, we changed the default value of the `weights_only` argument in `torch.load` from `False` to `True`. Re-running `torch.load` with `weights_only` set to `False` will likely succeed, but it can result in arbitrary code execution. Do it only if you got the file from a trusted source.
	(2) Alternatively, to load with `weights_only=True` please check the recommended steps in the following error message.
	WeightsUnpickler error: Unsupported global: GLOBAL numpy._core.multiarray._reconstruct was not an allowed global by default. Please use `torch.serialization.add_safe_globals([numpy._core.multiarray._reconstruct])` or the `torch.serialization.safe_globals([numpy._core.multiarray._reconstruct])` context manager to allowlist this global if you trust this class/function.

Check the documentation of torch.load to learn more about types accepted by default with weights_only https://pytorch.org/docs/stable/generated/torch.load.html.
[2026-09-15 15:16:09] Evaluating RoboCasa CloseSingleDoor latest checkpoint...
[2026-09-15 15:16:09] Error evaluating RC-CloseSingleDoor: Weights only load failed. This file can still be loaded, to do so you have two options, [1mdo those steps only if you trust the source of the checkpoint[0m. 
	(1) In PyTorch 2.6, we changed the default value of the `weights_only` argument in `torch.load` from `False` to `True`. Re-running `torch.load` with `weights_only` set to `False` will likely succeed, but it can result in arbitrary code execution. Do it only if you got the file from a trusted source.
	(2) Alternatively, to load with `weights_only=True` please check the recommended steps in the following error message.
	WeightsUnpickler error: Unsupported global: GLOBAL numpy.core.multiarray._reconstruct was not an allowed global by default. Please use `torch.serialization.add_safe_globals([numpy.core.multiarray._reconstruct])` or the `torch.serialization.safe_globals([numpy.core.multiarray._reconstruct])` context manager to allowlist this global if you trust this class/function.

Check the documentation of torch.load to learn more about types accepted by default with weights_only https://pytorch.org/docs/stable/generated/torch.load.html.
[2026-09-15 15:16:09] Sleeping for 1800s until next check...
[2026-09-15 15:46:09] --- Periodic Check Tick (2026-09-15 15:46:09) ---
[2026-09-15 15:46:09] Evaluating Push-T latest checkpoint...
[2026-09-15 15:46:09] Error evaluating Push-T: Weights only load failed. This file can still be loaded, to do so you have two options, [1mdo those steps only if you trust the source of the checkpoint[0m. 
	(1) In PyTorch 2.6, we changed the default value of the `weights_only` argument in `torch.load` from `False` to `True`. Re-running `torch.load` with `weights_only` set to `False` will likely succeed, but it can result in arbitrary code execution. Do it only if you got the file from a trusted source.
	(2) Alternatively, to load with `weights_only=True` please check the recommended steps in the following error message.
	WeightsUnpickler error: Unsupported global: GLOBAL numpy._core.multiarray._reconstruct was not an allowed global by default. Please use `torch.serialization.add_safe_globals([numpy._core.multiarray._reconstruct])` or the `torch.serialization.safe_globals([numpy._core.multiarray._reconstruct])` context manager to allowlist this global if you trust this class/function.

Check the documentation of torch.load to learn more about types accepted by default with weights_only https://pytorch.org/docs/stable/generated/torch.load.html.
[2026-09-15 15:46:09] Evaluating RoboCasa CloseSingleDoor latest checkpoint...
[2026-09-15 15:46:09] Error evaluating RC-CloseSingleDoor: Weights only load failed. This file can still be loaded, to do so you have two options, [1mdo those steps only if you trust the source of the checkpoint[0m. 
	(1) In PyTorch 2.6, we changed the default value of the `weights_only` argument in `torch.load` from `False` to `True`. Re-running `torch.load` with `weights_only` set to `False` will likely succeed, but it can result in arbitrary code execution. Do it only if you got the file from a trusted source.
	(2) Alternatively, to load with `weights_only=True` please check the recommended steps in the following error message.
	WeightsUnpickler error: Unsupported global: GLOBAL numpy.core.multiarray._reconstruct was not an allowed global by default. Please use `torch.serialization.add_safe_globals([numpy.core.multiarray._reconstruct])` or the `torch.serialization.safe_globals([numpy.core.multiarray._reconstruct])` context manager to allowlist this global if you trust this class/function.

Check the documentation of torch.load to learn more about types accepted by default with weights_only https://pytorch.org/docs/stable/generated/torch.load.html.
[2026-09-15 15:46:09] Sleeping for 1800s until next check...
[2026-09-15 16:16:09] --- Periodic Check Tick (2026-09-15 16:16:09) ---
[2026-09-15 16:16:09] Evaluating Push-T latest checkpoint...
[2026-09-15 16:16:09] Error evaluating Push-T: Weights only load failed. This file can still be loaded, to do so you have two options, [1mdo those steps only if you trust the source of the checkpoint[0m. 
	(1) In PyTorch 2.6, we changed the default value of the `weights_only` argument in `torch.load` from `False` to `True`. Re-running `torch.load` with `weights_only` set to `False` will likely succeed, but it can result in arbitrary code execution. Do it only if you got the file from a trusted source.
	(2) Alternatively, to load with `weights_only=True` please check the recommended steps in the following error message.
	WeightsUnpickler error: Unsupported global: GLOBAL numpy._core.multiarray._reconstruct was not an allowed global by default. Please use `torch.serialization.add_safe_globals([numpy._core.multiarray._reconstruct])` or the `torch.serialization.safe_globals([numpy._core.multiarray._reconstruct])` context manager to allowlist this global if you trust this class/function.

Check the documentation of torch.load to learn more about types accepted by default with weights_only https://pytorch.org/docs/stable/generated/torch.load.html.
[2026-09-15 16:16:09] Evaluating RoboCasa CloseSingleDoor latest checkpoint...
[2026-09-15 16:16:09] Error evaluating RC-CloseSingleDoor: Weights only load failed. This file can still be loaded, to do so you have two options, [1mdo those steps only if you trust the source of the checkpoint[0m. 
	(1) In PyTorch 2.6, we changed the default value of the `weights_only` argument in `torch.load` from `False` to `True`. Re-running `torch.load` with `weights_only` set to `False` will likely succeed, but it can result in arbitrary code execution. Do it only if you got the file from a trusted source.
	(2) Alternatively, to load with `weights_only=True` please check the recommended steps in the following error message.
	WeightsUnpickler error: Unsupported global: GLOBAL numpy.core.multiarray._reconstruct was not an allowed global by default. Please use `torch.serialization.add_safe_globals([numpy.core.multiarray._reconstruct])` or the `torch.serialization.safe_globals([numpy.core.multiarray._reconstruct])` context manager to allowlist this global if you trust this class/function.

Check the documentation of torch.load to learn more about types accepted by default with weights_only https://pytorch.org/docs/stable/generated/torch.load.html.
[2026-09-15 16:16:09] Sleeping for 1800s until next check...
[2026-09-15 16:46:09] --- Periodic Check Tick (2026-09-15 16:46:09) ---
[2026-09-15 16:46:09] Evaluating Push-T latest checkpoint...
[2026-09-15 16:46:09] Error evaluating Push-T: Weights only load failed. This file can still be loaded, to do so you have two options, [1mdo those steps only if you trust the source of the checkpoint[0m. 
	(1) In PyTorch 2.6, we changed the default value of the `weights_only` argument in `torch.load` from `False` to `True`. Re-running `torch.load` with `weights_only` set to `False` will likely succeed, but it can result in arbitrary code execution. Do it only if you got the file from a trusted source.
	(2) Alternatively, to load with `weights_only=True` please check the recommended steps in the following error message.
	WeightsUnpickler error: Unsupported global: GLOBAL numpy._core.multiarray._reconstruct was not an allowed global by default. Please use `torch.serialization.add_safe_globals([numpy._core.multiarray._reconstruct])` or the `torch.serialization.safe_globals([numpy._core.multiarray._reconstruct])` context manager to allowlist this global if you trust this class/function.

Check the documentation of torch.load to learn more about types accepted by default with weights_only https://pytorch.org/docs/stable/generated/torch.load.html.
[2026-09-15 16:46:09] Evaluating RoboCasa CloseSingleDoor latest checkpoint...
[2026-09-15 16:46:09] Error evaluating RC-CloseSingleDoor: Weights only load failed. This file can still be loaded, to do so you have two options, [1mdo those steps only if you trust the source of the checkpoint[0m. 
	(1) In PyTorch 2.6, we changed the default value of the `weights_only` argument in `torch.load` from `False` to `True`. Re-running `torch.load` with `weights_only` set to `False` will likely succeed, but it can result in arbitrary code execution. Do it only if you got the file from a trusted source.
	(2) Alternatively, to load with `weights_only=True` please check the recommended steps in the following error message.
	WeightsUnpickler error: Unsupported global: GLOBAL numpy.core.multiarray._reconstruct was not an allowed global by default. Please use `torch.serialization.add_safe_globals([numpy.core.multiarray._reconstruct])` or the `torch.serialization.safe_globals([numpy.core.multiarray._reconstruct])` context manager to allowlist this global if you trust this class/function.

Check the documentation of torch.load to learn more about types accepted by default with weights_only https://pytorch.org/docs/stable/generated/torch.load.html.
[2026-09-15 16:46:09] Sleeping for 1800s until next check...
[2026-09-15 17:16:09] --- Periodic Check Tick (2026-09-15 17:16:09) ---
[2026-09-15 17:16:09] Evaluating Push-T latest checkpoint...
[2026-09-15 17:16:09] Error evaluating Push-T: Weights only load failed. This file can still be loaded, to do so you have two options, [1mdo those steps only if you trust the source of the checkpoint[0m. 
	(1) In PyTorch 2.6, we changed the default value of the `weights_only` argument in `torch.load` from `False` to `True`. Re-running `torch.load` with `weights_only` set to `False` will likely succeed, but it can result in arbitrary code execution. Do it only if you got the file from a trusted source.
	(2) Alternatively, to load with `weights_only=True` please check the recommended steps in the following error message.
	WeightsUnpickler error: Unsupported global: GLOBAL numpy._core.multiarray._reconstruct was not an allowed global by default. Please use `torch.serialization.add_safe_globals([numpy._core.multiarray._reconstruct])` or the `torch.serialization.safe_globals([numpy._core.multiarray._reconstruct])` context manager to allowlist this global if you trust this class/function.

Check the documentation of torch.load to learn more about types accepted by default with weights_only https://pytorch.org/docs/stable/generated/torch.load.html.
[2026-09-15 17:16:09] Evaluating RoboCasa CloseSingleDoor latest checkpoint...
[2026-09-15 17:16:09] Error evaluating RC-CloseSingleDoor: Weights only load failed. This file can still be loaded, to do so you have two options, [1mdo those steps only if you trust the source of the checkpoint[0m. 
	(1) In PyTorch 2.6, we changed the default value of the `weights_only` argument in `torch.load` from `False` to `True`. Re-running `torch.load` with `weights_only` set to `False` will likely succeed, but it can result in arbitrary code execution. Do it only if you got the file from a trusted source.
	(2) Alternatively, to load with `weights_only=True` please check the recommended steps in the following error message.
	WeightsUnpickler error: Unsupported global: GLOBAL numpy.core.multiarray._reconstruct was not an allowed global by default. Please use `torch.serialization.add_safe_globals([numpy.core.multiarray._reconstruct])` or the `torch.serialization.safe_globals([numpy.core.multiarray._reconstruct])` context manager to allowlist this global if you trust this class/function.

Check the documentation of torch.load to learn more about types accepted by default with weights_only https://pytorch.org/docs/stable/generated/torch.load.html.
[2026-09-15 17:16:09] Sleeping for 1800s until next check...
[2026-09-15 17:46:09] --- Periodic Check Tick (2026-09-15 17:46:09) ---
[2026-09-15 17:46:09] Evaluating Push-T latest checkpoint...
[2026-09-15 17:46:09] Error evaluating Push-T: Weights only load failed. This file can still be loaded, to do so you have two options, [1mdo those steps only if you trust the source of the checkpoint[0m. 
	(1) In PyTorch 2.6, we changed the default value of the `weights_only` argument in `torch.load` from `False` to `True`. Re-running `torch.load` with `weights_only` set to `False` will likely succeed, but it can result in arbitrary code execution. Do it only if you got the file from a trusted source.
	(2) Alternatively, to load with `weights_only=True` please check the recommended steps in the following error message.
	WeightsUnpickler error: Unsupported global: GLOBAL numpy._core.multiarray._reconstruct was not an allowed global by default. Please use `torch.serialization.add_safe_globals([numpy._core.multiarray._reconstruct])` or the `torch.serialization.safe_globals([numpy._core.multiarray._reconstruct])` context manager to allowlist this global if you trust this class/function.

Check the documentation of torch.load to learn more about types accepted by default with weights_only https://pytorch.org/docs/stable/generated/torch.load.html.
[2026-09-15 17:46:09] Evaluating RoboCasa CloseSingleDoor latest checkpoint...
[2026-09-15 17:46:09] Error evaluating RC-CloseSingleDoor: Weights only load failed. This file can still be loaded, to do so you have two options, [1mdo those steps only if you trust the source of the checkpoint[0m. 
	(1) In PyTorch 2.6, we changed the default value of the `weights_only` argument in `torch.load` from `False` to `True`. Re-running `torch.load` with `weights_only` set to `False` will likely succeed, but it can result in arbitrary code execution. Do it only if you got the file from a trusted source.
	(2) Alternatively, to load with `weights_only=True` please check the recommended steps in the following error message.
	WeightsUnpickler error: Unsupported global: GLOBAL numpy.core.multiarray._reconstruct was not an allowed global by default. Please use `torch.serialization.add_safe_globals([numpy.core.multiarray._reconstruct])` or the `torch.serialization.safe_globals([numpy.core.multiarray._reconstruct])` context manager to allowlist this global if you trust this class/function.

Check the documentation of torch.load to learn more about types accepted by default with weights_only https://pytorch.org/docs/stable/generated/torch.load.html.
[2026-09-15 17:46:09] Sleeping for 1800s until next check...
[2026-09-15 18:16:09] --- Periodic Check Tick (2026-09-15 18:16:09) ---
[2026-09-15 18:16:09] Evaluating Push-T latest checkpoint...
[2026-09-15 18:16:09] Error evaluating Push-T: Weights only load failed. This file can still be loaded, to do so you have two options, [1mdo those steps only if you trust the source of the checkpoint[0m. 
	(1) In PyTorch 2.6, we changed the default value of the `weights_only` argument in `torch.load` from `False` to `True`. Re-running `torch.load` with `weights_only` set to `False` will likely succeed, but it can result in arbitrary code execution. Do it only if you got the file from a trusted source.
	(2) Alternatively, to load with `weights_only=True` please check the recommended steps in the following error message.
	WeightsUnpickler error: Unsupported global: GLOBAL numpy._core.multiarray._reconstruct was not an allowed global by default. Please use `torch.serialization.add_safe_globals([numpy._core.multiarray._reconstruct])` or the `torch.serialization.safe_globals([numpy._core.multiarray._reconstruct])` context manager to allowlist this global if you trust this class/function.

Check the documentation of torch.load to learn more about types accepted by default with weights_only https://pytorch.org/docs/stable/generated/torch.load.html.
[2026-09-15 18:16:09] Evaluating RoboCasa CloseSingleDoor latest checkpoint...
[2026-09-15 18:16:09] Error evaluating RC-CloseSingleDoor: Weights only load failed. This file can still be loaded, to do so you have two options, [1mdo those steps only if you trust the source of the checkpoint[0m. 
	(1) In PyTorch 2.6, we changed the default value of the `weights_only` argument in `torch.load` from `False` to `True`. Re-running `torch.load` with `weights_only` set to `False` will likely succeed, but it can result in arbitrary code execution. Do it only if you got the file from a trusted source.
	(2) Alternatively, to load with `weights_only=True` please check the recommended steps in the following error message.
	WeightsUnpickler error: Unsupported global: GLOBAL numpy.core.multiarray._reconstruct was not an allowed global by default. Please use `torch.serialization.add_safe_globals([numpy.core.multiarray._reconstruct])` or the `torch.serialization.safe_globals([numpy.core.multiarray._reconstruct])` context manager to allowlist this global if you trust this class/function.

Check the documentation of torch.load to learn more about types accepted by default with weights_only https://pytorch.org/docs/stable/generated/torch.load.html.
[2026-09-15 18:16:09] Sleeping for 1800s until next check...
[2026-09-15 18:46:09] --- Periodic Check Tick (2026-09-15 18:46:09) ---
[2026-09-15 18:46:09] Evaluating Push-T latest checkpoint...
[2026-09-15 18:46:09] Error evaluating Push-T: Weights only load failed. This file can still be loaded, to do so you have two options, [1mdo those steps only if you trust the source of the checkpoint[0m. 
	(1) In PyTorch 2.6, we changed the default value of the `weights_only` argument in `torch.load` from `False` to `True`. Re-running `torch.load` with `weights_only` set to `False` will likely succeed, but it can result in arbitrary code execution. Do it only if you got the file from a trusted source.
	(2) Alternatively, to load with `weights_only=True` please check the recommended steps in the following error message.
	WeightsUnpickler error: Unsupported global: GLOBAL numpy._core.multiarray._reconstruct was not an allowed global by default. Please use `torch.serialization.add_safe_globals([numpy._core.multiarray._reconstruct])` or the `torch.serialization.safe_globals([numpy._core.multiarray._reconstruct])` context manager to allowlist this global if you trust this class/function.

Check the documentation of torch.load to learn more about types accepted by default with weights_only https://pytorch.org/docs/stable/generated/torch.load.html.
[2026-09-15 18:46:09] Evaluating RoboCasa CloseSingleDoor latest checkpoint...
[2026-09-15 18:46:09] Error evaluating RC-CloseSingleDoor: Weights only load failed. This file can still be loaded, to do so you have two options, [1mdo those steps only if you trust the source of the checkpoint[0m. 
	(1) In PyTorch 2.6, we changed the default value of the `weights_only` argument in `torch.load` from `False` to `True`. Re-running `torch.load` with `weights_only` set to `False` will likely succeed, but it can result in arbitrary code execution. Do it only if you got the file from a trusted source.
	(2) Alternatively, to load with `weights_only=True` please check the recommended steps in the following error message.
	WeightsUnpickler error: Unsupported global: GLOBAL numpy.core.multiarray._reconstruct was not an allowed global by default. Please use `torch.serialization.add_safe_globals([numpy.core.multiarray._reconstruct])` or the `torch.serialization.safe_globals([numpy.core.multiarray._reconstruct])` context manager to allowlist this global if you trust this class/function.

Check the documentation of torch.load to learn more about types accepted by default with weights_only https://pytorch.org/docs/stable/generated/torch.load.html.
[2026-09-15 18:46:09] Sleeping for 1800s until next check...
[2026-09-15 19:16:09] --- Periodic Check Tick (2026-09-15 19:16:09) ---
[2026-09-15 19:16:09] Evaluating Push-T latest checkpoint...
[2026-09-15 19:16:09] Error evaluating Push-T: Weights only load failed. This file can still be loaded, to do so you have two options, [1mdo those steps only if you trust the source of the checkpoint[0m. 
	(1) In PyTorch 2.6, we changed the default value of the `weights_only` argument in `torch.load` from `False` to `True`. Re-running `torch.load` with `weights_only` set to `False` will likely succeed, but it can result in arbitrary code execution. Do it only if you got the file from a trusted source.
	(2) Alternatively, to load with `weights_only=True` please check the recommended steps in the following error message.
	WeightsUnpickler error: Unsupported global: GLOBAL numpy._core.multiarray._reconstruct was not an allowed global by default. Please use `torch.serialization.add_safe_globals([numpy._core.multiarray._reconstruct])` or the `torch.serialization.safe_globals([numpy._core.multiarray._reconstruct])` context manager to allowlist this global if you trust this class/function.

Check the documentation of torch.load to learn more about types accepted by default with weights_only https://pytorch.org/docs/stable/generated/torch.load.html.
[2026-09-15 19:16:09] Evaluating RoboCasa CloseSingleDoor latest checkpoint...
[2026-09-15 19:16:09] Error evaluating RC-CloseSingleDoor: Weights only load failed. This file can still be loaded, to do so you have two options, [1mdo those steps only if you trust the source of the checkpoint[0m. 
	(1) In PyTorch 2.6, we changed the default value of the `weights_only` argument in `torch.load` from `False` to `True`. Re-running `torch.load` with `weights_only` set to `False` will likely succeed, but it can result in arbitrary code execution. Do it only if you got the file from a trusted source.
	(2) Alternatively, to load with `weights_only=True` please check the recommended steps in the following error message.
	WeightsUnpickler error: Unsupported global: GLOBAL numpy.core.multiarray._reconstruct was not an allowed global by default. Please use `torch.serialization.add_safe_globals([numpy.core.multiarray._reconstruct])` or the `torch.serialization.safe_globals([numpy.core.multiarray._reconstruct])` context manager to allowlist this global if you trust this class/function.

Check the documentation of torch.load to learn more about types accepted by default with weights_only https://pytorch.org/docs/stable/generated/torch.load.html.
[2026-09-15 19:16:09] Sleeping for 1800s until next check...
[2026-09-15 19:46:09] --- Periodic Check Tick (2026-09-15 19:46:09) ---
[2026-09-15 19:46:09] Evaluating Push-T latest checkpoint...
[2026-09-15 19:46:09] Error evaluating Push-T: Weights only load failed. This file can still be loaded, to do so you have two options, [1mdo those steps only if you trust the source of the checkpoint[0m. 
	(1) In PyTorch 2.6, we changed the default value of the `weights_only` argument in `torch.load` from `False` to `True`. Re-running `torch.load` with `weights_only` set to `False` will likely succeed, but it can result in arbitrary code execution. Do it only if you got the file from a trusted source.
	(2) Alternatively, to load with `weights_only=True` please check the recommended steps in the following error message.
	WeightsUnpickler error: Unsupported global: GLOBAL numpy._core.multiarray._reconstruct was not an allowed global by default. Please use `torch.serialization.add_safe_globals([numpy._core.multiarray._reconstruct])` or the `torch.serialization.safe_globals([numpy._core.multiarray._reconstruct])` context manager to allowlist this global if you trust this class/function.

Check the documentation of torch.load to learn more about types accepted by default with weights_only https://pytorch.org/docs/stable/generated/torch.load.html.
[2026-09-15 19:46:09] Evaluating RoboCasa CloseSingleDoor latest checkpoint...
[2026-09-15 19:46:09] Error evaluating RC-CloseSingleDoor: Weights only load failed. This file can still be loaded, to do so you have two options, [1mdo those steps only if you trust the source of the checkpoint[0m. 
	(1) In PyTorch 2.6, we changed the default value of the `weights_only` argument in `torch.load` from `False` to `True`. Re-running `torch.load` with `weights_only` set to `False` will likely succeed, but it can result in arbitrary code execution. Do it only if you got the file from a trusted source.
	(2) Alternatively, to load with `weights_only=True` please check the recommended steps in the following error message.
	WeightsUnpickler error: Unsupported global: GLOBAL numpy.core.multiarray._reconstruct was not an allowed global by default. Please use `torch.serialization.add_safe_globals([numpy.core.multiarray._reconstruct])` or the `torch.serialization.safe_globals([numpy.core.multiarray._reconstruct])` context manager to allowlist this global if you trust this class/function.

Check the documentation of torch.load to learn more about types accepted by default with weights_only https://pytorch.org/docs/stable/generated/torch.load.html.
[2026-09-15 19:46:09] Sleeping for 1800s until next check...
[2026-09-15 20:16:09] --- Periodic Check Tick (2026-09-15 20:16:09) ---
[2026-09-15 20:16:09] Evaluating Push-T latest checkpoint...
[2026-09-15 20:16:09] Error evaluating Push-T: Weights only load failed. This file can still be loaded, to do so you have two options, [1mdo those steps only if you trust the source of the checkpoint[0m. 
	(1) In PyTorch 2.6, we changed the default value of the `weights_only` argument in `torch.load` from `False` to `True`. Re-running `torch.load` with `weights_only` set to `False` will likely succeed, but it can result in arbitrary code execution. Do it only if you got the file from a trusted source.
	(2) Alternatively, to load with `weights_only=True` please check the recommended steps in the following error message.
	WeightsUnpickler error: Unsupported global: GLOBAL numpy._core.multiarray._reconstruct was not an allowed global by default. Please use `torch.serialization.add_safe_globals([numpy._core.multiarray._reconstruct])` or the `torch.serialization.safe_globals([numpy._core.multiarray._reconstruct])` context manager to allowlist this global if you trust this class/function.

Check the documentation of torch.load to learn more about types accepted by default with weights_only https://pytorch.org/docs/stable/generated/torch.load.html.
[2026-09-15 20:16:09] Evaluating RoboCasa CloseSingleDoor latest checkpoint...
[2026-09-15 20:16:09] Error evaluating RC-CloseSingleDoor: Weights only load failed. This file can still be loaded, to do so you have two options, [1mdo those steps only if you trust the source of the checkpoint[0m. 
	(1) In PyTorch 2.6, we changed the default value of the `weights_only` argument in `torch.load` from `False` to `True`. Re-running `torch.load` with `weights_only` set to `False` will likely succeed, but it can result in arbitrary code execution. Do it only if you got the file from a trusted source.
	(2) Alternatively, to load with `weights_only=True` please check the recommended steps in the following error message.
	WeightsUnpickler error: Unsupported global: GLOBAL numpy.core.multiarray._reconstruct was not an allowed global by default. Please use `torch.serialization.add_safe_globals([numpy.core.multiarray._reconstruct])` or the `torch.serialization.safe_globals([numpy.core.multiarray._reconstruct])` context manager to allowlist this global if you trust this class/function.

Check the documentation of torch.load to learn more about types accepted by default with weights_only https://pytorch.org/docs/stable/generated/torch.load.html.
[2026-09-15 20:16:09] Sleeping for 1800s until next check...
[2026-09-15 20:46:09] --- Periodic Check Tick (2026-09-15 20:46:09) ---
[2026-09-15 20:46:09] Evaluating Push-T latest checkpoint...
[2026-09-15 20:46:09] Error evaluating Push-T: Weights only load failed. This file can still be loaded, to do so you have two options, [1mdo those steps only if you trust the source of the checkpoint[0m. 
	(1) In PyTorch 2.6, we changed the default value of the `weights_only` argument in `torch.load` from `False` to `True`. Re-running `torch.load` with `weights_only` set to `False` will likely succeed, but it can result in arbitrary code execution. Do it only if you got the file from a trusted source.
	(2) Alternatively, to load with `weights_only=True` please check the recommended steps in the following error message.
	WeightsUnpickler error: Unsupported global: GLOBAL numpy._core.multiarray._reconstruct was not an allowed global by default. Please use `torch.serialization.add_safe_globals([numpy._core.multiarray._reconstruct])` or the `torch.serialization.safe_globals([numpy._core.multiarray._reconstruct])` context manager to allowlist this global if you trust this class/function.

Check the documentation of torch.load to learn more about types accepted by default with weights_only https://pytorch.org/docs/stable/generated/torch.load.html.
[2026-09-15 20:46:09] Evaluating RoboCasa CloseSingleDoor latest checkpoint...
[2026-09-15 20:46:09] Error evaluating RC-CloseSingleDoor: Weights only load failed. This file can still be loaded, to do so you have two options, [1mdo those steps only if you trust the source of the checkpoint[0m. 
	(1) In PyTorch 2.6, we changed the default value of the `weights_only` argument in `torch.load` from `False` to `True`. Re-running `torch.load` with `weights_only` set to `False` will likely succeed, but it can result in arbitrary code execution. Do it only if you got the file from a trusted source.
	(2) Alternatively, to load with `weights_only=True` please check the recommended steps in the following error message.
	WeightsUnpickler error: Unsupported global: GLOBAL numpy.core.multiarray._reconstruct was not an allowed global by default. Please use `torch.serialization.add_safe_globals([numpy.core.multiarray._reconstruct])` or the `torch.serialization.safe_globals([numpy.core.multiarray._reconstruct])` context manager to allowlist this global if you trust this class/function.

Check the documentation of torch.load to learn more about types accepted by default with weights_only https://pytorch.org/docs/stable/generated/torch.load.html.
[2026-09-15 20:46:09] Sleeping for 1800s until next check...
[2026-09-15 21:16:09] --- Periodic Check Tick (2026-09-15 21:16:09) ---
[2026-09-15 21:16:09] Evaluating Push-T latest checkpoint...
[2026-09-15 21:16:09] Error evaluating Push-T: Weights only load failed. This file can still be loaded, to do so you have two options, [1mdo those steps only if you trust the source of the checkpoint[0m. 
	(1) In PyTorch 2.6, we changed the default value of the `weights_only` argument in `torch.load` from `False` to `True`. Re-running `torch.load` with `weights_only` set to `False` will likely succeed, but it can result in arbitrary code execution. Do it only if you got the file from a trusted source.
	(2) Alternatively, to load with `weights_only=True` please check the recommended steps in the following error message.
	WeightsUnpickler error: Unsupported global: GLOBAL numpy._core.multiarray._reconstruct was not an allowed global by default. Please use `torch.serialization.add_safe_globals([numpy._core.multiarray._reconstruct])` or the `torch.serialization.safe_globals([numpy._core.multiarray._reconstruct])` context manager to allowlist this global if you trust this class/function.

Check the documentation of torch.load to learn more about types accepted by default with weights_only https://pytorch.org/docs/stable/generated/torch.load.html.
[2026-09-15 21:16:09] Evaluating RoboCasa CloseSingleDoor latest checkpoint...
[2026-09-15 21:16:09] Error evaluating RC-CloseSingleDoor: Weights only load failed. This file can still be loaded, to do so you have two options, [1mdo those steps only if you trust the source of the checkpoint[0m. 
	(1) In PyTorch 2.6, we changed the default value of the `weights_only` argument in `torch.load` from `False` to `True`. Re-running `torch.load` with `weights_only` set to `False` will likely succeed, but it can result in arbitrary code execution. Do it only if you got the file from a trusted source.
	(2) Alternatively, to load with `weights_only=True` please check the recommended steps in the following error message.
	WeightsUnpickler error: Unsupported global: GLOBAL numpy.core.multiarray._reconstruct was not an allowed global by default. Please use `torch.serialization.add_safe_globals([numpy.core.multiarray._reconstruct])` or the `torch.serialization.safe_globals([numpy.core.multiarray._reconstruct])` context manager to allowlist this global if you trust this class/function.

Check the documentation of torch.load to learn more about types accepted by default with weights_only https://pytorch.org/docs/stable/generated/torch.load.html.
[2026-09-15 21:16:09] Sleeping for 1800s until next check...
[2026-09-15 21:46:09] --- Periodic Check Tick (2026-09-15 21:46:09) ---
[2026-09-15 21:46:09] Evaluating Push-T latest checkpoint...
[2026-09-15 21:46:09] Error evaluating Push-T: Weights only load failed. This file can still be loaded, to do so you have two options, [1mdo those steps only if you trust the source of the checkpoint[0m. 
	(1) In PyTorch 2.6, we changed the default value of the `weights_only` argument in `torch.load` from `False` to `True`. Re-running `torch.load` with `weights_only` set to `False` will likely succeed, but it can result in arbitrary code execution. Do it only if you got the file from a trusted source.
	(2) Alternatively, to load with `weights_only=True` please check the recommended steps in the following error message.
	WeightsUnpickler error: Unsupported global: GLOBAL numpy._core.multiarray._reconstruct was not an allowed global by default. Please use `torch.serialization.add_safe_globals([numpy._core.multiarray._reconstruct])` or the `torch.serialization.safe_globals([numpy._core.multiarray._reconstruct])` context manager to allowlist this global if you trust this class/function.

Check the documentation of torch.load to learn more about types accepted by default with weights_only https://pytorch.org/docs/stable/generated/torch.load.html.
[2026-09-15 21:46:09] Evaluating RoboCasa CloseSingleDoor latest checkpoint...
[2026-09-15 21:46:09] Error evaluating RC-CloseSingleDoor: Weights only load failed. This file can still be loaded, to do so you have two options, [1mdo those steps only if you trust the source of the checkpoint[0m. 
	(1) In PyTorch 2.6, we changed the default value of the `weights_only` argument in `torch.load` from `False` to `True`. Re-running `torch.load` with `weights_only` set to `False` will likely succeed, but it can result in arbitrary code execution. Do it only if you got the file from a trusted source.
	(2) Alternatively, to load with `weights_only=True` please check the recommended steps in the following error message.
	WeightsUnpickler error: Unsupported global: GLOBAL numpy.core.multiarray._reconstruct was not an allowed global by default. Please use `torch.serialization.add_safe_globals([numpy.core.multiarray._reconstruct])` or the `torch.serialization.safe_globals([numpy.core.multiarray._reconstruct])` context manager to allowlist this global if you trust this class/function.

Check the documentation of torch.load to learn more about types accepted by default with weights_only https://pytorch.org/docs/stable/generated/torch.load.html.
[2026-09-15 21:46:09] Sleeping for 1800s until next check...
[2026-09-15 22:16:09] --- Periodic Check Tick (2026-09-15 22:16:09) ---
[2026-09-15 22:16:09] Evaluating Push-T latest checkpoint...
[2026-09-15 22:16:09] Error evaluating Push-T: Weights only load failed. This file can still be loaded, to do so you have two options, [1mdo those steps only if you trust the source of the checkpoint[0m. 
	(1) In PyTorch 2.6, we changed the default value of the `weights_only` argument in `torch.load` from `False` to `True`. Re-running `torch.load` with `weights_only` set to `False` will likely succeed, but it can result in arbitrary code execution. Do it only if you got the file from a trusted source.
	(2) Alternatively, to load with `weights_only=True` please check the recommended steps in the following error message.
	WeightsUnpickler error: Unsupported global: GLOBAL numpy._core.multiarray._reconstruct was not an allowed global by default. Please use `torch.serialization.add_safe_globals([numpy._core.multiarray._reconstruct])` or the `torch.serialization.safe_globals([numpy._core.multiarray._reconstruct])` context manager to allowlist this global if you trust this class/function.

Check the documentation of torch.load to learn more about types accepted by default with weights_only https://pytorch.org/docs/stable/generated/torch.load.html.
[2026-09-15 22:16:09] Evaluating RoboCasa CloseSingleDoor latest checkpoint...
[2026-09-15 22:16:09] Error evaluating RC-CloseSingleDoor: Weights only load failed. This file can still be loaded, to do so you have two options, [1mdo those steps only if you trust the source of the checkpoint[0m. 
	(1) In PyTorch 2.6, we changed the default value of the `weights_only` argument in `torch.load` from `False` to `True`. Re-running `torch.load` with `weights_only` set to `False` will likely succeed, but it can result in arbitrary code execution. Do it only if you got the file from a trusted source.
	(2) Alternatively, to load with `weights_only=True` please check the recommended steps in the following error message.
	WeightsUnpickler error: Unsupported global: GLOBAL numpy.core.multiarray._reconstruct was not an allowed global by default. Please use `torch.serialization.add_safe_globals([numpy.core.multiarray._reconstruct])` or the `torch.serialization.safe_globals([numpy.core.multiarray._reconstruct])` context manager to allowlist this global if you trust this class/function.

Check the documentation of torch.load to learn more about types accepted by default with weights_only https://pytorch.org/docs/stable/generated/torch.load.html.
[2026-09-15 22:16:09] Sleeping for 1800s until next check...
[2026-09-15 22:46:09] --- Periodic Check Tick (2026-09-15 22:46:09) ---
[2026-09-15 22:46:09] Evaluating Push-T latest checkpoint...
[2026-09-15 22:46:09] Error evaluating Push-T: Weights only load failed. This file can still be loaded, to do so you have two options, [1mdo those steps only if you trust the source of the checkpoint[0m. 
	(1) In PyTorch 2.6, we changed the default value of the `weights_only` argument in `torch.load` from `False` to `True`. Re-running `torch.load` with `weights_only` set to `False` will likely succeed, but it can result in arbitrary code execution. Do it only if you got the file from a trusted source.
	(2) Alternatively, to load with `weights_only=True` please check the recommended steps in the following error message.
	WeightsUnpickler error: Unsupported global: GLOBAL numpy._core.multiarray._reconstruct was not an allowed global by default. Please use `torch.serialization.add_safe_globals([numpy._core.multiarray._reconstruct])` or the `torch.serialization.safe_globals([numpy._core.multiarray._reconstruct])` context manager to allowlist this global if you trust this class/function.

Check the documentation of torch.load to learn more about types accepted by default with weights_only https://pytorch.org/docs/stable/generated/torch.load.html.
[2026-09-15 22:46:09] Evaluating RoboCasa CloseSingleDoor latest checkpoint...
[2026-09-15 22:46:09] Error evaluating RC-CloseSingleDoor: Weights only load failed. This file can still be loaded, to do so you have two options, [1mdo those steps only if you trust the source of the checkpoint[0m. 
	(1) In PyTorch 2.6, we changed the default value of the `weights_only` argument in `torch.load` from `False` to `True`. Re-running `torch.load` with `weights_only` set to `False` will likely succeed, but it can result in arbitrary code execution. Do it only if you got the file from a trusted source.
	(2) Alternatively, to load with `weights_only=True` please check the recommended steps in the following error message.
	WeightsUnpickler error: Unsupported global: GLOBAL numpy.core.multiarray._reconstruct was not an allowed global by default. Please use `torch.serialization.add_safe_globals([numpy.core.multiarray._reconstruct])` or the `torch.serialization.safe_globals([numpy.core.multiarray._reconstruct])` context manager to allowlist this global if you trust this class/function.

Check the documentation of torch.load to learn more about types accepted by default with weights_only https://pytorch.org/docs/stable/generated/torch.load.html.
[2026-09-15 22:46:09] Sleeping for 1800s until next check...
[2026-09-15 23:16:09] --- Periodic Check Tick (2026-09-15 23:16:09) ---
[2026-09-15 23:16:09] Evaluating Push-T latest checkpoint...
[2026-09-15 23:16:09] Error evaluating Push-T: Weights only load failed. This file can still be loaded, to do so you have two options, [1mdo those steps only if you trust the source of the checkpoint[0m. 
	(1) In PyTorch 2.6, we changed the default value of the `weights_only` argument in `torch.load` from `False` to `True`. Re-running `torch.load` with `weights_only` set to `False` will likely succeed, but it can result in arbitrary code execution. Do it only if you got the file from a trusted source.
	(2) Alternatively, to load with `weights_only=True` please check the recommended steps in the following error message.
	WeightsUnpickler error: Unsupported global: GLOBAL numpy._core.multiarray._reconstruct was not an allowed global by default. Please use `torch.serialization.add_safe_globals([numpy._core.multiarray._reconstruct])` or the `torch.serialization.safe_globals([numpy._core.multiarray._reconstruct])` context manager to allowlist this global if you trust this class/function.

Check the documentation of torch.load to learn more about types accepted by default with weights_only https://pytorch.org/docs/stable/generated/torch.load.html.
[2026-09-15 23:16:09] Evaluating RoboCasa CloseSingleDoor latest checkpoint...
[2026-09-15 23:16:09] Error evaluating RC-CloseSingleDoor: Weights only load failed. This file can still be loaded, to do so you have two options, [1mdo those steps only if you trust the source of the checkpoint[0m. 
	(1) In PyTorch 2.6, we changed the default value of the `weights_only` argument in `torch.load` from `False` to `True`. Re-running `torch.load` with `weights_only` set to `False` will likely succeed, but it can result in arbitrary code execution. Do it only if you got the file from a trusted source.
	(2) Alternatively, to load with `weights_only=True` please check the recommended steps in the following error message.
	WeightsUnpickler error: Unsupported global: GLOBAL numpy.core.multiarray._reconstruct was not an allowed global by default. Please use `torch.serialization.add_safe_globals([numpy.core.multiarray._reconstruct])` or the `torch.serialization.safe_globals([numpy.core.multiarray._reconstruct])` context manager to allowlist this global if you trust this class/function.

Check the documentation of torch.load to learn more about types accepted by default with weights_only https://pytorch.org/docs/stable/generated/torch.load.html.
[2026-09-15 23:16:09] Sleeping for 1800s until next check...
[2026-09-15 23:46:09] --- Periodic Check Tick (2026-09-15 23:46:09) ---
[2026-09-15 23:46:09] Evaluating Push-T latest checkpoint...
[2026-09-15 23:46:09] Error evaluating Push-T: Weights only load failed. This file can still be loaded, to do so you have two options, [1mdo those steps only if you trust the source of the checkpoint[0m. 
	(1) In PyTorch 2.6, we changed the default value of the `weights_only` argument in `torch.load` from `False` to `True`. Re-running `torch.load` with `weights_only` set to `False` will likely succeed, but it can result in arbitrary code execution. Do it only if you got the file from a trusted source.
	(2) Alternatively, to load with `weights_only=True` please check the recommended steps in the following error message.
	WeightsUnpickler error: Unsupported global: GLOBAL numpy._core.multiarray._reconstruct was not an allowed global by default. Please use `torch.serialization.add_safe_globals([numpy._core.multiarray._reconstruct])` or the `torch.serialization.safe_globals([numpy._core.multiarray._reconstruct])` context manager to allowlist this global if you trust this class/function.

Check the documentation of torch.load to learn more about types accepted by default with weights_only https://pytorch.org/docs/stable/generated/torch.load.html.
[2026-09-15 23:46:09] Evaluating RoboCasa CloseSingleDoor latest checkpoint...
[2026-09-15 23:46:09] Error evaluating RC-CloseSingleDoor: Weights only load failed. This file can still be loaded, to do so you have two options, [1mdo those steps only if you trust the source of the checkpoint[0m. 
	(1) In PyTorch 2.6, we changed the default value of the `weights_only` argument in `torch.load` from `False` to `True`. Re-running `torch.load` with `weights_only` set to `False` will likely succeed, but it can result in arbitrary code execution. Do it only if you got the file from a trusted source.
	(2) Alternatively, to load with `weights_only=True` please check the recommended steps in the following error message.
	WeightsUnpickler error: Unsupported global: GLOBAL numpy.core.multiarray._reconstruct was not an allowed global by default. Please use `torch.serialization.add_safe_globals([numpy.core.multiarray._reconstruct])` or the `torch.serialization.safe_globals([numpy.core.multiarray._reconstruct])` context manager to allowlist this global if you trust this class/function.

Check the documentation of torch.load to learn more about types accepted by default with weights_only https://pytorch.org/docs/stable/generated/torch.load.html.
[2026-09-15 23:46:09] Sleeping for 1800s until next check...
[2026-09-16 00:16:09] --- Periodic Check Tick (2026-09-16 00:16:09) ---
[2026-09-16 00:16:09] Evaluating Push-T latest checkpoint...
[2026-09-16 00:16:09] Error evaluating Push-T: Weights only load failed. This file can still be loaded, to do so you have two options, [1mdo those steps only if you trust the source of the checkpoint[0m. 
	(1) In PyTorch 2.6, we changed the default value of the `weights_only` argument in `torch.load` from `False` to `True`. Re-running `torch.load` with `weights_only` set to `False` will likely succeed, but it can result in arbitrary code execution. Do it only if you got the file from a trusted source.
	(2) Alternatively, to load with `weights_only=True` please check the recommended steps in the following error message.
	WeightsUnpickler error: Unsupported global: GLOBAL numpy._core.multiarray._reconstruct was not an allowed global by default. Please use `torch.serialization.add_safe_globals([numpy._core.multiarray._reconstruct])` or the `torch.serialization.safe_globals([numpy._core.multiarray._reconstruct])` context manager to allowlist this global if you trust this class/function.

Check the documentation of torch.load to learn more about types accepted by default with weights_only https://pytorch.org/docs/stable/generated/torch.load.html.
[2026-09-16 00:16:09] Evaluating RoboCasa CloseSingleDoor latest checkpoint...
[2026-09-16 00:16:09] Error evaluating RC-CloseSingleDoor: Weights only load failed. This file can still be loaded, to do so you have two options, [1mdo those steps only if you trust the source of the checkpoint[0m. 
	(1) In PyTorch 2.6, we changed the default value of the `weights_only` argument in `torch.load` from `False` to `True`. Re-running `torch.load` with `weights_only` set to `False` will likely succeed, but it can result in arbitrary code execution. Do it only if you got the file from a trusted source.
	(2) Alternatively, to load with `weights_only=True` please check the recommended steps in the following error message.
	WeightsUnpickler error: Unsupported global: GLOBAL numpy.core.multiarray._reconstruct was not an allowed global by default. Please use `torch.serialization.add_safe_globals([numpy.core.multiarray._reconstruct])` or the `torch.serialization.safe_globals([numpy.core.multiarray._reconstruct])` context manager to allowlist this global if you trust this class/function.

Check the documentation of torch.load to learn more about types accepted by default with weights_only https://pytorch.org/docs/stable/generated/torch.load.html.
[2026-09-16 00:16:09] Sleeping for 1800s until next check...
[2026-09-16 00:46:09] --- Periodic Check Tick (2026-09-16 00:46:09) ---
[2026-09-16 00:46:09] Evaluating Push-T latest checkpoint...
[2026-09-16 00:46:09] Error evaluating Push-T: Weights only load failed. This file can still be loaded, to do so you have two options, [1mdo those steps only if you trust the source of the checkpoint[0m. 
	(1) In PyTorch 2.6, we changed the default value of the `weights_only` argument in `torch.load` from `False` to `True`. Re-running `torch.load` with `weights_only` set to `False` will likely succeed, but it can result in arbitrary code execution. Do it only if you got the file from a trusted source.
	(2) Alternatively, to load with `weights_only=True` please check the recommended steps in the following error message.
	WeightsUnpickler error: Unsupported global: GLOBAL numpy._core.multiarray._reconstruct was not an allowed global by default. Please use `torch.serialization.add_safe_globals([numpy._core.multiarray._reconstruct])` or the `torch.serialization.safe_globals([numpy._core.multiarray._reconstruct])` context manager to allowlist this global if you trust this class/function.

Check the documentation of torch.load to learn more about types accepted by default with weights_only https://pytorch.org/docs/stable/generated/torch.load.html.
[2026-09-16 00:46:09] Evaluating RoboCasa CloseSingleDoor latest checkpoint...
[2026-09-16 00:46:09] Error evaluating RC-CloseSingleDoor: Weights only load failed. This file can still be loaded, to do so you have two options, [1mdo those steps only if you trust the source of the checkpoint[0m. 
	(1) In PyTorch 2.6, we changed the default value of the `weights_only` argument in `torch.load` from `False` to `True`. Re-running `torch.load` with `weights_only` set to `False` will likely succeed, but it can result in arbitrary code execution. Do it only if you got the file from a trusted source.
	(2) Alternatively, to load with `weights_only=True` please check the recommended steps in the following error message.
	WeightsUnpickler error: Unsupported global: GLOBAL numpy.core.multiarray._reconstruct was not an allowed global by default. Please use `torch.serialization.add_safe_globals([numpy.core.multiarray._reconstruct])` or the `torch.serialization.safe_globals([numpy.core.multiarray._reconstruct])` context manager to allowlist this global if you trust this class/function.

Check the documentation of torch.load to learn more about types accepted by default with weights_only https://pytorch.org/docs/stable/generated/torch.load.html.
[2026-09-16 00:46:09] Sleeping for 1800s until next check...
[2026-09-16 01:16:09] --- Periodic Check Tick (2026-09-16 01:16:09) ---
[2026-09-16 01:16:09] Evaluating Push-T latest checkpoint...
[2026-09-16 01:16:09] Error evaluating Push-T: Weights only load failed. This file can still be loaded, to do so you have two options, [1mdo those steps only if you trust the source of the checkpoint[0m. 
	(1) In PyTorch 2.6, we changed the default value of the `weights_only` argument in `torch.load` from `False` to `True`. Re-running `torch.load` with `weights_only` set to `False` will likely succeed, but it can result in arbitrary code execution. Do it only if you got the file from a trusted source.
	(2) Alternatively, to load with `weights_only=True` please check the recommended steps in the following error message.
	WeightsUnpickler error: Unsupported global: GLOBAL numpy._core.multiarray._reconstruct was not an allowed global by default. Please use `torch.serialization.add_safe_globals([numpy._core.multiarray._reconstruct])` or the `torch.serialization.safe_globals([numpy._core.multiarray._reconstruct])` context manager to allowlist this global if you trust this class/function.

Check the documentation of torch.load to learn more about types accepted by default with weights_only https://pytorch.org/docs/stable/generated/torch.load.html.
[2026-09-16 01:16:09] Evaluating RoboCasa CloseSingleDoor latest checkpoint...
[2026-09-16 01:16:09] Error evaluating RC-CloseSingleDoor: Weights only load failed. This file can still be loaded, to do so you have two options, [1mdo those steps only if you trust the source of the checkpoint[0m. 
	(1) In PyTorch 2.6, we changed the default value of the `weights_only` argument in `torch.load` from `False` to `True`. Re-running `torch.load` with `weights_only` set to `False` will likely succeed, but it can result in arbitrary code execution. Do it only if you got the file from a trusted source.
	(2) Alternatively, to load with `weights_only=True` please check the recommended steps in the following error message.
	WeightsUnpickler error: Unsupported global: GLOBAL numpy.core.multiarray._reconstruct was not an allowed global by default. Please use `torch.serialization.add_safe_globals([numpy.core.multiarray._reconstruct])` or the `torch.serialization.safe_globals([numpy.core.multiarray._reconstruct])` context manager to allowlist this global if you trust this class/function.

Check the documentation of torch.load to learn more about types accepted by default with weights_only https://pytorch.org/docs/stable/generated/torch.load.html.
[2026-09-16 01:16:09] Sleeping for 1800s until next check...
[2026-09-16 01:46:09] --- Periodic Check Tick (2026-09-16 01:46:09) ---
[2026-09-16 01:46:09] Evaluating Push-T latest checkpoint...
[2026-09-16 01:46:09] Error evaluating Push-T: Weights only load failed. This file can still be loaded, to do so you have two options, [1mdo those steps only if you trust the source of the checkpoint[0m. 
	(1) In PyTorch 2.6, we changed the default value of the `weights_only` argument in `torch.load` from `False` to `True`. Re-running `torch.load` with `weights_only` set to `False` will likely succeed, but it can result in arbitrary code execution. Do it only if you got the file from a trusted source.
	(2) Alternatively, to load with `weights_only=True` please check the recommended steps in the following error message.
	WeightsUnpickler error: Unsupported global: GLOBAL numpy._core.multiarray._reconstruct was not an allowed global by default. Please use `torch.serialization.add_safe_globals([numpy._core.multiarray._reconstruct])` or the `torch.serialization.safe_globals([numpy._core.multiarray._reconstruct])` context manager to allowlist this global if you trust this class/function.

Check the documentation of torch.load to learn more about types accepted by default with weights_only https://pytorch.org/docs/stable/generated/torch.load.html.
[2026-09-16 01:46:09] Evaluating RoboCasa CloseSingleDoor latest checkpoint...
[2026-09-16 01:46:09] Error evaluating RC-CloseSingleDoor: Weights only load failed. This file can still be loaded, to do so you have two options, [1mdo those steps only if you trust the source of the checkpoint[0m. 
	(1) In PyTorch 2.6, we changed the default value of the `weights_only` argument in `torch.load` from `False` to `True`. Re-running `torch.load` with `weights_only` set to `False` will likely succeed, but it can result in arbitrary code execution. Do it only if you got the file from a trusted source.
	(2) Alternatively, to load with `weights_only=True` please check the recommended steps in the following error message.
	WeightsUnpickler error: Unsupported global: GLOBAL numpy.core.multiarray._reconstruct was not an allowed global by default. Please use `torch.serialization.add_safe_globals([numpy.core.multiarray._reconstruct])` or the `torch.serialization.safe_globals([numpy.core.multiarray._reconstruct])` context manager to allowlist this global if you trust this class/function.

Check the documentation of torch.load to learn more about types accepted by default with weights_only https://pytorch.org/docs/stable/generated/torch.load.html.
[2026-09-16 01:46:09] Sleeping for 1800s until next check...
[2026-09-16 02:16:09] --- Periodic Check Tick (2026-09-16 02:16:09) ---
[2026-09-16 02:16:09] Evaluating Push-T latest checkpoint...
[2026-09-16 02:16:09] Error evaluating Push-T: Weights only load failed. This file can still be loaded, to do so you have two options, [1mdo those steps only if you trust the source of the checkpoint[0m. 
	(1) In PyTorch 2.6, we changed the default value of the `weights_only` argument in `torch.load` from `False` to `True`. Re-running `torch.load` with `weights_only` set to `False` will likely succeed, but it can result in arbitrary code execution. Do it only if you got the file from a trusted source.
	(2) Alternatively, to load with `weights_only=True` please check the recommended steps in the following error message.
	WeightsUnpickler error: Unsupported global: GLOBAL numpy._core.multiarray._reconstruct was not an allowed global by default. Please use `torch.serialization.add_safe_globals([numpy._core.multiarray._reconstruct])` or the `torch.serialization.safe_globals([numpy._core.multiarray._reconstruct])` context manager to allowlist this global if you trust this class/function.

Check the documentation of torch.load to learn more about types accepted by default with weights_only https://pytorch.org/docs/stable/generated/torch.load.html.
[2026-09-16 02:16:09] Evaluating RoboCasa CloseSingleDoor latest checkpoint...
[2026-09-16 02:16:09] Error evaluating RC-CloseSingleDoor: Weights only load failed. This file can still be loaded, to do so you have two options, [1mdo those steps only if you trust the source of the checkpoint[0m. 
	(1) In PyTorch 2.6, we changed the default value of the `weights_only` argument in `torch.load` from `False` to `True`. Re-running `torch.load` with `weights_only` set to `False` will likely succeed, but it can result in arbitrary code execution. Do it only if you got the file from a trusted source.
	(2) Alternatively, to load with `weights_only=True` please check the recommended steps in the following error message.
	WeightsUnpickler error: Unsupported global: GLOBAL numpy.core.multiarray._reconstruct was not an allowed global by default. Please use `torch.serialization.add_safe_globals([numpy.core.multiarray._reconstruct])` or the `torch.serialization.safe_globals([numpy.core.multiarray._reconstruct])` context manager to allowlist this global if you trust this class/function.

Check the documentation of torch.load to learn more about types accepted by default with weights_only https://pytorch.org/docs/stable/generated/torch.load.html.
[2026-09-16 02:16:09] Sleeping for 1800s until next check...
[2026-09-16 02:46:09] --- Periodic Check Tick (2026-09-16 02:46:09) ---
[2026-09-16 02:46:09] Evaluating Push-T latest checkpoint...
[2026-09-16 02:46:09] Error evaluating Push-T: Weights only load failed. This file can still be loaded, to do so you have two options, [1mdo those steps only if you trust the source of the checkpoint[0m. 
	(1) In PyTorch 2.6, we changed the default value of the `weights_only` argument in `torch.load` from `False` to `True`. Re-running `torch.load` with `weights_only` set to `False` will likely succeed, but it can result in arbitrary code execution. Do it only if you got the file from a trusted source.
	(2) Alternatively, to load with `weights_only=True` please check the recommended steps in the following error message.
	WeightsUnpickler error: Unsupported global: GLOBAL numpy._core.multiarray._reconstruct was not an allowed global by default. Please use `torch.serialization.add_safe_globals([numpy._core.multiarray._reconstruct])` or the `torch.serialization.safe_globals([numpy._core.multiarray._reconstruct])` context manager to allowlist this global if you trust this class/function.

Check the documentation of torch.load to learn more about types accepted by default with weights_only https://pytorch.org/docs/stable/generated/torch.load.html.
[2026-09-16 02:46:09] Evaluating RoboCasa CloseSingleDoor latest checkpoint...
[2026-09-16 02:46:09] Error evaluating RC-CloseSingleDoor: Weights only load failed. This file can still be loaded, to do so you have two options, [1mdo those steps only if you trust the source of the checkpoint[0m. 
	(1) In PyTorch 2.6, we changed the default value of the `weights_only` argument in `torch.load` from `False` to `True`. Re-running `torch.load` with `weights_only` set to `False` will likely succeed, but it can result in arbitrary code execution. Do it only if you got the file from a trusted source.
	(2) Alternatively, to load with `weights_only=True` please check the recommended steps in the following error message.
	WeightsUnpickler error: Unsupported global: GLOBAL numpy.core.multiarray._reconstruct was not an allowed global by default. Please use `torch.serialization.add_safe_globals([numpy.core.multiarray._reconstruct])` or the `torch.serialization.safe_globals([numpy.core.multiarray._reconstruct])` context manager to allowlist this global if you trust this class/function.

Check the documentation of torch.load to learn more about types accepted by default with weights_only https://pytorch.org/docs/stable/generated/torch.load.html.
[2026-09-16 02:46:09] Sleeping for 1800s until next check...
[2026-09-16 03:16:09] --- Periodic Check Tick (2026-09-16 03:16:09) ---
[2026-09-16 03:16:09] Evaluating Push-T latest checkpoint...
[2026-09-16 03:16:09] Error evaluating Push-T: Weights only load failed. This file can still be loaded, to do so you have two options, [1mdo those steps only if you trust the source of the checkpoint[0m. 
	(1) In PyTorch 2.6, we changed the default value of the `weights_only` argument in `torch.load` from `False` to `True`. Re-running `torch.load` with `weights_only` set to `False` will likely succeed, but it can result in arbitrary code execution. Do it only if you got the file from a trusted source.
	(2) Alternatively, to load with `weights_only=True` please check the recommended steps in the following error message.
	WeightsUnpickler error: Unsupported global: GLOBAL numpy._core.multiarray._reconstruct was not an allowed global by default. Please use `torch.serialization.add_safe_globals([numpy._core.multiarray._reconstruct])` or the `torch.serialization.safe_globals([numpy._core.multiarray._reconstruct])` context manager to allowlist this global if you trust this class/function.

Check the documentation of torch.load to learn more about types accepted by default with weights_only https://pytorch.org/docs/stable/generated/torch.load.html.
[2026-09-16 03:16:09] Evaluating RoboCasa CloseSingleDoor latest checkpoint...
[2026-09-16 03:16:09] Error evaluating RC-CloseSingleDoor: Weights only load failed. This file can still be loaded, to do so you have two options, [1mdo those steps only if you trust the source of the checkpoint[0m. 
	(1) In PyTorch 2.6, we changed the default value of the `weights_only` argument in `torch.load` from `False` to `True`. Re-running `torch.load` with `weights_only` set to `False` will likely succeed, but it can result in arbitrary code execution. Do it only if you got the file from a trusted source.
	(2) Alternatively, to load with `weights_only=True` please check the recommended steps in the following error message.
	WeightsUnpickler error: Unsupported global: GLOBAL numpy.core.multiarray._reconstruct was not an allowed global by default. Please use `torch.serialization.add_safe_globals([numpy.core.multiarray._reconstruct])` or the `torch.serialization.safe_globals([numpy.core.multiarray._reconstruct])` context manager to allowlist this global if you trust this class/function.

Check the documentation of torch.load to learn more about types accepted by default with weights_only https://pytorch.org/docs/stable/generated/torch.load.html.
[2026-09-16 03:16:09] Sleeping for 1800s until next check...
[2026-09-16 03:46:09] --- Periodic Check Tick (2026-09-16 03:46:09) ---
[2026-09-16 03:46:09] Evaluating Push-T latest checkpoint...
[2026-09-16 03:46:09] Error evaluating Push-T: Weights only load failed. This file can still be loaded, to do so you have two options, [1mdo those steps only if you trust the source of the checkpoint[0m. 
	(1) In PyTorch 2.6, we changed the default value of the `weights_only` argument in `torch.load` from `False` to `True`. Re-running `torch.load` with `weights_only` set to `False` will likely succeed, but it can result in arbitrary code execution. Do it only if you got the file from a trusted source.
	(2) Alternatively, to load with `weights_only=True` please check the recommended steps in the following error message.
	WeightsUnpickler error: Unsupported global: GLOBAL numpy._core.multiarray._reconstruct was not an allowed global by default. Please use `torch.serialization.add_safe_globals([numpy._core.multiarray._reconstruct])` or the `torch.serialization.safe_globals([numpy._core.multiarray._reconstruct])` context manager to allowlist this global if you trust this class/function.

Check the documentation of torch.load to learn more about types accepted by default with weights_only https://pytorch.org/docs/stable/generated/torch.load.html.
[2026-09-16 03:46:09] Evaluating RoboCasa CloseSingleDoor latest checkpoint...
[2026-09-16 03:46:09] Error evaluating RC-CloseSingleDoor: Weights only load failed. This file can still be loaded, to do so you have two options, [1mdo those steps only if you trust the source of the checkpoint[0m. 
	(1) In PyTorch 2.6, we changed the default value of the `weights_only` argument in `torch.load` from `False` to `True`. Re-running `torch.load` with `weights_only` set to `False` will likely succeed, but it can result in arbitrary code execution. Do it only if you got the file from a trusted source.
	(2) Alternatively, to load with `weights_only=True` please check the recommended steps in the following error message.
	WeightsUnpickler error: Unsupported global: GLOBAL numpy.core.multiarray._reconstruct was not an allowed global by default. Please use `torch.serialization.add_safe_globals([numpy.core.multiarray._reconstruct])` or the `torch.serialization.safe_globals([numpy.core.multiarray._reconstruct])` context manager to allowlist this global if you trust this class/function.

Check the documentation of torch.load to learn more about types accepted by default with weights_only https://pytorch.org/docs/stable/generated/torch.load.html.
[2026-09-16 03:46:09] Sleeping for 1800s until next check...
[2026-09-16 04:16:09] --- Periodic Check Tick (2026-09-16 04:16:09) ---
[2026-09-16 04:16:09] Evaluating Push-T latest checkpoint...
[2026-09-16 04:16:09] Error evaluating Push-T: Weights only load failed. This file can still be loaded, to do so you have two options, [1mdo those steps only if you trust the source of the checkpoint[0m. 
	(1) In PyTorch 2.6, we changed the default value of the `weights_only` argument in `torch.load` from `False` to `True`. Re-running `torch.load` with `weights_only` set to `False` will likely succeed, but it can result in arbitrary code execution. Do it only if you got the file from a trusted source.
	(2) Alternatively, to load with `weights_only=True` please check the recommended steps in the following error message.
	WeightsUnpickler error: Unsupported global: GLOBAL numpy._core.multiarray._reconstruct was not an allowed global by default. Please use `torch.serialization.add_safe_globals([numpy._core.multiarray._reconstruct])` or the `torch.serialization.safe_globals([numpy._core.multiarray._reconstruct])` context manager to allowlist this global if you trust this class/function.

Check the documentation of torch.load to learn more about types accepted by default with weights_only https://pytorch.org/docs/stable/generated/torch.load.html.
[2026-09-16 04:16:09] Evaluating RoboCasa CloseSingleDoor latest checkpoint...
[2026-09-16 04:16:09] Error evaluating RC-CloseSingleDoor: Weights only load failed. This file can still be loaded, to do so you have two options, [1mdo those steps only if you trust the source of the checkpoint[0m. 
	(1) In PyTorch 2.6, we changed the default value of the `weights_only` argument in `torch.load` from `False` to `True`. Re-running `torch.load` with `weights_only` set to `False` will likely succeed, but it can result in arbitrary code execution. Do it only if you got the file from a trusted source.
	(2) Alternatively, to load with `weights_only=True` please check the recommended steps in the following error message.
	WeightsUnpickler error: Unsupported global: GLOBAL numpy.core.multiarray._reconstruct was not an allowed global by default. Please use `torch.serialization.add_safe_globals([numpy.core.multiarray._reconstruct])` or the `torch.serialization.safe_globals([numpy.core.multiarray._reconstruct])` context manager to allowlist this global if you trust this class/function.

Check the documentation of torch.load to learn more about types accepted by default with weights_only https://pytorch.org/docs/stable/generated/torch.load.html.
[2026-09-16 04:16:09] Sleeping for 1800s until next check...
[2026-09-16 04:46:09] --- Periodic Check Tick (2026-09-16 04:46:09) ---
[2026-09-16 04:46:09] Evaluating Push-T latest checkpoint...
[2026-09-16 04:46:09] Error evaluating Push-T: Weights only load failed. This file can still be loaded, to do so you have two options, [1mdo those steps only if you trust the source of the checkpoint[0m. 
	(1) In PyTorch 2.6, we changed the default value of the `weights_only` argument in `torch.load` from `False` to `True`. Re-running `torch.load` with `weights_only` set to `False` will likely succeed, but it can result in arbitrary code execution. Do it only if you got the file from a trusted source.
	(2) Alternatively, to load with `weights_only=True` please check the recommended steps in the following error message.
	WeightsUnpickler error: Unsupported global: GLOBAL numpy._core.multiarray._reconstruct was not an allowed global by default. Please use `torch.serialization.add_safe_globals([numpy._core.multiarray._reconstruct])` or the `torch.serialization.safe_globals([numpy._core.multiarray._reconstruct])` context manager to allowlist this global if you trust this class/function.

Check the documentation of torch.load to learn more about types accepted by default with weights_only https://pytorch.org/docs/stable/generated/torch.load.html.
[2026-09-16 04:46:09] Evaluating RoboCasa CloseSingleDoor latest checkpoint...
[2026-09-16 04:46:09] Error evaluating RC-CloseSingleDoor: Weights only load failed. This file can still be loaded, to do so you have two options, [1mdo those steps only if you trust the source of the checkpoint[0m. 
	(1) In PyTorch 2.6, we changed the default value of the `weights_only` argument in `torch.load` from `False` to `True`. Re-running `torch.load` with `weights_only` set to `False` will likely succeed, but it can result in arbitrary code execution. Do it only if you got the file from a trusted source.
	(2) Alternatively, to load with `weights_only=True` please check the recommended steps in the following error message.
	WeightsUnpickler error: Unsupported global: GLOBAL numpy.core.multiarray._reconstruct was not an allowed global by default. Please use `torch.serialization.add_safe_globals([numpy.core.multiarray._reconstruct])` or the `torch.serialization.safe_globals([numpy.core.multiarray._reconstruct])` context manager to allowlist this global if you trust this class/function.

Check the documentation of torch.load to learn more about types accepted by default with weights_only https://pytorch.org/docs/stable/generated/torch.load.html.
[2026-09-16 04:46:09] Sleeping for 1800s until next check...
[2026-09-16 05:16:09] --- Periodic Check Tick (2026-09-16 05:16:09) ---
[2026-09-16 05:16:09] Evaluating Push-T latest checkpoint...
[2026-09-16 05:16:09] Error evaluating Push-T: Weights only load failed. This file can still be loaded, to do so you have two options, [1mdo those steps only if you trust the source of the checkpoint[0m. 
	(1) In PyTorch 2.6, we changed the default value of the `weights_only` argument in `torch.load` from `False` to `True`. Re-running `torch.load` with `weights_only` set to `False` will likely succeed, but it can result in arbitrary code execution. Do it only if you got the file from a trusted source.
	(2) Alternatively, to load with `weights_only=True` please check the recommended steps in the following error message.
	WeightsUnpickler error: Unsupported global: GLOBAL numpy._core.multiarray._reconstruct was not an allowed global by default. Please use `torch.serialization.add_safe_globals([numpy._core.multiarray._reconstruct])` or the `torch.serialization.safe_globals([numpy._core.multiarray._reconstruct])` context manager to allowlist this global if you trust this class/function.

Check the documentation of torch.load to learn more about types accepted by default with weights_only https://pytorch.org/docs/stable/generated/torch.load.html.
[2026-09-16 05:16:09] Evaluating RoboCasa CloseSingleDoor latest checkpoint...
[2026-09-16 05:16:09] Error evaluating RC-CloseSingleDoor: Weights only load failed. This file can still be loaded, to do so you have two options, [1mdo those steps only if you trust the source of the checkpoint[0m. 
	(1) In PyTorch 2.6, we changed the default value of the `weights_only` argument in `torch.load` from `False` to `True`. Re-running `torch.load` with `weights_only` set to `False` will likely succeed, but it can result in arbitrary code execution. Do it only if you got the file from a trusted source.
	(2) Alternatively, to load with `weights_only=True` please check the recommended steps in the following error message.
	WeightsUnpickler error: Unsupported global: GLOBAL numpy.core.multiarray._reconstruct was not an allowed global by default. Please use `torch.serialization.add_safe_globals([numpy.core.multiarray._reconstruct])` or the `torch.serialization.safe_globals([numpy.core.multiarray._reconstruct])` context manager to allowlist this global if you trust this class/function.

Check the documentation of torch.load to learn more about types accepted by default with weights_only https://pytorch.org/docs/stable/generated/torch.load.html.
[2026-09-16 05:16:09] Sleeping for 1800s until next check...
[2026-09-16 05:46:09] --- Periodic Check Tick (2026-09-16 05:46:09) ---
[2026-09-16 05:46:09] Evaluating Push-T latest checkpoint...
[2026-09-16 05:46:09] Error evaluating Push-T: Weights only load failed. This file can still be loaded, to do so you have two options, [1mdo those steps only if you trust the source of the checkpoint[0m. 
	(1) In PyTorch 2.6, we changed the default value of the `weights_only` argument in `torch.load` from `False` to `True`. Re-running `torch.load` with `weights_only` set to `False` will likely succeed, but it can result in arbitrary code execution. Do it only if you got the file from a trusted source.
	(2) Alternatively, to load with `weights_only=True` please check the recommended steps in the following error message.
	WeightsUnpickler error: Unsupported global: GLOBAL numpy._core.multiarray._reconstruct was not an allowed global by default. Please use `torch.serialization.add_safe_globals([numpy._core.multiarray._reconstruct])` or the `torch.serialization.safe_globals([numpy._core.multiarray._reconstruct])` context manager to allowlist this global if you trust this class/function.

Check the documentation of torch.load to learn more about types accepted by default with weights_only https://pytorch.org/docs/stable/generated/torch.load.html.
[2026-09-16 05:46:09] Evaluating RoboCasa CloseSingleDoor latest checkpoint...
[2026-09-16 05:46:09] Error evaluating RC-CloseSingleDoor: Weights only load failed. This file can still be loaded, to do so you have two options, [1mdo those steps only if you trust the source of the checkpoint[0m. 
	(1) In PyTorch 2.6, we changed the default value of the `weights_only` argument in `torch.load` from `False` to `True`. Re-running `torch.load` with `weights_only` set to `False` will likely succeed, but it can result in arbitrary code execution. Do it only if you got the file from a trusted source.
	(2) Alternatively, to load with `weights_only=True` please check the recommended steps in the following error message.
	WeightsUnpickler error: Unsupported global: GLOBAL numpy.core.multiarray._reconstruct was not an allowed global by default. Please use `torch.serialization.add_safe_globals([numpy.core.multiarray._reconstruct])` or the `torch.serialization.safe_globals([numpy.core.multiarray._reconstruct])` context manager to allowlist this global if you trust this class/function.

Check the documentation of torch.load to learn more about types accepted by default with weights_only https://pytorch.org/docs/stable/generated/torch.load.html.
[2026-09-16 05:46:09] Sleeping for 1800s until next check...
[2026-09-16 06:16:09] --- Periodic Check Tick (2026-09-16 06:16:09) ---
[2026-09-16 06:16:09] Evaluating Push-T latest checkpoint...
[2026-09-16 06:16:09] Error evaluating Push-T: Weights only load failed. This file can still be loaded, to do so you have two options, [1mdo those steps only if you trust the source of the checkpoint[0m. 
	(1) In PyTorch 2.6, we changed the default value of the `weights_only` argument in `torch.load` from `False` to `True`. Re-running `torch.load` with `weights_only` set to `False` will likely succeed, but it can result in arbitrary code execution. Do it only if you got the file from a trusted source.
	(2) Alternatively, to load with `weights_only=True` please check the recommended steps in the following error message.
	WeightsUnpickler error: Unsupported global: GLOBAL numpy._core.multiarray._reconstruct was not an allowed global by default. Please use `torch.serialization.add_safe_globals([numpy._core.multiarray._reconstruct])` or the `torch.serialization.safe_globals([numpy._core.multiarray._reconstruct])` context manager to allowlist this global if you trust this class/function.

Check the documentation of torch.load to learn more about types accepted by default with weights_only https://pytorch.org/docs/stable/generated/torch.load.html.
[2026-09-16 06:16:09] Evaluating RoboCasa CloseSingleDoor latest checkpoint...
[2026-09-16 06:16:09] Error evaluating RC-CloseSingleDoor: Weights only load failed. This file can still be loaded, to do so you have two options, [1mdo those steps only if you trust the source of the checkpoint[0m. 
	(1) In PyTorch 2.6, we changed the default value of the `weights_only` argument in `torch.load` from `False` to `True`. Re-running `torch.load` with `weights_only` set to `False` will likely succeed, but it can result in arbitrary code execution. Do it only if you got the file from a trusted source.
	(2) Alternatively, to load with `weights_only=True` please check the recommended steps in the following error message.
	WeightsUnpickler error: Unsupported global: GLOBAL numpy.core.multiarray._reconstruct was not an allowed global by default. Please use `torch.serialization.add_safe_globals([numpy.core.multiarray._reconstruct])` or the `torch.serialization.safe_globals([numpy.core.multiarray._reconstruct])` context manager to allowlist this global if you trust this class/function.

Check the documentation of torch.load to learn more about types accepted by default with weights_only https://pytorch.org/docs/stable/generated/torch.load.html.
[2026-09-16 06:16:09] Sleeping for 1800s until next check...
[2026-09-16 06:46:09] --- Periodic Check Tick (2026-09-16 06:46:09) ---
[2026-09-16 06:46:09] Evaluating Push-T latest checkpoint...
[2026-09-16 06:46:09] Error evaluating Push-T: Weights only load failed. This file can still be loaded, to do so you have two options, [1mdo those steps only if you trust the source of the checkpoint[0m. 
	(1) In PyTorch 2.6, we changed the default value of the `weights_only` argument in `torch.load` from `False` to `True`. Re-running `torch.load` with `weights_only` set to `False` will likely succeed, but it can result in arbitrary code execution. Do it only if you got the file from a trusted source.
	(2) Alternatively, to load with `weights_only=True` please check the recommended steps in the following error message.
	WeightsUnpickler error: Unsupported global: GLOBAL numpy._core.multiarray._reconstruct was not an allowed global by default. Please use `torch.serialization.add_safe_globals([numpy._core.multiarray._reconstruct])` or the `torch.serialization.safe_globals([numpy._core.multiarray._reconstruct])` context manager to allowlist this global if you trust this class/function.

Check the documentation of torch.load to learn more about types accepted by default with weights_only https://pytorch.org/docs/stable/generated/torch.load.html.
[2026-09-16 06:46:09] Evaluating RoboCasa CloseSingleDoor latest checkpoint...
[2026-09-16 06:46:09] Error evaluating RC-CloseSingleDoor: Weights only load failed. This file can still be loaded, to do so you have two options, [1mdo those steps only if you trust the source of the checkpoint[0m. 
	(1) In PyTorch 2.6, we changed the default value of the `weights_only` argument in `torch.load` from `False` to `True`. Re-running `torch.load` with `weights_only` set to `False` will likely succeed, but it can result in arbitrary code execution. Do it only if you got the file from a trusted source.
	(2) Alternatively, to load with `weights_only=True` please check the recommended steps in the following error message.
	WeightsUnpickler error: Unsupported global: GLOBAL numpy.core.multiarray._reconstruct was not an allowed global by default. Please use `torch.serialization.add_safe_globals([numpy.core.multiarray._reconstruct])` or the `torch.serialization.safe_globals([numpy.core.multiarray._reconstruct])` context manager to allowlist this global if you trust this class/function.

Check the documentation of torch.load to learn more about types accepted by default with weights_only https://pytorch.org/docs/stable/generated/torch.load.html.
[2026-09-16 06:46:09] Sleeping for 1800s until next check...
[2026-09-16 07:16:09] --- Periodic Check Tick (2026-09-16 07:16:09) ---
[2026-09-16 07:16:09] Evaluating Push-T latest checkpoint...
[2026-09-16 07:16:09] Error evaluating Push-T: Weights only load failed. This file can still be loaded, to do so you have two options, [1mdo those steps only if you trust the source of the checkpoint[0m. 
	(1) In PyTorch 2.6, we changed the default value of the `weights_only` argument in `torch.load` from `False` to `True`. Re-running `torch.load` with `weights_only` set to `False` will likely succeed, but it can result in arbitrary code execution. Do it only if you got the file from a trusted source.
	(2) Alternatively, to load with `weights_only=True` please check the recommended steps in the following error message.
	WeightsUnpickler error: Unsupported global: GLOBAL numpy._core.multiarray._reconstruct was not an allowed global by default. Please use `torch.serialization.add_safe_globals([numpy._core.multiarray._reconstruct])` or the `torch.serialization.safe_globals([numpy._core.multiarray._reconstruct])` context manager to allowlist this global if you trust this class/function.

Check the documentation of torch.load to learn more about types accepted by default with weights_only https://pytorch.org/docs/stable/generated/torch.load.html.
[2026-09-16 07:16:09] Evaluating RoboCasa CloseSingleDoor latest checkpoint...
[2026-09-16 07:16:09] Error evaluating RC-CloseSingleDoor: Weights only load failed. This file can still be loaded, to do so you have two options, [1mdo those steps only if you trust the source of the checkpoint[0m. 
	(1) In PyTorch 2.6, we changed the default value of the `weights_only` argument in `torch.load` from `False` to `True`. Re-running `torch.load` with `weights_only` set to `False` will likely succeed, but it can result in arbitrary code execution. Do it only if you got the file from a trusted source.
	(2) Alternatively, to load with `weights_only=True` please check the recommended steps in the following error message.
	WeightsUnpickler error: Unsupported global: GLOBAL numpy.core.multiarray._reconstruct was not an allowed global by default. Please use `torch.serialization.add_safe_globals([numpy.core.multiarray._reconstruct])` or the `torch.serialization.safe_globals([numpy.core.multiarray._reconstruct])` context manager to allowlist this global if you trust this class/function.

Check the documentation of torch.load to learn more about types accepted by default with weights_only https://pytorch.org/docs/stable/generated/torch.load.html.
[2026-09-16 07:16:09] Sleeping for 1800s until next check...
[2026-09-16 07:46:09] --- Periodic Check Tick (2026-09-16 07:46:09) ---
[2026-09-16 07:46:09] Evaluating Push-T latest checkpoint...
[2026-09-16 07:46:09] Error evaluating Push-T: Weights only load failed. This file can still be loaded, to do so you have two options, [1mdo those steps only if you trust the source of the checkpoint[0m. 
	(1) In PyTorch 2.6, we changed the default value of the `weights_only` argument in `torch.load` from `False` to `True`. Re-running `torch.load` with `weights_only` set to `False` will likely succeed, but it can result in arbitrary code execution. Do it only if you got the file from a trusted source.
	(2) Alternatively, to load with `weights_only=True` please check the recommended steps in the following error message.
	WeightsUnpickler error: Unsupported global: GLOBAL numpy._core.multiarray._reconstruct was not an allowed global by default. Please use `torch.serialization.add_safe_globals([numpy._core.multiarray._reconstruct])` or the `torch.serialization.safe_globals([numpy._core.multiarray._reconstruct])` context manager to allowlist this global if you trust this class/function.

Check the documentation of torch.load to learn more about types accepted by default with weights_only https://pytorch.org/docs/stable/generated/torch.load.html.
[2026-09-16 07:46:09] Evaluating RoboCasa CloseSingleDoor latest checkpoint...
[2026-09-16 07:46:09] Error evaluating RC-CloseSingleDoor: Weights only load failed. This file can still be loaded, to do so you have two options, [1mdo those steps only if you trust the source of the checkpoint[0m. 
	(1) In PyTorch 2.6, we changed the default value of the `weights_only` argument in `torch.load` from `False` to `True`. Re-running `torch.load` with `weights_only` set to `False` will likely succeed, but it can result in arbitrary code execution. Do it only if you got the file from a trusted source.
	(2) Alternatively, to load with `weights_only=True` please check the recommended steps in the following error message.
	WeightsUnpickler error: Unsupported global: GLOBAL numpy.core.multiarray._reconstruct was not an allowed global by default. Please use `torch.serialization.add_safe_globals([numpy.core.multiarray._reconstruct])` or the `torch.serialization.safe_globals([numpy.core.multiarray._reconstruct])` context manager to allowlist this global if you trust this class/function.

Check the documentation of torch.load to learn more about types accepted by default with weights_only https://pytorch.org/docs/stable/generated/torch.load.html.
[2026-09-16 07:46:09] Sleeping for 1800s until next check...
[2026-09-16 08:16:09] --- Periodic Check Tick (2026-09-16 08:16:09) ---
[2026-09-16 08:16:09] Evaluating Push-T latest checkpoint...
[2026-09-16 08:16:09] Error evaluating Push-T: Weights only load failed. This file can still be loaded, to do so you have two options, [1mdo those steps only if you trust the source of the checkpoint[0m. 
	(1) In PyTorch 2.6, we changed the default value of the `weights_only` argument in `torch.load` from `False` to `True`. Re-running `torch.load` with `weights_only` set to `False` will likely succeed, but it can result in arbitrary code execution. Do it only if you got the file from a trusted source.
	(2) Alternatively, to load with `weights_only=True` please check the recommended steps in the following error message.
	WeightsUnpickler error: Unsupported global: GLOBAL numpy._core.multiarray._reconstruct was not an allowed global by default. Please use `torch.serialization.add_safe_globals([numpy._core.multiarray._reconstruct])` or the `torch.serialization.safe_globals([numpy._core.multiarray._reconstruct])` context manager to allowlist this global if you trust this class/function.

Check the documentation of torch.load to learn more about types accepted by default with weights_only https://pytorch.org/docs/stable/generated/torch.load.html.
[2026-09-16 08:16:09] Evaluating RoboCasa CloseSingleDoor latest checkpoint...
[2026-09-16 08:16:09] Error evaluating RC-CloseSingleDoor: Weights only load failed. This file can still be loaded, to do so you have two options, [1mdo those steps only if you trust the source of the checkpoint[0m. 
	(1) In PyTorch 2.6, we changed the default value of the `weights_only` argument in `torch.load` from `False` to `True`. Re-running `torch.load` with `weights_only` set to `False` will likely succeed, but it can result in arbitrary code execution. Do it only if you got the file from a trusted source.
	(2) Alternatively, to load with `weights_only=True` please check the recommended steps in the following error message.
	WeightsUnpickler error: Unsupported global: GLOBAL numpy.core.multiarray._reconstruct was not an allowed global by default. Please use `torch.serialization.add_safe_globals([numpy.core.multiarray._reconstruct])` or the `torch.serialization.safe_globals([numpy.core.multiarray._reconstruct])` context manager to allowlist this global if you trust this class/function.

Check the documentation of torch.load to learn more about types accepted by default with weights_only https://pytorch.org/docs/stable/generated/torch.load.html.
[2026-09-16 08:16:09] Sleeping for 1800s until next check...
[2026-09-16 08:46:09] --- Periodic Check Tick (2026-09-16 08:46:09) ---
[2026-09-16 08:46:09] Evaluating Push-T latest checkpoint...
[2026-09-16 08:46:09] Error evaluating Push-T: Weights only load failed. This file can still be loaded, to do so you have two options, [1mdo those steps only if you trust the source of the checkpoint[0m. 
	(1) In PyTorch 2.6, we changed the default value of the `weights_only` argument in `torch.load` from `False` to `True`. Re-running `torch.load` with `weights_only` set to `False` will likely succeed, but it can result in arbitrary code execution. Do it only if you got the file from a trusted source.
	(2) Alternatively, to load with `weights_only=True` please check the recommended steps in the following error message.
	WeightsUnpickler error: Unsupported global: GLOBAL numpy._core.multiarray._reconstruct was not an allowed global by default. Please use `torch.serialization.add_safe_globals([numpy._core.multiarray._reconstruct])` or the `torch.serialization.safe_globals([numpy._core.multiarray._reconstruct])` context manager to allowlist this global if you trust this class/function.

Check the documentation of torch.load to learn more about types accepted by default with weights_only https://pytorch.org/docs/stable/generated/torch.load.html.
[2026-09-16 08:46:09] Evaluating RoboCasa CloseSingleDoor latest checkpoint...
[2026-09-16 08:46:09] Error evaluating RC-CloseSingleDoor: Weights only load failed. This file can still be loaded, to do so you have two options, [1mdo those steps only if you trust the source of the checkpoint[0m. 
	(1) In PyTorch 2.6, we changed the default value of the `weights_only` argument in `torch.load` from `False` to `True`. Re-running `torch.load` with `weights_only` set to `False` will likely succeed, but it can result in arbitrary code execution. Do it only if you got the file from a trusted source.
	(2) Alternatively, to load with `weights_only=True` please check the recommended steps in the following error message.
	WeightsUnpickler error: Unsupported global: GLOBAL numpy.core.multiarray._reconstruct was not an allowed global by default. Please use `torch.serialization.add_safe_globals([numpy.core.multiarray._reconstruct])` or the `torch.serialization.safe_globals([numpy.core.multiarray._reconstruct])` context manager to allowlist this global if you trust this class/function.

Check the documentation of torch.load to learn more about types accepted by default with weights_only https://pytorch.org/docs/stable/generated/torch.load.html.
[2026-09-16 08:46:09] Sleeping for 1800s until next check...
[2026-09-16 09:16:09] --- Periodic Check Tick (2026-09-16 09:16:09) ---
[2026-09-16 09:16:09] Evaluating Push-T latest checkpoint...
[2026-09-16 09:16:09] Error evaluating Push-T: Weights only load failed. This file can still be loaded, to do so you have two options, [1mdo those steps only if you trust the source of the checkpoint[0m. 
	(1) In PyTorch 2.6, we changed the default value of the `weights_only` argument in `torch.load` from `False` to `True`. Re-running `torch.load` with `weights_only` set to `False` will likely succeed, but it can result in arbitrary code execution. Do it only if you got the file from a trusted source.
	(2) Alternatively, to load with `weights_only=True` please check the recommended steps in the following error message.
	WeightsUnpickler error: Unsupported global: GLOBAL numpy._core.multiarray._reconstruct was not an allowed global by default. Please use `torch.serialization.add_safe_globals([numpy._core.multiarray._reconstruct])` or the `torch.serialization.safe_globals([numpy._core.multiarray._reconstruct])` context manager to allowlist this global if you trust this class/function.

Check the documentation of torch.load to learn more about types accepted by default with weights_only https://pytorch.org/docs/stable/generated/torch.load.html.
[2026-09-16 09:16:09] Evaluating RoboCasa CloseSingleDoor latest checkpoint...
[2026-09-16 09:16:09] Error evaluating RC-CloseSingleDoor: Weights only load failed. This file can still be loaded, to do so you have two options, [1mdo those steps only if you trust the source of the checkpoint[0m. 
	(1) In PyTorch 2.6, we changed the default value of the `weights_only` argument in `torch.load` from `False` to `True`. Re-running `torch.load` with `weights_only` set to `False` will likely succeed, but it can result in arbitrary code execution. Do it only if you got the file from a trusted source.
	(2) Alternatively, to load with `weights_only=True` please check the recommended steps in the following error message.
	WeightsUnpickler error: Unsupported global: GLOBAL numpy.core.multiarray._reconstruct was not an allowed global by default. Please use `torch.serialization.add_safe_globals([numpy.core.multiarray._reconstruct])` or the `torch.serialization.safe_globals([numpy.core.multiarray._reconstruct])` context manager to allowlist this global if you trust this class/function.

Check the documentation of torch.load to learn more about types accepted by default with weights_only https://pytorch.org/docs/stable/generated/torch.load.html.
[2026-09-16 09:16:09] Sleeping for 1800s until next check...
[2026-09-16 09:46:09] --- Periodic Check Tick (2026-09-16 09:46:09) ---
[2026-09-16 09:46:09] Evaluating Push-T latest checkpoint...
[2026-09-16 09:46:09] Error evaluating Push-T: Weights only load failed. This file can still be loaded, to do so you have two options, [1mdo those steps only if you trust the source of the checkpoint[0m. 
	(1) In PyTorch 2.6, we changed the default value of the `weights_only` argument in `torch.load` from `False` to `True`. Re-running `torch.load` with `weights_only` set to `False` will likely succeed, but it can result in arbitrary code execution. Do it only if you got the file from a trusted source.
	(2) Alternatively, to load with `weights_only=True` please check the recommended steps in the following error message.
	WeightsUnpickler error: Unsupported global: GLOBAL numpy._core.multiarray._reconstruct was not an allowed global by default. Please use `torch.serialization.add_safe_globals([numpy._core.multiarray._reconstruct])` or the `torch.serialization.safe_globals([numpy._core.multiarray._reconstruct])` context manager to allowlist this global if you trust this class/function.

Check the documentation of torch.load to learn more about types accepted by default with weights_only https://pytorch.org/docs/stable/generated/torch.load.html.
[2026-09-16 09:46:09] Evaluating RoboCasa CloseSingleDoor latest checkpoint...
[2026-09-16 09:46:09] Error evaluating RC-CloseSingleDoor: Weights only load failed. This file can still be loaded, to do so you have two options, [1mdo those steps only if you trust the source of the checkpoint[0m. 
	(1) In PyTorch 2.6, we changed the default value of the `weights_only` argument in `torch.load` from `False` to `True`. Re-running `torch.load` with `weights_only` set to `False` will likely succeed, but it can result in arbitrary code execution. Do it only if you got the file from a trusted source.
	(2) Alternatively, to load with `weights_only=True` please check the recommended steps in the following error message.
	WeightsUnpickler error: Unsupported global: GLOBAL numpy.core.multiarray._reconstruct was not an allowed global by default. Please use `torch.serialization.add_safe_globals([numpy.core.multiarray._reconstruct])` or the `torch.serialization.safe_globals([numpy.core.multiarray._reconstruct])` context manager to allowlist this global if you trust this class/function.

Check the documentation of torch.load to learn more about types accepted by default with weights_only https://pytorch.org/docs/stable/generated/torch.load.html.
[2026-09-16 09:46:09] Sleeping for 1800s until next check...
[2026-09-16 10:16:09] --- Periodic Check Tick (2026-09-16 10:16:09) ---
[2026-09-16 10:16:09] Evaluating Push-T latest checkpoint...
[2026-09-16 10:16:09] Error evaluating Push-T: Weights only load failed. This file can still be loaded, to do so you have two options, [1mdo those steps only if you trust the source of the checkpoint[0m. 
	(1) In PyTorch 2.6, we changed the default value of the `weights_only` argument in `torch.load` from `False` to `True`. Re-running `torch.load` with `weights_only` set to `False` will likely succeed, but it can result in arbitrary code execution. Do it only if you got the file from a trusted source.
	(2) Alternatively, to load with `weights_only=True` please check the recommended steps in the following error message.
	WeightsUnpickler error: Unsupported global: GLOBAL numpy._core.multiarray._reconstruct was not an allowed global by default. Please use `torch.serialization.add_safe_globals([numpy._core.multiarray._reconstruct])` or the `torch.serialization.safe_globals([numpy._core.multiarray._reconstruct])` context manager to allowlist this global if you trust this class/function.

Check the documentation of torch.load to learn more about types accepted by default with weights_only https://pytorch.org/docs/stable/generated/torch.load.html.
[2026-09-16 10:16:09] Evaluating RoboCasa CloseSingleDoor latest checkpoint...
[2026-09-16 10:16:09] Error evaluating RC-CloseSingleDoor: Weights only load failed. This file can still be loaded, to do so you have two options, [1mdo those steps only if you trust the source of the checkpoint[0m. 
	(1) In PyTorch 2.6, we changed the default value of the `weights_only` argument in `torch.load` from `False` to `True`. Re-running `torch.load` with `weights_only` set to `False` will likely succeed, but it can result in arbitrary code execution. Do it only if you got the file from a trusted source.
	(2) Alternatively, to load with `weights_only=True` please check the recommended steps in the following error message.
	WeightsUnpickler error: Unsupported global: GLOBAL numpy.core.multiarray._reconstruct was not an allowed global by default. Please use `torch.serialization.add_safe_globals([numpy.core.multiarray._reconstruct])` or the `torch.serialization.safe_globals([numpy.core.multiarray._reconstruct])` context manager to allowlist this global if you trust this class/function.

Check the documentation of torch.load to learn more about types accepted by default with weights_only https://pytorch.org/docs/stable/generated/torch.load.html.
[2026-09-16 10:16:10] Sleeping for 1800s until next check...
[2026-09-16 10:46:10] --- Periodic Check Tick (2026-09-16 10:46:10) ---
[2026-09-16 10:46:10] Evaluating Push-T latest checkpoint...
[2026-09-16 10:46:10] Error evaluating Push-T: Weights only load failed. This file can still be loaded, to do so you have two options, [1mdo those steps only if you trust the source of the checkpoint[0m. 
	(1) In PyTorch 2.6, we changed the default value of the `weights_only` argument in `torch.load` from `False` to `True`. Re-running `torch.load` with `weights_only` set to `False` will likely succeed, but it can result in arbitrary code execution. Do it only if you got the file from a trusted source.
	(2) Alternatively, to load with `weights_only=True` please check the recommended steps in the following error message.
	WeightsUnpickler error: Unsupported global: GLOBAL numpy._core.multiarray._reconstruct was not an allowed global by default. Please use `torch.serialization.add_safe_globals([numpy._core.multiarray._reconstruct])` or the `torch.serialization.safe_globals([numpy._core.multiarray._reconstruct])` context manager to allowlist this global if you trust this class/function.

Check the documentation of torch.load to learn more about types accepted by default with weights_only https://pytorch.org/docs/stable/generated/torch.load.html.
[2026-09-16 10:46:10] Evaluating RoboCasa CloseSingleDoor latest checkpoint...
[2026-09-16 10:46:10] Error evaluating RC-CloseSingleDoor: Weights only load failed. This file can still be loaded, to do so you have two options, [1mdo those steps only if you trust the source of the checkpoint[0m. 
	(1) In PyTorch 2.6, we changed the default value of the `weights_only` argument in `torch.load` from `False` to `True`. Re-running `torch.load` with `weights_only` set to `False` will likely succeed, but it can result in arbitrary code execution. Do it only if you got the file from a trusted source.
	(2) Alternatively, to load with `weights_only=True` please check the recommended steps in the following error message.
	WeightsUnpickler error: Unsupported global: GLOBAL numpy.core.multiarray._reconstruct was not an allowed global by default. Please use `torch.serialization.add_safe_globals([numpy.core.multiarray._reconstruct])` or the `torch.serialization.safe_globals([numpy.core.multiarray._reconstruct])` context manager to allowlist this global if you trust this class/function.

Check the documentation of torch.load to learn more about types accepted by default with weights_only https://pytorch.org/docs/stable/generated/torch.load.html.
[2026-09-16 10:46:10] Sleeping for 1800s until next check...
[2026-09-16 11:16:10] --- Periodic Check Tick (2026-09-16 11:16:10) ---
[2026-09-16 11:16:10] Evaluating Push-T latest checkpoint...
[2026-09-16 11:16:10] Error evaluating Push-T: Weights only load failed. This file can still be loaded, to do so you have two options, [1mdo those steps only if you trust the source of the checkpoint[0m. 
	(1) In PyTorch 2.6, we changed the default value of the `weights_only` argument in `torch.load` from `False` to `True`. Re-running `torch.load` with `weights_only` set to `False` will likely succeed, but it can result in arbitrary code execution. Do it only if you got the file from a trusted source.
	(2) Alternatively, to load with `weights_only=True` please check the recommended steps in the following error message.
	WeightsUnpickler error: Unsupported global: GLOBAL numpy._core.multiarray._reconstruct was not an allowed global by default. Please use `torch.serialization.add_safe_globals([numpy._core.multiarray._reconstruct])` or the `torch.serialization.safe_globals([numpy._core.multiarray._reconstruct])` context manager to allowlist this global if you trust this class/function.

Check the documentation of torch.load to learn more about types accepted by default with weights_only https://pytorch.org/docs/stable/generated/torch.load.html.
[2026-09-16 11:16:10] Evaluating RoboCasa CloseSingleDoor latest checkpoint...
[2026-09-16 11:16:10] Error evaluating RC-CloseSingleDoor: Weights only load failed. This file can still be loaded, to do so you have two options, [1mdo those steps only if you trust the source of the checkpoint[0m. 
	(1) In PyTorch 2.6, we changed the default value of the `weights_only` argument in `torch.load` from `False` to `True`. Re-running `torch.load` with `weights_only` set to `False` will likely succeed, but it can result in arbitrary code execution. Do it only if you got the file from a trusted source.
	(2) Alternatively, to load with `weights_only=True` please check the recommended steps in the following error message.
	WeightsUnpickler error: Unsupported global: GLOBAL numpy.core.multiarray._reconstruct was not an allowed global by default. Please use `torch.serialization.add_safe_globals([numpy.core.multiarray._reconstruct])` or the `torch.serialization.safe_globals([numpy.core.multiarray._reconstruct])` context manager to allowlist this global if you trust this class/function.

Check the documentation of torch.load to learn more about types accepted by default with weights_only https://pytorch.org/docs/stable/generated/torch.load.html.
[2026-09-16 11:16:10] Sleeping for 1800s until next check...
[2026-09-16 11:46:10] --- Periodic Check Tick (2026-09-16 11:46:10) ---
[2026-09-16 11:46:10] Evaluating Push-T latest checkpoint...
[2026-09-16 11:46:10] Error evaluating Push-T: Weights only load failed. This file can still be loaded, to do so you have two options, [1mdo those steps only if you trust the source of the checkpoint[0m. 
	(1) In PyTorch 2.6, we changed the default value of the `weights_only` argument in `torch.load` from `False` to `True`. Re-running `torch.load` with `weights_only` set to `False` will likely succeed, but it can result in arbitrary code execution. Do it only if you got the file from a trusted source.
	(2) Alternatively, to load with `weights_only=True` please check the recommended steps in the following error message.
	WeightsUnpickler error: Unsupported global: GLOBAL numpy._core.multiarray._reconstruct was not an allowed global by default. Please use `torch.serialization.add_safe_globals([numpy._core.multiarray._reconstruct])` or the `torch.serialization.safe_globals([numpy._core.multiarray._reconstruct])` context manager to allowlist this global if you trust this class/function.

Check the documentation of torch.load to learn more about types accepted by default with weights_only https://pytorch.org/docs/stable/generated/torch.load.html.
[2026-09-16 11:46:10] Evaluating RoboCasa CloseSingleDoor latest checkpoint...
[2026-09-16 11:46:10] Error evaluating RC-CloseSingleDoor: Weights only load failed. This file can still be loaded, to do so you have two options, [1mdo those steps only if you trust the source of the checkpoint[0m. 
	(1) In PyTorch 2.6, we changed the default value of the `weights_only` argument in `torch.load` from `False` to `True`. Re-running `torch.load` with `weights_only` set to `False` will likely succeed, but it can result in arbitrary code execution. Do it only if you got the file from a trusted source.
	(2) Alternatively, to load with `weights_only=True` please check the recommended steps in the following error message.
	WeightsUnpickler error: Unsupported global: GLOBAL numpy.core.multiarray._reconstruct was not an allowed global by default. Please use `torch.serialization.add_safe_globals([numpy.core.multiarray._reconstruct])` or the `torch.serialization.safe_globals([numpy.core.multiarray._reconstruct])` context manager to allowlist this global if you trust this class/function.

Check the documentation of torch.load to learn more about types accepted by default with weights_only https://pytorch.org/docs/stable/generated/torch.load.html.
[2026-09-16 11:46:10] Sleeping for 1800s until next check...
[2026-09-16 12:16:10] --- Periodic Check Tick (2026-09-16 12:16:10) ---
[2026-09-16 12:16:10] Evaluating Push-T latest checkpoint...
[2026-09-16 12:16:10] Error evaluating Push-T: Weights only load failed. This file can still be loaded, to do so you have two options, [1mdo those steps only if you trust the source of the checkpoint[0m. 
	(1) In PyTorch 2.6, we changed the default value of the `weights_only` argument in `torch.load` from `False` to `True`. Re-running `torch.load` with `weights_only` set to `False` will likely succeed, but it can result in arbitrary code execution. Do it only if you got the file from a trusted source.
	(2) Alternatively, to load with `weights_only=True` please check the recommended steps in the following error message.
	WeightsUnpickler error: Unsupported global: GLOBAL numpy._core.multiarray._reconstruct was not an allowed global by default. Please use `torch.serialization.add_safe_globals([numpy._core.multiarray._reconstruct])` or the `torch.serialization.safe_globals([numpy._core.multiarray._reconstruct])` context manager to allowlist this global if you trust this class/function.

Check the documentation of torch.load to learn more about types accepted by default with weights_only https://pytorch.org/docs/stable/generated/torch.load.html.
[2026-09-16 12:16:10] Evaluating RoboCasa CloseSingleDoor latest checkpoint...
[2026-09-16 12:16:10] Error evaluating RC-CloseSingleDoor: Weights only load failed. This file can still be loaded, to do so you have two options, [1mdo those steps only if you trust the source of the checkpoint[0m. 
	(1) In PyTorch 2.6, we changed the default value of the `weights_only` argument in `torch.load` from `False` to `True`. Re-running `torch.load` with `weights_only` set to `False` will likely succeed, but it can result in arbitrary code execution. Do it only if you got the file from a trusted source.
	(2) Alternatively, to load with `weights_only=True` please check the recommended steps in the following error message.
	WeightsUnpickler error: Unsupported global: GLOBAL numpy.core.multiarray._reconstruct was not an allowed global by default. Please use `torch.serialization.add_safe_globals([numpy.core.multiarray._reconstruct])` or the `torch.serialization.safe_globals([numpy.core.multiarray._reconstruct])` context manager to allowlist this global if you trust this class/function.

Check the documentation of torch.load to learn more about types accepted by default with weights_only https://pytorch.org/docs/stable/generated/torch.load.html.
[2026-09-16 12:16:10] Sleeping for 1800s until next check...
[2026-09-16 12:46:10] --- Periodic Check Tick (2026-09-16 12:46:10) ---
[2026-09-16 12:46:10] Evaluating Push-T latest checkpoint...
[2026-09-16 12:46:10] Error evaluating Push-T: Weights only load failed. This file can still be loaded, to do so you have two options, [1mdo those steps only if you trust the source of the checkpoint[0m. 
	(1) In PyTorch 2.6, we changed the default value of the `weights_only` argument in `torch.load` from `False` to `True`. Re-running `torch.load` with `weights_only` set to `False` will likely succeed, but it can result in arbitrary code execution. Do it only if you got the file from a trusted source.
	(2) Alternatively, to load with `weights_only=True` please check the recommended steps in the following error message.
	WeightsUnpickler error: Unsupported global: GLOBAL numpy._core.multiarray._reconstruct was not an allowed global by default. Please use `torch.serialization.add_safe_globals([numpy._core.multiarray._reconstruct])` or the `torch.serialization.safe_globals([numpy._core.multiarray._reconstruct])` context manager to allowlist this global if you trust this class/function.

Check the documentation of torch.load to learn more about types accepted by default with weights_only https://pytorch.org/docs/stable/generated/torch.load.html.
[2026-09-16 12:46:10] Evaluating RoboCasa CloseSingleDoor latest checkpoint...
[2026-09-16 12:46:10] Error evaluating RC-CloseSingleDoor: Weights only load failed. This file can still be loaded, to do so you have two options, [1mdo those steps only if you trust the source of the checkpoint[0m. 
	(1) In PyTorch 2.6, we changed the default value of the `weights_only` argument in `torch.load` from `False` to `True`. Re-running `torch.load` with `weights_only` set to `False` will likely succeed, but it can result in arbitrary code execution. Do it only if you got the file from a trusted source.
	(2) Alternatively, to load with `weights_only=True` please check the recommended steps in the following error message.
	WeightsUnpickler error: Unsupported global: GLOBAL numpy.core.multiarray._reconstruct was not an allowed global by default. Please use `torch.serialization.add_safe_globals([numpy.core.multiarray._reconstruct])` or the `torch.serialization.safe_globals([numpy.core.multiarray._reconstruct])` context manager to allowlist this global if you trust this class/function.

Check the documentation of torch.load to learn more about types accepted by default with weights_only https://pytorch.org/docs/stable/generated/torch.load.html.
[2026-09-16 12:46:10] Sleeping for 1800s until next check...
[2026-09-16 13:16:10] --- Periodic Check Tick (2026-09-16 13:16:10) ---
[2026-09-16 13:16:10] Evaluating Push-T latest checkpoint...
[2026-09-16 13:16:10] Error evaluating Push-T: Weights only load failed. This file can still be loaded, to do so you have two options, [1mdo those steps only if you trust the source of the checkpoint[0m. 
	(1) In PyTorch 2.6, we changed the default value of the `weights_only` argument in `torch.load` from `False` to `True`. Re-running `torch.load` with `weights_only` set to `False` will likely succeed, but it can result in arbitrary code execution. Do it only if you got the file from a trusted source.
	(2) Alternatively, to load with `weights_only=True` please check the recommended steps in the following error message.
	WeightsUnpickler error: Unsupported global: GLOBAL numpy._core.multiarray._reconstruct was not an allowed global by default. Please use `torch.serialization.add_safe_globals([numpy._core.multiarray._reconstruct])` or the `torch.serialization.safe_globals([numpy._core.multiarray._reconstruct])` context manager to allowlist this global if you trust this class/function.

Check the documentation of torch.load to learn more about types accepted by default with weights_only https://pytorch.org/docs/stable/generated/torch.load.html.
[2026-09-16 13:16:10] Evaluating RoboCasa CloseSingleDoor latest checkpoint...
[2026-09-16 13:16:10] Error evaluating RC-CloseSingleDoor: Weights only load failed. This file can still be loaded, to do so you have two options, [1mdo those steps only if you trust the source of the checkpoint[0m. 
	(1) In PyTorch 2.6, we changed the default value of the `weights_only` argument in `torch.load` from `False` to `True`. Re-running `torch.load` with `weights_only` set to `False` will likely succeed, but it can result in arbitrary code execution. Do it only if you got the file from a trusted source.
	(2) Alternatively, to load with `weights_only=True` please check the recommended steps in the following error message.
	WeightsUnpickler error: Unsupported global: GLOBAL numpy.core.multiarray._reconstruct was not an allowed global by default. Please use `torch.serialization.add_safe_globals([numpy.core.multiarray._reconstruct])` or the `torch.serialization.safe_globals([numpy.core.multiarray._reconstruct])` context manager to allowlist this global if you trust this class/function.

Check the documentation of torch.load to learn more about types accepted by default with weights_only https://pytorch.org/docs/stable/generated/torch.load.html.
[2026-09-16 13:16:10] Sleeping for 1800s until next check...
[2026-09-16 13:46:10] --- Periodic Check Tick (2026-09-16 13:46:10) ---
[2026-09-16 13:46:10] Evaluating Push-T latest checkpoint...
[2026-09-16 13:46:10] Error evaluating Push-T: Weights only load failed. This file can still be loaded, to do so you have two options, [1mdo those steps only if you trust the source of the checkpoint[0m. 
	(1) In PyTorch 2.6, we changed the default value of the `weights_only` argument in `torch.load` from `False` to `True`. Re-running `torch.load` with `weights_only` set to `False` will likely succeed, but it can result in arbitrary code execution. Do it only if you got the file from a trusted source.
	(2) Alternatively, to load with `weights_only=True` please check the recommended steps in the following error message.
	WeightsUnpickler error: Unsupported global: GLOBAL numpy._core.multiarray._reconstruct was not an allowed global by default. Please use `torch.serialization.add_safe_globals([numpy._core.multiarray._reconstruct])` or the `torch.serialization.safe_globals([numpy._core.multiarray._reconstruct])` context manager to allowlist this global if you trust this class/function.

Check the documentation of torch.load to learn more about types accepted by default with weights_only https://pytorch.org/docs/stable/generated/torch.load.html.
[2026-09-16 13:46:10] Evaluating RoboCasa CloseSingleDoor latest checkpoint...
[2026-09-16 13:46:10] Error evaluating RC-CloseSingleDoor: Weights only load failed. This file can still be loaded, to do so you have two options, [1mdo those steps only if you trust the source of the checkpoint[0m. 
	(1) In PyTorch 2.6, we changed the default value of the `weights_only` argument in `torch.load` from `False` to `True`. Re-running `torch.load` with `weights_only` set to `False` will likely succeed, but it can result in arbitrary code execution. Do it only if you got the file from a trusted source.
	(2) Alternatively, to load with `weights_only=True` please check the recommended steps in the following error message.
	WeightsUnpickler error: Unsupported global: GLOBAL numpy.core.multiarray._reconstruct was not an allowed global by default. Please use `torch.serialization.add_safe_globals([numpy.core.multiarray._reconstruct])` or the `torch.serialization.safe_globals([numpy.core.multiarray._reconstruct])` context manager to allowlist this global if you trust this class/function.

Check the documentation of torch.load to learn more about types accepted by default with weights_only https://pytorch.org/docs/stable/generated/torch.load.html.
[2026-09-16 13:46:10] Sleeping for 1800s until next check...
[2026-09-16 14:16:10] --- Periodic Check Tick (2026-09-16 14:16:10) ---
[2026-09-16 14:16:10] Evaluating Push-T latest checkpoint...
[2026-09-16 14:16:10] Error evaluating Push-T: Weights only load failed. This file can still be loaded, to do so you have two options, [1mdo those steps only if you trust the source of the checkpoint[0m. 
	(1) In PyTorch 2.6, we changed the default value of the `weights_only` argument in `torch.load` from `False` to `True`. Re-running `torch.load` with `weights_only` set to `False` will likely succeed, but it can result in arbitrary code execution. Do it only if you got the file from a trusted source.
	(2) Alternatively, to load with `weights_only=True` please check the recommended steps in the following error message.
	WeightsUnpickler error: Unsupported global: GLOBAL numpy._core.multiarray._reconstruct was not an allowed global by default. Please use `torch.serialization.add_safe_globals([numpy._core.multiarray._reconstruct])` or the `torch.serialization.safe_globals([numpy._core.multiarray._reconstruct])` context manager to allowlist this global if you trust this class/function.

Check the documentation of torch.load to learn more about types accepted by default with weights_only https://pytorch.org/docs/stable/generated/torch.load.html.
[2026-09-16 14:16:10] Evaluating RoboCasa CloseSingleDoor latest checkpoint...
[2026-09-16 14:16:10] Error evaluating RC-CloseSingleDoor: Weights only load failed. This file can still be loaded, to do so you have two options, [1mdo those steps only if you trust the source of the checkpoint[0m. 
	(1) In PyTorch 2.6, we changed the default value of the `weights_only` argument in `torch.load` from `False` to `True`. Re-running `torch.load` with `weights_only` set to `False` will likely succeed, but it can result in arbitrary code execution. Do it only if you got the file from a trusted source.
	(2) Alternatively, to load with `weights_only=True` please check the recommended steps in the following error message.
	WeightsUnpickler error: Unsupported global: GLOBAL numpy.core.multiarray._reconstruct was not an allowed global by default. Please use `torch.serialization.add_safe_globals([numpy.core.multiarray._reconstruct])` or the `torch.serialization.safe_globals([numpy.core.multiarray._reconstruct])` context manager to allowlist this global if you trust this class/function.

Check the documentation of torch.load to learn more about types accepted by default with weights_only https://pytorch.org/docs/stable/generated/torch.load.html.
[2026-09-16 14:16:10] Sleeping for 1800s until next check...
[2026-09-16 14:46:10] --- Periodic Check Tick (2026-09-16 14:46:10) ---
[2026-09-16 14:46:10] Evaluating Push-T latest checkpoint...
[2026-09-16 14:46:10] Error evaluating Push-T: Weights only load failed. This file can still be loaded, to do so you have two options, [1mdo those steps only if you trust the source of the checkpoint[0m. 
	(1) In PyTorch 2.6, we changed the default value of the `weights_only` argument in `torch.load` from `False` to `True`. Re-running `torch.load` with `weights_only` set to `False` will likely succeed, but it can result in arbitrary code execution. Do it only if you got the file from a trusted source.
	(2) Alternatively, to load with `weights_only=True` please check the recommended steps in the following error message.
	WeightsUnpickler error: Unsupported global: GLOBAL numpy._core.multiarray._reconstruct was not an allowed global by default. Please use `torch.serialization.add_safe_globals([numpy._core.multiarray._reconstruct])` or the `torch.serialization.safe_globals([numpy._core.multiarray._reconstruct])` context manager to allowlist this global if you trust this class/function.

Check the documentation of torch.load to learn more about types accepted by default with weights_only https://pytorch.org/docs/stable/generated/torch.load.html.
[2026-09-16 14:46:10] Evaluating RoboCasa CloseSingleDoor latest checkpoint...
[2026-09-16 14:46:10] Error evaluating RC-CloseSingleDoor: Weights only load failed. This file can still be loaded, to do so you have two options, [1mdo those steps only if you trust the source of the checkpoint[0m. 
	(1) In PyTorch 2.6, we changed the default value of the `weights_only` argument in `torch.load` from `False` to `True`. Re-running `torch.load` with `weights_only` set to `False` will likely succeed, but it can result in arbitrary code execution. Do it only if you got the file from a trusted source.
	(2) Alternatively, to load with `weights_only=True` please check the recommended steps in the following error message.
	WeightsUnpickler error: Unsupported global: GLOBAL numpy.core.multiarray._reconstruct was not an allowed global by default. Please use `torch.serialization.add_safe_globals([numpy.core.multiarray._reconstruct])` or the `torch.serialization.safe_globals([numpy.core.multiarray._reconstruct])` context manager to allowlist this global if you trust this class/function.

Check the documentation of torch.load to learn more about types accepted by default with weights_only https://pytorch.org/docs/stable/generated/torch.load.html.
[2026-09-16 14:46:10] Sleeping for 1800s until next check...
[2026-09-16 15:16:10] --- Periodic Check Tick (2026-09-16 15:16:10) ---
[2026-09-16 15:16:10] Evaluating Push-T latest checkpoint...
[2026-09-16 15:16:10] Error evaluating Push-T: Weights only load failed. This file can still be loaded, to do so you have two options, [1mdo those steps only if you trust the source of the checkpoint[0m. 
	(1) In PyTorch 2.6, we changed the default value of the `weights_only` argument in `torch.load` from `False` to `True`. Re-running `torch.load` with `weights_only` set to `False` will likely succeed, but it can result in arbitrary code execution. Do it only if you got the file from a trusted source.
	(2) Alternatively, to load with `weights_only=True` please check the recommended steps in the following error message.
	WeightsUnpickler error: Unsupported global: GLOBAL numpy._core.multiarray._reconstruct was not an allowed global by default. Please use `torch.serialization.add_safe_globals([numpy._core.multiarray._reconstruct])` or the `torch.serialization.safe_globals([numpy._core.multiarray._reconstruct])` context manager to allowlist this global if you trust this class/function.

Check the documentation of torch.load to learn more about types accepted by default with weights_only https://pytorch.org/docs/stable/generated/torch.load.html.
[2026-09-16 15:16:10] Evaluating RoboCasa CloseSingleDoor latest checkpoint...
[2026-09-16 15:16:10] Error evaluating RC-CloseSingleDoor: Weights only load failed. This file can still be loaded, to do so you have two options, [1mdo those steps only if you trust the source of the checkpoint[0m. 
	(1) In PyTorch 2.6, we changed the default value of the `weights_only` argument in `torch.load` from `False` to `True`. Re-running `torch.load` with `weights_only` set to `False` will likely succeed, but it can result in arbitrary code execution. Do it only if you got the file from a trusted source.
	(2) Alternatively, to load with `weights_only=True` please check the recommended steps in the following error message.
	WeightsUnpickler error: Unsupported global: GLOBAL numpy.core.multiarray._reconstruct was not an allowed global by default. Please use `torch.serialization.add_safe_globals([numpy.core.multiarray._reconstruct])` or the `torch.serialization.safe_globals([numpy.core.multiarray._reconstruct])` context manager to allowlist this global if you trust this class/function.

Check the documentation of torch.load to learn more about types accepted by default with weights_only https://pytorch.org/docs/stable/generated/torch.load.html.
[2026-09-16 15:16:10] Sleeping for 1800s until next check...
[2026-09-16 15:46:10] --- Periodic Check Tick (2026-09-16 15:46:10) ---
[2026-09-16 15:46:10] Evaluating Push-T latest checkpoint...
[2026-09-16 15:46:10] Error evaluating Push-T: Weights only load failed. This file can still be loaded, to do so you have two options, [1mdo those steps only if you trust the source of the checkpoint[0m. 
	(1) In PyTorch 2.6, we changed the default value of the `weights_only` argument in `torch.load` from `False` to `True`. Re-running `torch.load` with `weights_only` set to `False` will likely succeed, but it can result in arbitrary code execution. Do it only if you got the file from a trusted source.
	(2) Alternatively, to load with `weights_only=True` please check the recommended steps in the following error message.
	WeightsUnpickler error: Unsupported global: GLOBAL numpy._core.multiarray._reconstruct was not an allowed global by default. Please use `torch.serialization.add_safe_globals([numpy._core.multiarray._reconstruct])` or the `torch.serialization.safe_globals([numpy._core.multiarray._reconstruct])` context manager to allowlist this global if you trust this class/function.

Check the documentation of torch.load to learn more about types accepted by default with weights_only https://pytorch.org/docs/stable/generated/torch.load.html.
[2026-09-16 15:46:10] Evaluating RoboCasa CloseSingleDoor latest checkpoint...
[2026-09-16 15:46:10] Error evaluating RC-CloseSingleDoor: Weights only load failed. This file can still be loaded, to do so you have two options, [1mdo those steps only if you trust the source of the checkpoint[0m. 
	(1) In PyTorch 2.6, we changed the default value of the `weights_only` argument in `torch.load` from `False` to `True`. Re-running `torch.load` with `weights_only` set to `False` will likely succeed, but it can result in arbitrary code execution. Do it only if you got the file from a trusted source.
	(2) Alternatively, to load with `weights_only=True` please check the recommended steps in the following error message.
	WeightsUnpickler error: Unsupported global: GLOBAL numpy.core.multiarray._reconstruct was not an allowed global by default. Please use `torch.serialization.add_safe_globals([numpy.core.multiarray._reconstruct])` or the `torch.serialization.safe_globals([numpy.core.multiarray._reconstruct])` context manager to allowlist this global if you trust this class/function.

Check the documentation of torch.load to learn more about types accepted by default with weights_only https://pytorch.org/docs/stable/generated/torch.load.html.
[2026-09-16 15:46:10] Sleeping for 1800s until next check...
[2026-09-16 16:16:10] --- Periodic Check Tick (2026-09-16 16:16:10) ---
[2026-09-16 16:16:10] Evaluating Push-T latest checkpoint...
[2026-09-16 16:16:10] Error evaluating Push-T: Weights only load failed. This file can still be loaded, to do so you have two options, [1mdo those steps only if you trust the source of the checkpoint[0m. 
	(1) In PyTorch 2.6, we changed the default value of the `weights_only` argument in `torch.load` from `False` to `True`. Re-running `torch.load` with `weights_only` set to `False` will likely succeed, but it can result in arbitrary code execution. Do it only if you got the file from a trusted source.
	(2) Alternatively, to load with `weights_only=True` please check the recommended steps in the following error message.
	WeightsUnpickler error: Unsupported global: GLOBAL numpy._core.multiarray._reconstruct was not an allowed global by default. Please use `torch.serialization.add_safe_globals([numpy._core.multiarray._reconstruct])` or the `torch.serialization.safe_globals([numpy._core.multiarray._reconstruct])` context manager to allowlist this global if you trust this class/function.

Check the documentation of torch.load to learn more about types accepted by default with weights_only https://pytorch.org/docs/stable/generated/torch.load.html.
[2026-09-16 16:16:10] Evaluating RoboCasa CloseSingleDoor latest checkpoint...
[2026-09-16 16:16:10] Error evaluating RC-CloseSingleDoor: Weights only load failed. This file can still be loaded, to do so you have two options, [1mdo those steps only if you trust the source of the checkpoint[0m. 
	(1) In PyTorch 2.6, we changed the default value of the `weights_only` argument in `torch.load` from `False` to `True`. Re-running `torch.load` with `weights_only` set to `False` will likely succeed, but it can result in arbitrary code execution. Do it only if you got the file from a trusted source.
	(2) Alternatively, to load with `weights_only=True` please check the recommended steps in the following error message.
	WeightsUnpickler error: Unsupported global: GLOBAL numpy.core.multiarray._reconstruct was not an allowed global by default. Please use `torch.serialization.add_safe_globals([numpy.core.multiarray._reconstruct])` or the `torch.serialization.safe_globals([numpy.core.multiarray._reconstruct])` context manager to allowlist this global if you trust this class/function.

Check the documentation of torch.load to learn more about types accepted by default with weights_only https://pytorch.org/docs/stable/generated/torch.load.html.
[2026-09-16 16:16:10] Sleeping for 1800s until next check...
[2026-09-16 16:46:10] --- Periodic Check Tick (2026-09-16 16:46:10) ---
[2026-09-16 16:46:10] Evaluating Push-T latest checkpoint...
[2026-09-16 16:46:10] Error evaluating Push-T: Weights only load failed. This file can still be loaded, to do so you have two options, [1mdo those steps only if you trust the source of the checkpoint[0m. 
	(1) In PyTorch 2.6, we changed the default value of the `weights_only` argument in `torch.load` from `False` to `True`. Re-running `torch.load` with `weights_only` set to `False` will likely succeed, but it can result in arbitrary code execution. Do it only if you got the file from a trusted source.
	(2) Alternatively, to load with `weights_only=True` please check the recommended steps in the following error message.
	WeightsUnpickler error: Unsupported global: GLOBAL numpy._core.multiarray._reconstruct was not an allowed global by default. Please use `torch.serialization.add_safe_globals([numpy._core.multiarray._reconstruct])` or the `torch.serialization.safe_globals([numpy._core.multiarray._reconstruct])` context manager to allowlist this global if you trust this class/function.

Check the documentation of torch.load to learn more about types accepted by default with weights_only https://pytorch.org/docs/stable/generated/torch.load.html.
[2026-09-16 16:46:10] Evaluating RoboCasa CloseSingleDoor latest checkpoint...
[2026-09-16 16:46:10] Error evaluating RC-CloseSingleDoor: Weights only load failed. This file can still be loaded, to do so you have two options, [1mdo those steps only if you trust the source of the checkpoint[0m. 
	(1) In PyTorch 2.6, we changed the default value of the `weights_only` argument in `torch.load` from `False` to `True`. Re-running `torch.load` with `weights_only` set to `False` will likely succeed, but it can result in arbitrary code execution. Do it only if you got the file from a trusted source.
	(2) Alternatively, to load with `weights_only=True` please check the recommended steps in the following error message.
	WeightsUnpickler error: Unsupported global: GLOBAL numpy.core.multiarray._reconstruct was not an allowed global by default. Please use `torch.serialization.add_safe_globals([numpy.core.multiarray._reconstruct])` or the `torch.serialization.safe_globals([numpy.core.multiarray._reconstruct])` context manager to allowlist this global if you trust this class/function.

Check the documentation of torch.load to learn more about types accepted by default with weights_only https://pytorch.org/docs/stable/generated/torch.load.html.
[2026-09-16 16:46:10] Sleeping for 1800s until next check...
[2026-09-16 17:16:10] --- Periodic Check Tick (2026-09-16 17:16:10) ---
[2026-09-16 17:16:10] Evaluating Push-T latest checkpoint...
[2026-09-16 17:16:10] Error evaluating Push-T: Weights only load failed. This file can still be loaded, to do so you have two options, [1mdo those steps only if you trust the source of the checkpoint[0m. 
	(1) In PyTorch 2.6, we changed the default value of the `weights_only` argument in `torch.load` from `False` to `True`. Re-running `torch.load` with `weights_only` set to `False` will likely succeed, but it can result in arbitrary code execution. Do it only if you got the file from a trusted source.
	(2) Alternatively, to load with `weights_only=True` please check the recommended steps in the following error message.
	WeightsUnpickler error: Unsupported global: GLOBAL numpy._core.multiarray._reconstruct was not an allowed global by default. Please use `torch.serialization.add_safe_globals([numpy._core.multiarray._reconstruct])` or the `torch.serialization.safe_globals([numpy._core.multiarray._reconstruct])` context manager to allowlist this global if you trust this class/function.

Check the documentation of torch.load to learn more about types accepted by default with weights_only https://pytorch.org/docs/stable/generated/torch.load.html.
[2026-09-16 17:16:10] Evaluating RoboCasa CloseSingleDoor latest checkpoint...
[2026-09-16 17:16:10] Error evaluating RC-CloseSingleDoor: Weights only load failed. This file can still be loaded, to do so you have two options, [1mdo those steps only if you trust the source of the checkpoint[0m. 
	(1) In PyTorch 2.6, we changed the default value of the `weights_only` argument in `torch.load` from `False` to `True`. Re-running `torch.load` with `weights_only` set to `False` will likely succeed, but it can result in arbitrary code execution. Do it only if you got the file from a trusted source.
	(2) Alternatively, to load with `weights_only=True` please check the recommended steps in the following error message.
	WeightsUnpickler error: Unsupported global: GLOBAL numpy.core.multiarray._reconstruct was not an allowed global by default. Please use `torch.serialization.add_safe_globals([numpy.core.multiarray._reconstruct])` or the `torch.serialization.safe_globals([numpy.core.multiarray._reconstruct])` context manager to allowlist this global if you trust this class/function.

Check the documentation of torch.load to learn more about types accepted by default with weights_only https://pytorch.org/docs/stable/generated/torch.load.html.
[2026-09-16 17:16:10] Sleeping for 1800s until next check...
[2026-09-16 17:46:10] --- Periodic Check Tick (2026-09-16 17:46:10) ---
[2026-09-16 17:46:10] Evaluating Push-T latest checkpoint...
[2026-09-16 17:46:10] Error evaluating Push-T: Weights only load failed. This file can still be loaded, to do so you have two options, [1mdo those steps only if you trust the source of the checkpoint[0m. 
	(1) In PyTorch 2.6, we changed the default value of the `weights_only` argument in `torch.load` from `False` to `True`. Re-running `torch.load` with `weights_only` set to `False` will likely succeed, but it can result in arbitrary code execution. Do it only if you got the file from a trusted source.
	(2) Alternatively, to load with `weights_only=True` please check the recommended steps in the following error message.
	WeightsUnpickler error: Unsupported global: GLOBAL numpy._core.multiarray._reconstruct was not an allowed global by default. Please use `torch.serialization.add_safe_globals([numpy._core.multiarray._reconstruct])` or the `torch.serialization.safe_globals([numpy._core.multiarray._reconstruct])` context manager to allowlist this global if you trust this class/function.

Check the documentation of torch.load to learn more about types accepted by default with weights_only https://pytorch.org/docs/stable/generated/torch.load.html.
[2026-09-16 17:46:10] Evaluating RoboCasa CloseSingleDoor latest checkpoint...
[2026-09-16 17:46:10] Error evaluating RC-CloseSingleDoor: Weights only load failed. This file can still be loaded, to do so you have two options, [1mdo those steps only if you trust the source of the checkpoint[0m. 
	(1) In PyTorch 2.6, we changed the default value of the `weights_only` argument in `torch.load` from `False` to `True`. Re-running `torch.load` with `weights_only` set to `False` will likely succeed, but it can result in arbitrary code execution. Do it only if you got the file from a trusted source.
	(2) Alternatively, to load with `weights_only=True` please check the recommended steps in the following error message.
	WeightsUnpickler error: Unsupported global: GLOBAL numpy.core.multiarray._reconstruct was not an allowed global by default. Please use `torch.serialization.add_safe_globals([numpy.core.multiarray._reconstruct])` or the `torch.serialization.safe_globals([numpy.core.multiarray._reconstruct])` context manager to allowlist this global if you trust this class/function.

Check the documentation of torch.load to learn more about types accepted by default with weights_only https://pytorch.org/docs/stable/generated/torch.load.html.
[2026-09-16 17:46:10] Sleeping for 1800s until next check...
[2026-09-16 18:16:10] --- Periodic Check Tick (2026-09-16 18:16:10) ---
[2026-09-16 18:16:10] Evaluating Push-T latest checkpoint...
[2026-09-16 18:16:10] Error evaluating Push-T: Weights only load failed. This file can still be loaded, to do so you have two options, [1mdo those steps only if you trust the source of the checkpoint[0m. 
	(1) In PyTorch 2.6, we changed the default value of the `weights_only` argument in `torch.load` from `False` to `True`. Re-running `torch.load` with `weights_only` set to `False` will likely succeed, but it can result in arbitrary code execution. Do it only if you got the file from a trusted source.
	(2) Alternatively, to load with `weights_only=True` please check the recommended steps in the following error message.
	WeightsUnpickler error: Unsupported global: GLOBAL numpy._core.multiarray._reconstruct was not an allowed global by default. Please use `torch.serialization.add_safe_globals([numpy._core.multiarray._reconstruct])` or the `torch.serialization.safe_globals([numpy._core.multiarray._reconstruct])` context manager to allowlist this global if you trust this class/function.

Check the documentation of torch.load to learn more about types accepted by default with weights_only https://pytorch.org/docs/stable/generated/torch.load.html.
[2026-09-16 18:16:10] Evaluating RoboCasa CloseSingleDoor latest checkpoint...
[2026-09-16 18:16:10] Error evaluating RC-CloseSingleDoor: Weights only load failed. This file can still be loaded, to do so you have two options, [1mdo those steps only if you trust the source of the checkpoint[0m. 
	(1) In PyTorch 2.6, we changed the default value of the `weights_only` argument in `torch.load` from `False` to `True`. Re-running `torch.load` with `weights_only` set to `False` will likely succeed, but it can result in arbitrary code execution. Do it only if you got the file from a trusted source.
	(2) Alternatively, to load with `weights_only=True` please check the recommended steps in the following error message.
	WeightsUnpickler error: Unsupported global: GLOBAL numpy.core.multiarray._reconstruct was not an allowed global by default. Please use `torch.serialization.add_safe_globals([numpy.core.multiarray._reconstruct])` or the `torch.serialization.safe_globals([numpy.core.multiarray._reconstruct])` context manager to allowlist this global if you trust this class/function.

Check the documentation of torch.load to learn more about types accepted by default with weights_only https://pytorch.org/docs/stable/generated/torch.load.html.
[2026-09-16 18:16:10] Sleeping for 1800s until next check...
[2026-09-16 18:46:10] --- Periodic Check Tick (2026-09-16 18:46:10) ---
[2026-09-16 18:46:10] Evaluating Push-T latest checkpoint...
[2026-09-16 18:46:10] Error evaluating Push-T: Weights only load failed. This file can still be loaded, to do so you have two options, [1mdo those steps only if you trust the source of the checkpoint[0m. 
	(1) In PyTorch 2.6, we changed the default value of the `weights_only` argument in `torch.load` from `False` to `True`. Re-running `torch.load` with `weights_only` set to `False` will likely succeed, but it can result in arbitrary code execution. Do it only if you got the file from a trusted source.
	(2) Alternatively, to load with `weights_only=True` please check the recommended steps in the following error message.
	WeightsUnpickler error: Unsupported global: GLOBAL numpy._core.multiarray._reconstruct was not an allowed global by default. Please use `torch.serialization.add_safe_globals([numpy._core.multiarray._reconstruct])` or the `torch.serialization.safe_globals([numpy._core.multiarray._reconstruct])` context manager to allowlist this global if you trust this class/function.

Check the documentation of torch.load to learn more about types accepted by default with weights_only https://pytorch.org/docs/stable/generated/torch.load.html.
[2026-09-16 18:46:10] Evaluating RoboCasa CloseSingleDoor latest checkpoint...
[2026-09-16 18:46:10] Error evaluating RC-CloseSingleDoor: Weights only load failed. This file can still be loaded, to do so you have two options, [1mdo those steps only if you trust the source of the checkpoint[0m. 
	(1) In PyTorch 2.6, we changed the default value of the `weights_only` argument in `torch.load` from `False` to `True`. Re-running `torch.load` with `weights_only` set to `False` will likely succeed, but it can result in arbitrary code execution. Do it only if you got the file from a trusted source.
	(2) Alternatively, to load with `weights_only=True` please check the recommended steps in the following error message.
	WeightsUnpickler error: Unsupported global: GLOBAL numpy.core.multiarray._reconstruct was not an allowed global by default. Please use `torch.serialization.add_safe_globals([numpy.core.multiarray._reconstruct])` or the `torch.serialization.safe_globals([numpy.core.multiarray._reconstruct])` context manager to allowlist this global if you trust this class/function.

Check the documentation of torch.load to learn more about types accepted by default with weights_only https://pytorch.org/docs/stable/generated/torch.load.html.
[2026-09-16 18:46:10] Sleeping for 1800s until next check...
[2026-09-16 19:16:10] --- Periodic Check Tick (2026-09-16 19:16:10) ---
[2026-09-16 19:16:10] Evaluating Push-T latest checkpoint...
[2026-09-16 19:16:10] Error evaluating Push-T: Weights only load failed. This file can still be loaded, to do so you have two options, [1mdo those steps only if you trust the source of the checkpoint[0m. 
	(1) In PyTorch 2.6, we changed the default value of the `weights_only` argument in `torch.load` from `False` to `True`. Re-running `torch.load` with `weights_only` set to `False` will likely succeed, but it can result in arbitrary code execution. Do it only if you got the file from a trusted source.
	(2) Alternatively, to load with `weights_only=True` please check the recommended steps in the following error message.
	WeightsUnpickler error: Unsupported global: GLOBAL numpy._core.multiarray._reconstruct was not an allowed global by default. Please use `torch.serialization.add_safe_globals([numpy._core.multiarray._reconstruct])` or the `torch.serialization.safe_globals([numpy._core.multiarray._reconstruct])` context manager to allowlist this global if you trust this class/function.

Check the documentation of torch.load to learn more about types accepted by default with weights_only https://pytorch.org/docs/stable/generated/torch.load.html.
[2026-09-16 19:16:10] Evaluating RoboCasa CloseSingleDoor latest checkpoint...
[2026-09-16 19:16:10] Error evaluating RC-CloseSingleDoor: Weights only load failed. This file can still be loaded, to do so you have two options, [1mdo those steps only if you trust the source of the checkpoint[0m. 
	(1) In PyTorch 2.6, we changed the default value of the `weights_only` argument in `torch.load` from `False` to `True`. Re-running `torch.load` with `weights_only` set to `False` will likely succeed, but it can result in arbitrary code execution. Do it only if you got the file from a trusted source.
	(2) Alternatively, to load with `weights_only=True` please check the recommended steps in the following error message.
	WeightsUnpickler error: Unsupported global: GLOBAL numpy.core.multiarray._reconstruct was not an allowed global by default. Please use `torch.serialization.add_safe_globals([numpy.core.multiarray._reconstruct])` or the `torch.serialization.safe_globals([numpy.core.multiarray._reconstruct])` context manager to allowlist this global if you trust this class/function.

Check the documentation of torch.load to learn more about types accepted by default with weights_only https://pytorch.org/docs/stable/generated/torch.load.html.
[2026-09-16 19:16:10] Sleeping for 1800s until next check...
[2026-09-16 19:46:10] --- Periodic Check Tick (2026-09-16 19:46:10) ---
[2026-09-16 19:46:10] Evaluating Push-T latest checkpoint...
[2026-09-16 19:46:10] Error evaluating Push-T: Weights only load failed. This file can still be loaded, to do so you have two options, [1mdo those steps only if you trust the source of the checkpoint[0m. 
	(1) In PyTorch 2.6, we changed the default value of the `weights_only` argument in `torch.load` from `False` to `True`. Re-running `torch.load` with `weights_only` set to `False` will likely succeed, but it can result in arbitrary code execution. Do it only if you got the file from a trusted source.
	(2) Alternatively, to load with `weights_only=True` please check the recommended steps in the following error message.
	WeightsUnpickler error: Unsupported global: GLOBAL numpy._core.multiarray._reconstruct was not an allowed global by default. Please use `torch.serialization.add_safe_globals([numpy._core.multiarray._reconstruct])` or the `torch.serialization.safe_globals([numpy._core.multiarray._reconstruct])` context manager to allowlist this global if you trust this class/function.

Check the documentation of torch.load to learn more about types accepted by default with weights_only https://pytorch.org/docs/stable/generated/torch.load.html.
[2026-09-16 19:46:10] Evaluating RoboCasa CloseSingleDoor latest checkpoint...
[2026-09-16 19:46:10] Error evaluating RC-CloseSingleDoor: Weights only load failed. This file can still be loaded, to do so you have two options, [1mdo those steps only if you trust the source of the checkpoint[0m. 
	(1) In PyTorch 2.6, we changed the default value of the `weights_only` argument in `torch.load` from `False` to `True`. Re-running `torch.load` with `weights_only` set to `False` will likely succeed, but it can result in arbitrary code execution. Do it only if you got the file from a trusted source.
	(2) Alternatively, to load with `weights_only=True` please check the recommended steps in the following error message.
	WeightsUnpickler error: Unsupported global: GLOBAL numpy.core.multiarray._reconstruct was not an allowed global by default. Please use `torch.serialization.add_safe_globals([numpy.core.multiarray._reconstruct])` or the `torch.serialization.safe_globals([numpy.core.multiarray._reconstruct])` context manager to allowlist this global if you trust this class/function.

Check the documentation of torch.load to learn more about types accepted by default with weights_only https://pytorch.org/docs/stable/generated/torch.load.html.
[2026-09-16 19:46:10] Sleeping for 1800s until next check...
[2026-09-16 20:16:10] --- Periodic Check Tick (2026-09-16 20:16:10) ---
[2026-09-16 20:16:10] Evaluating Push-T latest checkpoint...
[2026-09-16 20:16:10] Error evaluating Push-T: Weights only load failed. This file can still be loaded, to do so you have two options, [1mdo those steps only if you trust the source of the checkpoint[0m. 
	(1) In PyTorch 2.6, we changed the default value of the `weights_only` argument in `torch.load` from `False` to `True`. Re-running `torch.load` with `weights_only` set to `False` will likely succeed, but it can result in arbitrary code execution. Do it only if you got the file from a trusted source.
	(2) Alternatively, to load with `weights_only=True` please check the recommended steps in the following error message.
	WeightsUnpickler error: Unsupported global: GLOBAL numpy._core.multiarray._reconstruct was not an allowed global by default. Please use `torch.serialization.add_safe_globals([numpy._core.multiarray._reconstruct])` or the `torch.serialization.safe_globals([numpy._core.multiarray._reconstruct])` context manager to allowlist this global if you trust this class/function.

Check the documentation of torch.load to learn more about types accepted by default with weights_only https://pytorch.org/docs/stable/generated/torch.load.html.
[2026-09-16 20:16:10] Evaluating RoboCasa CloseSingleDoor latest checkpoint...
[2026-09-16 20:16:10] Error evaluating RC-CloseSingleDoor: Weights only load failed. This file can still be loaded, to do so you have two options, [1mdo those steps only if you trust the source of the checkpoint[0m. 
	(1) In PyTorch 2.6, we changed the default value of the `weights_only` argument in `torch.load` from `False` to `True`. Re-running `torch.load` with `weights_only` set to `False` will likely succeed, but it can result in arbitrary code execution. Do it only if you got the file from a trusted source.
	(2) Alternatively, to load with `weights_only=True` please check the recommended steps in the following error message.
	WeightsUnpickler error: Unsupported global: GLOBAL numpy.core.multiarray._reconstruct was not an allowed global by default. Please use `torch.serialization.add_safe_globals([numpy.core.multiarray._reconstruct])` or the `torch.serialization.safe_globals([numpy.core.multiarray._reconstruct])` context manager to allowlist this global if you trust this class/function.

Check the documentation of torch.load to learn more about types accepted by default with weights_only https://pytorch.org/docs/stable/generated/torch.load.html.
[2026-09-16 20:16:10] Sleeping for 1800s until next check...
[2026-09-16 20:46:10] --- Periodic Check Tick (2026-09-16 20:46:10) ---
[2026-09-16 20:46:10] Evaluating Push-T latest checkpoint...
[2026-09-16 20:46:10] Error evaluating Push-T: Weights only load failed. This file can still be loaded, to do so you have two options, [1mdo those steps only if you trust the source of the checkpoint[0m. 
	(1) In PyTorch 2.6, we changed the default value of the `weights_only` argument in `torch.load` from `False` to `True`. Re-running `torch.load` with `weights_only` set to `False` will likely succeed, but it can result in arbitrary code execution. Do it only if you got the file from a trusted source.
	(2) Alternatively, to load with `weights_only=True` please check the recommended steps in the following error message.
	WeightsUnpickler error: Unsupported global: GLOBAL numpy._core.multiarray._reconstruct was not an allowed global by default. Please use `torch.serialization.add_safe_globals([numpy._core.multiarray._reconstruct])` or the `torch.serialization.safe_globals([numpy._core.multiarray._reconstruct])` context manager to allowlist this global if you trust this class/function.

Check the documentation of torch.load to learn more about types accepted by default with weights_only https://pytorch.org/docs/stable/generated/torch.load.html.
[2026-09-16 20:46:10] Evaluating RoboCasa CloseSingleDoor latest checkpoint...
[2026-09-16 20:46:10] Error evaluating RC-CloseSingleDoor: Weights only load failed. This file can still be loaded, to do so you have two options, [1mdo those steps only if you trust the source of the checkpoint[0m. 
	(1) In PyTorch 2.6, we changed the default value of the `weights_only` argument in `torch.load` from `False` to `True`. Re-running `torch.load` with `weights_only` set to `False` will likely succeed, but it can result in arbitrary code execution. Do it only if you got the file from a trusted source.
	(2) Alternatively, to load with `weights_only=True` please check the recommended steps in the following error message.
	WeightsUnpickler error: Unsupported global: GLOBAL numpy.core.multiarray._reconstruct was not an allowed global by default. Please use `torch.serialization.add_safe_globals([numpy.core.multiarray._reconstruct])` or the `torch.serialization.safe_globals([numpy.core.multiarray._reconstruct])` context manager to allowlist this global if you trust this class/function.

Check the documentation of torch.load to learn more about types accepted by default with weights_only https://pytorch.org/docs/stable/generated/torch.load.html.
[2026-09-16 20:46:10] Sleeping for 1800s until next check...
[2026-09-16 21:16:10] --- Periodic Check Tick (2026-09-16 21:16:10) ---
[2026-09-16 21:16:10] Evaluating Push-T latest checkpoint...
[2026-09-16 21:16:10] Error evaluating Push-T: Weights only load failed. This file can still be loaded, to do so you have two options, [1mdo those steps only if you trust the source of the checkpoint[0m. 
	(1) In PyTorch 2.6, we changed the default value of the `weights_only` argument in `torch.load` from `False` to `True`. Re-running `torch.load` with `weights_only` set to `False` will likely succeed, but it can result in arbitrary code execution. Do it only if you got the file from a trusted source.
	(2) Alternatively, to load with `weights_only=True` please check the recommended steps in the following error message.
	WeightsUnpickler error: Unsupported global: GLOBAL numpy._core.multiarray._reconstruct was not an allowed global by default. Please use `torch.serialization.add_safe_globals([numpy._core.multiarray._reconstruct])` or the `torch.serialization.safe_globals([numpy._core.multiarray._reconstruct])` context manager to allowlist this global if you trust this class/function.

Check the documentation of torch.load to learn more about types accepted by default with weights_only https://pytorch.org/docs/stable/generated/torch.load.html.
[2026-09-16 21:16:10] Evaluating RoboCasa CloseSingleDoor latest checkpoint...
[2026-09-16 21:16:10] Error evaluating RC-CloseSingleDoor: Weights only load failed. This file can still be loaded, to do so you have two options, [1mdo those steps only if you trust the source of the checkpoint[0m. 
	(1) In PyTorch 2.6, we changed the default value of the `weights_only` argument in `torch.load` from `False` to `True`. Re-running `torch.load` with `weights_only` set to `False` will likely succeed, but it can result in arbitrary code execution. Do it only if you got the file from a trusted source.
	(2) Alternatively, to load with `weights_only=True` please check the recommended steps in the following error message.
	WeightsUnpickler error: Unsupported global: GLOBAL numpy.core.multiarray._reconstruct was not an allowed global by default. Please use `torch.serialization.add_safe_globals([numpy.core.multiarray._reconstruct])` or the `torch.serialization.safe_globals([numpy.core.multiarray._reconstruct])` context manager to allowlist this global if you trust this class/function.

Check the documentation of torch.load to learn more about types accepted by default with weights_only https://pytorch.org/docs/stable/generated/torch.load.html.
[2026-09-16 21:16:10] Sleeping for 1800s until next check...
[2026-09-16 21:46:10] --- Periodic Check Tick (2026-09-16 21:46:10) ---
[2026-09-16 21:46:10] Evaluating Push-T latest checkpoint...
[2026-09-16 21:46:10] Error evaluating Push-T: Weights only load failed. This file can still be loaded, to do so you have two options, [1mdo those steps only if you trust the source of the checkpoint[0m. 
	(1) In PyTorch 2.6, we changed the default value of the `weights_only` argument in `torch.load` from `False` to `True`. Re-running `torch.load` with `weights_only` set to `False` will likely succeed, but it can result in arbitrary code execution. Do it only if you got the file from a trusted source.
	(2) Alternatively, to load with `weights_only=True` please check the recommended steps in the following error message.
	WeightsUnpickler error: Unsupported global: GLOBAL numpy._core.multiarray._reconstruct was not an allowed global by default. Please use `torch.serialization.add_safe_globals([numpy._core.multiarray._reconstruct])` or the `torch.serialization.safe_globals([numpy._core.multiarray._reconstruct])` context manager to allowlist this global if you trust this class/function.

Check the documentation of torch.load to learn more about types accepted by default with weights_only https://pytorch.org/docs/stable/generated/torch.load.html.
[2026-09-16 21:46:10] Evaluating RoboCasa CloseSingleDoor latest checkpoint...
[2026-09-16 21:46:10] Error evaluating RC-CloseSingleDoor: Weights only load failed. This file can still be loaded, to do so you have two options, [1mdo those steps only if you trust the source of the checkpoint[0m. 
	(1) In PyTorch 2.6, we changed the default value of the `weights_only` argument in `torch.load` from `False` to `True`. Re-running `torch.load` with `weights_only` set to `False` will likely succeed, but it can result in arbitrary code execution. Do it only if you got the file from a trusted source.
	(2) Alternatively, to load with `weights_only=True` please check the recommended steps in the following error message.
	WeightsUnpickler error: Unsupported global: GLOBAL numpy.core.multiarray._reconstruct was not an allowed global by default. Please use `torch.serialization.add_safe_globals([numpy.core.multiarray._reconstruct])` or the `torch.serialization.safe_globals([numpy.core.multiarray._reconstruct])` context manager to allowlist this global if you trust this class/function.

Check the documentation of torch.load to learn more about types accepted by default with weights_only https://pytorch.org/docs/stable/generated/torch.load.html.
[2026-09-16 21:46:10] Sleeping for 1800s until next check...
[2026-09-16 22:16:10] --- Periodic Check Tick (2026-09-16 22:16:10) ---
[2026-09-16 22:16:10] Evaluating Push-T latest checkpoint...
[2026-09-16 22:16:10] Error evaluating Push-T: Weights only load failed. This file can still be loaded, to do so you have two options, [1mdo those steps only if you trust the source of the checkpoint[0m. 
	(1) In PyTorch 2.6, we changed the default value of the `weights_only` argument in `torch.load` from `False` to `True`. Re-running `torch.load` with `weights_only` set to `False` will likely succeed, but it can result in arbitrary code execution. Do it only if you got the file from a trusted source.
	(2) Alternatively, to load with `weights_only=True` please check the recommended steps in the following error message.
	WeightsUnpickler error: Unsupported global: GLOBAL numpy._core.multiarray._reconstruct was not an allowed global by default. Please use `torch.serialization.add_safe_globals([numpy._core.multiarray._reconstruct])` or the `torch.serialization.safe_globals([numpy._core.multiarray._reconstruct])` context manager to allowlist this global if you trust this class/function.

Check the documentation of torch.load to learn more about types accepted by default with weights_only https://pytorch.org/docs/stable/generated/torch.load.html.
[2026-09-16 22:16:10] Evaluating RoboCasa CloseSingleDoor latest checkpoint...
[2026-09-16 22:16:10] Error evaluating RC-CloseSingleDoor: Weights only load failed. This file can still be loaded, to do so you have two options, [1mdo those steps only if you trust the source of the checkpoint[0m. 
	(1) In PyTorch 2.6, we changed the default value of the `weights_only` argument in `torch.load` from `False` to `True`. Re-running `torch.load` with `weights_only` set to `False` will likely succeed, but it can result in arbitrary code execution. Do it only if you got the file from a trusted source.
	(2) Alternatively, to load with `weights_only=True` please check the recommended steps in the following error message.
	WeightsUnpickler error: Unsupported global: GLOBAL numpy.core.multiarray._reconstruct was not an allowed global by default. Please use `torch.serialization.add_safe_globals([numpy.core.multiarray._reconstruct])` or the `torch.serialization.safe_globals([numpy.core.multiarray._reconstruct])` context manager to allowlist this global if you trust this class/function.

Check the documentation of torch.load to learn more about types accepted by default with weights_only https://pytorch.org/docs/stable/generated/torch.load.html.
[2026-09-16 22:16:10] Sleeping for 1800s until next check...
[2026-09-16 22:46:10] --- Periodic Check Tick (2026-09-16 22:46:10) ---
[2026-09-16 22:46:10] Evaluating Push-T latest checkpoint...
[2026-09-16 22:46:10] Error evaluating Push-T: Weights only load failed. This file can still be loaded, to do so you have two options, [1mdo those steps only if you trust the source of the checkpoint[0m. 
	(1) In PyTorch 2.6, we changed the default value of the `weights_only` argument in `torch.load` from `False` to `True`. Re-running `torch.load` with `weights_only` set to `False` will likely succeed, but it can result in arbitrary code execution. Do it only if you got the file from a trusted source.
	(2) Alternatively, to load with `weights_only=True` please check the recommended steps in the following error message.
	WeightsUnpickler error: Unsupported global: GLOBAL numpy._core.multiarray._reconstruct was not an allowed global by default. Please use `torch.serialization.add_safe_globals([numpy._core.multiarray._reconstruct])` or the `torch.serialization.safe_globals([numpy._core.multiarray._reconstruct])` context manager to allowlist this global if you trust this class/function.

Check the documentation of torch.load to learn more about types accepted by default with weights_only https://pytorch.org/docs/stable/generated/torch.load.html.
[2026-09-16 22:46:10] Evaluating RoboCasa CloseSingleDoor latest checkpoint...
[2026-09-16 22:46:10] Error evaluating RC-CloseSingleDoor: Weights only load failed. This file can still be loaded, to do so you have two options, [1mdo those steps only if you trust the source of the checkpoint[0m. 
	(1) In PyTorch 2.6, we changed the default value of the `weights_only` argument in `torch.load` from `False` to `True`. Re-running `torch.load` with `weights_only` set to `False` will likely succeed, but it can result in arbitrary code execution. Do it only if you got the file from a trusted source.
	(2) Alternatively, to load with `weights_only=True` please check the recommended steps in the following error message.
	WeightsUnpickler error: Unsupported global: GLOBAL numpy.core.multiarray._reconstruct was not an allowed global by default. Please use `torch.serialization.add_safe_globals([numpy.core.multiarray._reconstruct])` or the `torch.serialization.safe_globals([numpy.core.multiarray._reconstruct])` context manager to allowlist this global if you trust this class/function.

Check the documentation of torch.load to learn more about types accepted by default with weights_only https://pytorch.org/docs/stable/generated/torch.load.html.
[2026-09-16 22:46:10] Sleeping for 1800s until next check...
[2026-09-16 23:16:10] --- Periodic Check Tick (2026-09-16 23:16:10) ---
[2026-09-16 23:16:10] Evaluating Push-T latest checkpoint...
[2026-09-16 23:16:10] Error evaluating Push-T: Weights only load failed. This file can still be loaded, to do so you have two options, [1mdo those steps only if you trust the source of the checkpoint[0m. 
	(1) In PyTorch 2.6, we changed the default value of the `weights_only` argument in `torch.load` from `False` to `True`. Re-running `torch.load` with `weights_only` set to `False` will likely succeed, but it can result in arbitrary code execution. Do it only if you got the file from a trusted source.
	(2) Alternatively, to load with `weights_only=True` please check the recommended steps in the following error message.
	WeightsUnpickler error: Unsupported global: GLOBAL numpy._core.multiarray._reconstruct was not an allowed global by default. Please use `torch.serialization.add_safe_globals([numpy._core.multiarray._reconstruct])` or the `torch.serialization.safe_globals([numpy._core.multiarray._reconstruct])` context manager to allowlist this global if you trust this class/function.

Check the documentation of torch.load to learn more about types accepted by default with weights_only https://pytorch.org/docs/stable/generated/torch.load.html.
[2026-09-16 23:16:10] Evaluating RoboCasa CloseSingleDoor latest checkpoint...
[2026-09-16 23:16:10] Error evaluating RC-CloseSingleDoor: Weights only load failed. This file can still be loaded, to do so you have two options, [1mdo those steps only if you trust the source of the checkpoint[0m. 
	(1) In PyTorch 2.6, we changed the default value of the `weights_only` argument in `torch.load` from `False` to `True`. Re-running `torch.load` with `weights_only` set to `False` will likely succeed, but it can result in arbitrary code execution. Do it only if you got the file from a trusted source.
	(2) Alternatively, to load with `weights_only=True` please check the recommended steps in the following error message.
	WeightsUnpickler error: Unsupported global: GLOBAL numpy.core.multiarray._reconstruct was not an allowed global by default. Please use `torch.serialization.add_safe_globals([numpy.core.multiarray._reconstruct])` or the `torch.serialization.safe_globals([numpy.core.multiarray._reconstruct])` context manager to allowlist this global if you trust this class/function.

Check the documentation of torch.load to learn more about types accepted by default with weights_only https://pytorch.org/docs/stable/generated/torch.load.html.
[2026-09-16 23:16:10] Sleeping for 1800s until next check...
[2026-09-16 23:46:10] --- Periodic Check Tick (2026-09-16 23:46:10) ---
[2026-09-16 23:46:10] Evaluating Push-T latest checkpoint...
[2026-09-16 23:46:10] Error evaluating Push-T: Weights only load failed. This file can still be loaded, to do so you have two options, [1mdo those steps only if you trust the source of the checkpoint[0m. 
	(1) In PyTorch 2.6, we changed the default value of the `weights_only` argument in `torch.load` from `False` to `True`. Re-running `torch.load` with `weights_only` set to `False` will likely succeed, but it can result in arbitrary code execution. Do it only if you got the file from a trusted source.
	(2) Alternatively, to load with `weights_only=True` please check the recommended steps in the following error message.
	WeightsUnpickler error: Unsupported global: GLOBAL numpy._core.multiarray._reconstruct was not an allowed global by default. Please use `torch.serialization.add_safe_globals([numpy._core.multiarray._reconstruct])` or the `torch.serialization.safe_globals([numpy._core.multiarray._reconstruct])` context manager to allowlist this global if you trust this class/function.

Check the documentation of torch.load to learn more about types accepted by default with weights_only https://pytorch.org/docs/stable/generated/torch.load.html.
[2026-09-16 23:46:10] Evaluating RoboCasa CloseSingleDoor latest checkpoint...
[2026-09-16 23:46:10] Error evaluating RC-CloseSingleDoor: Weights only load failed. This file can still be loaded, to do so you have two options, [1mdo those steps only if you trust the source of the checkpoint[0m. 
	(1) In PyTorch 2.6, we changed the default value of the `weights_only` argument in `torch.load` from `False` to `True`. Re-running `torch.load` with `weights_only` set to `False` will likely succeed, but it can result in arbitrary code execution. Do it only if you got the file from a trusted source.
	(2) Alternatively, to load with `weights_only=True` please check the recommended steps in the following error message.
	WeightsUnpickler error: Unsupported global: GLOBAL numpy.core.multiarray._reconstruct was not an allowed global by default. Please use `torch.serialization.add_safe_globals([numpy.core.multiarray._reconstruct])` or the `torch.serialization.safe_globals([numpy.core.multiarray._reconstruct])` context manager to allowlist this global if you trust this class/function.

Check the documentation of torch.load to learn more about types accepted by default with weights_only https://pytorch.org/docs/stable/generated/torch.load.html.
[2026-09-16 23:46:10] Sleeping for 1800s until next check...
[2026-09-17 00:16:10] --- Periodic Check Tick (2026-09-17 00:16:10) ---
[2026-09-17 00:16:10] Evaluating Push-T latest checkpoint...
[2026-09-17 00:16:10] Error evaluating Push-T: Weights only load failed. This file can still be loaded, to do so you have two options, [1mdo those steps only if you trust the source of the checkpoint[0m. 
	(1) In PyTorch 2.6, we changed the default value of the `weights_only` argument in `torch.load` from `False` to `True`. Re-running `torch.load` with `weights_only` set to `False` will likely succeed, but it can result in arbitrary code execution. Do it only if you got the file from a trusted source.
	(2) Alternatively, to load with `weights_only=True` please check the recommended steps in the following error message.
	WeightsUnpickler error: Unsupported global: GLOBAL numpy._core.multiarray._reconstruct was not an allowed global by default. Please use `torch.serialization.add_safe_globals([numpy._core.multiarray._reconstruct])` or the `torch.serialization.safe_globals([numpy._core.multiarray._reconstruct])` context manager to allowlist this global if you trust this class/function.

Check the documentation of torch.load to learn more about types accepted by default with weights_only https://pytorch.org/docs/stable/generated/torch.load.html.
[2026-09-17 00:16:10] Evaluating RoboCasa CloseSingleDoor latest checkpoint...
[2026-09-17 00:16:10] Error evaluating RC-CloseSingleDoor: Weights only load failed. This file can still be loaded, to do so you have two options, [1mdo those steps only if you trust the source of the checkpoint[0m. 
	(1) In PyTorch 2.6, we changed the default value of the `weights_only` argument in `torch.load` from `False` to `True`. Re-running `torch.load` with `weights_only` set to `False` will likely succeed, but it can result in arbitrary code execution. Do it only if you got the file from a trusted source.
	(2) Alternatively, to load with `weights_only=True` please check the recommended steps in the following error message.
	WeightsUnpickler error: Unsupported global: GLOBAL numpy.core.multiarray._reconstruct was not an allowed global by default. Please use `torch.serialization.add_safe_globals([numpy.core.multiarray._reconstruct])` or the `torch.serialization.safe_globals([numpy.core.multiarray._reconstruct])` context manager to allowlist this global if you trust this class/function.

Check the documentation of torch.load to learn more about types accepted by default with weights_only https://pytorch.org/docs/stable/generated/torch.load.html.
[2026-09-17 00:16:10] Sleeping for 1800s until next check...
[2026-09-17 00:46:10] --- Periodic Check Tick (2026-09-17 00:46:10) ---
[2026-09-17 00:46:10] Evaluating Push-T latest checkpoint...
[2026-09-17 00:46:10] Error evaluating Push-T: Weights only load failed. This file can still be loaded, to do so you have two options, [1mdo those steps only if you trust the source of the checkpoint[0m. 
	(1) In PyTorch 2.6, we changed the default value of the `weights_only` argument in `torch.load` from `False` to `True`. Re-running `torch.load` with `weights_only` set to `False` will likely succeed, but it can result in arbitrary code execution. Do it only if you got the file from a trusted source.
	(2) Alternatively, to load with `weights_only=True` please check the recommended steps in the following error message.
	WeightsUnpickler error: Unsupported global: GLOBAL numpy._core.multiarray._reconstruct was not an allowed global by default. Please use `torch.serialization.add_safe_globals([numpy._core.multiarray._reconstruct])` or the `torch.serialization.safe_globals([numpy._core.multiarray._reconstruct])` context manager to allowlist this global if you trust this class/function.

Check the documentation of torch.load to learn more about types accepted by default with weights_only https://pytorch.org/docs/stable/generated/torch.load.html.
[2026-09-17 00:46:10] Evaluating RoboCasa CloseSingleDoor latest checkpoint...
[2026-09-17 00:46:10] Error evaluating RC-CloseSingleDoor: Weights only load failed. This file can still be loaded, to do so you have two options, [1mdo those steps only if you trust the source of the checkpoint[0m. 
	(1) In PyTorch 2.6, we changed the default value of the `weights_only` argument in `torch.load` from `False` to `True`. Re-running `torch.load` with `weights_only` set to `False` will likely succeed, but it can result in arbitrary code execution. Do it only if you got the file from a trusted source.
	(2) Alternatively, to load with `weights_only=True` please check the recommended steps in the following error message.
	WeightsUnpickler error: Unsupported global: GLOBAL numpy.core.multiarray._reconstruct was not an allowed global by default. Please use `torch.serialization.add_safe_globals([numpy.core.multiarray._reconstruct])` or the `torch.serialization.safe_globals([numpy.core.multiarray._reconstruct])` context manager to allowlist this global if you trust this class/function.

Check the documentation of torch.load to learn more about types accepted by default with weights_only https://pytorch.org/docs/stable/generated/torch.load.html.
[2026-09-17 00:46:10] Sleeping for 1800s until next check...
[2026-09-17 01:16:10] --- Periodic Check Tick (2026-09-17 01:16:10) ---
[2026-09-17 01:16:10] Evaluating Push-T latest checkpoint...
[2026-09-17 01:16:10] Error evaluating Push-T: Weights only load failed. This file can still be loaded, to do so you have two options, [1mdo those steps only if you trust the source of the checkpoint[0m. 
	(1) In PyTorch 2.6, we changed the default value of the `weights_only` argument in `torch.load` from `False` to `True`. Re-running `torch.load` with `weights_only` set to `False` will likely succeed, but it can result in arbitrary code execution. Do it only if you got the file from a trusted source.
	(2) Alternatively, to load with `weights_only=True` please check the recommended steps in the following error message.
	WeightsUnpickler error: Unsupported global: GLOBAL numpy._core.multiarray._reconstruct was not an allowed global by default. Please use `torch.serialization.add_safe_globals([numpy._core.multiarray._reconstruct])` or the `torch.serialization.safe_globals([numpy._core.multiarray._reconstruct])` context manager to allowlist this global if you trust this class/function.

Check the documentation of torch.load to learn more about types accepted by default with weights_only https://pytorch.org/docs/stable/generated/torch.load.html.
[2026-09-17 01:16:10] Evaluating RoboCasa CloseSingleDoor latest checkpoint...
[2026-09-17 01:16:10] Error evaluating RC-CloseSingleDoor: Weights only load failed. This file can still be loaded, to do so you have two options, [1mdo those steps only if you trust the source of the checkpoint[0m. 
	(1) In PyTorch 2.6, we changed the default value of the `weights_only` argument in `torch.load` from `False` to `True`. Re-running `torch.load` with `weights_only` set to `False` will likely succeed, but it can result in arbitrary code execution. Do it only if you got the file from a trusted source.
	(2) Alternatively, to load with `weights_only=True` please check the recommended steps in the following error message.
	WeightsUnpickler error: Unsupported global: GLOBAL numpy.core.multiarray._reconstruct was not an allowed global by default. Please use `torch.serialization.add_safe_globals([numpy.core.multiarray._reconstruct])` or the `torch.serialization.safe_globals([numpy.core.multiarray._reconstruct])` context manager to allowlist this global if you trust this class/function.

Check the documentation of torch.load to learn more about types accepted by default with weights_only https://pytorch.org/docs/stable/generated/torch.load.html.
[2026-09-17 01:16:10] Sleeping for 1800s until next check...
[2026-09-17 01:46:10] --- Periodic Check Tick (2026-09-17 01:46:10) ---
[2026-09-17 01:46:10] Evaluating Push-T latest checkpoint...
[2026-09-17 01:46:10] Error evaluating Push-T: Weights only load failed. This file can still be loaded, to do so you have two options, [1mdo those steps only if you trust the source of the checkpoint[0m. 
	(1) In PyTorch 2.6, we changed the default value of the `weights_only` argument in `torch.load` from `False` to `True`. Re-running `torch.load` with `weights_only` set to `False` will likely succeed, but it can result in arbitrary code execution. Do it only if you got the file from a trusted source.
	(2) Alternatively, to load with `weights_only=True` please check the recommended steps in the following error message.
	WeightsUnpickler error: Unsupported global: GLOBAL numpy._core.multiarray._reconstruct was not an allowed global by default. Please use `torch.serialization.add_safe_globals([numpy._core.multiarray._reconstruct])` or the `torch.serialization.safe_globals([numpy._core.multiarray._reconstruct])` context manager to allowlist this global if you trust this class/function.

Check the documentation of torch.load to learn more about types accepted by default with weights_only https://pytorch.org/docs/stable/generated/torch.load.html.
[2026-09-17 01:46:10] Evaluating RoboCasa CloseSingleDoor latest checkpoint...
[2026-09-17 01:46:10] Error evaluating RC-CloseSingleDoor: Weights only load failed. This file can still be loaded, to do so you have two options, [1mdo those steps only if you trust the source of the checkpoint[0m. 
	(1) In PyTorch 2.6, we changed the default value of the `weights_only` argument in `torch.load` from `False` to `True`. Re-running `torch.load` with `weights_only` set to `False` will likely succeed, but it can result in arbitrary code execution. Do it only if you got the file from a trusted source.
	(2) Alternatively, to load with `weights_only=True` please check the recommended steps in the following error message.
	WeightsUnpickler error: Unsupported global: GLOBAL numpy.core.multiarray._reconstruct was not an allowed global by default. Please use `torch.serialization.add_safe_globals([numpy.core.multiarray._reconstruct])` or the `torch.serialization.safe_globals([numpy.core.multiarray._reconstruct])` context manager to allowlist this global if you trust this class/function.

Check the documentation of torch.load to learn more about types accepted by default with weights_only https://pytorch.org/docs/stable/generated/torch.load.html.
[2026-09-17 01:46:10] Sleeping for 1800s until next check...
[2026-09-17 02:16:10] --- Periodic Check Tick (2026-09-17 02:16:10) ---
[2026-09-17 02:16:10] Evaluating Push-T latest checkpoint...
[2026-09-17 02:16:10] Error evaluating Push-T: Weights only load failed. This file can still be loaded, to do so you have two options, [1mdo those steps only if you trust the source of the checkpoint[0m. 
	(1) In PyTorch 2.6, we changed the default value of the `weights_only` argument in `torch.load` from `False` to `True`. Re-running `torch.load` with `weights_only` set to `False` will likely succeed, but it can result in arbitrary code execution. Do it only if you got the file from a trusted source.
	(2) Alternatively, to load with `weights_only=True` please check the recommended steps in the following error message.
	WeightsUnpickler error: Unsupported global: GLOBAL numpy._core.multiarray._reconstruct was not an allowed global by default. Please use `torch.serialization.add_safe_globals([numpy._core.multiarray._reconstruct])` or the `torch.serialization.safe_globals([numpy._core.multiarray._reconstruct])` context manager to allowlist this global if you trust this class/function.

Check the documentation of torch.load to learn more about types accepted by default with weights_only https://pytorch.org/docs/stable/generated/torch.load.html.
[2026-09-17 02:16:10] Evaluating RoboCasa CloseSingleDoor latest checkpoint...
[2026-09-17 02:16:10] Error evaluating RC-CloseSingleDoor: Weights only load failed. This file can still be loaded, to do so you have two options, [1mdo those steps only if you trust the source of the checkpoint[0m. 
	(1) In PyTorch 2.6, we changed the default value of the `weights_only` argument in `torch.load` from `False` to `True`. Re-running `torch.load` with `weights_only` set to `False` will likely succeed, but it can result in arbitrary code execution. Do it only if you got the file from a trusted source.
	(2) Alternatively, to load with `weights_only=True` please check the recommended steps in the following error message.
	WeightsUnpickler error: Unsupported global: GLOBAL numpy.core.multiarray._reconstruct was not an allowed global by default. Please use `torch.serialization.add_safe_globals([numpy.core.multiarray._reconstruct])` or the `torch.serialization.safe_globals([numpy.core.multiarray._reconstruct])` context manager to allowlist this global if you trust this class/function.

Check the documentation of torch.load to learn more about types accepted by default with weights_only https://pytorch.org/docs/stable/generated/torch.load.html.
[2026-09-17 02:16:10] Sleeping for 1800s until next check...
[2026-09-17 02:46:10] --- Periodic Check Tick (2026-09-17 02:46:10) ---
[2026-09-17 02:46:10] Evaluating Push-T latest checkpoint...
[2026-09-17 02:46:10] Error evaluating Push-T: Weights only load failed. This file can still be loaded, to do so you have two options, [1mdo those steps only if you trust the source of the checkpoint[0m. 
	(1) In PyTorch 2.6, we changed the default value of the `weights_only` argument in `torch.load` from `False` to `True`. Re-running `torch.load` with `weights_only` set to `False` will likely succeed, but it can result in arbitrary code execution. Do it only if you got the file from a trusted source.
	(2) Alternatively, to load with `weights_only=True` please check the recommended steps in the following error message.
	WeightsUnpickler error: Unsupported global: GLOBAL numpy._core.multiarray._reconstruct was not an allowed global by default. Please use `torch.serialization.add_safe_globals([numpy._core.multiarray._reconstruct])` or the `torch.serialization.safe_globals([numpy._core.multiarray._reconstruct])` context manager to allowlist this global if you trust this class/function.

Check the documentation of torch.load to learn more about types accepted by default with weights_only https://pytorch.org/docs/stable/generated/torch.load.html.
[2026-09-17 02:46:10] Evaluating RoboCasa CloseSingleDoor latest checkpoint...
[2026-09-17 02:46:10] Error evaluating RC-CloseSingleDoor: Weights only load failed. This file can still be loaded, to do so you have two options, [1mdo those steps only if you trust the source of the checkpoint[0m. 
	(1) In PyTorch 2.6, we changed the default value of the `weights_only` argument in `torch.load` from `False` to `True`. Re-running `torch.load` with `weights_only` set to `False` will likely succeed, but it can result in arbitrary code execution. Do it only if you got the file from a trusted source.
	(2) Alternatively, to load with `weights_only=True` please check the recommended steps in the following error message.
	WeightsUnpickler error: Unsupported global: GLOBAL numpy.core.multiarray._reconstruct was not an allowed global by default. Please use `torch.serialization.add_safe_globals([numpy.core.multiarray._reconstruct])` or the `torch.serialization.safe_globals([numpy.core.multiarray._reconstruct])` context manager to allowlist this global if you trust this class/function.

Check the documentation of torch.load to learn more about types accepted by default with weights_only https://pytorch.org/docs/stable/generated/torch.load.html.
[2026-09-17 02:46:10] Sleeping for 1800s until next check...
[2026-09-17 03:16:10] --- Periodic Check Tick (2026-09-17 03:16:10) ---
[2026-09-17 03:16:10] Evaluating Push-T latest checkpoint...
[2026-09-17 03:16:10] Error evaluating Push-T: Weights only load failed. This file can still be loaded, to do so you have two options, [1mdo those steps only if you trust the source of the checkpoint[0m. 
	(1) In PyTorch 2.6, we changed the default value of the `weights_only` argument in `torch.load` from `False` to `True`. Re-running `torch.load` with `weights_only` set to `False` will likely succeed, but it can result in arbitrary code execution. Do it only if you got the file from a trusted source.
	(2) Alternatively, to load with `weights_only=True` please check the recommended steps in the following error message.
	WeightsUnpickler error: Unsupported global: GLOBAL numpy._core.multiarray._reconstruct was not an allowed global by default. Please use `torch.serialization.add_safe_globals([numpy._core.multiarray._reconstruct])` or the `torch.serialization.safe_globals([numpy._core.multiarray._reconstruct])` context manager to allowlist this global if you trust this class/function.

Check the documentation of torch.load to learn more about types accepted by default with weights_only https://pytorch.org/docs/stable/generated/torch.load.html.
[2026-09-17 03:16:10] Evaluating RoboCasa CloseSingleDoor latest checkpoint...
[2026-09-17 03:16:10] Error evaluating RC-CloseSingleDoor: Weights only load failed. This file can still be loaded, to do so you have two options, [1mdo those steps only if you trust the source of the checkpoint[0m. 
	(1) In PyTorch 2.6, we changed the default value of the `weights_only` argument in `torch.load` from `False` to `True`. Re-running `torch.load` with `weights_only` set to `False` will likely succeed, but it can result in arbitrary code execution. Do it only if you got the file from a trusted source.
	(2) Alternatively, to load with `weights_only=True` please check the recommended steps in the following error message.
	WeightsUnpickler error: Unsupported global: GLOBAL numpy.core.multiarray._reconstruct was not an allowed global by default. Please use `torch.serialization.add_safe_globals([numpy.core.multiarray._reconstruct])` or the `torch.serialization.safe_globals([numpy.core.multiarray._reconstruct])` context manager to allowlist this global if you trust this class/function.

Check the documentation of torch.load to learn more about types accepted by default with weights_only https://pytorch.org/docs/stable/generated/torch.load.html.
[2026-09-17 03:16:10] Sleeping for 1800s until next check...
[2026-09-17 03:46:10] --- Periodic Check Tick (2026-09-17 03:46:10) ---
[2026-09-17 03:46:10] Evaluating Push-T latest checkpoint...
[2026-09-17 03:46:10] Error evaluating Push-T: Weights only load failed. This file can still be loaded, to do so you have two options, [1mdo those steps only if you trust the source of the checkpoint[0m. 
	(1) In PyTorch 2.6, we changed the default value of the `weights_only` argument in `torch.load` from `False` to `True`. Re-running `torch.load` with `weights_only` set to `False` will likely succeed, but it can result in arbitrary code execution. Do it only if you got the file from a trusted source.
	(2) Alternatively, to load with `weights_only=True` please check the recommended steps in the following error message.
	WeightsUnpickler error: Unsupported global: GLOBAL numpy._core.multiarray._reconstruct was not an allowed global by default. Please use `torch.serialization.add_safe_globals([numpy._core.multiarray._reconstruct])` or the `torch.serialization.safe_globals([numpy._core.multiarray._reconstruct])` context manager to allowlist this global if you trust this class/function.

Check the documentation of torch.load to learn more about types accepted by default with weights_only https://pytorch.org/docs/stable/generated/torch.load.html.
[2026-09-17 03:46:10] Evaluating RoboCasa CloseSingleDoor latest checkpoint...
[2026-09-17 03:46:10] Error evaluating RC-CloseSingleDoor: Weights only load failed. This file can still be loaded, to do so you have two options, [1mdo those steps only if you trust the source of the checkpoint[0m. 
	(1) In PyTorch 2.6, we changed the default value of the `weights_only` argument in `torch.load` from `False` to `True`. Re-running `torch.load` with `weights_only` set to `False` will likely succeed, but it can result in arbitrary code execution. Do it only if you got the file from a trusted source.
	(2) Alternatively, to load with `weights_only=True` please check the recommended steps in the following error message.
	WeightsUnpickler error: Unsupported global: GLOBAL numpy.core.multiarray._reconstruct was not an allowed global by default. Please use `torch.serialization.add_safe_globals([numpy.core.multiarray._reconstruct])` or the `torch.serialization.safe_globals([numpy.core.multiarray._reconstruct])` context manager to allowlist this global if you trust this class/function.

Check the documentation of torch.load to learn more about types accepted by default with weights_only https://pytorch.org/docs/stable/generated/torch.load.html.
[2026-09-17 03:46:10] Sleeping for 1800s until next check...
[2026-09-17 04:16:10] --- Periodic Check Tick (2026-09-17 04:16:10) ---
[2026-09-17 04:16:10] Evaluating Push-T latest checkpoint...
[2026-09-17 04:16:10] Error evaluating Push-T: Weights only load failed. This file can still be loaded, to do so you have two options, [1mdo those steps only if you trust the source of the checkpoint[0m. 
	(1) In PyTorch 2.6, we changed the default value of the `weights_only` argument in `torch.load` from `False` to `True`. Re-running `torch.load` with `weights_only` set to `False` will likely succeed, but it can result in arbitrary code execution. Do it only if you got the file from a trusted source.
	(2) Alternatively, to load with `weights_only=True` please check the recommended steps in the following error message.
	WeightsUnpickler error: Unsupported global: GLOBAL numpy._core.multiarray._reconstruct was not an allowed global by default. Please use `torch.serialization.add_safe_globals([numpy._core.multiarray._reconstruct])` or the `torch.serialization.safe_globals([numpy._core.multiarray._reconstruct])` context manager to allowlist this global if you trust this class/function.

Check the documentation of torch.load to learn more about types accepted by default with weights_only https://pytorch.org/docs/stable/generated/torch.load.html.
[2026-09-17 04:16:10] Evaluating RoboCasa CloseSingleDoor latest checkpoint...
[2026-09-17 04:16:10] Error evaluating RC-CloseSingleDoor: Weights only load failed. This file can still be loaded, to do so you have two options, [1mdo those steps only if you trust the source of the checkpoint[0m. 
	(1) In PyTorch 2.6, we changed the default value of the `weights_only` argument in `torch.load` from `False` to `True`. Re-running `torch.load` with `weights_only` set to `False` will likely succeed, but it can result in arbitrary code execution. Do it only if you got the file from a trusted source.
	(2) Alternatively, to load with `weights_only=True` please check the recommended steps in the following error message.
	WeightsUnpickler error: Unsupported global: GLOBAL numpy.core.multiarray._reconstruct was not an allowed global by default. Please use `torch.serialization.add_safe_globals([numpy.core.multiarray._reconstruct])` or the `torch.serialization.safe_globals([numpy.core.multiarray._reconstruct])` context manager to allowlist this global if you trust this class/function.

Check the documentation of torch.load to learn more about types accepted by default with weights_only https://pytorch.org/docs/stable/generated/torch.load.html.
[2026-09-17 04:16:10] Sleeping for 1800s until next check...
[2026-09-17 04:46:10] --- Periodic Check Tick (2026-09-17 04:46:10) ---
[2026-09-17 04:46:10] Evaluating Push-T latest checkpoint...
[2026-09-17 04:46:10] Error evaluating Push-T: Weights only load failed. This file can still be loaded, to do so you have two options, [1mdo those steps only if you trust the source of the checkpoint[0m. 
	(1) In PyTorch 2.6, we changed the default value of the `weights_only` argument in `torch.load` from `False` to `True`. Re-running `torch.load` with `weights_only` set to `False` will likely succeed, but it can result in arbitrary code execution. Do it only if you got the file from a trusted source.
	(2) Alternatively, to load with `weights_only=True` please check the recommended steps in the following error message.
	WeightsUnpickler error: Unsupported global: GLOBAL numpy._core.multiarray._reconstruct was not an allowed global by default. Please use `torch.serialization.add_safe_globals([numpy._core.multiarray._reconstruct])` or the `torch.serialization.safe_globals([numpy._core.multiarray._reconstruct])` context manager to allowlist this global if you trust this class/function.

Check the documentation of torch.load to learn more about types accepted by default with weights_only https://pytorch.org/docs/stable/generated/torch.load.html.
[2026-09-17 04:46:10] Evaluating RoboCasa CloseSingleDoor latest checkpoint...
[2026-09-17 04:46:10] Error evaluating RC-CloseSingleDoor: Weights only load failed. This file can still be loaded, to do so you have two options, [1mdo those steps only if you trust the source of the checkpoint[0m. 
	(1) In PyTorch 2.6, we changed the default value of the `weights_only` argument in `torch.load` from `False` to `True`. Re-running `torch.load` with `weights_only` set to `False` will likely succeed, but it can result in arbitrary code execution. Do it only if you got the file from a trusted source.
	(2) Alternatively, to load with `weights_only=True` please check the recommended steps in the following error message.
	WeightsUnpickler error: Unsupported global: GLOBAL numpy.core.multiarray._reconstruct was not an allowed global by default. Please use `torch.serialization.add_safe_globals([numpy.core.multiarray._reconstruct])` or the `torch.serialization.safe_globals([numpy.core.multiarray._reconstruct])` context manager to allowlist this global if you trust this class/function.

Check the documentation of torch.load to learn more about types accepted by default with weights_only https://pytorch.org/docs/stable/generated/torch.load.html.
[2026-09-17 04:46:10] Sleeping for 1800s until next check...
[2026-09-17 05:16:10] --- Periodic Check Tick (2026-09-17 05:16:10) ---
[2026-09-17 05:16:10] Evaluating Push-T latest checkpoint...
[2026-09-17 05:16:10] Error evaluating Push-T: Weights only load failed. This file can still be loaded, to do so you have two options, [1mdo those steps only if you trust the source of the checkpoint[0m. 
	(1) In PyTorch 2.6, we changed the default value of the `weights_only` argument in `torch.load` from `False` to `True`. Re-running `torch.load` with `weights_only` set to `False` will likely succeed, but it can result in arbitrary code execution. Do it only if you got the file from a trusted source.
	(2) Alternatively, to load with `weights_only=True` please check the recommended steps in the following error message.
	WeightsUnpickler error: Unsupported global: GLOBAL numpy._core.multiarray._reconstruct was not an allowed global by default. Please use `torch.serialization.add_safe_globals([numpy._core.multiarray._reconstruct])` or the `torch.serialization.safe_globals([numpy._core.multiarray._reconstruct])` context manager to allowlist this global if you trust this class/function.

Check the documentation of torch.load to learn more about types accepted by default with weights_only https://pytorch.org/docs/stable/generated/torch.load.html.
[2026-09-17 05:16:10] Evaluating RoboCasa CloseSingleDoor latest checkpoint...
[2026-09-17 05:16:10] Error evaluating RC-CloseSingleDoor: Weights only load failed. This file can still be loaded, to do so you have two options, [1mdo those steps only if you trust the source of the checkpoint[0m. 
	(1) In PyTorch 2.6, we changed the default value of the `weights_only` argument in `torch.load` from `False` to `True`. Re-running `torch.load` with `weights_only` set to `False` will likely succeed, but it can result in arbitrary code execution. Do it only if you got the file from a trusted source.
	(2) Alternatively, to load with `weights_only=True` please check the recommended steps in the following error message.
	WeightsUnpickler error: Unsupported global: GLOBAL numpy.core.multiarray._reconstruct was not an allowed global by default. Please use `torch.serialization.add_safe_globals([numpy.core.multiarray._reconstruct])` or the `torch.serialization.safe_globals([numpy.core.multiarray._reconstruct])` context manager to allowlist this global if you trust this class/function.

Check the documentation of torch.load to learn more about types accepted by default with weights_only https://pytorch.org/docs/stable/generated/torch.load.html.
[2026-09-17 05:16:10] Sleeping for 1800s until next check...
[2026-09-17 05:46:10] --- Periodic Check Tick (2026-09-17 05:46:10) ---
[2026-09-17 05:46:10] Evaluating Push-T latest checkpoint...
[2026-09-17 05:46:10] Error evaluating Push-T: Weights only load failed. This file can still be loaded, to do so you have two options, [1mdo those steps only if you trust the source of the checkpoint[0m. 
	(1) In PyTorch 2.6, we changed the default value of the `weights_only` argument in `torch.load` from `False` to `True`. Re-running `torch.load` with `weights_only` set to `False` will likely succeed, but it can result in arbitrary code execution. Do it only if you got the file from a trusted source.
	(2) Alternatively, to load with `weights_only=True` please check the recommended steps in the following error message.
	WeightsUnpickler error: Unsupported global: GLOBAL numpy._core.multiarray._reconstruct was not an allowed global by default. Please use `torch.serialization.add_safe_globals([numpy._core.multiarray._reconstruct])` or the `torch.serialization.safe_globals([numpy._core.multiarray._reconstruct])` context manager to allowlist this global if you trust this class/function.

Check the documentation of torch.load to learn more about types accepted by default with weights_only https://pytorch.org/docs/stable/generated/torch.load.html.
[2026-09-17 05:46:10] Evaluating RoboCasa CloseSingleDoor latest checkpoint...
[2026-09-17 05:46:10] Error evaluating RC-CloseSingleDoor: Weights only load failed. This file can still be loaded, to do so you have two options, [1mdo those steps only if you trust the source of the checkpoint[0m. 
	(1) In PyTorch 2.6, we changed the default value of the `weights_only` argument in `torch.load` from `False` to `True`. Re-running `torch.load` with `weights_only` set to `False` will likely succeed, but it can result in arbitrary code execution. Do it only if you got the file from a trusted source.
	(2) Alternatively, to load with `weights_only=True` please check the recommended steps in the following error message.
	WeightsUnpickler error: Unsupported global: GLOBAL numpy.core.multiarray._reconstruct was not an allowed global by default. Please use `torch.serialization.add_safe_globals([numpy.core.multiarray._reconstruct])` or the `torch.serialization.safe_globals([numpy.core.multiarray._reconstruct])` context manager to allowlist this global if you trust this class/function.

Check the documentation of torch.load to learn more about types accepted by default with weights_only https://pytorch.org/docs/stable/generated/torch.load.html.
[2026-09-17 05:46:10] Sleeping for 1800s until next check...
[2026-09-17 06:16:10] --- Periodic Check Tick (2026-09-17 06:16:10) ---
[2026-09-17 06:16:10] Evaluating Push-T latest checkpoint...
[2026-09-17 06:16:10] Error evaluating Push-T: Weights only load failed. This file can still be loaded, to do so you have two options, [1mdo those steps only if you trust the source of the checkpoint[0m. 
	(1) In PyTorch 2.6, we changed the default value of the `weights_only` argument in `torch.load` from `False` to `True`. Re-running `torch.load` with `weights_only` set to `False` will likely succeed, but it can result in arbitrary code execution. Do it only if you got the file from a trusted source.
	(2) Alternatively, to load with `weights_only=True` please check the recommended steps in the following error message.
	WeightsUnpickler error: Unsupported global: GLOBAL numpy._core.multiarray._reconstruct was not an allowed global by default. Please use `torch.serialization.add_safe_globals([numpy._core.multiarray._reconstruct])` or the `torch.serialization.safe_globals([numpy._core.multiarray._reconstruct])` context manager to allowlist this global if you trust this class/function.

Check the documentation of torch.load to learn more about types accepted by default with weights_only https://pytorch.org/docs/stable/generated/torch.load.html.
[2026-09-17 06:16:10] Evaluating RoboCasa CloseSingleDoor latest checkpoint...
[2026-09-17 06:16:10] Error evaluating RC-CloseSingleDoor: Weights only load failed. This file can still be loaded, to do so you have two options, [1mdo those steps only if you trust the source of the checkpoint[0m. 
	(1) In PyTorch 2.6, we changed the default value of the `weights_only` argument in `torch.load` from `False` to `True`. Re-running `torch.load` with `weights_only` set to `False` will likely succeed, but it can result in arbitrary code execution. Do it only if you got the file from a trusted source.
	(2) Alternatively, to load with `weights_only=True` please check the recommended steps in the following error message.
	WeightsUnpickler error: Unsupported global: GLOBAL numpy.core.multiarray._reconstruct was not an allowed global by default. Please use `torch.serialization.add_safe_globals([numpy.core.multiarray._reconstruct])` or the `torch.serialization.safe_globals([numpy.core.multiarray._reconstruct])` context manager to allowlist this global if you trust this class/function.

Check the documentation of torch.load to learn more about types accepted by default with weights_only https://pytorch.org/docs/stable/generated/torch.load.html.
[2026-09-17 06:16:10] Sleeping for 1800s until next check...
[2026-09-17 06:46:10] --- Periodic Check Tick (2026-09-17 06:46:10) ---
[2026-09-17 06:46:10] Evaluating Push-T latest checkpoint...
[2026-09-17 06:46:10] Error evaluating Push-T: Weights only load failed. This file can still be loaded, to do so you have two options, [1mdo those steps only if you trust the source of the checkpoint[0m. 
	(1) In PyTorch 2.6, we changed the default value of the `weights_only` argument in `torch.load` from `False` to `True`. Re-running `torch.load` with `weights_only` set to `False` will likely succeed, but it can result in arbitrary code execution. Do it only if you got the file from a trusted source.
	(2) Alternatively, to load with `weights_only=True` please check the recommended steps in the following error message.
	WeightsUnpickler error: Unsupported global: GLOBAL numpy._core.multiarray._reconstruct was not an allowed global by default. Please use `torch.serialization.add_safe_globals([numpy._core.multiarray._reconstruct])` or the `torch.serialization.safe_globals([numpy._core.multiarray._reconstruct])` context manager to allowlist this global if you trust this class/function.

Check the documentation of torch.load to learn more about types accepted by default with weights_only https://pytorch.org/docs/stable/generated/torch.load.html.
[2026-09-17 06:46:10] Evaluating RoboCasa CloseSingleDoor latest checkpoint...
[2026-09-17 06:46:10] Error evaluating RC-CloseSingleDoor: Weights only load failed. This file can still be loaded, to do so you have two options, [1mdo those steps only if you trust the source of the checkpoint[0m. 
	(1) In PyTorch 2.6, we changed the default value of the `weights_only` argument in `torch.load` from `False` to `True`. Re-running `torch.load` with `weights_only` set to `False` will likely succeed, but it can result in arbitrary code execution. Do it only if you got the file from a trusted source.
	(2) Alternatively, to load with `weights_only=True` please check the recommended steps in the following error message.
	WeightsUnpickler error: Unsupported global: GLOBAL numpy.core.multiarray._reconstruct was not an allowed global by default. Please use `torch.serialization.add_safe_globals([numpy.core.multiarray._reconstruct])` or the `torch.serialization.safe_globals([numpy.core.multiarray._reconstruct])` context manager to allowlist this global if you trust this class/function.

Check the documentation of torch.load to learn more about types accepted by default with weights_only https://pytorch.org/docs/stable/generated/torch.load.html.
[2026-09-17 06:46:10] Sleeping for 1800s until next check...
[2026-09-17 07:16:10] --- Periodic Check Tick (2026-09-17 07:16:10) ---
[2026-09-17 07:16:10] Evaluating Push-T latest checkpoint...
[2026-09-17 07:16:10] Error evaluating Push-T: Weights only load failed. This file can still be loaded, to do so you have two options, [1mdo those steps only if you trust the source of the checkpoint[0m. 
	(1) In PyTorch 2.6, we changed the default value of the `weights_only` argument in `torch.load` from `False` to `True`. Re-running `torch.load` with `weights_only` set to `False` will likely succeed, but it can result in arbitrary code execution. Do it only if you got the file from a trusted source.
	(2) Alternatively, to load with `weights_only=True` please check the recommended steps in the following error message.
	WeightsUnpickler error: Unsupported global: GLOBAL numpy._core.multiarray._reconstruct was not an allowed global by default. Please use `torch.serialization.add_safe_globals([numpy._core.multiarray._reconstruct])` or the `torch.serialization.safe_globals([numpy._core.multiarray._reconstruct])` context manager to allowlist this global if you trust this class/function.

Check the documentation of torch.load to learn more about types accepted by default with weights_only https://pytorch.org/docs/stable/generated/torch.load.html.
[2026-09-17 07:16:10] Evaluating RoboCasa CloseSingleDoor latest checkpoint...
[2026-09-17 07:16:10] Error evaluating RC-CloseSingleDoor: Weights only load failed. This file can still be loaded, to do so you have two options, [1mdo those steps only if you trust the source of the checkpoint[0m. 
	(1) In PyTorch 2.6, we changed the default value of the `weights_only` argument in `torch.load` from `False` to `True`. Re-running `torch.load` with `weights_only` set to `False` will likely succeed, but it can result in arbitrary code execution. Do it only if you got the file from a trusted source.
	(2) Alternatively, to load with `weights_only=True` please check the recommended steps in the following error message.
	WeightsUnpickler error: Unsupported global: GLOBAL numpy.core.multiarray._reconstruct was not an allowed global by default. Please use `torch.serialization.add_safe_globals([numpy.core.multiarray._reconstruct])` or the `torch.serialization.safe_globals([numpy.core.multiarray._reconstruct])` context manager to allowlist this global if you trust this class/function.

Check the documentation of torch.load to learn more about types accepted by default with weights_only https://pytorch.org/docs/stable/generated/torch.load.html.
[2026-09-17 07:16:10] Sleeping for 1800s until next check...
[2026-09-17 07:46:10] --- Periodic Check Tick (2026-09-17 07:46:10) ---
[2026-09-17 07:46:10] Evaluating Push-T latest checkpoint...
[2026-09-17 07:46:10] Error evaluating Push-T: Weights only load failed. This file can still be loaded, to do so you have two options, [1mdo those steps only if you trust the source of the checkpoint[0m. 
	(1) In PyTorch 2.6, we changed the default value of the `weights_only` argument in `torch.load` from `False` to `True`. Re-running `torch.load` with `weights_only` set to `False` will likely succeed, but it can result in arbitrary code execution. Do it only if you got the file from a trusted source.
	(2) Alternatively, to load with `weights_only=True` please check the recommended steps in the following error message.
	WeightsUnpickler error: Unsupported global: GLOBAL numpy._core.multiarray._reconstruct was not an allowed global by default. Please use `torch.serialization.add_safe_globals([numpy._core.multiarray._reconstruct])` or the `torch.serialization.safe_globals([numpy._core.multiarray._reconstruct])` context manager to allowlist this global if you trust this class/function.

Check the documentation of torch.load to learn more about types accepted by default with weights_only https://pytorch.org/docs/stable/generated/torch.load.html.
[2026-09-17 07:46:10] Evaluating RoboCasa CloseSingleDoor latest checkpoint...
[2026-09-17 07:46:10] Error evaluating RC-CloseSingleDoor: Weights only load failed. This file can still be loaded, to do so you have two options, [1mdo those steps only if you trust the source of the checkpoint[0m. 
	(1) In PyTorch 2.6, we changed the default value of the `weights_only` argument in `torch.load` from `False` to `True`. Re-running `torch.load` with `weights_only` set to `False` will likely succeed, but it can result in arbitrary code execution. Do it only if you got the file from a trusted source.
	(2) Alternatively, to load with `weights_only=True` please check the recommended steps in the following error message.
	WeightsUnpickler error: Unsupported global: GLOBAL numpy.core.multiarray._reconstruct was not an allowed global by default. Please use `torch.serialization.add_safe_globals([numpy.core.multiarray._reconstruct])` or the `torch.serialization.safe_globals([numpy.core.multiarray._reconstruct])` context manager to allowlist this global if you trust this class/function.

Check the documentation of torch.load to learn more about types accepted by default with weights_only https://pytorch.org/docs/stable/generated/torch.load.html.
[2026-09-17 07:46:11] Sleeping for 1800s until next check...
[2026-09-17 08:16:11] --- Periodic Check Tick (2026-09-17 08:16:11) ---
[2026-09-17 08:16:11] Evaluating Push-T latest checkpoint...
[2026-09-17 08:16:11] Error evaluating Push-T: Weights only load failed. This file can still be loaded, to do so you have two options, [1mdo those steps only if you trust the source of the checkpoint[0m. 
	(1) In PyTorch 2.6, we changed the default value of the `weights_only` argument in `torch.load` from `False` to `True`. Re-running `torch.load` with `weights_only` set to `False` will likely succeed, but it can result in arbitrary code execution. Do it only if you got the file from a trusted source.
	(2) Alternatively, to load with `weights_only=True` please check the recommended steps in the following error message.
	WeightsUnpickler error: Unsupported global: GLOBAL numpy._core.multiarray._reconstruct was not an allowed global by default. Please use `torch.serialization.add_safe_globals([numpy._core.multiarray._reconstruct])` or the `torch.serialization.safe_globals([numpy._core.multiarray._reconstruct])` context manager to allowlist this global if you trust this class/function.

Check the documentation of torch.load to learn more about types accepted by default with weights_only https://pytorch.org/docs/stable/generated/torch.load.html.
[2026-09-17 08:16:11] Evaluating RoboCasa CloseSingleDoor latest checkpoint...
[2026-09-17 08:16:11] Error evaluating RC-CloseSingleDoor: Weights only load failed. This file can still be loaded, to do so you have two options, [1mdo those steps only if you trust the source of the checkpoint[0m. 
	(1) In PyTorch 2.6, we changed the default value of the `weights_only` argument in `torch.load` from `False` to `True`. Re-running `torch.load` with `weights_only` set to `False` will likely succeed, but it can result in arbitrary code execution. Do it only if you got the file from a trusted source.
	(2) Alternatively, to load with `weights_only=True` please check the recommended steps in the following error message.
	WeightsUnpickler error: Unsupported global: GLOBAL numpy.core.multiarray._reconstruct was not an allowed global by default. Please use `torch.serialization.add_safe_globals([numpy.core.multiarray._reconstruct])` or the `torch.serialization.safe_globals([numpy.core.multiarray._reconstruct])` context manager to allowlist this global if you trust this class/function.

Check the documentation of torch.load to learn more about types accepted by default with weights_only https://pytorch.org/docs/stable/generated/torch.load.html.
[2026-09-17 08:16:11] Sleeping for 1800s until next check...
[2026-09-17 08:46:11] --- Periodic Check Tick (2026-09-17 08:46:11) ---
[2026-09-17 08:46:11] Evaluating Push-T latest checkpoint...
[2026-09-17 08:46:11] Error evaluating Push-T: Weights only load failed. This file can still be loaded, to do so you have two options, [1mdo those steps only if you trust the source of the checkpoint[0m. 
	(1) In PyTorch 2.6, we changed the default value of the `weights_only` argument in `torch.load` from `False` to `True`. Re-running `torch.load` with `weights_only` set to `False` will likely succeed, but it can result in arbitrary code execution. Do it only if you got the file from a trusted source.
	(2) Alternatively, to load with `weights_only=True` please check the recommended steps in the following error message.
	WeightsUnpickler error: Unsupported global: GLOBAL numpy._core.multiarray._reconstruct was not an allowed global by default. Please use `torch.serialization.add_safe_globals([numpy._core.multiarray._reconstruct])` or the `torch.serialization.safe_globals([numpy._core.multiarray._reconstruct])` context manager to allowlist this global if you trust this class/function.

Check the documentation of torch.load to learn more about types accepted by default with weights_only https://pytorch.org/docs/stable/generated/torch.load.html.
[2026-09-17 08:46:11] Evaluating RoboCasa CloseSingleDoor latest checkpoint...
[2026-09-17 08:46:11] Error evaluating RC-CloseSingleDoor: Weights only load failed. This file can still be loaded, to do so you have two options, [1mdo those steps only if you trust the source of the checkpoint[0m. 
	(1) In PyTorch 2.6, we changed the default value of the `weights_only` argument in `torch.load` from `False` to `True`. Re-running `torch.load` with `weights_only` set to `False` will likely succeed, but it can result in arbitrary code execution. Do it only if you got the file from a trusted source.
	(2) Alternatively, to load with `weights_only=True` please check the recommended steps in the following error message.
	WeightsUnpickler error: Unsupported global: GLOBAL numpy.core.multiarray._reconstruct was not an allowed global by default. Please use `torch.serialization.add_safe_globals([numpy.core.multiarray._reconstruct])` or the `torch.serialization.safe_globals([numpy.core.multiarray._reconstruct])` context manager to allowlist this global if you trust this class/function.

Check the documentation of torch.load to learn more about types accepted by default with weights_only https://pytorch.org/docs/stable/generated/torch.load.html.
[2026-09-17 08:46:11] Sleeping for 1800s until next check...
[2026-09-17 09:16:11] --- Periodic Check Tick (2026-09-17 09:16:11) ---
[2026-09-17 09:16:11] Evaluating Push-T latest checkpoint...
[2026-09-17 09:16:11] Error evaluating Push-T: Weights only load failed. This file can still be loaded, to do so you have two options, [1mdo those steps only if you trust the source of the checkpoint[0m. 
	(1) In PyTorch 2.6, we changed the default value of the `weights_only` argument in `torch.load` from `False` to `True`. Re-running `torch.load` with `weights_only` set to `False` will likely succeed, but it can result in arbitrary code execution. Do it only if you got the file from a trusted source.
	(2) Alternatively, to load with `weights_only=True` please check the recommended steps in the following error message.
	WeightsUnpickler error: Unsupported global: GLOBAL numpy._core.multiarray._reconstruct was not an allowed global by default. Please use `torch.serialization.add_safe_globals([numpy._core.multiarray._reconstruct])` or the `torch.serialization.safe_globals([numpy._core.multiarray._reconstruct])` context manager to allowlist this global if you trust this class/function.

Check the documentation of torch.load to learn more about types accepted by default with weights_only https://pytorch.org/docs/stable/generated/torch.load.html.
[2026-09-17 09:16:11] Evaluating RoboCasa CloseSingleDoor latest checkpoint...
[2026-09-17 09:16:11] Error evaluating RC-CloseSingleDoor: Weights only load failed. This file can still be loaded, to do so you have two options, [1mdo those steps only if you trust the source of the checkpoint[0m. 
	(1) In PyTorch 2.6, we changed the default value of the `weights_only` argument in `torch.load` from `False` to `True`. Re-running `torch.load` with `weights_only` set to `False` will likely succeed, but it can result in arbitrary code execution. Do it only if you got the file from a trusted source.
	(2) Alternatively, to load with `weights_only=True` please check the recommended steps in the following error message.
	WeightsUnpickler error: Unsupported global: GLOBAL numpy.core.multiarray._reconstruct was not an allowed global by default. Please use `torch.serialization.add_safe_globals([numpy.core.multiarray._reconstruct])` or the `torch.serialization.safe_globals([numpy.core.multiarray._reconstruct])` context manager to allowlist this global if you trust this class/function.

Check the documentation of torch.load to learn more about types accepted by default with weights_only https://pytorch.org/docs/stable/generated/torch.load.html.
[2026-09-17 09:16:11] Sleeping for 1800s until next check...
[2026-09-17 09:46:11] --- Periodic Check Tick (2026-09-17 09:46:11) ---
[2026-09-17 09:46:11] Evaluating Push-T latest checkpoint...
[2026-09-17 09:46:11] Error evaluating Push-T: Weights only load failed. This file can still be loaded, to do so you have two options, [1mdo those steps only if you trust the source of the checkpoint[0m. 
	(1) In PyTorch 2.6, we changed the default value of the `weights_only` argument in `torch.load` from `False` to `True`. Re-running `torch.load` with `weights_only` set to `False` will likely succeed, but it can result in arbitrary code execution. Do it only if you got the file from a trusted source.
	(2) Alternatively, to load with `weights_only=True` please check the recommended steps in the following error message.
	WeightsUnpickler error: Unsupported global: GLOBAL numpy._core.multiarray._reconstruct was not an allowed global by default. Please use `torch.serialization.add_safe_globals([numpy._core.multiarray._reconstruct])` or the `torch.serialization.safe_globals([numpy._core.multiarray._reconstruct])` context manager to allowlist this global if you trust this class/function.

Check the documentation of torch.load to learn more about types accepted by default with weights_only https://pytorch.org/docs/stable/generated/torch.load.html.
[2026-09-17 09:46:11] Evaluating RoboCasa CloseSingleDoor latest checkpoint...
[2026-09-17 09:46:11] Error evaluating RC-CloseSingleDoor: Weights only load failed. This file can still be loaded, to do so you have two options, [1mdo those steps only if you trust the source of the checkpoint[0m. 
	(1) In PyTorch 2.6, we changed the default value of the `weights_only` argument in `torch.load` from `False` to `True`. Re-running `torch.load` with `weights_only` set to `False` will likely succeed, but it can result in arbitrary code execution. Do it only if you got the file from a trusted source.
	(2) Alternatively, to load with `weights_only=True` please check the recommended steps in the following error message.
	WeightsUnpickler error: Unsupported global: GLOBAL numpy.core.multiarray._reconstruct was not an allowed global by default. Please use `torch.serialization.add_safe_globals([numpy.core.multiarray._reconstruct])` or the `torch.serialization.safe_globals([numpy.core.multiarray._reconstruct])` context manager to allowlist this global if you trust this class/function.

Check the documentation of torch.load to learn more about types accepted by default with weights_only https://pytorch.org/docs/stable/generated/torch.load.html.
[2026-09-17 09:46:11] Sleeping for 1800s until next check...
[2026-09-17 10:16:11] --- Periodic Check Tick (2026-09-17 10:16:11) ---
[2026-09-17 10:16:11] Evaluating Push-T latest checkpoint...
[2026-09-17 10:16:11] Error evaluating Push-T: Weights only load failed. This file can still be loaded, to do so you have two options, [1mdo those steps only if you trust the source of the checkpoint[0m. 
	(1) In PyTorch 2.6, we changed the default value of the `weights_only` argument in `torch.load` from `False` to `True`. Re-running `torch.load` with `weights_only` set to `False` will likely succeed, but it can result in arbitrary code execution. Do it only if you got the file from a trusted source.
	(2) Alternatively, to load with `weights_only=True` please check the recommended steps in the following error message.
	WeightsUnpickler error: Unsupported global: GLOBAL numpy._core.multiarray._reconstruct was not an allowed global by default. Please use `torch.serialization.add_safe_globals([numpy._core.multiarray._reconstruct])` or the `torch.serialization.safe_globals([numpy._core.multiarray._reconstruct])` context manager to allowlist this global if you trust this class/function.

Check the documentation of torch.load to learn more about types accepted by default with weights_only https://pytorch.org/docs/stable/generated/torch.load.html.
[2026-09-17 10:16:11] Evaluating RoboCasa CloseSingleDoor latest checkpoint...
[2026-09-17 10:16:11] Error evaluating RC-CloseSingleDoor: Weights only load failed. This file can still be loaded, to do so you have two options, [1mdo those steps only if you trust the source of the checkpoint[0m. 
	(1) In PyTorch 2.6, we changed the default value of the `weights_only` argument in `torch.load` from `False` to `True`. Re-running `torch.load` with `weights_only` set to `False` will likely succeed, but it can result in arbitrary code execution. Do it only if you got the file from a trusted source.
	(2) Alternatively, to load with `weights_only=True` please check the recommended steps in the following error message.
	WeightsUnpickler error: Unsupported global: GLOBAL numpy.core.multiarray._reconstruct was not an allowed global by default. Please use `torch.serialization.add_safe_globals([numpy.core.multiarray._reconstruct])` or the `torch.serialization.safe_globals([numpy.core.multiarray._reconstruct])` context manager to allowlist this global if you trust this class/function.

Check the documentation of torch.load to learn more about types accepted by default with weights_only https://pytorch.org/docs/stable/generated/torch.load.html.
[2026-09-17 10:16:11] Sleeping for 1800s until next check...
[2026-09-17 10:46:11] --- Periodic Check Tick (2026-09-17 10:46:11) ---
[2026-09-17 10:46:11] Evaluating Push-T latest checkpoint...
[2026-09-17 10:46:11] Error evaluating Push-T: Weights only load failed. This file can still be loaded, to do so you have two options, [1mdo those steps only if you trust the source of the checkpoint[0m. 
	(1) In PyTorch 2.6, we changed the default value of the `weights_only` argument in `torch.load` from `False` to `True`. Re-running `torch.load` with `weights_only` set to `False` will likely succeed, but it can result in arbitrary code execution. Do it only if you got the file from a trusted source.
	(2) Alternatively, to load with `weights_only=True` please check the recommended steps in the following error message.
	WeightsUnpickler error: Unsupported global: GLOBAL numpy._core.multiarray._reconstruct was not an allowed global by default. Please use `torch.serialization.add_safe_globals([numpy._core.multiarray._reconstruct])` or the `torch.serialization.safe_globals([numpy._core.multiarray._reconstruct])` context manager to allowlist this global if you trust this class/function.

Check the documentation of torch.load to learn more about types accepted by default with weights_only https://pytorch.org/docs/stable/generated/torch.load.html.
[2026-09-17 10:46:11] Evaluating RoboCasa CloseSingleDoor latest checkpoint...
[2026-09-17 10:46:11] Error evaluating RC-CloseSingleDoor: Weights only load failed. This file can still be loaded, to do so you have two options, [1mdo those steps only if you trust the source of the checkpoint[0m. 
	(1) In PyTorch 2.6, we changed the default value of the `weights_only` argument in `torch.load` from `False` to `True`. Re-running `torch.load` with `weights_only` set to `False` will likely succeed, but it can result in arbitrary code execution. Do it only if you got the file from a trusted source.
	(2) Alternatively, to load with `weights_only=True` please check the recommended steps in the following error message.
	WeightsUnpickler error: Unsupported global: GLOBAL numpy.core.multiarray._reconstruct was not an allowed global by default. Please use `torch.serialization.add_safe_globals([numpy.core.multiarray._reconstruct])` or the `torch.serialization.safe_globals([numpy.core.multiarray._reconstruct])` context manager to allowlist this global if you trust this class/function.

Check the documentation of torch.load to learn more about types accepted by default with weights_only https://pytorch.org/docs/stable/generated/torch.load.html.
[2026-09-17 10:46:11] Sleeping for 1800s until next check...
[2026-09-17 11:16:11] --- Periodic Check Tick (2026-09-17 11:16:11) ---
[2026-09-17 11:16:11] Evaluating Push-T latest checkpoint...
[2026-09-17 11:16:11] Error evaluating Push-T: Weights only load failed. This file can still be loaded, to do so you have two options, [1mdo those steps only if you trust the source of the checkpoint[0m. 
	(1) In PyTorch 2.6, we changed the default value of the `weights_only` argument in `torch.load` from `False` to `True`. Re-running `torch.load` with `weights_only` set to `False` will likely succeed, but it can result in arbitrary code execution. Do it only if you got the file from a trusted source.
	(2) Alternatively, to load with `weights_only=True` please check the recommended steps in the following error message.
	WeightsUnpickler error: Unsupported global: GLOBAL numpy._core.multiarray._reconstruct was not an allowed global by default. Please use `torch.serialization.add_safe_globals([numpy._core.multiarray._reconstruct])` or the `torch.serialization.safe_globals([numpy._core.multiarray._reconstruct])` context manager to allowlist this global if you trust this class/function.

Check the documentation of torch.load to learn more about types accepted by default with weights_only https://pytorch.org/docs/stable/generated/torch.load.html.
[2026-09-17 11:16:11] Evaluating RoboCasa CloseSingleDoor latest checkpoint...
[2026-09-17 11:16:11] Error evaluating RC-CloseSingleDoor: Weights only load failed. This file can still be loaded, to do so you have two options, [1mdo those steps only if you trust the source of the checkpoint[0m. 
	(1) In PyTorch 2.6, we changed the default value of the `weights_only` argument in `torch.load` from `False` to `True`. Re-running `torch.load` with `weights_only` set to `False` will likely succeed, but it can result in arbitrary code execution. Do it only if you got the file from a trusted source.
	(2) Alternatively, to load with `weights_only=True` please check the recommended steps in the following error message.
	WeightsUnpickler error: Unsupported global: GLOBAL numpy.core.multiarray._reconstruct was not an allowed global by default. Please use `torch.serialization.add_safe_globals([numpy.core.multiarray._reconstruct])` or the `torch.serialization.safe_globals([numpy.core.multiarray._reconstruct])` context manager to allowlist this global if you trust this class/function.

Check the documentation of torch.load to learn more about types accepted by default with weights_only https://pytorch.org/docs/stable/generated/torch.load.html.
[2026-09-17 11:16:11] Sleeping for 1800s until next check...
[2026-09-17 11:46:11] --- Periodic Check Tick (2026-09-17 11:46:11) ---
[2026-09-17 11:46:11] Evaluating Push-T latest checkpoint...
[2026-09-17 11:46:11] Error evaluating Push-T: Weights only load failed. This file can still be loaded, to do so you have two options, [1mdo those steps only if you trust the source of the checkpoint[0m. 
	(1) In PyTorch 2.6, we changed the default value of the `weights_only` argument in `torch.load` from `False` to `True`. Re-running `torch.load` with `weights_only` set to `False` will likely succeed, but it can result in arbitrary code execution. Do it only if you got the file from a trusted source.
	(2) Alternatively, to load with `weights_only=True` please check the recommended steps in the following error message.
	WeightsUnpickler error: Unsupported global: GLOBAL numpy._core.multiarray._reconstruct was not an allowed global by default. Please use `torch.serialization.add_safe_globals([numpy._core.multiarray._reconstruct])` or the `torch.serialization.safe_globals([numpy._core.multiarray._reconstruct])` context manager to allowlist this global if you trust this class/function.

Check the documentation of torch.load to learn more about types accepted by default with weights_only https://pytorch.org/docs/stable/generated/torch.load.html.
[2026-09-17 11:46:11] Evaluating RoboCasa CloseSingleDoor latest checkpoint...
[2026-09-17 11:46:11] Error evaluating RC-CloseSingleDoor: Weights only load failed. This file can still be loaded, to do so you have two options, [1mdo those steps only if you trust the source of the checkpoint[0m. 
	(1) In PyTorch 2.6, we changed the default value of the `weights_only` argument in `torch.load` from `False` to `True`. Re-running `torch.load` with `weights_only` set to `False` will likely succeed, but it can result in arbitrary code execution. Do it only if you got the file from a trusted source.
	(2) Alternatively, to load with `weights_only=True` please check the recommended steps in the following error message.
	WeightsUnpickler error: Unsupported global: GLOBAL numpy.core.multiarray._reconstruct was not an allowed global by default. Please use `torch.serialization.add_safe_globals([numpy.core.multiarray._reconstruct])` or the `torch.serialization.safe_globals([numpy.core.multiarray._reconstruct])` context manager to allowlist this global if you trust this class/function.

Check the documentation of torch.load to learn more about types accepted by default with weights_only https://pytorch.org/docs/stable/generated/torch.load.html.
[2026-09-17 11:46:11] Sleeping for 1800s until next check...
[2026-09-17 12:16:11] --- Periodic Check Tick (2026-09-17 12:16:11) ---
[2026-09-17 12:16:11] Evaluating Push-T latest checkpoint...
[2026-09-17 12:16:11] Error evaluating Push-T: Weights only load failed. This file can still be loaded, to do so you have two options, [1mdo those steps only if you trust the source of the checkpoint[0m. 
	(1) In PyTorch 2.6, we changed the default value of the `weights_only` argument in `torch.load` from `False` to `True`. Re-running `torch.load` with `weights_only` set to `False` will likely succeed, but it can result in arbitrary code execution. Do it only if you got the file from a trusted source.
	(2) Alternatively, to load with `weights_only=True` please check the recommended steps in the following error message.
	WeightsUnpickler error: Unsupported global: GLOBAL numpy._core.multiarray._reconstruct was not an allowed global by default. Please use `torch.serialization.add_safe_globals([numpy._core.multiarray._reconstruct])` or the `torch.serialization.safe_globals([numpy._core.multiarray._reconstruct])` context manager to allowlist this global if you trust this class/function.

Check the documentation of torch.load to learn more about types accepted by default with weights_only https://pytorch.org/docs/stable/generated/torch.load.html.
[2026-09-17 12:16:11] Evaluating RoboCasa CloseSingleDoor latest checkpoint...
[2026-09-17 12:16:11] Error evaluating RC-CloseSingleDoor: Weights only load failed. This file can still be loaded, to do so you have two options, [1mdo those steps only if you trust the source of the checkpoint[0m. 
	(1) In PyTorch 2.6, we changed the default value of the `weights_only` argument in `torch.load` from `False` to `True`. Re-running `torch.load` with `weights_only` set to `False` will likely succeed, but it can result in arbitrary code execution. Do it only if you got the file from a trusted source.
	(2) Alternatively, to load with `weights_only=True` please check the recommended steps in the following error message.
	WeightsUnpickler error: Unsupported global: GLOBAL numpy.core.multiarray._reconstruct was not an allowed global by default. Please use `torch.serialization.add_safe_globals([numpy.core.multiarray._reconstruct])` or the `torch.serialization.safe_globals([numpy.core.multiarray._reconstruct])` context manager to allowlist this global if you trust this class/function.

Check the documentation of torch.load to learn more about types accepted by default with weights_only https://pytorch.org/docs/stable/generated/torch.load.html.
[2026-09-17 12:16:11] Sleeping for 1800s until next check...
[2026-09-17 12:46:11] --- Periodic Check Tick (2026-09-17 12:46:11) ---
[2026-09-17 12:46:11] Evaluating Push-T latest checkpoint...
[2026-09-17 12:46:11] Error evaluating Push-T: Weights only load failed. This file can still be loaded, to do so you have two options, [1mdo those steps only if you trust the source of the checkpoint[0m. 
	(1) In PyTorch 2.6, we changed the default value of the `weights_only` argument in `torch.load` from `False` to `True`. Re-running `torch.load` with `weights_only` set to `False` will likely succeed, but it can result in arbitrary code execution. Do it only if you got the file from a trusted source.
	(2) Alternatively, to load with `weights_only=True` please check the recommended steps in the following error message.
	WeightsUnpickler error: Unsupported global: GLOBAL numpy._core.multiarray._reconstruct was not an allowed global by default. Please use `torch.serialization.add_safe_globals([numpy._core.multiarray._reconstruct])` or the `torch.serialization.safe_globals([numpy._core.multiarray._reconstruct])` context manager to allowlist this global if you trust this class/function.

Check the documentation of torch.load to learn more about types accepted by default with weights_only https://pytorch.org/docs/stable/generated/torch.load.html.
[2026-09-17 12:46:11] Evaluating RoboCasa CloseSingleDoor latest checkpoint...
[2026-09-17 12:46:11] Error evaluating RC-CloseSingleDoor: Weights only load failed. This file can still be loaded, to do so you have two options, [1mdo those steps only if you trust the source of the checkpoint[0m. 
	(1) In PyTorch 2.6, we changed the default value of the `weights_only` argument in `torch.load` from `False` to `True`. Re-running `torch.load` with `weights_only` set to `False` will likely succeed, but it can result in arbitrary code execution. Do it only if you got the file from a trusted source.
	(2) Alternatively, to load with `weights_only=True` please check the recommended steps in the following error message.
	WeightsUnpickler error: Unsupported global: GLOBAL numpy.core.multiarray._reconstruct was not an allowed global by default. Please use `torch.serialization.add_safe_globals([numpy.core.multiarray._reconstruct])` or the `torch.serialization.safe_globals([numpy.core.multiarray._reconstruct])` context manager to allowlist this global if you trust this class/function.

Check the documentation of torch.load to learn more about types accepted by default with weights_only https://pytorch.org/docs/stable/generated/torch.load.html.
[2026-09-17 12:46:11] Sleeping for 1800s until next check...
[2026-09-17 13:16:11] --- Periodic Check Tick (2026-09-17 13:16:11) ---
[2026-09-17 13:16:11] Evaluating Push-T latest checkpoint...
[2026-09-17 13:16:11] Error evaluating Push-T: Weights only load failed. This file can still be loaded, to do so you have two options, [1mdo those steps only if you trust the source of the checkpoint[0m. 
	(1) In PyTorch 2.6, we changed the default value of the `weights_only` argument in `torch.load` from `False` to `True`. Re-running `torch.load` with `weights_only` set to `False` will likely succeed, but it can result in arbitrary code execution. Do it only if you got the file from a trusted source.
	(2) Alternatively, to load with `weights_only=True` please check the recommended steps in the following error message.
	WeightsUnpickler error: Unsupported global: GLOBAL numpy._core.multiarray._reconstruct was not an allowed global by default. Please use `torch.serialization.add_safe_globals([numpy._core.multiarray._reconstruct])` or the `torch.serialization.safe_globals([numpy._core.multiarray._reconstruct])` context manager to allowlist this global if you trust this class/function.

Check the documentation of torch.load to learn more about types accepted by default with weights_only https://pytorch.org/docs/stable/generated/torch.load.html.
[2026-09-17 13:16:11] Evaluating RoboCasa CloseSingleDoor latest checkpoint...
[2026-09-17 13:16:11] Error evaluating RC-CloseSingleDoor: Weights only load failed. This file can still be loaded, to do so you have two options, [1mdo those steps only if you trust the source of the checkpoint[0m. 
	(1) In PyTorch 2.6, we changed the default value of the `weights_only` argument in `torch.load` from `False` to `True`. Re-running `torch.load` with `weights_only` set to `False` will likely succeed, but it can result in arbitrary code execution. Do it only if you got the file from a trusted source.
	(2) Alternatively, to load with `weights_only=True` please check the recommended steps in the following error message.
	WeightsUnpickler error: Unsupported global: GLOBAL numpy.core.multiarray._reconstruct was not an allowed global by default. Please use `torch.serialization.add_safe_globals([numpy.core.multiarray._reconstruct])` or the `torch.serialization.safe_globals([numpy.core.multiarray._reconstruct])` context manager to allowlist this global if you trust this class/function.

Check the documentation of torch.load to learn more about types accepted by default with weights_only https://pytorch.org/docs/stable/generated/torch.load.html.
[2026-09-17 13:16:11] Sleeping for 1800s until next check...
[2026-09-17 13:46:11] --- Periodic Check Tick (2026-09-17 13:46:11) ---
[2026-09-17 13:46:11] Evaluating Push-T latest checkpoint...
[2026-09-17 13:46:11] Error evaluating Push-T: Weights only load failed. This file can still be loaded, to do so you have two options, [1mdo those steps only if you trust the source of the checkpoint[0m. 
	(1) In PyTorch 2.6, we changed the default value of the `weights_only` argument in `torch.load` from `False` to `True`. Re-running `torch.load` with `weights_only` set to `False` will likely succeed, but it can result in arbitrary code execution. Do it only if you got the file from a trusted source.
	(2) Alternatively, to load with `weights_only=True` please check the recommended steps in the following error message.
	WeightsUnpickler error: Unsupported global: GLOBAL numpy._core.multiarray._reconstruct was not an allowed global by default. Please use `torch.serialization.add_safe_globals([numpy._core.multiarray._reconstruct])` or the `torch.serialization.safe_globals([numpy._core.multiarray._reconstruct])` context manager to allowlist this global if you trust this class/function.

Check the documentation of torch.load to learn more about types accepted by default with weights_only https://pytorch.org/docs/stable/generated/torch.load.html.
[2026-09-17 13:46:11] Evaluating RoboCasa CloseSingleDoor latest checkpoint...
[2026-09-17 13:46:11] Error evaluating RC-CloseSingleDoor: Weights only load failed. This file can still be loaded, to do so you have two options, [1mdo those steps only if you trust the source of the checkpoint[0m. 
	(1) In PyTorch 2.6, we changed the default value of the `weights_only` argument in `torch.load` from `False` to `True`. Re-running `torch.load` with `weights_only` set to `False` will likely succeed, but it can result in arbitrary code execution. Do it only if you got the file from a trusted source.
	(2) Alternatively, to load with `weights_only=True` please check the recommended steps in the following error message.
	WeightsUnpickler error: Unsupported global: GLOBAL numpy.core.multiarray._reconstruct was not an allowed global by default. Please use `torch.serialization.add_safe_globals([numpy.core.multiarray._reconstruct])` or the `torch.serialization.safe_globals([numpy.core.multiarray._reconstruct])` context manager to allowlist this global if you trust this class/function.

Check the documentation of torch.load to learn more about types accepted by default with weights_only https://pytorch.org/docs/stable/generated/torch.load.html.
[2026-09-17 13:46:11] Sleeping for 1800s until next check...
[2026-09-17 14:16:11] --- Periodic Check Tick (2026-09-17 14:16:11) ---
[2026-09-17 14:16:11] Evaluating Push-T latest checkpoint...
[2026-09-17 14:16:11] Error evaluating Push-T: Weights only load failed. This file can still be loaded, to do so you have two options, [1mdo those steps only if you trust the source of the checkpoint[0m. 
	(1) In PyTorch 2.6, we changed the default value of the `weights_only` argument in `torch.load` from `False` to `True`. Re-running `torch.load` with `weights_only` set to `False` will likely succeed, but it can result in arbitrary code execution. Do it only if you got the file from a trusted source.
	(2) Alternatively, to load with `weights_only=True` please check the recommended steps in the following error message.
	WeightsUnpickler error: Unsupported global: GLOBAL numpy._core.multiarray._reconstruct was not an allowed global by default. Please use `torch.serialization.add_safe_globals([numpy._core.multiarray._reconstruct])` or the `torch.serialization.safe_globals([numpy._core.multiarray._reconstruct])` context manager to allowlist this global if you trust this class/function.

Check the documentation of torch.load to learn more about types accepted by default with weights_only https://pytorch.org/docs/stable/generated/torch.load.html.
[2026-09-17 14:16:11] Evaluating RoboCasa CloseSingleDoor latest checkpoint...
[2026-09-17 14:16:11] Error evaluating RC-CloseSingleDoor: Weights only load failed. This file can still be loaded, to do so you have two options, [1mdo those steps only if you trust the source of the checkpoint[0m. 
	(1) In PyTorch 2.6, we changed the default value of the `weights_only` argument in `torch.load` from `False` to `True`. Re-running `torch.load` with `weights_only` set to `False` will likely succeed, but it can result in arbitrary code execution. Do it only if you got the file from a trusted source.
	(2) Alternatively, to load with `weights_only=True` please check the recommended steps in the following error message.
	WeightsUnpickler error: Unsupported global: GLOBAL numpy.core.multiarray._reconstruct was not an allowed global by default. Please use `torch.serialization.add_safe_globals([numpy.core.multiarray._reconstruct])` or the `torch.serialization.safe_globals([numpy.core.multiarray._reconstruct])` context manager to allowlist this global if you trust this class/function.

Check the documentation of torch.load to learn more about types accepted by default with weights_only https://pytorch.org/docs/stable/generated/torch.load.html.
[2026-09-17 14:16:11] Sleeping for 1800s until next check...
[2026-09-17 14:46:11] --- Periodic Check Tick (2026-09-17 14:46:11) ---
[2026-09-17 14:46:11] Evaluating Push-T latest checkpoint...
[2026-09-17 14:46:11] Error evaluating Push-T: Weights only load failed. This file can still be loaded, to do so you have two options, [1mdo those steps only if you trust the source of the checkpoint[0m. 
	(1) In PyTorch 2.6, we changed the default value of the `weights_only` argument in `torch.load` from `False` to `True`. Re-running `torch.load` with `weights_only` set to `False` will likely succeed, but it can result in arbitrary code execution. Do it only if you got the file from a trusted source.
	(2) Alternatively, to load with `weights_only=True` please check the recommended steps in the following error message.
	WeightsUnpickler error: Unsupported global: GLOBAL numpy._core.multiarray._reconstruct was not an allowed global by default. Please use `torch.serialization.add_safe_globals([numpy._core.multiarray._reconstruct])` or the `torch.serialization.safe_globals([numpy._core.multiarray._reconstruct])` context manager to allowlist this global if you trust this class/function.

Check the documentation of torch.load to learn more about types accepted by default with weights_only https://pytorch.org/docs/stable/generated/torch.load.html.
[2026-09-17 14:46:11] Evaluating RoboCasa CloseSingleDoor latest checkpoint...
[2026-09-17 14:46:11] Error evaluating RC-CloseSingleDoor: Weights only load failed. This file can still be loaded, to do so you have two options, [1mdo those steps only if you trust the source of the checkpoint[0m. 
	(1) In PyTorch 2.6, we changed the default value of the `weights_only` argument in `torch.load` from `False` to `True`. Re-running `torch.load` with `weights_only` set to `False` will likely succeed, but it can result in arbitrary code execution. Do it only if you got the file from a trusted source.
	(2) Alternatively, to load with `weights_only=True` please check the recommended steps in the following error message.
	WeightsUnpickler error: Unsupported global: GLOBAL numpy.core.multiarray._reconstruct was not an allowed global by default. Please use `torch.serialization.add_safe_globals([numpy.core.multiarray._reconstruct])` or the `torch.serialization.safe_globals([numpy.core.multiarray._reconstruct])` context manager to allowlist this global if you trust this class/function.

Check the documentation of torch.load to learn more about types accepted by default with weights_only https://pytorch.org/docs/stable/generated/torch.load.html.
[2026-09-17 14:46:11] Sleeping for 1800s until next check...
[2026-09-17 15:16:11] --- Periodic Check Tick (2026-09-17 15:16:11) ---
[2026-09-17 15:16:11] Evaluating Push-T latest checkpoint...
[2026-09-17 15:16:11] Error evaluating Push-T: Weights only load failed. This file can still be loaded, to do so you have two options, [1mdo those steps only if you trust the source of the checkpoint[0m. 
	(1) In PyTorch 2.6, we changed the default value of the `weights_only` argument in `torch.load` from `False` to `True`. Re-running `torch.load` with `weights_only` set to `False` will likely succeed, but it can result in arbitrary code execution. Do it only if you got the file from a trusted source.
	(2) Alternatively, to load with `weights_only=True` please check the recommended steps in the following error message.
	WeightsUnpickler error: Unsupported global: GLOBAL numpy._core.multiarray._reconstruct was not an allowed global by default. Please use `torch.serialization.add_safe_globals([numpy._core.multiarray._reconstruct])` or the `torch.serialization.safe_globals([numpy._core.multiarray._reconstruct])` context manager to allowlist this global if you trust this class/function.

Check the documentation of torch.load to learn more about types accepted by default with weights_only https://pytorch.org/docs/stable/generated/torch.load.html.
[2026-09-17 15:16:11] Evaluating RoboCasa CloseSingleDoor latest checkpoint...
[2026-09-17 15:16:11] Error evaluating RC-CloseSingleDoor: Weights only load failed. This file can still be loaded, to do so you have two options, [1mdo those steps only if you trust the source of the checkpoint[0m. 
	(1) In PyTorch 2.6, we changed the default value of the `weights_only` argument in `torch.load` from `False` to `True`. Re-running `torch.load` with `weights_only` set to `False` will likely succeed, but it can result in arbitrary code execution. Do it only if you got the file from a trusted source.
	(2) Alternatively, to load with `weights_only=True` please check the recommended steps in the following error message.
	WeightsUnpickler error: Unsupported global: GLOBAL numpy.core.multiarray._reconstruct was not an allowed global by default. Please use `torch.serialization.add_safe_globals([numpy.core.multiarray._reconstruct])` or the `torch.serialization.safe_globals([numpy.core.multiarray._reconstruct])` context manager to allowlist this global if you trust this class/function.

Check the documentation of torch.load to learn more about types accepted by default with weights_only https://pytorch.org/docs/stable/generated/torch.load.html.
[2026-09-17 15:16:11] Sleeping for 1800s until next check...
[2026-09-17 15:46:11] --- Periodic Check Tick (2026-09-17 15:46:11) ---
[2026-09-17 15:46:11] Evaluating Push-T latest checkpoint...
[2026-09-17 15:46:11] Error evaluating Push-T: Weights only load failed. This file can still be loaded, to do so you have two options, [1mdo those steps only if you trust the source of the checkpoint[0m. 
	(1) In PyTorch 2.6, we changed the default value of the `weights_only` argument in `torch.load` from `False` to `True`. Re-running `torch.load` with `weights_only` set to `False` will likely succeed, but it can result in arbitrary code execution. Do it only if you got the file from a trusted source.
	(2) Alternatively, to load with `weights_only=True` please check the recommended steps in the following error message.
	WeightsUnpickler error: Unsupported global: GLOBAL numpy._core.multiarray._reconstruct was not an allowed global by default. Please use `torch.serialization.add_safe_globals([numpy._core.multiarray._reconstruct])` or the `torch.serialization.safe_globals([numpy._core.multiarray._reconstruct])` context manager to allowlist this global if you trust this class/function.

Check the documentation of torch.load to learn more about types accepted by default with weights_only https://pytorch.org/docs/stable/generated/torch.load.html.
[2026-09-17 15:46:11] Evaluating RoboCasa CloseSingleDoor latest checkpoint...
[2026-09-17 15:46:11] Error evaluating RC-CloseSingleDoor: Weights only load failed. This file can still be loaded, to do so you have two options, [1mdo those steps only if you trust the source of the checkpoint[0m. 
	(1) In PyTorch 2.6, we changed the default value of the `weights_only` argument in `torch.load` from `False` to `True`. Re-running `torch.load` with `weights_only` set to `False` will likely succeed, but it can result in arbitrary code execution. Do it only if you got the file from a trusted source.
	(2) Alternatively, to load with `weights_only=True` please check the recommended steps in the following error message.
	WeightsUnpickler error: Unsupported global: GLOBAL numpy.core.multiarray._reconstruct was not an allowed global by default. Please use `torch.serialization.add_safe_globals([numpy.core.multiarray._reconstruct])` or the `torch.serialization.safe_globals([numpy.core.multiarray._reconstruct])` context manager to allowlist this global if you trust this class/function.

Check the documentation of torch.load to learn more about types accepted by default with weights_only https://pytorch.org/docs/stable/generated/torch.load.html.
[2026-09-17 15:46:11] Sleeping for 1800s until next check...
[2026-09-17 16:16:11] --- Periodic Check Tick (2026-09-17 16:16:11) ---
[2026-09-17 16:16:11] Evaluating Push-T latest checkpoint...
[2026-09-17 16:16:11] Error evaluating Push-T: Weights only load failed. This file can still be loaded, to do so you have two options, [1mdo those steps only if you trust the source of the checkpoint[0m. 
	(1) In PyTorch 2.6, we changed the default value of the `weights_only` argument in `torch.load` from `False` to `True`. Re-running `torch.load` with `weights_only` set to `False` will likely succeed, but it can result in arbitrary code execution. Do it only if you got the file from a trusted source.
	(2) Alternatively, to load with `weights_only=True` please check the recommended steps in the following error message.
	WeightsUnpickler error: Unsupported global: GLOBAL numpy._core.multiarray._reconstruct was not an allowed global by default. Please use `torch.serialization.add_safe_globals([numpy._core.multiarray._reconstruct])` or the `torch.serialization.safe_globals([numpy._core.multiarray._reconstruct])` context manager to allowlist this global if you trust this class/function.

Check the documentation of torch.load to learn more about types accepted by default with weights_only https://pytorch.org/docs/stable/generated/torch.load.html.
[2026-09-17 16:16:11] Evaluating RoboCasa CloseSingleDoor latest checkpoint...
[2026-09-17 16:16:11] Error evaluating RC-CloseSingleDoor: Weights only load failed. This file can still be loaded, to do so you have two options, [1mdo those steps only if you trust the source of the checkpoint[0m. 
	(1) In PyTorch 2.6, we changed the default value of the `weights_only` argument in `torch.load` from `False` to `True`. Re-running `torch.load` with `weights_only` set to `False` will likely succeed, but it can result in arbitrary code execution. Do it only if you got the file from a trusted source.
	(2) Alternatively, to load with `weights_only=True` please check the recommended steps in the following error message.
	WeightsUnpickler error: Unsupported global: GLOBAL numpy.core.multiarray._reconstruct was not an allowed global by default. Please use `torch.serialization.add_safe_globals([numpy.core.multiarray._reconstruct])` or the `torch.serialization.safe_globals([numpy.core.multiarray._reconstruct])` context manager to allowlist this global if you trust this class/function.

Check the documentation of torch.load to learn more about types accepted by default with weights_only https://pytorch.org/docs/stable/generated/torch.load.html.
[2026-09-17 16:16:11] Sleeping for 1800s until next check...
[2026-09-17 16:46:11] --- Periodic Check Tick (2026-09-17 16:46:11) ---
[2026-09-17 16:46:11] Evaluating Push-T latest checkpoint...
[2026-09-17 16:46:11] Error evaluating Push-T: Weights only load failed. This file can still be loaded, to do so you have two options, [1mdo those steps only if you trust the source of the checkpoint[0m. 
	(1) In PyTorch 2.6, we changed the default value of the `weights_only` argument in `torch.load` from `False` to `True`. Re-running `torch.load` with `weights_only` set to `False` will likely succeed, but it can result in arbitrary code execution. Do it only if you got the file from a trusted source.
	(2) Alternatively, to load with `weights_only=True` please check the recommended steps in the following error message.
	WeightsUnpickler error: Unsupported global: GLOBAL numpy._core.multiarray._reconstruct was not an allowed global by default. Please use `torch.serialization.add_safe_globals([numpy._core.multiarray._reconstruct])` or the `torch.serialization.safe_globals([numpy._core.multiarray._reconstruct])` context manager to allowlist this global if you trust this class/function.

Check the documentation of torch.load to learn more about types accepted by default with weights_only https://pytorch.org/docs/stable/generated/torch.load.html.
[2026-09-17 16:46:11] Evaluating RoboCasa CloseSingleDoor latest checkpoint...
[2026-09-17 16:46:11] Error evaluating RC-CloseSingleDoor: Weights only load failed. This file can still be loaded, to do so you have two options, [1mdo those steps only if you trust the source of the checkpoint[0m. 
	(1) In PyTorch 2.6, we changed the default value of the `weights_only` argument in `torch.load` from `False` to `True`. Re-running `torch.load` with `weights_only` set to `False` will likely succeed, but it can result in arbitrary code execution. Do it only if you got the file from a trusted source.
	(2) Alternatively, to load with `weights_only=True` please check the recommended steps in the following error message.
	WeightsUnpickler error: Unsupported global: GLOBAL numpy.core.multiarray._reconstruct was not an allowed global by default. Please use `torch.serialization.add_safe_globals([numpy.core.multiarray._reconstruct])` or the `torch.serialization.safe_globals([numpy.core.multiarray._reconstruct])` context manager to allowlist this global if you trust this class/function.

Check the documentation of torch.load to learn more about types accepted by default with weights_only https://pytorch.org/docs/stable/generated/torch.load.html.
[2026-09-17 16:46:11] Sleeping for 1800s until next check...
[2026-09-17 17:16:11] --- Periodic Check Tick (2026-09-17 17:16:11) ---
[2026-09-17 17:16:11] Evaluating Push-T latest checkpoint...
[2026-09-17 17:16:11] Error evaluating Push-T: Weights only load failed. This file can still be loaded, to do so you have two options, [1mdo those steps only if you trust the source of the checkpoint[0m. 
	(1) In PyTorch 2.6, we changed the default value of the `weights_only` argument in `torch.load` from `False` to `True`. Re-running `torch.load` with `weights_only` set to `False` will likely succeed, but it can result in arbitrary code execution. Do it only if you got the file from a trusted source.
	(2) Alternatively, to load with `weights_only=True` please check the recommended steps in the following error message.
	WeightsUnpickler error: Unsupported global: GLOBAL numpy._core.multiarray._reconstruct was not an allowed global by default. Please use `torch.serialization.add_safe_globals([numpy._core.multiarray._reconstruct])` or the `torch.serialization.safe_globals([numpy._core.multiarray._reconstruct])` context manager to allowlist this global if you trust this class/function.

Check the documentation of torch.load to learn more about types accepted by default with weights_only https://pytorch.org/docs/stable/generated/torch.load.html.
[2026-09-17 17:16:11] Evaluating RoboCasa CloseSingleDoor latest checkpoint...
[2026-09-17 17:16:11] Error evaluating RC-CloseSingleDoor: Weights only load failed. This file can still be loaded, to do so you have two options, [1mdo those steps only if you trust the source of the checkpoint[0m. 
	(1) In PyTorch 2.6, we changed the default value of the `weights_only` argument in `torch.load` from `False` to `True`. Re-running `torch.load` with `weights_only` set to `False` will likely succeed, but it can result in arbitrary code execution. Do it only if you got the file from a trusted source.
	(2) Alternatively, to load with `weights_only=True` please check the recommended steps in the following error message.
	WeightsUnpickler error: Unsupported global: GLOBAL numpy.core.multiarray._reconstruct was not an allowed global by default. Please use `torch.serialization.add_safe_globals([numpy.core.multiarray._reconstruct])` or the `torch.serialization.safe_globals([numpy.core.multiarray._reconstruct])` context manager to allowlist this global if you trust this class/function.

Check the documentation of torch.load to learn more about types accepted by default with weights_only https://pytorch.org/docs/stable/generated/torch.load.html.
[2026-09-17 17:16:11] Sleeping for 1800s until next check...
[2026-09-17 17:46:11] --- Periodic Check Tick (2026-09-17 17:46:11) ---
[2026-09-17 17:46:11] Evaluating Push-T latest checkpoint...
[2026-09-17 17:46:11] Error evaluating Push-T: Weights only load failed. This file can still be loaded, to do so you have two options, [1mdo those steps only if you trust the source of the checkpoint[0m. 
	(1) In PyTorch 2.6, we changed the default value of the `weights_only` argument in `torch.load` from `False` to `True`. Re-running `torch.load` with `weights_only` set to `False` will likely succeed, but it can result in arbitrary code execution. Do it only if you got the file from a trusted source.
	(2) Alternatively, to load with `weights_only=True` please check the recommended steps in the following error message.
	WeightsUnpickler error: Unsupported global: GLOBAL numpy._core.multiarray._reconstruct was not an allowed global by default. Please use `torch.serialization.add_safe_globals([numpy._core.multiarray._reconstruct])` or the `torch.serialization.safe_globals([numpy._core.multiarray._reconstruct])` context manager to allowlist this global if you trust this class/function.

Check the documentation of torch.load to learn more about types accepted by default with weights_only https://pytorch.org/docs/stable/generated/torch.load.html.
[2026-09-17 17:46:11] Evaluating RoboCasa CloseSingleDoor latest checkpoint...
[2026-09-17 17:46:11] Error evaluating RC-CloseSingleDoor: Weights only load failed. This file can still be loaded, to do so you have two options, [1mdo those steps only if you trust the source of the checkpoint[0m. 
	(1) In PyTorch 2.6, we changed the default value of the `weights_only` argument in `torch.load` from `False` to `True`. Re-running `torch.load` with `weights_only` set to `False` will likely succeed, but it can result in arbitrary code execution. Do it only if you got the file from a trusted source.
	(2) Alternatively, to load with `weights_only=True` please check the recommended steps in the following error message.
	WeightsUnpickler error: Unsupported global: GLOBAL numpy.core.multiarray._reconstruct was not an allowed global by default. Please use `torch.serialization.add_safe_globals([numpy.core.multiarray._reconstruct])` or the `torch.serialization.safe_globals([numpy.core.multiarray._reconstruct])` context manager to allowlist this global if you trust this class/function.

Check the documentation of torch.load to learn more about types accepted by default with weights_only https://pytorch.org/docs/stable/generated/torch.load.html.
[2026-09-17 17:46:11] Sleeping for 1800s until next check...
[2026-09-17 18:16:11] --- Periodic Check Tick (2026-09-17 18:16:11) ---
[2026-09-17 18:16:11] Evaluating Push-T latest checkpoint...
[2026-09-17 18:16:11] Error evaluating Push-T: Weights only load failed. This file can still be loaded, to do so you have two options, [1mdo those steps only if you trust the source of the checkpoint[0m. 
	(1) In PyTorch 2.6, we changed the default value of the `weights_only` argument in `torch.load` from `False` to `True`. Re-running `torch.load` with `weights_only` set to `False` will likely succeed, but it can result in arbitrary code execution. Do it only if you got the file from a trusted source.
	(2) Alternatively, to load with `weights_only=True` please check the recommended steps in the following error message.
	WeightsUnpickler error: Unsupported global: GLOBAL numpy._core.multiarray._reconstruct was not an allowed global by default. Please use `torch.serialization.add_safe_globals([numpy._core.multiarray._reconstruct])` or the `torch.serialization.safe_globals([numpy._core.multiarray._reconstruct])` context manager to allowlist this global if you trust this class/function.

Check the documentation of torch.load to learn more about types accepted by default with weights_only https://pytorch.org/docs/stable/generated/torch.load.html.
[2026-09-17 18:16:11] Evaluating RoboCasa CloseSingleDoor latest checkpoint...
[2026-09-17 18:16:11] Error evaluating RC-CloseSingleDoor: Weights only load failed. This file can still be loaded, to do so you have two options, [1mdo those steps only if you trust the source of the checkpoint[0m. 
	(1) In PyTorch 2.6, we changed the default value of the `weights_only` argument in `torch.load` from `False` to `True`. Re-running `torch.load` with `weights_only` set to `False` will likely succeed, but it can result in arbitrary code execution. Do it only if you got the file from a trusted source.
	(2) Alternatively, to load with `weights_only=True` please check the recommended steps in the following error message.
	WeightsUnpickler error: Unsupported global: GLOBAL numpy.core.multiarray._reconstruct was not an allowed global by default. Please use `torch.serialization.add_safe_globals([numpy.core.multiarray._reconstruct])` or the `torch.serialization.safe_globals([numpy.core.multiarray._reconstruct])` context manager to allowlist this global if you trust this class/function.

Check the documentation of torch.load to learn more about types accepted by default with weights_only https://pytorch.org/docs/stable/generated/torch.load.html.
[2026-09-17 18:16:11] Sleeping for 1800s until next check...
[2026-09-17 18:46:11] --- Periodic Check Tick (2026-09-17 18:46:11) ---
[2026-09-17 18:46:11] Evaluating Push-T latest checkpoint...
[2026-09-17 18:46:11] Error evaluating Push-T: Weights only load failed. This file can still be loaded, to do so you have two options, [1mdo those steps only if you trust the source of the checkpoint[0m. 
	(1) In PyTorch 2.6, we changed the default value of the `weights_only` argument in `torch.load` from `False` to `True`. Re-running `torch.load` with `weights_only` set to `False` will likely succeed, but it can result in arbitrary code execution. Do it only if you got the file from a trusted source.
	(2) Alternatively, to load with `weights_only=True` please check the recommended steps in the following error message.
	WeightsUnpickler error: Unsupported global: GLOBAL numpy._core.multiarray._reconstruct was not an allowed global by default. Please use `torch.serialization.add_safe_globals([numpy._core.multiarray._reconstruct])` or the `torch.serialization.safe_globals([numpy._core.multiarray._reconstruct])` context manager to allowlist this global if you trust this class/function.

Check the documentation of torch.load to learn more about types accepted by default with weights_only https://pytorch.org/docs/stable/generated/torch.load.html.
[2026-09-17 18:46:11] Evaluating RoboCasa CloseSingleDoor latest checkpoint...
[2026-09-17 18:46:11] Error evaluating RC-CloseSingleDoor: Weights only load failed. This file can still be loaded, to do so you have two options, [1mdo those steps only if you trust the source of the checkpoint[0m. 
	(1) In PyTorch 2.6, we changed the default value of the `weights_only` argument in `torch.load` from `False` to `True`. Re-running `torch.load` with `weights_only` set to `False` will likely succeed, but it can result in arbitrary code execution. Do it only if you got the file from a trusted source.
	(2) Alternatively, to load with `weights_only=True` please check the recommended steps in the following error message.
	WeightsUnpickler error: Unsupported global: GLOBAL numpy.core.multiarray._reconstruct was not an allowed global by default. Please use `torch.serialization.add_safe_globals([numpy.core.multiarray._reconstruct])` or the `torch.serialization.safe_globals([numpy.core.multiarray._reconstruct])` context manager to allowlist this global if you trust this class/function.

Check the documentation of torch.load to learn more about types accepted by default with weights_only https://pytorch.org/docs/stable/generated/torch.load.html.
[2026-09-17 18:46:11] Sleeping for 1800s until next check...
[2026-09-17 19:16:11] --- Periodic Check Tick (2026-09-17 19:16:11) ---
[2026-09-17 19:16:11] Evaluating Push-T latest checkpoint...
[2026-09-17 19:16:11] Error evaluating Push-T: Weights only load failed. This file can still be loaded, to do so you have two options, [1mdo those steps only if you trust the source of the checkpoint[0m. 
	(1) In PyTorch 2.6, we changed the default value of the `weights_only` argument in `torch.load` from `False` to `True`. Re-running `torch.load` with `weights_only` set to `False` will likely succeed, but it can result in arbitrary code execution. Do it only if you got the file from a trusted source.
	(2) Alternatively, to load with `weights_only=True` please check the recommended steps in the following error message.
	WeightsUnpickler error: Unsupported global: GLOBAL numpy._core.multiarray._reconstruct was not an allowed global by default. Please use `torch.serialization.add_safe_globals([numpy._core.multiarray._reconstruct])` or the `torch.serialization.safe_globals([numpy._core.multiarray._reconstruct])` context manager to allowlist this global if you trust this class/function.

Check the documentation of torch.load to learn more about types accepted by default with weights_only https://pytorch.org/docs/stable/generated/torch.load.html.
[2026-09-17 19:16:11] Evaluating RoboCasa CloseSingleDoor latest checkpoint...
[2026-09-17 19:16:11] Error evaluating RC-CloseSingleDoor: Weights only load failed. This file can still be loaded, to do so you have two options, [1mdo those steps only if you trust the source of the checkpoint[0m. 
	(1) In PyTorch 2.6, we changed the default value of the `weights_only` argument in `torch.load` from `False` to `True`. Re-running `torch.load` with `weights_only` set to `False` will likely succeed, but it can result in arbitrary code execution. Do it only if you got the file from a trusted source.
	(2) Alternatively, to load with `weights_only=True` please check the recommended steps in the following error message.
	WeightsUnpickler error: Unsupported global: GLOBAL numpy.core.multiarray._reconstruct was not an allowed global by default. Please use `torch.serialization.add_safe_globals([numpy.core.multiarray._reconstruct])` or the `torch.serialization.safe_globals([numpy.core.multiarray._reconstruct])` context manager to allowlist this global if you trust this class/function.

Check the documentation of torch.load to learn more about types accepted by default with weights_only https://pytorch.org/docs/stable/generated/torch.load.html.
[2026-09-17 19:16:11] Sleeping for 1800s until next check...
[2026-09-17 19:46:11] --- Periodic Check Tick (2026-09-17 19:46:11) ---
[2026-09-17 19:46:11] Evaluating Push-T latest checkpoint...
[2026-09-17 19:46:11] Error evaluating Push-T: Weights only load failed. This file can still be loaded, to do so you have two options, [1mdo those steps only if you trust the source of the checkpoint[0m. 
	(1) In PyTorch 2.6, we changed the default value of the `weights_only` argument in `torch.load` from `False` to `True`. Re-running `torch.load` with `weights_only` set to `False` will likely succeed, but it can result in arbitrary code execution. Do it only if you got the file from a trusted source.
	(2) Alternatively, to load with `weights_only=True` please check the recommended steps in the following error message.
	WeightsUnpickler error: Unsupported global: GLOBAL numpy._core.multiarray._reconstruct was not an allowed global by default. Please use `torch.serialization.add_safe_globals([numpy._core.multiarray._reconstruct])` or the `torch.serialization.safe_globals([numpy._core.multiarray._reconstruct])` context manager to allowlist this global if you trust this class/function.

Check the documentation of torch.load to learn more about types accepted by default with weights_only https://pytorch.org/docs/stable/generated/torch.load.html.
[2026-09-17 19:46:11] Evaluating RoboCasa CloseSingleDoor latest checkpoint...
[2026-09-17 19:46:11] Error evaluating RC-CloseSingleDoor: Weights only load failed. This file can still be loaded, to do so you have two options, [1mdo those steps only if you trust the source of the checkpoint[0m. 
	(1) In PyTorch 2.6, we changed the default value of the `weights_only` argument in `torch.load` from `False` to `True`. Re-running `torch.load` with `weights_only` set to `False` will likely succeed, but it can result in arbitrary code execution. Do it only if you got the file from a trusted source.
	(2) Alternatively, to load with `weights_only=True` please check the recommended steps in the following error message.
	WeightsUnpickler error: Unsupported global: GLOBAL numpy.core.multiarray._reconstruct was not an allowed global by default. Please use `torch.serialization.add_safe_globals([numpy.core.multiarray._reconstruct])` or the `torch.serialization.safe_globals([numpy.core.multiarray._reconstruct])` context manager to allowlist this global if you trust this class/function.

Check the documentation of torch.load to learn more about types accepted by default with weights_only https://pytorch.org/docs/stable/generated/torch.load.html.
[2026-09-17 19:46:11] Sleeping for 1800s until next check...
[2026-09-17 20:16:11] --- Periodic Check Tick (2026-09-17 20:16:11) ---
[2026-09-17 20:16:11] Evaluating Push-T latest checkpoint...
[2026-09-17 20:16:11] Error evaluating Push-T: Weights only load failed. This file can still be loaded, to do so you have two options, [1mdo those steps only if you trust the source of the checkpoint[0m. 
	(1) In PyTorch 2.6, we changed the default value of the `weights_only` argument in `torch.load` from `False` to `True`. Re-running `torch.load` with `weights_only` set to `False` will likely succeed, but it can result in arbitrary code execution. Do it only if you got the file from a trusted source.
	(2) Alternatively, to load with `weights_only=True` please check the recommended steps in the following error message.
	WeightsUnpickler error: Unsupported global: GLOBAL numpy._core.multiarray._reconstruct was not an allowed global by default. Please use `torch.serialization.add_safe_globals([numpy._core.multiarray._reconstruct])` or the `torch.serialization.safe_globals([numpy._core.multiarray._reconstruct])` context manager to allowlist this global if you trust this class/function.

Check the documentation of torch.load to learn more about types accepted by default with weights_only https://pytorch.org/docs/stable/generated/torch.load.html.
[2026-09-17 20:16:11] Evaluating RoboCasa CloseSingleDoor latest checkpoint...
[2026-09-17 20:16:11] Error evaluating RC-CloseSingleDoor: Weights only load failed. This file can still be loaded, to do so you have two options, [1mdo those steps only if you trust the source of the checkpoint[0m. 
	(1) In PyTorch 2.6, we changed the default value of the `weights_only` argument in `torch.load` from `False` to `True`. Re-running `torch.load` with `weights_only` set to `False` will likely succeed, but it can result in arbitrary code execution. Do it only if you got the file from a trusted source.
	(2) Alternatively, to load with `weights_only=True` please check the recommended steps in the following error message.
	WeightsUnpickler error: Unsupported global: GLOBAL numpy.core.multiarray._reconstruct was not an allowed global by default. Please use `torch.serialization.add_safe_globals([numpy.core.multiarray._reconstruct])` or the `torch.serialization.safe_globals([numpy.core.multiarray._reconstruct])` context manager to allowlist this global if you trust this class/function.

Check the documentation of torch.load to learn more about types accepted by default with weights_only https://pytorch.org/docs/stable/generated/torch.load.html.
[2026-09-17 20:16:11] Sleeping for 1800s until next check...
[2026-09-17 20:46:11] --- Periodic Check Tick (2026-09-17 20:46:11) ---
[2026-09-17 20:46:11] Evaluating Push-T latest checkpoint...
[2026-09-17 20:46:11] Error evaluating Push-T: Weights only load failed. This file can still be loaded, to do so you have two options, [1mdo those steps only if you trust the source of the checkpoint[0m. 
	(1) In PyTorch 2.6, we changed the default value of the `weights_only` argument in `torch.load` from `False` to `True`. Re-running `torch.load` with `weights_only` set to `False` will likely succeed, but it can result in arbitrary code execution. Do it only if you got the file from a trusted source.
	(2) Alternatively, to load with `weights_only=True` please check the recommended steps in the following error message.
	WeightsUnpickler error: Unsupported global: GLOBAL numpy._core.multiarray._reconstruct was not an allowed global by default. Please use `torch.serialization.add_safe_globals([numpy._core.multiarray._reconstruct])` or the `torch.serialization.safe_globals([numpy._core.multiarray._reconstruct])` context manager to allowlist this global if you trust this class/function.

Check the documentation of torch.load to learn more about types accepted by default with weights_only https://pytorch.org/docs/stable/generated/torch.load.html.
[2026-09-17 20:46:11] Evaluating RoboCasa CloseSingleDoor latest checkpoint...
[2026-09-17 20:46:11] Error evaluating RC-CloseSingleDoor: Weights only load failed. This file can still be loaded, to do so you have two options, [1mdo those steps only if you trust the source of the checkpoint[0m. 
	(1) In PyTorch 2.6, we changed the default value of the `weights_only` argument in `torch.load` from `False` to `True`. Re-running `torch.load` with `weights_only` set to `False` will likely succeed, but it can result in arbitrary code execution. Do it only if you got the file from a trusted source.
	(2) Alternatively, to load with `weights_only=True` please check the recommended steps in the following error message.
	WeightsUnpickler error: Unsupported global: GLOBAL numpy.core.multiarray._reconstruct was not an allowed global by default. Please use `torch.serialization.add_safe_globals([numpy.core.multiarray._reconstruct])` or the `torch.serialization.safe_globals([numpy.core.multiarray._reconstruct])` context manager to allowlist this global if you trust this class/function.

Check the documentation of torch.load to learn more about types accepted by default with weights_only https://pytorch.org/docs/stable/generated/torch.load.html.
[2026-09-17 20:46:11] Sleeping for 1800s until next check...
